  **** bnct_43.bnx ****

                                                                                  

  Total primaries run:        10000000
   Total weight of the primaries run:   10000000.0    


  Detector n:            1 (           1 )  I2_1      
     (Area:            1.00000000      cmq,
      distr. scored:           8    ,
      from reg.           2  to            3 ,
      two ways scoring,
      current scoring)

     Tot. resp. (Part/cmq/pr)   1.437983      +/-  1.1636399E-02 %
     ( -->      (Part/pr)       1.437983      +/-  1.1636399E-02 % )

  **** Different. Fluxes as a function of energy **** ****      (integrated over solid angle)        ****


  Energy boundaries (GeV):

  6.9999613E-04  6.6896819E-04  6.3931552E-04  6.1097735E-04  5.8389525E-04
  5.5801350E-04  5.3327909E-04  5.0964102E-04  4.8705068E-04  4.6546169E-04
  4.4482970E-04  4.2511217E-04  4.0626875E-04  3.8826044E-04  3.7105050E-04
  3.5460334E-04  3.3888521E-04  3.2386382E-04  3.0950824E-04  2.9578904E-04
  2.8267791E-04  2.7014790E-04  2.5817336E-04  2.4672961E-04  2.3579312E-04
  2.2534135E-04  2.1535291E-04  2.0580717E-04  1.9668456E-04  1.8796633E-04
  1.7963458E-04  1.7167212E-04  1.6406259E-04  1.5679035E-04  1.4984049E-04
  1.4319866E-04  1.3685126E-04  1.3078518E-04  1.2498802E-04  1.1944782E-04
  1.1415319E-04  1.0909323E-04  1.0425758E-04  9.9636272E-05  9.5219802E-05
  9.0999092E-05  8.6965476E-05  8.3110652E-05  7.9426696E-05  7.5906035E-05
  7.2541428E-05  6.9325972E-05  6.6253029E-05  6.3316285E-05  6.0509741E-05
  5.7827590E-05  5.5264340E-05  5.2814692E-05  5.0473631E-05  4.8236343E-05
  4.6098226E-05  4.4054876E-05  4.2102103E-05  4.0235889E-05  3.8452396E-05
  3.6747959E-05  3.5119072E-05  3.3562388E-05  3.2074702E-05  3.0652958E-05
  2.9294242E-05  2.7995748E-05  2.6754815E-05  2.5568879E-05  2.4435514E-05
  2.3352388E-05  2.2317274E-05  2.1328038E-05  2.0382655E-05  1.9479176E-05
  1.8615743E-05  1.7790582E-05  1.7001999E-05  1.6248370E-05  1.5528147E-05
  1.4839845E-05  1.4182054E-05  1.3553424E-05  1.2952657E-05  1.2378517E-05
  1.1829828E-05  1.1305460E-05  1.0804335E-05  1.0325423E-05  9.8677401E-06
  9.4303432E-06  9.0123340E-06  8.6128539E-06  8.2310817E-06  7.8662315E-06
  7.5175544E-06  7.1843301E-06  6.8658783E-06  6.5615427E-06  6.2706963E-06
  5.9927420E-06  5.7271081E-06  5.4732486E-06  5.2306423E-06  4.9987893E-06
  4.7772132E-06  4.5654588E-06  4.3630907E-06  4.1696921E-06  3.9848674E-06
  3.8082346E-06  3.6394310E-06  3.4781096E-06  3.3239392E-06  3.1766026E-06
  3.0357969E-06  2.9012324E-06  2.7726326E-06  2.6497330E-06  2.5322811E-06
  2.4200353E-06  2.3127652E-06  2.2102497E-06  2.1122783E-06  2.0186496E-06
  1.9291713E-06  1.8436592E-06  1.7619371E-06  1.6838376E-06  1.6092000E-06
  1.5378707E-06  1.4697033E-06  1.4045572E-06  1.3422990E-06  1.2828003E-06
  1.2259391E-06  1.1715981E-06  1.1196661E-06  1.0700358E-06  1.0226056E-06
  9.7727752E-07  9.3395880E-07  8.9256031E-07  8.5299678E-07  8.1518675E-07
  7.7905287E-07  7.4452066E-07  7.1151919E-07  6.7998036E-07  6.4983965E-07
  6.2103487E-07  5.9350691E-07  5.6719921E-07  5.4205759E-07  5.1803039E-07
  4.9506826E-07  4.7312383E-07  4.5215219E-07  4.3211014E-07  4.1295652E-07
  3.9465178E-07  3.7715850E-07  3.6044062E-07  3.4446376E-07  3.2919510E-07
  3.1460320E-07  3.0065814E-07  2.8733120E-07  2.7459495E-07  2.6242330E-07
  2.5079115E-07  2.3967459E-07  2.2905080E-07  2.1889790E-07  2.0919506E-07
  1.9992231E-07  1.9106052E-07  1.8259159E-07  1.7449807E-07  1.6676329E-07
  1.5937135E-07  1.5230707E-07  1.4555592E-07  1.3910402E-07  1.3293810E-07
  1.2704550E-07  1.2141410E-07  1.1603230E-07  1.1088906E-07  1.0597381E-07
  1.0127643E-07  9.6787254E-08  9.2497061E-08  8.8397051E-08  8.4478771E-08
  8.0734175E-08  7.7155555E-08  7.3735571E-08  7.0467166E-08  6.7343649E-08
  6.4358574E-08  6.1505823E-08  5.8779523E-08  5.6174066E-08  5.3684101E-08
  5.1304504E-08  4.9030383E-08  4.6857068E-08  4.4780077E-08  4.2795161E-08
  4.0898229E-08  3.9085382E-08  3.7352883E-08  3.5697184E-08  3.4114873E-08
  3.2602699E-08  3.1157551E-08  2.9776468E-08  2.8456599E-08  2.7195235E-08
  2.5989779E-08  2.4837759E-08  2.3736805E-08  2.2684649E-08  2.1679128E-08
  2.0718181E-08  1.9799829E-08  1.8922186E-08  1.8083442E-08  1.7281875E-08
  1.6515841E-08  1.5783762E-08  1.5084131E-08  1.4415514E-08  1.3776534E-08
  1.3165876E-08  1.2582285E-08  1.2024564E-08  1.1491565E-08  1.0982191E-08
  1.0495394E-08  1.0030176E-08  9.5855794E-09  9.1606909E-09  8.7546344E-09
  8.3665768E-09  7.9957205E-09  7.6413027E-09  7.3025945E-09  6.9789006E-09
  6.6695547E-09  6.3739205E-09  6.0913905E-09  5.8213843E-09  5.5633467E-09
  5.3167462E-09  5.0810760E-09  4.8558531E-09  4.6406128E-09  4.4349138E-09
  4.2383315E-09  4.0504635E-09  3.8709231E-09  3.6993413E-09  3.5353640E-09
  3.3786562E-09  3.2288940E-09  3.0857705E-09  2.9489908E-09  2.8182741E-09
  2.6933515E-09  2.5739664E-09  2.4598725E-09  2.3508364E-09  2.2466338E-09
  2.1470499E-09  2.0518796E-09  1.9609283E-09  1.8740081E-09  1.7909410E-09
  1.7115558E-09  1.6356897E-09  1.5631862E-09  1.4938967E-09  1.4276782E-09
  1.3643950E-09  1.3039171E-09  1.2461198E-09  1.1908842E-09  1.1380973E-09
  1.0876502E-09  1.0394391E-09  9.9336495E-10  9.4933306E-10  9.0725311E-10
  8.6703827E-10  8.2860596E-10  7.9187729E-10  7.5677659E-10  7.2323175E-10
  6.9117384E-10  6.6053690E-10  6.3125805E-10  6.0327693E-10  5.7653604E-10
  5.5098054E-10  5.2655785E-10  5.0321775E-10  4.8091214E-10  4.5959525E-10
  4.3922330E-10  4.1975434E-10  4.0114831E-10  3.8336703E-10  3.6637396E-10
  3.5013409E-10  3.3461406E-10  3.1978201E-10  3.0560740E-10  2.9206104E-10
  2.7911515E-10  2.6674313E-10  2.5491950E-10  2.4361999E-10  2.3282129E-10
  2.2250127E-10  2.1263870E-10  2.0321331E-10  1.9420568E-10  1.8559733E-10
  1.7737056E-10  1.6950846E-10  1.6199483E-10  1.5481427E-10  1.4795198E-10
  1.4139388E-10  1.3512644E-10  1.2913684E-10  1.2341274E-10  1.1794236E-10
  1.1271445E-10  1.0771829E-10  1.0294358E-10  9.8380505E-11  9.4019695E-11
  8.9852188E-11  8.5869416E-11  8.2063169E-11  7.8425641E-11  7.4949352E-11
  7.1627163E-11  6.8452223E-11  6.5418004E-11  6.2518289E-11  5.9747117E-11
  5.7098774E-11  5.4567816E-11  5.2149045E-11  4.9837492E-11  4.7628401E-11
  4.5517225E-11  4.3499634E-11  4.1571475E-11  3.9728779E-11  3.7967764E-11
  3.6284812E-11  3.4676456E-11  3.3139387E-11  3.1670451E-11  3.0266629E-11
  2.8925033E-11  2.7642907E-11  2.6417608E-11  2.5246624E-11  2.4127544E-11
  2.3058068E-11  2.2035996E-11  2.1059231E-11  2.0125762E-11  1.9233670E-11
  1.8381118E-11  1.7566360E-11  1.6787717E-11  1.6043585E-11  1.5332437E-11
  1.4652814E-11  1.4003314E-11  1.3382605E-11  1.2789408E-11  1.2222506E-11
  1.1680732E-11  1.1162973E-11  1.0668163E-11  1.0195288E-11  9.7433719E-12
  9.3114891E-12  8.8987481E-12  8.5043032E-12  8.1273417E-12  7.7670908E-12
  7.4228054E-12  7.0937835E-12  6.7793457E-12  6.4788452E-12  6.1916639E-12
  5.9172129E-12  5.6549270E-12  5.4042669E-12  5.1647176E-12  4.9357870E-12
  4.7170041E-12  4.5079183E-12  4.3081003E-12  4.1171402E-12  3.9346443E-12
  3.7602378E-12  3.5935612E-12  3.4342735E-12  3.2820465E-12  3.1365667E-12
  2.9975354E-12  2.8646668E-12  2.7376881E-12  2.6163375E-12  2.5003658E-12
  2.3895350E-12  2.2836167E-12  2.1823932E-12  2.0856565E-12  1.9932079E-12
  1.9048571E-12  1.8204227E-12  1.7397304E-12  1.6626154E-12  1.5889184E-12
  1.5184882E-12  1.4511799E-12  1.3868550E-12  1.3253813E-12  1.2666326E-12
  1.2104879E-12  1.1568319E-12  1.1055543E-12  1.0565496E-12  1.0097170E-12
  9.6496042E-13  9.2218778E-13  8.8131092E-13  8.4224592E-13  8.0491267E-13
  7.6923418E-13  7.3513721E-13  7.0255157E-13  6.7141030E-13  6.4164944E-13
  6.1320778E-13  5.8602672E-13  5.6005060E-13  5.3522584E-13  5.1150143E-13
  4.8882865E-13  4.6716087E-13  4.4645356E-13  4.2666410E-13  4.0775174E-13
  3.8967779E-13  3.7240499E-13  3.5589782E-13  3.4012230E-13  3.2504609E-13
  3.1063813E-13  2.9686878E-13  2.8370980E-13  2.7113411E-13  2.5911586E-13
  2.4763031E-13  2.3665385E-13  2.2616395E-13  2.1613905E-13  2.0655848E-13
  1.9740257E-13  1.8865252E-13  1.8029034E-13  1.7229881E-13  1.6466150E-13
  1.5736273E-13  1.5038749E-13  1.4372142E-13  1.3735084E-13  1.3126264E-13
  1.2544431E-13  1.1988387E-13  1.1456991E-13  1.0949149E-13  1.0463818E-13
  Lowest boundary   (GeV):  9.9999998E-14

  Flux (Part/GeV/cmq/pr):

   0.000000     +/-    0.000000     %    0.000000     +/-    0.000000     % 
   0.000000     +/-    0.000000     %    36924.51     +/-    0.000000     % 
   0.000000     +/-    0.000000     %    1.123932     +/-    6.147616     % 
   69.22688     +/-   0.8173168     %    290.5301     +/-   0.3547376     % 
   535.6086     +/-   0.2881243     %    554.6979     +/-   0.2836291     % 
   556.2089     +/-   0.3019636     %    185.3521     +/-   0.5252254     % 
   156.1944     +/-   0.5639612     %    139.0230     +/-   0.5574201     % 
   133.0193     +/-   0.8374785     %    141.1930     +/-   0.7608159     % 
   144.6662     +/-   0.6318605     %    145.3227     +/-   0.7053654     % 
   141.5304     +/-   0.7489064     %    142.2220     +/-   0.7345761     % 
   145.1793     +/-   0.7397654     %    147.2113     +/-   0.7723656     % 
   148.8312     +/-   0.7827904     %    153.8141     +/-   0.7974430     % 
   155.7531     +/-   0.7847953     %    156.1093     +/-   0.8499804     % 
   162.1347     +/-   0.8172769     %    167.5940     +/-   0.8158628     % 
   174.8741     +/-   0.7609524     %    175.6878     +/-   0.8118550     % 
   183.1332     +/-   0.9034659     %    187.5929     +/-   0.8602368     % 
   188.0433     +/-   0.9341254     %    195.3693     +/-   0.9436599     % 
   204.1148     +/-   0.8693803     %    209.6907     +/-   0.9309801     % 
   216.6470     +/-   0.8801090     %    222.4693     +/-   0.8696193     % 
   227.0119     +/-   0.9378445     %    235.5391     +/-   0.9115077     % 
   242.9856     +/-   0.9662618     %    253.2011     +/-   0.8918371     % 
   259.9032     +/-   0.8491321     %    270.3051     +/-   0.9551386     % 
   280.1176     +/-   0.9390758     %    293.9529     +/-   0.9138921     % 
   300.8163     +/-   0.9252250     %    310.4527     +/-   0.9807257     % 
   321.3585     +/-   0.9306558     %    329.1901     +/-    1.035163     % 
   349.2789     +/-   0.8891051     %    362.8107     +/-   0.8970769     % 
   373.7136     +/-   0.8619143     %    392.2585     +/-   0.9798607     % 
   407.0967     +/-   0.9094009     %    426.3687     +/-   0.9577421     % 
   434.7960     +/-   0.9125722     %    450.8192     +/-   0.9409215     % 
   468.9131     +/-    1.052152     %    497.3503     +/-   0.8950436     % 
   510.1900     +/-   0.9069772     %    533.5463     +/-   0.9218757     % 
   559.6864     +/-    1.003699     %    593.8318     +/-   0.9517116     % 
   609.3475     +/-   0.8675793     %    631.7780     +/-    1.048225     % 
   650.6743     +/-   0.9634722     %    690.2643     +/-   0.9348294     % 
   725.1639     +/-    1.061120     %    756.2224     +/-    1.038337     % 
   788.0629     +/-    1.015858     %    815.8310     +/-   0.9688252     % 
   847.5996     +/-   0.8589866     %    902.0006     +/-   0.9658422     % 
   938.0206     +/-   0.9432318     %    969.8383     +/-   0.8546531     % 
   1022.605     +/-   0.9001820     %    1060.515     +/-   0.9520060     % 
   1098.414     +/-    1.052379     %    1158.626     +/-   0.9106148     % 
   1217.576     +/-    1.122915     %    1260.862     +/-    1.082854     % 
   1304.880     +/-   0.9564573     %    1379.009     +/-   0.8281528     % 
   1414.058     +/-   0.9353011     %    1490.135     +/-   0.9180059     % 
   1564.181     +/-    1.016064     %    1662.198     +/-    1.092263     % 
   1719.612     +/-   0.9579546     %    1757.818     +/-    1.080236     % 
   1849.456     +/-    1.011474     %    1923.464     +/-   0.9942031     % 
   2019.359     +/-    1.024923     %    2078.718     +/-    1.191135     % 
   2195.937     +/-   0.9429379     %    2268.364     +/-   0.9870999     % 
   2354.300     +/-    1.064271     %    2533.957     +/-    1.031987     % 
   2600.507     +/-    1.089999     %    2761.562     +/-    1.129222     % 
   2875.243     +/-    1.011141     %    2968.408     +/-    1.138309     % 
   3041.686     +/-    1.027729     %    3222.992     +/-    1.109835     % 
   3390.110     +/-    1.013739     %    3502.174     +/-    1.086419     % 
   3760.728     +/-    1.082155     %    3806.554     +/-   0.9702752     % 
   4052.981     +/-    1.017961     %    4174.623     +/-    1.052138     % 
   4352.666     +/-   0.9946204     %    4614.836     +/-    1.027381     % 
   4766.833     +/-    1.019386     %    5053.936     +/-    1.176778     % 
   5120.768     +/-    1.075051     %    5332.805     +/-    1.002452     % 
   5624.162     +/-    1.055639     %    5856.481     +/-    1.032182     % 
   6024.272     +/-   0.8801650     %    6435.075     +/-    1.074931     % 
   6738.748     +/-   0.9552121     %    7041.972     +/-   0.9538267     % 
   7189.584     +/-    1.000234     %    7671.196     +/-    1.140127     % 
   8038.582     +/-    1.084956     %    8287.440     +/-    1.087011     % 
   8574.281     +/-    1.062490     %    8944.413     +/-    1.032558     % 
   9426.559     +/-    1.039128     %    9796.725     +/-    1.084078     % 
   10147.04     +/-    1.055986     %    10538.14     +/-    1.133907     % 
   11042.28     +/-    1.068246     %    11342.75     +/-   0.9928431     % 
   11748.28     +/-    1.166744     %    12825.70     +/-    1.064950     % 
   13113.58     +/-    1.017779     %    13556.37     +/-    1.048448     % 
   14280.94     +/-    1.147813     %    15085.77     +/-    1.166312     % 
   15202.12     +/-    1.129793     %    16427.13     +/-    1.116986     % 
   16558.39     +/-    1.097596     %    17336.94     +/-    1.104593     % 
   18321.96     +/-    1.215277     %    19060.96     +/-    1.096591     % 
   20399.17     +/-    1.066101     %    20814.53     +/-    1.134343     % 
   21843.42     +/-    1.036167     %    22330.74     +/-    1.152484     % 
   24093.33     +/-    1.088522     %    24465.41     +/-    1.251068     % 
   25635.04     +/-    1.108286     %    26810.77     +/-    1.343857     % 
   27880.72     +/-    1.084608     %    28876.00     +/-    1.157491     % 
   30257.13     +/-    1.086285     %    31608.81     +/-    1.149597     % 
   32804.36     +/-    1.263754     %    33764.09     +/-    1.116863     % 
   35608.11     +/-    1.185961     %    37374.12     +/-    1.042312     % 
   39362.07     +/-    1.091446     %    40514.25     +/-    1.134719     % 
   42672.00     +/-    1.104596     %    43616.52     +/-   0.9701921     % 
   46345.37     +/-    1.138322     %    47286.96     +/-   0.9998253     % 
   50397.12     +/-    1.151344     %    52748.34     +/-    1.083453     % 
   54477.80     +/-    1.211116     %    57379.77     +/-    1.114353     % 
   59114.66     +/-    1.256966     %    62431.61     +/-    1.201958     % 
   64906.05     +/-    1.265598     %    65838.55     +/-    1.216912     % 
   70737.16     +/-    1.178618     %    74215.07     +/-    1.255551     % 
   76214.44     +/-    1.223981     %    79156.27     +/-    1.293499     % 
   82816.40     +/-    1.046512     %    87980.05     +/-    1.014161     % 
   91047.58     +/-    1.151596     %    94404.32     +/-    1.242105     % 
   98593.57     +/-    1.073747     %    101892.5     +/-    1.151393     % 
   107640.5     +/-    1.083363     %    113873.0     +/-    1.163400     % 
   116348.9     +/-    1.088890     %    121134.5     +/-    1.291043     % 
   125829.5     +/-    1.126850     %    133430.9     +/-    1.232694     % 
   136100.5     +/-    1.155058     %    143186.2     +/-    1.054371     % 
   153595.5     +/-    1.064585     %    157868.3     +/-    1.197580     % 
   164701.0     +/-   0.9588462     %    167120.7     +/-    1.188812     % 
   176097.0     +/-    1.236633     %    183810.8     +/-    1.274299     % 
   191637.7     +/-    1.288668     %    203596.3     +/-    1.202387     % 
   211846.3     +/-    1.137042     %    221640.1     +/-    1.232670     % 
   229307.2     +/-    1.188378     %    238470.6     +/-    1.304832     % 
   250558.3     +/-    1.199565     %    257996.2     +/-    1.124959     % 
   267874.1     +/-    1.146657     %    282862.1     +/-    1.123080     % 
   289737.6     +/-    1.247582     %    305062.7     +/-    1.192942     % 
   323111.9     +/-    1.235295     %    329080.5     +/-    1.362347     % 
   342973.2     +/-    1.057884     %    361859.7     +/-    1.238610     % 
   376450.0     +/-    1.092605     %    396024.3     +/-    1.175597     % 
   407756.8     +/-    1.197817     %    440159.8     +/-    1.415243     % 
   450749.3     +/-    1.258192     %    477520.8     +/-    1.072700     % 
   499593.3     +/-    1.214147     %    500884.4     +/-    1.282976     % 
   523618.6     +/-    1.244879     %    543998.8     +/-    1.118010     % 
   574044.5     +/-    1.019250     %    592496.1     +/-    1.324198     % 
   637778.8     +/-    1.320286     %    654352.2     +/-    1.193370     % 
   675991.1     +/-    1.221775     %    705863.6     +/-    1.496666     % 
   742656.5     +/-    1.396066     %    778848.8     +/-    1.345995     % 
   814712.2     +/-    1.172174     %    843757.9     +/-    1.148402     % 
   886180.4     +/-    1.132402     %    902605.3     +/-    1.175310     % 
   942591.9     +/-    1.436964     %    1003342.     +/-    1.286358     % 
   1052792.     +/-    1.276204     %    1084588.     +/-    1.232308     % 
   1102811.     +/-    1.525218     %    1215213.     +/-    1.261544     % 
   1258430.     +/-    1.145757     %    1290574.     +/-    1.421558     % 
   1314895.     +/-    1.182227     %    1375647.     +/-    1.282918     % 
   1474915.     +/-    1.356679     %    1569352.     +/-    1.198833     % 
   1609784.     +/-    1.231245     %    1674855.     +/-    1.247757     % 
   1728328.     +/-    1.109301     %    1799841.     +/-    1.353646     % 
   1905626.     +/-    1.266081     %    1995704.     +/-    1.431307     % 
   2029868.     +/-    1.142030     %    2193645.     +/-    1.315867     % 
   2216720.     +/-    1.211479     %    2297232.     +/-    1.347016     % 
   2391052.     +/-    1.324018     %    2569442.     +/-    1.342035     % 
   2700697.     +/-    1.339607     %    2791444.     +/-    1.379360     % 
   2912777.     +/-    1.437912     %    3040425.     +/-    1.272044     % 
   3149141.     +/-    1.333158     %    3324927.     +/-    1.336643     % 
   3449261.     +/-    1.440598     %    3554366.     +/-    1.429107     % 
   3910193.     +/-    1.361221     %    3951816.     +/-    1.357778     % 
   4059074.     +/-    1.289329     %    4247341.     +/-    1.273731     % 
   4520388.     +/-    1.312564     %    4704922.     +/-    1.439019     % 
   4879322.     +/-    1.319278     %    5112971.     +/-    1.271520     % 
   5275266.     +/-    1.491515     %    5541030.     +/-    1.422399     % 
   5628864.     +/-    1.255812     %    6071356.     +/-    1.233507     % 
   6285078.     +/-    1.410154     %    6680122.     +/-    1.471540     % 
   6887924.     +/-    1.290264     %    7270668.     +/-    1.293192     % 
   7503072.     +/-    1.469892     %    7978082.     +/-    1.280965     % 
   8230328.     +/-    1.395563     %    8563079.     +/-    1.544538     % 
   9089223.     +/-    1.399714     %    9329129.     +/-    1.353299     % 
   9875888.     +/-    1.200931     %   1.0506340E+07 +/-    1.407782     % 
  1.0793435E+07 +/-    1.323935     %   1.1478659E+07 +/-    1.443833     % 
  1.1954630E+07 +/-    1.411671     %   1.2436433E+07 +/-    1.422158     % 
  1.3105938E+07 +/-    1.294108     %   1.3524831E+07 +/-    1.331954     % 
  1.4066272E+07 +/-    1.373186     %   1.4871161E+07 +/-    1.149049     % 
  1.5791677E+07 +/-    1.404064     %   1.6527105E+07 +/-    1.280670     % 
  1.7190724E+07 +/-    1.283574     %   1.7919518E+07 +/-    1.402226     % 
  1.8480838E+07 +/-    1.142532     %   1.9859794E+07 +/-    1.348408     % 
  2.0593948E+07 +/-    1.231111     %   2.1596090E+07 +/-    1.226122     % 
  2.2495394E+07 +/-    1.242824     %   2.3688726E+07 +/-    1.462203     % 
  2.4881600E+07 +/-    1.336497     %   2.5918378E+07 +/-    1.018478     % 
  2.7267780E+07 +/-    1.327396     %   2.9349192E+07 +/-    1.366074     % 
  2.9264694E+07 +/-    1.494613     %   3.1128194E+07 +/-    1.307965     % 
  3.2083546E+07 +/-    1.297094     %   3.4224352E+07 +/-    1.370518     % 
  3.5296280E+07 +/-    1.398594     %   3.7054744E+07 +/-    1.379870     % 
  3.9112044E+07 +/-    1.301290     %   4.1014716E+07 +/-    1.215166     % 
  4.3573632E+07 +/-    1.479983     %   4.6386768E+07 +/-    1.186431     % 
  5.0179048E+07 +/-    1.306245     %   5.3347184E+07 +/-    1.064212     % 
  5.6682740E+07 +/-    1.193619     %   6.1317596E+07 +/-    1.252008     % 
  6.7264256E+07 +/-    1.243432     %   7.4978048E+07 +/-    1.071074     % 
  8.5627368E+07 +/-    1.219813     %   9.3815752E+07 +/-    1.050254     % 
  1.0575207E+08 +/-    1.088113     %   1.1987847E+08 +/-    1.007845     % 
  1.3721725E+08 +/-   0.7948806     %   1.5899821E+08 +/-   0.8714568     % 
  1.8132410E+08 +/-   0.9103367     %   2.0678181E+08 +/-   0.8125971     % 
  2.3133901E+08 +/-   0.8013020     %   2.6238744E+08 +/-   0.7447755     % 
  3.0030813E+08 +/-   0.7693835     %   3.3935398E+08 +/-   0.7804489     % 
  3.8179667E+08 +/-   0.7294351     %   4.2576515E+08 +/-   0.7441987     % 
  4.7186003E+08 +/-   0.6054164     %   5.2306810E+08 +/-   0.6605449     % 
  5.7844698E+08 +/-   0.6120105     %   6.3099917E+08 +/-   0.5219468     % 
  6.8748320E+08 +/-   0.5868476     %   7.4474925E+08 +/-   0.6365983     % 
  8.2171098E+08 +/-   0.6291925     %   8.7072589E+08 +/-   0.5646885     % 
  9.3799142E+08 +/-   0.5859189     %   9.9085171E+08 +/-   0.5339943     % 
  1.0596488E+09 +/-   0.5474776     %   1.1156255E+09 +/-   0.6118273     % 
  1.1575188E+09 +/-   0.5289059     %   1.2183811E+09 +/-   0.6000581     % 
  1.2679379E+09 +/-   0.5068759     %   1.3073985E+09 +/-   0.5933232     % 
  1.3441581E+09 +/-   0.5195675     %   1.3690665E+09 +/-   0.5953508     % 
  1.4007357E+09 +/-   0.6246995     %   1.4154467E+09 +/-   0.6058936     % 
  1.4344211E+09 +/-   0.5629274     %   1.4555840E+09 +/-   0.6130909     % 
  1.4535346E+09 +/-   0.6499676     %   1.4653359E+09 +/-   0.5908056     % 
  1.4397274E+09 +/-   0.6368058     %   1.4380625E+09 +/-   0.6846888     % 
  1.4225942E+09 +/-   0.7217898     %   1.4124276E+09 +/-   0.6865187     % 
  1.3926671E+09 +/-   0.6687337     %   1.3717789E+09 +/-   0.7204274     % 
  1.3354290E+09 +/-   0.8390552     %   1.3076154E+09 +/-   0.8627884     % 
  1.3041051E+09 +/-   0.7814343     %   1.2528552E+09 +/-   0.9349609     % 
  1.2257458E+09 +/-   0.9992929     %   1.2234234E+09 +/-   0.9927430     % 
  1.1650065E+09 +/-   0.9818330     %   1.1355302E+09 +/-    1.018431     % 
  1.1130121E+09 +/-    1.002449     %   1.0704977E+09 +/-    1.027628     % 
  1.0305066E+09 +/-    1.097545     %   1.0034510E+09 +/-    1.115137     % 
  9.8137146E+08 +/-    1.061629     %   9.2786413E+08 +/-    1.328647     % 
  8.9530362E+08 +/-    1.452717     %   8.5531002E+08 +/-    1.276420     % 
  8.1895213E+08 +/-    1.525664     %   7.9413933E+08 +/-    1.476435     % 
  7.6360179E+08 +/-    1.468788     %   7.0148346E+08 +/-    1.728047     % 
  7.1340557E+08 +/-    1.571607     %   6.5725363E+08 +/-    1.957227     % 
  6.1980531E+08 +/-    1.921913     %   6.1428461E+08 +/-    2.006341     % 
  5.5434304E+08 +/-    2.287790     %   5.4785741E+08 +/-    2.285900     % 
  5.5522906E+08 +/-    2.204962     %   5.0020493E+08 +/-    1.854801     % 
  4.9087405E+08 +/-    2.442605     %   4.6622861E+08 +/-    2.635757     % 
  4.2170358E+08 +/-    3.008238     %   4.3094685E+08 +/-    3.211882     % 
  4.1855123E+08 +/-    2.941923     %   3.7857322E+08 +/-    3.070802     % 
  3.8088163E+08 +/-    2.962265     %   3.5665824E+08 +/-    3.478933     % 
  3.5942483E+08 +/-    3.334022     %   3.2193088E+08 +/-    3.606200     % 
  2.8292803E+08 +/-    3.867520     %   2.9892038E+08 +/-    4.364781     % 
  2.9026435E+08 +/-    4.597701     %   2.6183392E+08 +/-    4.148749     % 
  2.6356710E+08 +/-    4.725127     %   2.4253627E+08 +/-    4.750229     % 
  2.3638653E+08 +/-    4.517539     %   2.0968298E+08 +/-    5.822735     % 
  1.9247509E+08 +/-    5.826332     %   2.0277720E+08 +/-    5.986374     % 
  2.0283197E+08 +/-    4.999214     %   1.7912427E+08 +/-    6.777112     % 
  1.8506979E+08 +/-    6.496589     %   1.6481163E+08 +/-    7.282191     % 
  1.6814451E+08 +/-    7.155582     %   1.3985242E+08 +/-    6.572667     % 
  1.4256253E+08 +/-    8.339527     %   1.4818694E+08 +/-    9.308288     % 
  1.3438544E+08 +/-    9.048974     %   1.2763831E+08 +/-    8.800446     % 
  1.2563546E+08 +/-    11.00733     %   1.0540700E+08 +/-    10.93631     % 
  1.0533885E+08 +/-    11.63025     %   8.5586200E+07 +/-    12.03289     % 
  1.0448182E+08 +/-    10.25344     %   8.5190560E+07 +/-    12.53502     % 
  8.9141856E+07 +/-    14.21338     %   7.9284960E+07 +/-    14.34529     % 
  7.8082200E+07 +/-    12.72938     %   8.0001640E+07 +/-    14.33033     % 
  9.0836704E+07 +/-    13.79323     %   8.7594992E+07 +/-    14.95490     % 
  7.9956808E+07 +/-    18.04505     %   6.3259172E+07 +/-    19.28684     % 
  6.1922716E+07 +/-    19.78457     %   7.5966328E+07 +/-    16.83619     % 
  4.4420760E+07 +/-    23.29259     %   4.1588332E+07 +/-    22.20736     % 
  4.3517276E+07 +/-    25.15896     %   3.2142838E+07 +/-    27.21655     % 
  5.0450524E+07 +/-    24.18390     %   4.6924900E+07 +/-    27.69559     % 
  4.9101360E+07 +/-    26.23226     %   4.1745256E+07 +/-    28.20513     % 
  4.7041592E+07 +/-    26.89911     %   1.7579810E+07 +/-    43.80858     % 
  2.5753270E+07 +/-    36.63320     %   2.3098076E+07 +/-    39.78054     % 
  2.4169406E+07 +/-    46.29966     %   1.6860286E+07 +/-    49.23660     % 
  3.0874018E+07 +/-    36.63320     %   2.7690870E+07 +/-    39.78054     % 
  3.8633628E+07 +/-    34.08249     %   2.0212764E+07 +/-    49.23660     % 
  3.7012972E+07 +/-    36.63320     %   1.1065629E+07 +/-    70.35265     % 
   5789437.     +/-    99.00000     %   1.8173884E+07 +/-    57.14887     % 
  2.5355762E+07 +/-    49.23660     %   1.9898858E+07 +/-    57.14887     % 
   0.000000     +/-    0.000000     %   1.4525038E+07 +/-    70.35265     % 
  2.2798104E+07 +/-    57.14887     %    0.000000     +/-    0.000000     % 
   8320662.     +/-    99.00000     %    8706590.     +/-    99.00000     % 
   9110417.     +/-    99.00000     %    9532976.     +/-    99.00000     % 
   9975132.     +/-    99.00000     %    0.000000     +/-    0.000000     % 
   0.000000     +/-    0.000000     %    0.000000     +/-    0.000000     % 
  1.1958575E+07 +/-    99.00000     %   1.2513236E+07 +/-    99.00000     % 
   0.000000     +/-    0.000000     %    0.000000     +/-    0.000000     % 
   0.000000     +/-    0.000000     %   1.5001353E+07 +/-    99.00000     % 
   0.000000     +/-    0.000000     %    0.000000     +/-    0.000000     % 
   0.000000     +/-    0.000000     %    0.000000     +/-    0.000000     % 
  9.4091720E+07 +/-    43.80858     %   1.9691174E+07 +/-    99.00000     % 
   0.000000     +/-    0.000000     %   2.1560160E+07 +/-    99.00000     % 


  **** Cumulative Fluxes as a function of energy **** ****      (integrated over solid angle)        ****


  Energy boundaries (GeV):

  6.9999613E-04  6.6896819E-04  6.3931552E-04  6.1097735E-04  5.8389525E-04
  5.5801350E-04  5.3327909E-04  5.0964102E-04  4.8705068E-04  4.6546169E-04
  4.4482970E-04  4.2511217E-04  4.0626875E-04  3.8826044E-04  3.7105050E-04
  3.5460334E-04  3.3888521E-04  3.2386382E-04  3.0950824E-04  2.9578904E-04
  2.8267791E-04  2.7014790E-04  2.5817336E-04  2.4672961E-04  2.3579312E-04
  2.2534135E-04  2.1535291E-04  2.0580717E-04  1.9668456E-04  1.8796633E-04
  1.7963458E-04  1.7167212E-04  1.6406259E-04  1.5679035E-04  1.4984049E-04
  1.4319866E-04  1.3685126E-04  1.3078518E-04  1.2498802E-04  1.1944782E-04
  1.1415319E-04  1.0909323E-04  1.0425758E-04  9.9636272E-05  9.5219802E-05
  9.0999092E-05  8.6965476E-05  8.3110652E-05  7.9426696E-05  7.5906035E-05
  7.2541428E-05  6.9325972E-05  6.6253029E-05  6.3316285E-05  6.0509741E-05
  5.7827590E-05  5.5264340E-05  5.2814692E-05  5.0473631E-05  4.8236343E-05
  4.6098226E-05  4.4054876E-05  4.2102103E-05  4.0235889E-05  3.8452396E-05
  3.6747959E-05  3.5119072E-05  3.3562388E-05  3.2074702E-05  3.0652958E-05
  2.9294242E-05  2.7995748E-05  2.6754815E-05  2.5568879E-05  2.4435514E-05
  2.3352388E-05  2.2317274E-05  2.1328038E-05  2.0382655E-05  1.9479176E-05
  1.8615743E-05  1.7790582E-05  1.7001999E-05  1.6248370E-05  1.5528147E-05
  1.4839845E-05  1.4182054E-05  1.3553424E-05  1.2952657E-05  1.2378517E-05
  1.1829828E-05  1.1305460E-05  1.0804335E-05  1.0325423E-05  9.8677401E-06
  9.4303432E-06  9.0123340E-06  8.6128539E-06  8.2310817E-06  7.8662315E-06
  7.5175544E-06  7.1843301E-06  6.8658783E-06  6.5615427E-06  6.2706963E-06
  5.9927420E-06  5.7271081E-06  5.4732486E-06  5.2306423E-06  4.9987893E-06
  4.7772132E-06  4.5654588E-06  4.3630907E-06  4.1696921E-06  3.9848674E-06
  3.8082346E-06  3.6394310E-06  3.4781096E-06  3.3239392E-06  3.1766026E-06
  3.0357969E-06  2.9012324E-06  2.7726326E-06  2.6497330E-06  2.5322811E-06
  2.4200353E-06  2.3127652E-06  2.2102497E-06  2.1122783E-06  2.0186496E-06
  1.9291713E-06  1.8436592E-06  1.7619371E-06  1.6838376E-06  1.6092000E-06
  1.5378707E-06  1.4697033E-06  1.4045572E-06  1.3422990E-06  1.2828003E-06
  1.2259391E-06  1.1715981E-06  1.1196661E-06  1.0700358E-06  1.0226056E-06
  9.7727752E-07  9.3395880E-07  8.9256031E-07  8.5299678E-07  8.1518675E-07
  7.7905287E-07  7.4452066E-07  7.1151919E-07  6.7998036E-07  6.4983965E-07
  6.2103487E-07  5.9350691E-07  5.6719921E-07  5.4205759E-07  5.1803039E-07
  4.9506826E-07  4.7312383E-07  4.5215219E-07  4.3211014E-07  4.1295652E-07
  3.9465178E-07  3.7715850E-07  3.6044062E-07  3.4446376E-07  3.2919510E-07
  3.1460320E-07  3.0065814E-07  2.8733120E-07  2.7459495E-07  2.6242330E-07
  2.5079115E-07  2.3967459E-07  2.2905080E-07  2.1889790E-07  2.0919506E-07
  1.9992231E-07  1.9106052E-07  1.8259159E-07  1.7449807E-07  1.6676329E-07
  1.5937135E-07  1.5230707E-07  1.4555592E-07  1.3910402E-07  1.3293810E-07
  1.2704550E-07  1.2141410E-07  1.1603230E-07  1.1088906E-07  1.0597381E-07
  1.0127643E-07  9.6787254E-08  9.2497061E-08  8.8397051E-08  8.4478771E-08
  8.0734175E-08  7.7155555E-08  7.3735571E-08  7.0467166E-08  6.7343649E-08
  6.4358574E-08  6.1505823E-08  5.8779523E-08  5.6174066E-08  5.3684101E-08
  5.1304504E-08  4.9030383E-08  4.6857068E-08  4.4780077E-08  4.2795161E-08
  4.0898229E-08  3.9085382E-08  3.7352883E-08  3.5697184E-08  3.4114873E-08
  3.2602699E-08  3.1157551E-08  2.9776468E-08  2.8456599E-08  2.7195235E-08
  2.5989779E-08  2.4837759E-08  2.3736805E-08  2.2684649E-08  2.1679128E-08
  2.0718181E-08  1.9799829E-08  1.8922186E-08  1.8083442E-08  1.7281875E-08
  1.6515841E-08  1.5783762E-08  1.5084131E-08  1.4415514E-08  1.3776534E-08
  1.3165876E-08  1.2582285E-08  1.2024564E-08  1.1491565E-08  1.0982191E-08
  1.0495394E-08  1.0030176E-08  9.5855794E-09  9.1606909E-09  8.7546344E-09
  8.3665768E-09  7.9957205E-09  7.6413027E-09  7.3025945E-09  6.9789006E-09
  6.6695547E-09  6.3739205E-09  6.0913905E-09  5.8213843E-09  5.5633467E-09
  5.3167462E-09  5.0810760E-09  4.8558531E-09  4.6406128E-09  4.4349138E-09
  4.2383315E-09  4.0504635E-09  3.8709231E-09  3.6993413E-09  3.5353640E-09
  3.3786562E-09  3.2288940E-09  3.0857705E-09  2.9489908E-09  2.8182741E-09
  2.6933515E-09  2.5739664E-09  2.4598725E-09  2.3508364E-09  2.2466338E-09
  2.1470499E-09  2.0518796E-09  1.9609283E-09  1.8740081E-09  1.7909410E-09
  1.7115558E-09  1.6356897E-09  1.5631862E-09  1.4938967E-09  1.4276782E-09
  1.3643950E-09  1.3039171E-09  1.2461198E-09  1.1908842E-09  1.1380973E-09
  1.0876502E-09  1.0394391E-09  9.9336495E-10  9.4933306E-10  9.0725311E-10
  8.6703827E-10  8.2860596E-10  7.9187729E-10  7.5677659E-10  7.2323175E-10
  6.9117384E-10  6.6053690E-10  6.3125805E-10  6.0327693E-10  5.7653604E-10
  5.5098054E-10  5.2655785E-10  5.0321775E-10  4.8091214E-10  4.5959525E-10
  4.3922330E-10  4.1975434E-10  4.0114831E-10  3.8336703E-10  3.6637396E-10
  3.5013409E-10  3.3461406E-10  3.1978201E-10  3.0560740E-10  2.9206104E-10
  2.7911515E-10  2.6674313E-10  2.5491950E-10  2.4361999E-10  2.3282129E-10
  2.2250127E-10  2.1263870E-10  2.0321331E-10  1.9420568E-10  1.8559733E-10
  1.7737056E-10  1.6950846E-10  1.6199483E-10  1.5481427E-10  1.4795198E-10
  1.4139388E-10  1.3512644E-10  1.2913684E-10  1.2341274E-10  1.1794236E-10
  1.1271445E-10  1.0771829E-10  1.0294358E-10  9.8380505E-11  9.4019695E-11
  8.9852188E-11  8.5869416E-11  8.2063169E-11  7.8425641E-11  7.4949352E-11
  7.1627163E-11  6.8452223E-11  6.5418004E-11  6.2518289E-11  5.9747117E-11
  5.7098774E-11  5.4567816E-11  5.2149045E-11  4.9837492E-11  4.7628401E-11
  4.5517225E-11  4.3499634E-11  4.1571475E-11  3.9728779E-11  3.7967764E-11
  3.6284812E-11  3.4676456E-11  3.3139387E-11  3.1670451E-11  3.0266629E-11
  2.8925033E-11  2.7642907E-11  2.6417608E-11  2.5246624E-11  2.4127544E-11
  2.3058068E-11  2.2035996E-11  2.1059231E-11  2.0125762E-11  1.9233670E-11
  1.8381118E-11  1.7566360E-11  1.6787717E-11  1.6043585E-11  1.5332437E-11
  1.4652814E-11  1.4003314E-11  1.3382605E-11  1.2789408E-11  1.2222506E-11
  1.1680732E-11  1.1162973E-11  1.0668163E-11  1.0195288E-11  9.7433719E-12
  9.3114891E-12  8.8987481E-12  8.5043032E-12  8.1273417E-12  7.7670908E-12
  7.4228054E-12  7.0937835E-12  6.7793457E-12  6.4788452E-12  6.1916639E-12
  5.9172129E-12  5.6549270E-12  5.4042669E-12  5.1647176E-12  4.9357870E-12
  4.7170041E-12  4.5079183E-12  4.3081003E-12  4.1171402E-12  3.9346443E-12
  3.7602378E-12  3.5935612E-12  3.4342735E-12  3.2820465E-12  3.1365667E-12
  2.9975354E-12  2.8646668E-12  2.7376881E-12  2.6163375E-12  2.5003658E-12
  2.3895350E-12  2.2836167E-12  2.1823932E-12  2.0856565E-12  1.9932079E-12
  1.9048571E-12  1.8204227E-12  1.7397304E-12  1.6626154E-12  1.5889184E-12
  1.5184882E-12  1.4511799E-12  1.3868550E-12  1.3253813E-12  1.2666326E-12
  1.2104879E-12  1.1568319E-12  1.1055543E-12  1.0565496E-12  1.0097170E-12
  9.6496042E-13  9.2218778E-13  8.8131092E-13  8.4224592E-13  8.0491267E-13
  7.6923418E-13  7.3513721E-13  7.0255157E-13  6.7141030E-13  6.4164944E-13
  6.1320778E-13  5.8602672E-13  5.6005060E-13  5.3522584E-13  5.1150143E-13
  4.8882865E-13  4.6716087E-13  4.4645356E-13  4.2666410E-13  4.0775174E-13
  3.8967779E-13  3.7240499E-13  3.5589782E-13  3.4012230E-13  3.2504609E-13
  3.1063813E-13  2.9686878E-13  2.8370980E-13  2.7113411E-13  2.5911586E-13
  2.4763031E-13  2.3665385E-13  2.2616395E-13  2.1613905E-13  2.0655848E-13
  1.9740257E-13  1.8865252E-13  1.8029034E-13  1.7229881E-13  1.6466150E-13
  1.5736273E-13  1.5038749E-13  1.4372142E-13  1.3735084E-13  1.3126264E-13
  1.2544431E-13  1.1988387E-13  1.1456991E-13  1.0949149E-13  1.0463818E-13
  Lowest boundary   (GeV):  9.9999998E-14

  Cumul. Flux (Part/cmq/pr):

   0.000000     +/-    0.000000     %    0.000000     +/-    0.000000     % 
   0.000000     +/-    0.000000     %   0.9999934     +/-    0.000000     % 
  0.9999934     +/-    0.000000     %    1.000021     +/-   1.7089817E-04 % 
   1.001658     +/-   1.3284070E-03 %    1.008221     +/-   2.7030176E-03 % 
   1.019784     +/-   4.3603950E-03 %    1.031229     +/-   5.2862619E-03 % 
   1.042196     +/-   6.0870848E-03 %    1.045688     +/-   6.3779526E-03 % 
   1.048501     +/-   6.4902636E-03 %    1.050894     +/-   6.6344826E-03 % 
   1.053081     +/-   6.9067604E-03 %    1.055301     +/-   6.8319379E-03 % 
   1.057474     +/-   7.0153465E-03 %    1.059560     +/-   6.9896304E-03 % 
   1.061502     +/-   7.0898375E-03 %    1.063366     +/-   7.0810397E-03 % 
   1.065185     +/-   7.0132408E-03 %    1.066948     +/-   7.2261188E-03 % 
   1.068651     +/-   7.1298722E-03 %    1.070334     +/-   7.2431583E-03 % 
   1.071962     +/-   7.3241843E-03 %    1.073521     +/-   7.4319411E-03 % 
   1.075068     +/-   7.4521000E-03 %    1.076597     +/-   7.5601749E-03 % 
   1.078122     +/-   7.6425644E-03 %    1.079586     +/-   7.5635640E-03 % 
   1.081044     +/-   7.5575528E-03 %    1.082471     +/-   7.8565823E-03 % 
   1.083839     +/-   7.6876483E-03 %    1.085197     +/-   7.7558402E-03 % 
   1.086553     +/-   7.6060090E-03 %    1.087883     +/-   7.6250182E-03 % 
   1.089198     +/-   7.6945755E-03 %    1.090487     +/-   7.8320857E-03 % 
   1.091745     +/-   8.0180811E-03 %    1.092992     +/-   7.9963962E-03 % 
   1.094222     +/-   7.9939356E-03 %    1.095446     +/-   8.2338350E-03 % 
   1.096647     +/-   8.2952874E-03 %    1.097841     +/-   8.2002552E-03 % 
   1.099023     +/-   8.1156213E-03 %    1.100209     +/-   8.2801292E-03 % 
   1.101368     +/-   8.4639071E-03 %    1.102512     +/-   8.4214667E-03 % 
   1.103644     +/-   8.2842782E-03 %    1.104751     +/-   8.2591726E-03 % 
   1.105874     +/-   8.3342791E-03 %    1.106989     +/-   8.5273292E-03 % 
   1.108087     +/-   8.6416174E-03 %    1.109187     +/-   8.6985510E-03 % 
   1.110279     +/-   8.6775487E-03 %    1.111372     +/-   8.6687338E-03 % 
   1.112437     +/-   8.7479260E-03 %    1.113493     +/-   8.8669965E-03 % 
   1.114542     +/-   8.9562461E-03 %    1.115605     +/-   9.0016183E-03 % 
   1.116648     +/-   8.9057218E-03 %    1.117690     +/-   8.9753792E-03 % 
   1.118734     +/-   8.8696852E-03 %    1.119793     +/-   8.9419466E-03 % 
   1.120832     +/-   8.8627981E-03 %    1.121861     +/-   8.8724988E-03 % 
   1.122874     +/-   8.8992259E-03 %    1.123901     +/-   8.9151403E-03 % 
   1.124932     +/-   8.8594863E-03 %    1.125959     +/-   9.0758530E-03 % 
   1.126983     +/-   9.1266716E-03 %    1.127995     +/-   9.2116343E-03 % 
   1.129000     +/-   9.1942158E-03 %    1.130022     +/-   9.1500124E-03 % 
   1.131038     +/-   9.3060806E-03 %    1.132042     +/-   9.3500754E-03 % 
   1.133054     +/-   9.4645796E-03 %    1.134057     +/-   9.4917230E-03 % 
   1.135049     +/-   9.6977232E-03 %    1.136049     +/-   9.6527617E-03 % 
   1.137054     +/-   9.7723026E-03 %    1.138048     +/-   9.8651275E-03 % 
   1.139032     +/-   9.9194907E-03 %    1.140025     +/-   9.9596400E-03 % 
   1.140998     +/-   9.8781306E-03 %    1.141978     +/-   9.8304125E-03 % 
   1.142962     +/-   9.9073453E-03 %    1.143960     +/-   9.9202311E-03 % 
   1.144948     +/-   1.0053289E-02 %    1.145912     +/-   1.0042233E-02 % 
   1.146882     +/-   9.9973362E-03 %    1.147846     +/-   1.0104024E-02 % 
   1.148813     +/-   1.0143199E-02 %    1.149764     +/-   1.0225158E-02 % 
   1.150725     +/-   1.0244492E-02 %    1.151673     +/-   1.0314760E-02 % 
   1.152613     +/-   1.0319947E-02 %    1.153581     +/-   1.0202968E-02 % 
   1.154530     +/-   1.0134352E-02 %    1.155493     +/-   1.0189876E-02 % 
   1.156451     +/-   1.0198751E-02 %    1.157396     +/-   1.0235740E-02 % 
   1.158322     +/-   1.0281443E-02 %    1.159259     +/-   1.0332163E-02 % 
   1.160201     +/-   1.0405354E-02 %    1.161132     +/-   1.0428868E-02 % 
   1.162086     +/-   1.0534616E-02 %    1.163010     +/-   1.0558322E-02 % 
   1.163949     +/-   1.0444012E-02 %    1.164874     +/-   1.0545019E-02 % 
   1.165796     +/-   1.0604838E-02 %    1.166730     +/-   1.0570961E-02 % 
   1.167652     +/-   1.0545962E-02 %    1.168586     +/-   1.0417608E-02 % 
   1.169491     +/-   1.0500221E-02 %    1.170391     +/-   1.0420944E-02 % 
   1.171298     +/-   1.0305353E-02 %    1.172201     +/-   1.0210766E-02 % 
   1.173089     +/-   1.0200804E-02 %    1.173995     +/-   1.0218325E-02 % 
   1.174901     +/-   1.0300268E-02 %    1.175807     +/-   1.0214441E-02 % 
   1.176691     +/-   1.0296749E-02 %    1.177592     +/-   1.0296736E-02 % 
   1.178494     +/-   1.0257114E-02 %    1.179383     +/-   1.0195270E-02 % 
   1.180262     +/-   1.0140901E-02 %    1.181138     +/-   1.0180250E-02 % 
   1.182021     +/-   1.0360258E-02 %    1.182897     +/-   1.0420687E-02 % 
   1.183765     +/-   1.0551182E-02 %    1.184626     +/-   1.0676620E-02 % 
   1.185489     +/-   1.0684276E-02 %    1.186335     +/-   1.0707584E-02 % 
   1.187173     +/-   1.0658865E-02 %    1.188048     +/-   1.0764530E-02 % 
   1.188902     +/-   1.0836336E-02 %    1.189746     +/-   1.0849824E-02 % 
   1.190596     +/-   1.0882841E-02 %    1.191453     +/-   1.1085585E-02 % 
   1.192279     +/-   1.1051808E-02 %    1.193133     +/-   1.1132661E-02 % 
   1.193954     +/-   1.1166576E-02 %    1.194777     +/-   1.1266812E-02 % 
   1.195607     +/-   1.1266873E-02 %    1.196433     +/-   1.1143097E-02 % 
   1.197277     +/-   1.1130298E-02 %    1.198101     +/-   1.1035782E-02 % 
   1.198927     +/-   1.0955957E-02 %    1.199734     +/-   1.1068832E-02 % 
   1.200566     +/-   1.1112977E-02 %    1.201373     +/-   1.1099419E-02 % 
   1.202181     +/-   1.1203665E-02 %    1.202990     +/-   1.1250802E-02 % 
   1.203793     +/-   1.1194751E-02 %    1.204588     +/-   1.1095907E-02 % 
   1.205384     +/-   1.1153596E-02 %    1.206178     +/-   1.1104103E-02 % 
   1.206967     +/-   1.1098382E-02 %    1.207742     +/-   1.1057383E-02 % 
   1.208523     +/-   1.1034708E-02 %    1.209307     +/-   1.1023864E-02 % 
   1.210096     +/-   1.0931778E-02 %    1.210872     +/-   1.0979214E-02 % 
   1.211653     +/-   1.0980356E-02 %    1.212416     +/-   1.0964248E-02 % 
   1.213191     +/-   1.1047791E-02 %    1.213946     +/-   1.1054156E-02 % 
   1.214716     +/-   1.1103440E-02 %    1.215485     +/-   1.1009354E-02 % 
   1.216245     +/-   1.1055941E-02 %    1.217010     +/-   1.1066955E-02 % 
   1.217763     +/-   1.0947649E-02 %    1.218523     +/-   1.0915365E-02 % 
   1.219278     +/-   1.0908151E-02 %    1.220010     +/-   1.0869643E-02 % 
   1.220761     +/-   1.0871874E-02 %    1.221515     +/-   1.0865728E-02 % 
   1.222254     +/-   1.0859873E-02 %    1.222988     +/-   1.0798330E-02 % 
   1.223722     +/-   1.0819481E-02 %    1.224467     +/-   1.0884123E-02 % 
   1.225204     +/-   1.0795291E-02 %    1.225934     +/-   1.0756985E-02 % 
   1.226663     +/-   1.0741789E-02 %    1.227383     +/-   1.0878457E-02 % 
   1.228109     +/-   1.0878623E-02 %    1.228844     +/-   1.0884596E-02 % 
   1.229562     +/-   1.0865864E-02 %    1.230275     +/-   1.0881047E-02 % 
   1.230984     +/-   1.0735137E-02 %    1.231702     +/-   1.0709454E-02 % 
   1.232402     +/-   1.0657704E-02 %    1.233106     +/-   1.0681378E-02 % 
   1.233827     +/-   1.0643623E-02 %    1.234536     +/-   1.0710953E-02 % 
   1.235243     +/-   1.0752712E-02 %    1.235928     +/-   1.0854810E-02 % 
   1.236618     +/-   1.0956907E-02 %    1.237306     +/-   1.0853535E-02 % 
   1.237992     +/-   1.0818328E-02 %    1.238688     +/-   1.0694288E-02 % 
   1.239381     +/-   1.0705587E-02 %    1.240073     +/-   1.0745248E-02 % 
   1.240757     +/-   1.0691470E-02 %    1.241438     +/-   1.0632233E-02 % 
   1.242121     +/-   1.0629527E-02 %    1.242793     +/-   1.0531694E-02 % 
   1.243460     +/-   1.0513591E-02 %    1.244133     +/-   1.0483361E-02 % 
   1.244792     +/-   1.0479173E-02 %    1.245455     +/-   1.0497730E-02 % 
   1.246126     +/-   1.0518522E-02 %    1.246779     +/-   1.0634872E-02 % 
   1.247430     +/-   1.0625395E-02 %    1.248086     +/-   1.0673447E-02 % 
   1.248738     +/-   1.0656205E-02 %    1.249394     +/-   1.0654332E-02 % 
   1.250039     +/-   1.0694575E-02 %    1.250705     +/-   1.0718450E-02 % 
   1.251356     +/-   1.0679181E-02 %    1.252015     +/-   1.0727225E-02 % 
   1.252675     +/-   1.0660904E-02 %    1.253307     +/-   1.0645216E-02 % 
   1.253938     +/-   1.0767944E-02 %    1.254565     +/-   1.0789588E-02 % 
   1.255197     +/-   1.0770065E-02 %    1.255820     +/-   1.0813056E-02 % 
   1.256461     +/-   1.0759285E-02 %    1.257090     +/-   1.0735896E-02 % 
   1.257711     +/-   1.0699552E-02 %    1.258330     +/-   1.0813988E-02 % 
   1.258953     +/-   1.0915741E-02 %    1.259578     +/-   1.0798546E-02 % 
   1.260202     +/-   1.0780800E-02 %    1.260819     +/-   1.0762841E-02 % 
   1.261439     +/-   1.0717025E-02 %    1.262043     +/-   1.0690011E-02 % 
   1.262645     +/-   1.0623706E-02 %    1.263258     +/-   1.0562954E-02 % 
   1.263872     +/-   1.0584400E-02 %    1.264477     +/-   1.0541946E-02 % 
   1.265065     +/-   1.0590946E-02 %    1.265684     +/-   1.0685469E-02 % 
   1.266297     +/-   1.0728708E-02 %    1.266897     +/-   1.0693830E-02 % 
   1.267481     +/-   1.0601855E-02 %    1.268066     +/-   1.0632467E-02 % 
   1.268665     +/-   1.0618427E-02 %    1.269274     +/-   1.0629890E-02 % 
   1.269871     +/-   1.0672326E-02 %    1.270464     +/-   1.0707936E-02 % 
   1.271050     +/-   1.0701988E-02 %    1.271632     +/-   1.0780872E-02 % 
   1.272222     +/-   1.0823311E-02 %    1.272812     +/-   1.0877552E-02 % 
   1.273386     +/-   1.0886321E-02 %    1.273978     +/-   1.0924460E-02 % 
   1.274550     +/-   1.0962906E-02 %    1.275116     +/-   1.1083992E-02 % 
   1.275680     +/-   1.1105224E-02 %    1.276258     +/-   1.1099459E-02 % 
   1.276840     +/-   1.1173848E-02 %    1.277414     +/-   1.1159473E-02 % 
   1.277987     +/-   1.1172811E-02 %    1.278558     +/-   1.1220280E-02 % 
   1.279123     +/-   1.1231312E-02 %    1.279694     +/-   1.1281698E-02 % 
   1.280259     +/-   1.1157953E-02 %    1.280816     +/-   1.1273938E-02 % 
   1.281402     +/-   1.1329362E-02 %    1.281967     +/-   1.1389566E-02 % 
   1.282523     +/-   1.1316889E-02 %    1.283078     +/-   1.1273421E-02 % 
   1.283643     +/-   1.1144505E-02 %    1.284204     +/-   1.1198211E-02 % 
   1.284761     +/-   1.1231569E-02 %    1.285318     +/-   1.1214013E-02 % 
   1.285868     +/-   1.1303420E-02 %    1.286420     +/-   1.1183871E-02 % 
   1.286956     +/-   1.1220321E-02 %    1.287508     +/-   1.1211292E-02 % 
   1.288054     +/-   1.1244122E-02 %    1.288609     +/-   1.1286973E-02 % 
   1.289156     +/-   1.1311454E-02 %    1.289707     +/-   1.1156752E-02 % 
   1.290251     +/-   1.1006884E-02 %    1.290804     +/-   1.0906835E-02 % 
   1.291349     +/-   1.0857766E-02 %    1.291891     +/-   1.0897054E-02 % 
   1.292441     +/-   1.0931405E-02 %    1.292980     +/-   1.0949244E-02 % 
   1.293525     +/-   1.0947930E-02 %    1.294080     +/-   1.0968357E-02 % 
   1.294625     +/-   1.1049716E-02 %    1.295178     +/-   1.1092789E-02 % 
   1.295729     +/-   1.1012924E-02 %    1.296276     +/-   1.1082246E-02 % 
   1.296828     +/-   1.1104518E-02 %    1.297372     +/-   1.1042124E-02 % 
   1.297912     +/-   1.0944015E-02 %    1.298459     +/-   1.0957130E-02 % 
   1.299013     +/-   1.0894017E-02 %    1.299567     +/-   1.0883364E-02 % 
   1.300118     +/-   1.0910926E-02 %    1.300667     +/-   1.0926809E-02 % 
   1.301208     +/-   1.0909363E-02 %    1.301764     +/-   1.0886711E-02 % 
   1.302315     +/-   1.0842954E-02 %    1.302867     +/-   1.0722934E-02 % 
   1.303416     +/-   1.0773332E-02 %    1.303969     +/-   1.0754564E-02 % 
   1.304524     +/-   1.0756797E-02 %    1.305077     +/-   1.0770977E-02 % 
   1.305632     +/-   1.0824984E-02 %    1.306203     +/-   1.0860727E-02 % 
   1.306748     +/-   1.0770091E-02 %    1.307302     +/-   1.0727135E-02 % 
   1.307847     +/-   1.0818502E-02 %    1.308402     +/-   1.0791881E-02 % 
   1.308950     +/-   1.0777198E-02 %    1.309500     +/-   1.0775190E-02 % 
   1.310054     +/-   1.0827892E-02 %    1.310610     +/-   1.0799184E-02 % 
   1.311174     +/-   1.0760560E-02 %    1.311748     +/-   1.0765538E-02 % 
   1.312341     +/-   1.0783320E-02 %    1.312944     +/-   1.0717924E-02 % 
   1.313556     +/-   1.0715510E-02 %    1.314189     +/-   1.0774359E-02 % 
   1.314852     +/-   1.0842771E-02 %    1.315559     +/-   1.0934812E-02 % 
   1.316330     +/-   1.0940515E-02 %    1.317138     +/-   1.0940946E-02 % 
   1.318008     +/-   1.0898050E-02 %    1.318950     +/-   1.0960154E-02 % 
   1.319981     +/-   1.1011587E-02 %    1.321123     +/-   1.1008241E-02 % 
   1.322367     +/-   1.1036246E-02 %    1.323723     +/-   1.1071979E-02 % 
   1.325173     +/-   1.1074919E-02 %    1.326745     +/-   1.1245137E-02 % 
   1.328464     +/-   1.1397537E-02 %    1.330320     +/-   1.1289908E-02 % 
   1.332316     +/-   1.1097333E-02 %    1.334444     +/-   1.1157917E-02 % 
   1.336697     +/-   1.1092000E-02 %    1.339083     +/-   1.1035335E-02 % 
   1.341606     +/-   1.1068523E-02 %    1.344236     +/-   1.1157949E-02 % 
   1.346974     +/-   1.1195482E-02 %    1.349808     +/-   1.1243048E-02 % 
   1.352797     +/-   1.1540635E-02 %    1.355824     +/-   1.1607647E-02 % 
   1.358940     +/-   1.1608508E-02 %    1.362086     +/-   1.1667423E-02 % 
   1.365301     +/-   1.1600244E-02 %    1.368536     +/-   1.1600636E-02 % 
   1.371744     +/-   1.1549482E-02 %    1.374971     +/-   1.1635744E-02 % 
   1.378180     +/-   1.1645297E-02 %    1.381342     +/-   1.1520820E-02 % 
   1.384449     +/-   1.1452980E-02 %    1.387474     +/-   1.1410632E-02 % 
   1.390431     +/-   1.1413116E-02 %    1.393287     +/-   1.1538812E-02 % 
   1.396052     +/-   1.1644753E-02 %    1.398735     +/-   1.1711437E-02 % 
   1.401294     +/-   1.1507162E-02 %    1.403761     +/-   1.1611362E-02 % 
   1.406076     +/-   1.1625900E-02 %    1.408286     +/-   1.1611259E-02 % 
   1.410376     +/-   1.1593165E-02 %    1.412359     +/-   1.1619153E-02 % 
   1.414227     +/-   1.1543388E-02 %    1.415986     +/-   1.1594165E-02 % 
   1.417622     +/-   1.1527212E-02 %    1.419154     +/-   1.1374810E-02 % 
   1.420613     +/-   1.1378758E-02 %    1.421953     +/-   1.1462980E-02 % 
   1.423206     +/-   1.1442452E-02 %    1.424401     +/-   1.1317752E-02 % 
   1.425488     +/-   1.1407870E-02 %    1.426501     +/-   1.1376960E-02 % 
   1.427450     +/-   1.1380464E-02 %    1.428322     +/-   1.1398793E-02 % 
   1.429125     +/-   1.1376497E-02 %    1.429871     +/-   1.1452100E-02 % 
   1.430569     +/-   1.1536642E-02 %    1.431200     +/-   1.1508599E-02 % 
   1.431781     +/-   1.1500628E-02 %    1.432312     +/-   1.1459682E-02 % 
   1.432798     +/-   1.1500333E-02 %    1.433248     +/-   1.1608291E-02 % 
   1.433662     +/-   1.1587052E-02 %    1.434025     +/-   1.1529733E-02 % 
   1.434378     +/-   1.1526433E-02 %    1.434689     +/-   1.1481177E-02 % 
   1.434969     +/-   1.1482431E-02 %    1.435234     +/-   1.1453948E-02 % 
   1.435463     +/-   1.1481310E-02 %    1.435679     +/-   1.1482324E-02 % 
   1.435889     +/-   1.1446514E-02 %    1.436069     +/-   1.1439665E-02 % 
   1.436238     +/-   1.1425805E-02 %    1.436391     +/-   1.1440048E-02 % 
   1.436524     +/-   1.1420745E-02 %    1.436653     +/-   1.1459597E-02 % 
   1.436774     +/-   1.1487839E-02 %    1.436877     +/-   1.1507290E-02 % 
   1.436977     +/-   1.1509771E-02 %    1.437067     +/-   1.1509766E-02 % 
   1.437153     +/-   1.1558821E-02 %    1.437227     +/-   1.1566451E-02 % 
   1.437288     +/-   1.1555695E-02 %    1.437351     +/-   1.1580138E-02 % 
   1.437409     +/-   1.1607772E-02 %    1.437459     +/-   1.1604205E-02 % 
   1.437507     +/-   1.1621606E-02 %    1.437549     +/-   1.1625039E-02 % 
   1.437589     +/-   1.1639609E-02 %    1.437622     +/-   1.1649910E-02 % 
   1.437651     +/-   1.1619102E-02 %    1.437681     +/-   1.1616879E-02 % 
   1.437709     +/-   1.1618393E-02 %    1.437733     +/-   1.1610960E-02 % 
   1.437756     +/-   1.1611971E-02 %    1.437776     +/-   1.1603142E-02 % 
   1.437796     +/-   1.1607644E-02 %    1.437811     +/-   1.1609669E-02 % 
   1.437827     +/-   1.1625791E-02 %    1.437842     +/-   1.1632985E-02 % 
   1.437855     +/-   1.1633663E-02 %    1.437866     +/-   1.1630322E-02 % 
   1.437877     +/-   1.1623479E-02 %    1.437886     +/-   1.1633953E-02 % 
   1.437895     +/-   1.1629978E-02 %    1.437901     +/-   1.1627671E-02 % 
   1.437909     +/-   1.1623234E-02 %    1.437915     +/-   1.1622034E-02 % 
   1.437921     +/-   1.1618746E-02 %    1.437926     +/-   1.1620117E-02 % 
   1.437931     +/-   1.1624624E-02 %    1.437936     +/-   1.1625843E-02 % 
   1.437941     +/-   1.1622652E-02 %    1.437945     +/-   1.1625389E-02 % 
   1.437950     +/-   1.1625960E-02 %    1.437953     +/-   1.1626584E-02 % 
   1.437956     +/-   1.1623795E-02 %    1.437959     +/-   1.1630075E-02 % 
   1.437961     +/-   1.1632365E-02 %    1.437963     +/-   1.1634051E-02 % 
   1.437964     +/-   1.1634023E-02 %    1.437966     +/-   1.1632713E-02 % 
   1.437967     +/-   1.1634452E-02 %    1.437969     +/-   1.1633499E-02 % 
   1.437971     +/-   1.1632656E-02 %    1.437972     +/-   1.1635812E-02 % 
   1.437973     +/-   1.1636427E-02 %    1.437974     +/-   1.1635884E-02 % 
   1.437974     +/-   1.1637872E-02 %    1.437975     +/-   1.1636874E-02 % 
   1.437976     +/-   1.1637586E-02 %    1.437976     +/-   1.1636950E-02 % 
   1.437977     +/-   1.1635577E-02 %    1.437977     +/-   1.1635547E-02 % 
   1.437978     +/-   1.1634719E-02 %    1.437979     +/-   1.1634477E-02 % 
   1.437979     +/-   1.1634143E-02 %    1.437979     +/-   1.1632859E-02 % 
   1.437980     +/-   1.1632806E-02 %    1.437980     +/-   1.1633749E-02 % 
   1.437980     +/-   1.1634450E-02 %    1.437981     +/-   1.1634259E-02 % 
   1.437981     +/-   1.1634259E-02 %    1.437981     +/-   1.1633876E-02 % 
   1.437981     +/-   1.1636076E-02 %    1.437981     +/-   1.1636076E-02 % 
   1.437981     +/-   1.1636603E-02 %    1.437981     +/-   1.1636462E-02 % 
   1.437981     +/-   1.1637555E-02 %    1.437981     +/-   1.1637133E-02 % 
   1.437981     +/-   1.1637197E-02 %    1.437981     +/-   1.1637197E-02 % 
   1.437981     +/-   1.1637197E-02 %    1.437981     +/-   1.1637197E-02 % 
   1.437982     +/-   1.1637425E-02 %    1.437982     +/-   1.1636200E-02 % 
   1.437982     +/-   1.1636200E-02 %    1.437982     +/-   1.1636200E-02 % 
   1.437982     +/-   1.1636200E-02 %    1.437982     +/-   1.1635819E-02 % 
   1.437982     +/-   1.1635819E-02 %    1.437982     +/-   1.1635819E-02 % 
   1.437982     +/-   1.1635819E-02 %    1.437982     +/-   1.1635819E-02 % 
   1.437982     +/-   1.1636456E-02 %    1.437982     +/-   1.1636167E-02 % 
   1.437982     +/-   1.1636167E-02 %    1.437983     +/-   1.1636399E-02 % 

  **** Double diff. Fluxes as a function of energy ****


  Solid angle minimum value (sr):   0.000000    

  Solid angle upper boundaries (sr):

  1.0000000E-03  0.1120998       12.56637    

  Angular minimum value (deg.):   0.000000    

  Angular upper boundaries (deg.):

   1.022241       10.83922       180.0000    


  Energy interval (GeV):  6.9999613E-04  6.6896819E-04

  Flux (Part/sr/GeV/cmq/pr):

   0.000000     +/-    0.000000     %    0.000000     +/-    0.000000     % 
   0.000000     +/-    0.000000     % 

  Flux (Part/deg/GeV/cmq/pr):

   0.000000     +/-    0.000000     %    0.000000     +/-    0.000000     % 
   0.000000     +/-    0.000000     % 

  Energy interval (GeV):  6.6896819E-04  6.3931552E-04

  Flux (Part/sr/GeV/cmq/pr):

   0.000000     +/-    0.000000     %    0.000000     +/-    0.000000     % 
   0.000000     +/-    0.000000     % 

  Flux (Part/deg/GeV/cmq/pr):

   0.000000     +/-    0.000000     %    0.000000     +/-    0.000000     % 
   0.000000     +/-    0.000000     % 

  Energy interval (GeV):  6.3931552E-04  6.1097735E-04

  Flux (Part/sr/GeV/cmq/pr):

   0.000000     +/-    0.000000     %    0.000000     +/-    0.000000     % 
   0.000000     +/-    0.000000     % 

  Flux (Part/deg/GeV/cmq/pr):

   0.000000     +/-    0.000000     %    0.000000     +/-    0.000000     % 
   0.000000     +/-    0.000000     % 

  Energy interval (GeV):  6.1097735E-04  5.8389525E-04

  Flux (Part/sr/GeV/cmq/pr):

  3.6924508E+07 +/-    0.000000     %    0.000000     +/-    0.000000     % 
   0.000000     +/-    0.000000     % 

  Flux (Part/deg/GeV/cmq/pr):

   36121.12     +/-    0.000000     %    0.000000     +/-    0.000000     % 
   0.000000     +/-    0.000000     % 

  Energy interval (GeV):  5.8389525E-04  5.5801350E-04

  Flux (Part/sr/GeV/cmq/pr):

   0.000000     +/-    0.000000     %    0.000000     +/-    0.000000     % 
   0.000000     +/-    0.000000     % 

  Flux (Part/deg/GeV/cmq/pr):

   0.000000     +/-    0.000000     %    0.000000     +/-    0.000000     % 
   0.000000     +/-    0.000000     % 

  Energy interval (GeV):  5.5801350E-04  5.3327909E-04

  Flux (Part/sr/GeV/cmq/pr):

   0.000000     +/-    0.000000     %    0.000000     +/-    0.000000     % 
  9.0244681E-02 +/-    6.147616     % 

  Flux (Part/deg/GeV/cmq/pr):

   0.000000     +/-    0.000000     %    0.000000     +/-    0.000000     % 
  6.6441628E-03 +/-    6.147616     % 

  Energy interval (GeV):  5.3327909E-04  5.0964102E-04

  Flux (Part/sr/GeV/cmq/pr):

   0.000000     +/-    0.000000     %    0.000000     +/-    0.000000     % 
   5.558486     +/-   0.8173168     % 

  Flux (Part/deg/GeV/cmq/pr):

   0.000000     +/-    0.000000     %    0.000000     +/-    0.000000     % 
  0.4092372     +/-   0.8173168     % 

  Energy interval (GeV):  5.0964102E-04  4.8705068E-04

  Flux (Part/sr/GeV/cmq/pr):

   0.000000     +/-    0.000000     %    0.000000     +/-    0.000000     % 
   23.32775     +/-   0.3547376     % 

  Flux (Part/deg/GeV/cmq/pr):

   0.000000     +/-    0.000000     %    0.000000     +/-    0.000000     % 
   1.717479     +/-   0.3547376     % 

  Energy interval (GeV):  4.8705068E-04  4.6546169E-04

  Flux (Part/sr/GeV/cmq/pr):

   0.000000     +/-    0.000000     %    0.000000     +/-    0.000000     % 
   43.00601     +/-   0.2881243     % 

  Flux (Part/deg/GeV/cmq/pr):

   0.000000     +/-    0.000000     %    0.000000     +/-    0.000000     % 
   3.166269     +/-   0.2881243     % 

  Energy interval (GeV):  4.6546169E-04  4.4482970E-04

  Flux (Part/sr/GeV/cmq/pr):

   0.000000     +/-    0.000000     %    0.000000     +/-    0.000000     % 
   44.53877     +/-   0.2836291     % 

  Flux (Part/deg/GeV/cmq/pr):

   0.000000     +/-    0.000000     %    0.000000     +/-    0.000000     % 
   3.279117     +/-   0.2836291     % 

  Energy interval (GeV):  4.4482970E-04  4.2511217E-04

  Flux (Part/sr/GeV/cmq/pr):

   0.000000     +/-    0.000000     %    0.000000     +/-    0.000000     % 
   44.66009     +/-   0.3019636     % 

  Flux (Part/deg/GeV/cmq/pr):

   0.000000     +/-    0.000000     %    0.000000     +/-    0.000000     % 
   3.288049     +/-   0.3019636     % 

  Energy interval (GeV):  4.2511217E-04  4.0626875E-04

  Flux (Part/sr/GeV/cmq/pr):

   0.000000     +/-    0.000000     %    0.000000     +/-    0.000000     % 
   14.88262     +/-   0.5252254     % 

  Flux (Part/deg/GeV/cmq/pr):

   0.000000     +/-    0.000000     %    0.000000     +/-    0.000000     % 
   1.095716     +/-   0.5252254     % 

  Energy interval (GeV):  4.0626875E-04  3.8826044E-04

  Flux (Part/sr/GeV/cmq/pr):

   0.000000     +/-    0.000000     %    0.000000     +/-    0.000000     % 
   12.54143     +/-   0.5639612     % 

  Flux (Part/deg/GeV/cmq/pr):

   0.000000     +/-    0.000000     %    0.000000     +/-    0.000000     % 
  0.9233486     +/-   0.5639612     % 

  Energy interval (GeV):  3.8826044E-04  3.7105050E-04

  Flux (Part/sr/GeV/cmq/pr):

   0.000000     +/-    0.000000     %    0.000000     +/-    0.000000     % 
   11.16268     +/-   0.5574201     % 

  Flux (Part/deg/GeV/cmq/pr):

   0.000000     +/-    0.000000     %    0.000000     +/-    0.000000     % 
  0.8218397     +/-   0.5574201     % 

  Energy interval (GeV):  3.7105050E-04  3.5460334E-04

  Flux (Part/sr/GeV/cmq/pr):

   0.000000     +/-    0.000000     %    0.000000     +/-    0.000000     % 
   10.68061     +/-   0.8374785     % 

  Flux (Part/deg/GeV/cmq/pr):

   0.000000     +/-    0.000000     %    0.000000     +/-    0.000000     % 
  0.7863481     +/-   0.8374785     % 

  Energy interval (GeV):  3.5460334E-04  3.3888521E-04

  Flux (Part/sr/GeV/cmq/pr):

   0.000000     +/-    0.000000     %    0.000000     +/-    0.000000     % 
   11.33691     +/-   0.7608159     % 

  Flux (Part/deg/GeV/cmq/pr):

   0.000000     +/-    0.000000     %    0.000000     +/-    0.000000     % 
  0.8346674     +/-   0.7608159     % 

  Energy interval (GeV):  3.3888521E-04  3.2386382E-04

  Flux (Part/sr/GeV/cmq/pr):

   0.000000     +/-    0.000000     %    0.000000     +/-    0.000000     % 
   11.61579     +/-   0.6318605     % 

  Flux (Part/deg/GeV/cmq/pr):

   0.000000     +/-    0.000000     %    0.000000     +/-    0.000000     % 
  0.8551993     +/-   0.6318605     % 

  Energy interval (GeV):  3.2386382E-04  3.0950824E-04

  Flux (Part/sr/GeV/cmq/pr):

   0.000000     +/-    0.000000     %    0.000000     +/-    0.000000     % 
   11.66850     +/-   0.7053654     % 

  Flux (Part/deg/GeV/cmq/pr):

   0.000000     +/-    0.000000     %    0.000000     +/-    0.000000     % 
  0.8590803     +/-   0.7053654     % 

  Energy interval (GeV):  3.0950824E-04  2.9578904E-04

  Flux (Part/sr/GeV/cmq/pr):

   0.000000     +/-    0.000000     %    0.000000     +/-    0.000000     % 
   11.36401     +/-   0.7489064     % 

  Flux (Part/deg/GeV/cmq/pr):

   0.000000     +/-    0.000000     %    0.000000     +/-    0.000000     % 
  0.8366622     +/-   0.7489064     % 

  Energy interval (GeV):  2.9578904E-04  2.8267791E-04

  Flux (Part/sr/GeV/cmq/pr):

   0.000000     +/-    0.000000     %    0.000000     +/-    0.000000     % 
   11.41954     +/-   0.7345761     % 

  Flux (Part/deg/GeV/cmq/pr):

   0.000000     +/-    0.000000     %    0.000000     +/-    0.000000     % 
  0.8407506     +/-   0.7345761     % 

  Energy interval (GeV):  2.8267791E-04  2.7014790E-04

  Flux (Part/sr/GeV/cmq/pr):

   0.000000     +/-    0.000000     %    0.000000     +/-    0.000000     % 
   11.65699     +/-   0.7397654     % 

  Flux (Part/deg/GeV/cmq/pr):

   0.000000     +/-    0.000000     %    0.000000     +/-    0.000000     % 
  0.8582326     +/-   0.7397654     % 

  Energy interval (GeV):  2.7014790E-04  2.5817336E-04

  Flux (Part/sr/GeV/cmq/pr):

   0.000000     +/-    0.000000     %    0.000000     +/-    0.000000     % 
   11.82015     +/-   0.7723656     % 

  Flux (Part/deg/GeV/cmq/pr):

   0.000000     +/-    0.000000     %    0.000000     +/-    0.000000     % 
  0.8702452     +/-   0.7723656     % 

  Energy interval (GeV):  2.5817336E-04  2.4672961E-04

  Flux (Part/sr/GeV/cmq/pr):

   0.000000     +/-    0.000000     %    0.000000     +/-    0.000000     % 
   11.95022     +/-   0.7827904     % 

  Flux (Part/deg/GeV/cmq/pr):

   0.000000     +/-    0.000000     %    0.000000     +/-    0.000000     % 
  0.8798212     +/-   0.7827904     % 

  Energy interval (GeV):  2.4672961E-04  2.3579312E-04

  Flux (Part/sr/GeV/cmq/pr):

   0.000000     +/-    0.000000     %    0.000000     +/-    0.000000     % 
   12.35031     +/-   0.7974430     % 

  Flux (Part/deg/GeV/cmq/pr):

   0.000000     +/-    0.000000     %    0.000000     +/-    0.000000     % 
  0.9092779     +/-   0.7974430     % 

  Energy interval (GeV):  2.3579312E-04  2.2534135E-04

  Flux (Part/sr/GeV/cmq/pr):

   0.000000     +/-    0.000000     %    0.000000     +/-    0.000000     % 
   12.50599     +/-   0.7847953     % 

  Flux (Part/deg/GeV/cmq/pr):

   0.000000     +/-    0.000000     %    0.000000     +/-    0.000000     % 
  0.9207398     +/-   0.7847953     % 

  Energy interval (GeV):  2.2534135E-04  2.1535291E-04

  Flux (Part/sr/GeV/cmq/pr):

   0.000000     +/-    0.000000     %    0.000000     +/-    0.000000     % 
   12.53460     +/-   0.8499804     % 

  Flux (Part/deg/GeV/cmq/pr):

   0.000000     +/-    0.000000     %    0.000000     +/-    0.000000     % 
  0.9228457     +/-   0.8499804     % 

  Energy interval (GeV):  2.1535291E-04  2.0580717E-04

  Flux (Part/sr/GeV/cmq/pr):

   0.000000     +/-    0.000000     %    0.000000     +/-    0.000000     % 
   13.01840     +/-   0.8172769     % 

  Flux (Part/deg/GeV/cmq/pr):

   0.000000     +/-    0.000000     %    0.000000     +/-    0.000000     % 
  0.9584652     +/-   0.8172769     % 

  Energy interval (GeV):  2.0580717E-04  1.9668456E-04

  Flux (Part/sr/GeV/cmq/pr):

   0.000000     +/-    0.000000     %    0.000000     +/-    0.000000     % 
   13.45675     +/-   0.8158628     % 

  Flux (Part/deg/GeV/cmq/pr):

   0.000000     +/-    0.000000     %    0.000000     +/-    0.000000     % 
  0.9907381     +/-   0.8158628     % 

  Energy interval (GeV):  1.9668456E-04  1.8796633E-04

  Flux (Part/sr/GeV/cmq/pr):

   0.000000     +/-    0.000000     %    0.000000     +/-    0.000000     % 
   14.04130     +/-   0.7609524     % 

  Flux (Part/deg/GeV/cmq/pr):

   0.000000     +/-    0.000000     %    0.000000     +/-    0.000000     % 
   1.033775     +/-   0.7609524     % 

  Energy interval (GeV):  1.8796633E-04  1.7963458E-04

  Flux (Part/sr/GeV/cmq/pr):

   0.000000     +/-    0.000000     %    0.000000     +/-    0.000000     % 
   14.10663     +/-   0.8118550     % 

  Flux (Part/deg/GeV/cmq/pr):

   0.000000     +/-    0.000000     %    0.000000     +/-    0.000000     % 
   1.038585     +/-   0.8118550     % 

  Energy interval (GeV):  1.7963458E-04  1.7167212E-04

  Flux (Part/sr/GeV/cmq/pr):

   0.000000     +/-    0.000000     %    0.000000     +/-    0.000000     % 
   14.70445     +/-   0.9034659     % 

  Flux (Part/deg/GeV/cmq/pr):

   0.000000     +/-    0.000000     %    0.000000     +/-    0.000000     % 
   1.082599     +/-   0.9034659     % 

  Energy interval (GeV):  1.7167212E-04  1.6406259E-04

  Flux (Part/sr/GeV/cmq/pr):

   0.000000     +/-    0.000000     %    0.000000     +/-    0.000000     % 
   15.06253     +/-   0.8602368     % 

  Flux (Part/deg/GeV/cmq/pr):

   0.000000     +/-    0.000000     %    0.000000     +/-    0.000000     % 
   1.108962     +/-   0.8602368     % 

  Energy interval (GeV):  1.6406259E-04  1.5679035E-04

  Flux (Part/sr/GeV/cmq/pr):

   0.000000     +/-    0.000000     %    0.000000     +/-    0.000000     % 
   15.09870     +/-   0.9341254     % 

  Flux (Part/deg/GeV/cmq/pr):

   0.000000     +/-    0.000000     %    0.000000     +/-    0.000000     % 
   1.111624     +/-   0.9341254     % 

  Energy interval (GeV):  1.5679035E-04  1.4984049E-04

  Flux (Part/sr/GeV/cmq/pr):

   0.000000     +/-    0.000000     %    0.000000     +/-    0.000000     % 
   15.68694     +/-   0.9436599     % 

  Flux (Part/deg/GeV/cmq/pr):

   0.000000     +/-    0.000000     %    0.000000     +/-    0.000000     % 
   1.154933     +/-   0.9436599     % 

  Energy interval (GeV):  1.4984049E-04  1.4319866E-04

  Flux (Part/sr/GeV/cmq/pr):

   0.000000     +/-    0.000000     %    0.000000     +/-    0.000000     % 
   16.38914     +/-   0.8693803     % 

  Flux (Part/deg/GeV/cmq/pr):

   0.000000     +/-    0.000000     %    0.000000     +/-    0.000000     % 
   1.206632     +/-   0.8693803     % 

  Energy interval (GeV):  1.4319866E-04  1.3685126E-04

  Flux (Part/sr/GeV/cmq/pr):

   0.000000     +/-    0.000000     %    0.000000     +/-    0.000000     % 
   16.83685     +/-   0.9309801     % 

  Flux (Part/deg/GeV/cmq/pr):

   0.000000     +/-    0.000000     %    0.000000     +/-    0.000000     % 
   1.239594     +/-   0.9309801     % 

  Energy interval (GeV):  1.3685126E-04  1.3078518E-04

  Flux (Part/sr/GeV/cmq/pr):

   0.000000     +/-    0.000000     %    0.000000     +/-    0.000000     % 
   17.39540     +/-   0.8801090     % 

  Flux (Part/deg/GeV/cmq/pr):

   0.000000     +/-    0.000000     %    0.000000     +/-    0.000000     % 
   1.280716     +/-   0.8801090     % 

  Energy interval (GeV):  1.3078518E-04  1.2498802E-04

  Flux (Part/sr/GeV/cmq/pr):

   0.000000     +/-    0.000000     %    0.000000     +/-    0.000000     % 
   17.86289     +/-   0.8696193     % 

  Flux (Part/deg/GeV/cmq/pr):

   0.000000     +/-    0.000000     %    0.000000     +/-    0.000000     % 
   1.315135     +/-   0.8696193     % 

  Energy interval (GeV):  1.2498802E-04  1.1944782E-04

  Flux (Part/sr/GeV/cmq/pr):

   0.000000     +/-    0.000000     %    0.000000     +/-    0.000000     % 
   18.22764     +/-   0.9378445     % 

  Flux (Part/deg/GeV/cmq/pr):

   0.000000     +/-    0.000000     %    0.000000     +/-    0.000000     % 
   1.341989     +/-   0.9378445     % 

  Energy interval (GeV):  1.1944782E-04  1.1415319E-04

  Flux (Part/sr/GeV/cmq/pr):

   0.000000     +/-    0.000000     %    0.000000     +/-    0.000000     % 
   18.91232     +/-   0.9115077     % 

  Flux (Part/deg/GeV/cmq/pr):

   0.000000     +/-    0.000000     %    0.000000     +/-    0.000000     % 
   1.392398     +/-   0.9115077     % 

  Energy interval (GeV):  1.1415319E-04  1.0909323E-04

  Flux (Part/sr/GeV/cmq/pr):

   0.000000     +/-    0.000000     %    0.000000     +/-    0.000000     % 
   19.51022     +/-   0.9662618     % 

  Flux (Part/deg/GeV/cmq/pr):

   0.000000     +/-    0.000000     %    0.000000     +/-    0.000000     % 
   1.436418     +/-   0.9662618     % 

  Energy interval (GeV):  1.0909323E-04  1.0425758E-04

  Flux (Part/sr/GeV/cmq/pr):

   0.000000     +/-    0.000000     %    0.000000     +/-    0.000000     % 
   20.33046     +/-   0.8918371     % 

  Flux (Part/deg/GeV/cmq/pr):

   0.000000     +/-    0.000000     %    0.000000     +/-    0.000000     % 
   1.496807     +/-   0.8918371     % 

  Energy interval (GeV):  1.0425758E-04  9.9636272E-05

  Flux (Part/sr/GeV/cmq/pr):

   0.000000     +/-    0.000000     %    0.000000     +/-    0.000000     % 
   20.86860     +/-   0.8491321     % 

  Flux (Part/deg/GeV/cmq/pr):

   0.000000     +/-    0.000000     %    0.000000     +/-    0.000000     % 
   1.536427     +/-   0.8491321     % 

  Energy interval (GeV):  9.9636272E-05  9.5219802E-05

  Flux (Part/sr/GeV/cmq/pr):

   0.000000     +/-    0.000000     %    0.000000     +/-    0.000000     % 
   21.70380     +/-   0.9551386     % 

  Flux (Part/deg/GeV/cmq/pr):

   0.000000     +/-    0.000000     %    0.000000     +/-    0.000000     % 
   1.597918     +/-   0.9551386     % 

  Energy interval (GeV):  9.5219802E-05  9.0999092E-05

  Flux (Part/sr/GeV/cmq/pr):

   0.000000     +/-    0.000000     %    0.000000     +/-    0.000000     % 
   22.49169     +/-   0.9390758     % 

  Flux (Part/deg/GeV/cmq/pr):

   0.000000     +/-    0.000000     %    0.000000     +/-    0.000000     % 
   1.655926     +/-   0.9390758     % 

  Energy interval (GeV):  9.0999092E-05  8.6965476E-05

  Flux (Part/sr/GeV/cmq/pr):

   0.000000     +/-    0.000000     %    0.000000     +/-    0.000000     % 
   23.60258     +/-   0.9138921     % 

  Flux (Part/deg/GeV/cmq/pr):

   0.000000     +/-    0.000000     %    0.000000     +/-    0.000000     % 
   1.737713     +/-   0.9138921     % 

  Energy interval (GeV):  8.6965476E-05  8.3110652E-05

  Flux (Part/sr/GeV/cmq/pr):

   0.000000     +/-    0.000000     %    0.000000     +/-    0.000000     % 
   24.15367     +/-   0.9252250     % 

  Flux (Part/deg/GeV/cmq/pr):

   0.000000     +/-    0.000000     %    0.000000     +/-    0.000000     % 
   1.778286     +/-   0.9252250     % 

  Energy interval (GeV):  8.3110652E-05  7.9426696E-05

  Flux (Part/sr/GeV/cmq/pr):

   0.000000     +/-    0.000000     %    0.000000     +/-    0.000000     % 
   24.92741     +/-   0.9807257     % 

  Flux (Part/deg/GeV/cmq/pr):

   0.000000     +/-    0.000000     %    0.000000     +/-    0.000000     % 
   1.835253     +/-   0.9807257     % 

  Energy interval (GeV):  7.9426696E-05  7.5906035E-05

  Flux (Part/sr/GeV/cmq/pr):

   0.000000     +/-    0.000000     %    0.000000     +/-    0.000000     % 
   25.80307     +/-   0.9306558     % 

  Flux (Part/deg/GeV/cmq/pr):

   0.000000     +/-    0.000000     %    0.000000     +/-    0.000000     % 
   1.899722     +/-   0.9306558     % 

  Energy interval (GeV):  7.5906035E-05  7.2541428E-05

  Flux (Part/sr/GeV/cmq/pr):

   0.000000     +/-    0.000000     %    0.000000     +/-    0.000000     % 
   26.43190     +/-    1.035163     % 

  Flux (Part/deg/GeV/cmq/pr):

   0.000000     +/-    0.000000     %    0.000000     +/-    0.000000     % 
   1.946019     +/-    1.035163     % 

  Energy interval (GeV):  7.2541428E-05  6.9325972E-05

  Flux (Part/sr/GeV/cmq/pr):

   0.000000     +/-    0.000000     %    0.000000     +/-    0.000000     % 
   28.04491     +/-   0.8891051     % 

  Flux (Part/deg/GeV/cmq/pr):

   0.000000     +/-    0.000000     %    0.000000     +/-    0.000000     % 
   2.064775     +/-   0.8891051     % 

  Energy interval (GeV):  6.9325972E-05  6.6253029E-05

  Flux (Part/sr/GeV/cmq/pr):

   0.000000     +/-    0.000000     %    0.000000     +/-    0.000000     % 
   29.13143     +/-   0.8970769     % 

  Flux (Part/deg/GeV/cmq/pr):

   0.000000     +/-    0.000000     %    0.000000     +/-    0.000000     % 
   2.144768     +/-   0.8970769     % 

  Energy interval (GeV):  6.6253029E-05  6.3316285E-05

  Flux (Part/sr/GeV/cmq/pr):

   0.000000     +/-    0.000000     %    0.000000     +/-    0.000000     % 
   30.00686     +/-   0.8619143     % 

  Flux (Part/deg/GeV/cmq/pr):

   0.000000     +/-    0.000000     %    0.000000     +/-    0.000000     % 
   2.209221     +/-   0.8619143     % 

  Energy interval (GeV):  6.3316285E-05  6.0509741E-05

  Flux (Part/sr/GeV/cmq/pr):

   0.000000     +/-    0.000000     %    0.000000     +/-    0.000000     % 
   31.49590     +/-   0.9798607     % 

  Flux (Part/deg/GeV/cmq/pr):

   0.000000     +/-    0.000000     %    0.000000     +/-    0.000000     % 
   2.318851     +/-   0.9798607     % 

  Energy interval (GeV):  6.0509741E-05  5.7827590E-05

  Flux (Part/sr/GeV/cmq/pr):

   0.000000     +/-    0.000000     %    0.000000     +/-    0.000000     % 
   32.68732     +/-   0.9094009     % 

  Flux (Part/deg/GeV/cmq/pr):

   0.000000     +/-    0.000000     %    0.000000     +/-    0.000000     % 
   2.406567     +/-   0.9094009     % 

  Energy interval (GeV):  5.7827590E-05  5.5264340E-05

  Flux (Part/sr/GeV/cmq/pr):

   0.000000     +/-    0.000000     %    0.000000     +/-    0.000000     % 
   34.23474     +/-   0.9577421     % 

  Flux (Part/deg/GeV/cmq/pr):

   0.000000     +/-    0.000000     %    0.000000     +/-    0.000000     % 
   2.520494     +/-   0.9577421     % 

  Energy interval (GeV):  5.5264340E-05  5.2814692E-05

  Flux (Part/sr/GeV/cmq/pr):

   0.000000     +/-    0.000000     %    0.000000     +/-    0.000000     % 
   34.91140     +/-   0.9125722     % 

  Flux (Part/deg/GeV/cmq/pr):

   0.000000     +/-    0.000000     %    0.000000     +/-    0.000000     % 
   2.570312     +/-   0.9125722     % 

  Energy interval (GeV):  5.2814692E-05  5.0473631E-05

  Flux (Part/sr/GeV/cmq/pr):

   0.000000     +/-    0.000000     %    0.000000     +/-    0.000000     % 
   36.19796     +/-   0.9409215     % 

  Flux (Part/deg/GeV/cmq/pr):

   0.000000     +/-    0.000000     %    0.000000     +/-    0.000000     % 
   2.665034     +/-   0.9409215     % 

  Energy interval (GeV):  5.0473631E-05  4.8236343E-05

  Flux (Part/sr/GeV/cmq/pr):

   0.000000     +/-    0.000000     %    0.000000     +/-    0.000000     % 
   37.65079     +/-    1.052152     % 

  Flux (Part/deg/GeV/cmq/pr):

   0.000000     +/-    0.000000     %    0.000000     +/-    0.000000     % 
   2.771997     +/-    1.052152     % 

  Energy interval (GeV):  4.8236343E-05  4.6098226E-05

  Flux (Part/sr/GeV/cmq/pr):

   0.000000     +/-    0.000000     %    0.000000     +/-    0.000000     % 
   39.93411     +/-   0.8950436     % 

  Flux (Part/deg/GeV/cmq/pr):

   0.000000     +/-    0.000000     %    0.000000     +/-    0.000000     % 
   2.940104     +/-   0.8950436     % 

  Energy interval (GeV):  4.6098226E-05  4.4054876E-05

  Flux (Part/sr/GeV/cmq/pr):

   0.000000     +/-    0.000000     %    0.000000     +/-    0.000000     % 
   40.96507     +/-   0.9069772     % 

  Flux (Part/deg/GeV/cmq/pr):

   0.000000     +/-    0.000000     %    0.000000     +/-    0.000000     % 
   3.016007     +/-   0.9069772     % 

  Energy interval (GeV):  4.4054876E-05  4.2102103E-05

  Flux (Part/sr/GeV/cmq/pr):

   0.000000     +/-    0.000000     %    0.000000     +/-    0.000000     % 
   42.84043     +/-   0.9218757     % 

  Flux (Part/deg/GeV/cmq/pr):

   0.000000     +/-    0.000000     %    0.000000     +/-    0.000000     % 
   3.154078     +/-   0.9218757     % 

  Energy interval (GeV):  4.2102103E-05  4.0235889E-05

  Flux (Part/sr/GeV/cmq/pr):

   0.000000     +/-    0.000000     %    0.000000     +/-    0.000000     % 
   44.93931     +/-    1.003699     % 

  Flux (Part/deg/GeV/cmq/pr):

   0.000000     +/-    0.000000     %    0.000000     +/-    0.000000     % 
   3.308606     +/-    1.003699     % 

  Energy interval (GeV):  4.0235889E-05  3.8452396E-05

  Flux (Part/sr/GeV/cmq/pr):

   0.000000     +/-    0.000000     %    0.000000     +/-    0.000000     % 
   47.68098     +/-   0.9517116     % 

  Flux (Part/deg/GeV/cmq/pr):

   0.000000     +/-    0.000000     %    0.000000     +/-    0.000000     % 
   3.510458     +/-   0.9517116     % 

  Energy interval (GeV):  3.8452396E-05  3.6747959E-05

  Flux (Part/sr/GeV/cmq/pr):

   0.000000     +/-    0.000000     %    0.000000     +/-    0.000000     % 
   48.92679     +/-   0.8675793     % 

  Flux (Part/deg/GeV/cmq/pr):

   0.000000     +/-    0.000000     %    0.000000     +/-    0.000000     % 
   3.602180     +/-   0.8675793     % 

  Energy interval (GeV):  3.6747959E-05  3.5119072E-05

  Flux (Part/sr/GeV/cmq/pr):

   0.000000     +/-    0.000000     %    0.000000     +/-    0.000000     % 
   50.72781     +/-    1.048225     % 

  Flux (Part/deg/GeV/cmq/pr):

   0.000000     +/-    0.000000     %    0.000000     +/-    0.000000     % 
   3.734778     +/-    1.048225     % 

  Energy interval (GeV):  3.5119072E-05  3.3562388E-05

  Flux (Part/sr/GeV/cmq/pr):

   0.000000     +/-    0.000000     %    0.000000     +/-    0.000000     % 
   52.24507     +/-   0.9634722     % 

  Flux (Part/deg/GeV/cmq/pr):

   0.000000     +/-    0.000000     %    0.000000     +/-    0.000000     % 
   3.846484     +/-   0.9634722     % 

  Energy interval (GeV):  3.3562388E-05  3.2074702E-05

  Flux (Part/sr/GeV/cmq/pr):

   0.000000     +/-    0.000000     %    0.000000     +/-    0.000000     % 
   55.42390     +/-   0.9348294     % 

  Flux (Part/deg/GeV/cmq/pr):

   0.000000     +/-    0.000000     %    0.000000     +/-    0.000000     % 
   4.080523     +/-   0.9348294     % 

  Energy interval (GeV):  3.2074702E-05  3.0652958E-05

  Flux (Part/sr/GeV/cmq/pr):

   0.000000     +/-    0.000000     %    0.000000     +/-    0.000000     % 
   58.22612     +/-    1.061120     % 

  Flux (Part/deg/GeV/cmq/pr):

   0.000000     +/-    0.000000     %    0.000000     +/-    0.000000     % 
   4.286832     +/-    1.061120     % 

  Energy interval (GeV):  3.0652958E-05  2.9294242E-05

  Flux (Part/sr/GeV/cmq/pr):

   0.000000     +/-    0.000000     %    0.000000     +/-    0.000000     % 
   60.71992     +/-    1.038337     % 

  Flux (Part/deg/GeV/cmq/pr):

   0.000000     +/-    0.000000     %    0.000000     +/-    0.000000     % 
   4.470436     +/-    1.038337     % 

  Energy interval (GeV):  2.9294242E-05  2.7995748E-05

  Flux (Part/sr/GeV/cmq/pr):

   0.000000     +/-    0.000000     %    0.000000     +/-    0.000000     % 
   63.27651     +/-    1.015858     % 

  Flux (Part/deg/GeV/cmq/pr):

   0.000000     +/-    0.000000     %    0.000000     +/-    0.000000     % 
   4.658662     +/-    1.015858     % 

  Energy interval (GeV):  2.7995748E-05  2.6754815E-05

  Flux (Part/sr/GeV/cmq/pr):

   0.000000     +/-    0.000000     %    0.000000     +/-    0.000000     % 
   65.50612     +/-   0.9688252     % 

  Flux (Part/deg/GeV/cmq/pr):

   0.000000     +/-    0.000000     %    0.000000     +/-    0.000000     % 
   4.822814     +/-   0.9688252     % 

  Energy interval (GeV):  2.6754815E-05  2.5568879E-05

  Flux (Part/sr/GeV/cmq/pr):

   0.000000     +/-    0.000000     %    0.000000     +/-    0.000000     % 
   68.05694     +/-   0.8589866     % 

  Flux (Part/deg/GeV/cmq/pr):

   0.000000     +/-    0.000000     %    0.000000     +/-    0.000000     % 
   5.010615     +/-   0.8589866     % 

  Energy interval (GeV):  2.5568879E-05  2.4435514E-05

  Flux (Part/sr/GeV/cmq/pr):

   0.000000     +/-    0.000000     %    0.000000     +/-    0.000000     % 
   72.42500     +/-   0.9658422     % 

  Flux (Part/deg/GeV/cmq/pr):

   0.000000     +/-    0.000000     %    0.000000     +/-    0.000000     % 
   5.332209     +/-   0.9658422     % 

  Energy interval (GeV):  2.4435514E-05  2.3352388E-05

  Flux (Part/sr/GeV/cmq/pr):

   0.000000     +/-    0.000000     %    0.000000     +/-    0.000000     % 
   75.31718     +/-   0.9432318     % 

  Flux (Part/deg/GeV/cmq/pr):

   0.000000     +/-    0.000000     %    0.000000     +/-    0.000000     % 
   5.545142     +/-   0.9432318     % 

  Energy interval (GeV):  2.3352388E-05  2.2317274E-05

  Flux (Part/sr/GeV/cmq/pr):

   0.000000     +/-    0.000000     %    0.000000     +/-    0.000000     % 
   77.87194     +/-   0.8546531     % 

  Flux (Part/deg/GeV/cmq/pr):

   0.000000     +/-    0.000000     %    0.000000     +/-    0.000000     % 
   5.733233     +/-   0.8546531     % 

  Energy interval (GeV):  2.2317274E-05  2.1328038E-05

  Flux (Part/sr/GeV/cmq/pr):

   0.000000     +/-    0.000000     %    0.000000     +/-    0.000000     % 
   82.10877     +/-   0.9001820     % 

  Flux (Part/deg/GeV/cmq/pr):

   0.000000     +/-    0.000000     %    0.000000     +/-    0.000000     % 
   6.045166     +/-   0.9001820     % 

  Energy interval (GeV):  2.1328038E-05  2.0382655E-05

  Flux (Part/sr/GeV/cmq/pr):

   0.000000     +/-    0.000000     %    0.000000     +/-    0.000000     % 
   85.15274     +/-   0.9520060     % 

  Flux (Part/deg/GeV/cmq/pr):

   0.000000     +/-    0.000000     %    0.000000     +/-    0.000000     % 
   6.269274     +/-   0.9520060     % 

  Energy interval (GeV):  2.0382655E-05  1.9479176E-05

  Flux (Part/sr/GeV/cmq/pr):

   0.000000     +/-    0.000000     %    0.000000     +/-    0.000000     % 
   88.19579     +/-    1.052379     % 

  Flux (Part/deg/GeV/cmq/pr):

   0.000000     +/-    0.000000     %    0.000000     +/-    0.000000     % 
   6.493316     +/-    1.052379     % 

  Energy interval (GeV):  1.9479176E-05  1.8615743E-05

  Flux (Part/sr/GeV/cmq/pr):

   0.000000     +/-    0.000000     %    0.000000     +/-    0.000000     % 
   93.03043     +/-   0.9106148     % 

  Flux (Part/deg/GeV/cmq/pr):

   0.000000     +/-    0.000000     %    0.000000     +/-    0.000000     % 
   6.849260     +/-   0.9106148     % 

  Energy interval (GeV):  1.8615743E-05  1.7790582E-05

  Flux (Part/sr/GeV/cmq/pr):

   0.000000     +/-    0.000000     %    0.000000     +/-    0.000000     % 
   97.76376     +/-    1.122915     % 

  Flux (Part/deg/GeV/cmq/pr):

   0.000000     +/-    0.000000     %    0.000000     +/-    0.000000     % 
   7.197747     +/-    1.122915     % 

  Energy interval (GeV):  1.7790582E-05  1.7001999E-05

  Flux (Part/sr/GeV/cmq/pr):

   0.000000     +/-    0.000000     %    0.000000     +/-    0.000000     % 
   101.2393     +/-    1.082854     % 

  Flux (Part/deg/GeV/cmq/pr):

   0.000000     +/-    0.000000     %    0.000000     +/-    0.000000     % 
   7.453629     +/-    1.082854     % 

  Energy interval (GeV):  1.7001999E-05  1.6248370E-05

  Flux (Part/sr/GeV/cmq/pr):

   0.000000     +/-    0.000000     %    0.000000     +/-    0.000000     % 
   104.7737     +/-   0.9564573     % 

  Flux (Part/deg/GeV/cmq/pr):

   0.000000     +/-    0.000000     %    0.000000     +/-    0.000000     % 
   7.713842     +/-   0.9564573     % 

  Energy interval (GeV):  1.6248370E-05  1.5528147E-05

  Flux (Part/sr/GeV/cmq/pr):

   0.000000     +/-    0.000000     %    0.000000     +/-    0.000000     % 
   110.7258     +/-   0.8281528     % 

  Flux (Part/deg/GeV/cmq/pr):

   0.000000     +/-    0.000000     %    0.000000     +/-    0.000000     % 
   8.152061     +/-   0.8281528     % 

  Energy interval (GeV):  1.5528147E-05  1.4839845E-05

  Flux (Part/sr/GeV/cmq/pr):

   0.000000     +/-    0.000000     %    0.000000     +/-    0.000000     % 
   113.5400     +/-   0.9353011     % 

  Flux (Part/deg/GeV/cmq/pr):

   0.000000     +/-    0.000000     %    0.000000     +/-    0.000000     % 
   8.359257     +/-   0.9353011     % 

  Energy interval (GeV):  1.4839845E-05  1.4182054E-05

  Flux (Part/sr/GeV/cmq/pr):

   0.000000     +/-    0.000000     %    0.000000     +/-    0.000000     % 
   119.6485     +/-   0.9180059     % 

  Flux (Part/deg/GeV/cmq/pr):

   0.000000     +/-    0.000000     %    0.000000     +/-    0.000000     % 
   8.808985     +/-   0.9180059     % 

  Energy interval (GeV):  1.4182054E-05  1.3553424E-05

  Flux (Part/sr/GeV/cmq/pr):

   0.000000     +/-    0.000000     %    0.000000     +/-    0.000000     % 
   125.5940     +/-    1.016064     % 

  Flux (Part/deg/GeV/cmq/pr):

   0.000000     +/-    0.000000     %    0.000000     +/-    0.000000     % 
   9.246713     +/-    1.016064     % 

  Energy interval (GeV):  1.3553424E-05  1.2952657E-05

  Flux (Part/sr/GeV/cmq/pr):

   0.000000     +/-    0.000000     %    0.000000     +/-    0.000000     % 
   133.4641     +/-    1.092263     % 

  Flux (Part/deg/GeV/cmq/pr):

   0.000000     +/-    0.000000     %    0.000000     +/-    0.000000     % 
   9.826143     +/-    1.092263     % 

  Energy interval (GeV):  1.2952657E-05  1.2378517E-05

  Flux (Part/sr/GeV/cmq/pr):

   0.000000     +/-    0.000000     %    0.000000     +/-    0.000000     % 
   138.0741     +/-   0.9579546     % 

  Flux (Part/deg/GeV/cmq/pr):

   0.000000     +/-    0.000000     %    0.000000     +/-    0.000000     % 
   10.16555     +/-   0.9579546     % 

  Energy interval (GeV):  1.2378517E-05  1.1829828E-05

  Flux (Part/sr/GeV/cmq/pr):

   0.000000     +/-    0.000000     %    0.000000     +/-    0.000000     % 
   141.1418     +/-    1.080236     % 

  Flux (Part/deg/GeV/cmq/pr):

   0.000000     +/-    0.000000     %    0.000000     +/-    0.000000     % 
   10.39140     +/-    1.080236     % 

  Energy interval (GeV):  1.1829828E-05  1.1305460E-05

  Flux (Part/sr/GeV/cmq/pr):

   0.000000     +/-    0.000000     %    0.000000     +/-    0.000000     % 
   148.4997     +/-    1.011474     % 

  Flux (Part/deg/GeV/cmq/pr):

   0.000000     +/-    0.000000     %    0.000000     +/-    0.000000     % 
   10.93312     +/-    1.011474     % 

  Energy interval (GeV):  1.1305460E-05  1.0804335E-05

  Flux (Part/sr/GeV/cmq/pr):

   0.000000     +/-    0.000000     %    0.000000     +/-    0.000000     % 
   154.4421     +/-   0.9942031     % 

  Flux (Part/deg/GeV/cmq/pr):

   0.000000     +/-    0.000000     %    0.000000     +/-    0.000000     % 
   11.37062     +/-   0.9942031     % 

  Energy interval (GeV):  1.0804335E-05  1.0325423E-05

  Flux (Part/sr/GeV/cmq/pr):

   0.000000     +/-    0.000000     %    0.000000     +/-    0.000000     % 
   162.1419     +/-    1.024923     % 

  Flux (Part/deg/GeV/cmq/pr):

   0.000000     +/-    0.000000     %    0.000000     +/-    0.000000     % 
   11.93751     +/-    1.024923     % 

  Energy interval (GeV):  1.0325423E-05  9.8677401E-06

  Flux (Part/sr/GeV/cmq/pr):

   0.000000     +/-    0.000000     %    0.000000     +/-    0.000000     % 
   166.9080     +/-    1.191135     % 

  Flux (Part/deg/GeV/cmq/pr):

   0.000000     +/-    0.000000     %    0.000000     +/-    0.000000     % 
   12.28841     +/-    1.191135     % 

  Energy interval (GeV):  9.8677401E-06  9.4303432E-06

  Flux (Part/sr/GeV/cmq/pr):

   0.000000     +/-    0.000000     %    0.000000     +/-    0.000000     % 
   176.3200     +/-   0.9429379     % 

  Flux (Part/deg/GeV/cmq/pr):

   0.000000     +/-    0.000000     %    0.000000     +/-    0.000000     % 
   12.98136     +/-   0.9429379     % 

  Energy interval (GeV):  9.4303432E-06  9.0123340E-06

  Flux (Part/sr/GeV/cmq/pr):

   0.000000     +/-    0.000000     %    0.000000     +/-    0.000000     % 
   182.1354     +/-   0.9870999     % 

  Flux (Part/deg/GeV/cmq/pr):

   0.000000     +/-    0.000000     %    0.000000     +/-    0.000000     % 
   13.40951     +/-   0.9870999     % 

  Energy interval (GeV):  9.0123340E-06  8.6128539E-06

  Flux (Part/sr/GeV/cmq/pr):

   0.000000     +/-    0.000000     %    0.000000     +/-    0.000000     % 
   189.0355     +/-    1.064271     % 

  Flux (Part/deg/GeV/cmq/pr):

   0.000000     +/-    0.000000     %    0.000000     +/-    0.000000     % 
   13.91753     +/-    1.064271     % 

  Energy interval (GeV):  8.6128539E-06  8.2310817E-06

  Flux (Part/sr/GeV/cmq/pr):

   0.000000     +/-    0.000000     %    0.000000     +/-    0.000000     % 
   203.4609     +/-    1.031987     % 

  Flux (Part/deg/GeV/cmq/pr):

   0.000000     +/-    0.000000     %    0.000000     +/-    0.000000     % 
   14.97958     +/-    1.031987     % 

  Energy interval (GeV):  8.2310817E-06  7.8662315E-06

  Flux (Part/sr/GeV/cmq/pr):

   0.000000     +/-    0.000000     %    0.000000     +/-    0.000000     % 
   208.8044     +/-    1.089999     % 

  Flux (Part/deg/GeV/cmq/pr):

   0.000000     +/-    0.000000     %    0.000000     +/-    0.000000     % 
   15.37299     +/-    1.089999     % 

  Energy interval (GeV):  7.8662315E-06  7.5175544E-06

  Flux (Part/sr/GeV/cmq/pr):

   0.000000     +/-    0.000000     %    0.000000     +/-    0.000000     % 
   221.7361     +/-    1.129222     % 

  Flux (Part/deg/GeV/cmq/pr):

   0.000000     +/-    0.000000     %    0.000000     +/-    0.000000     % 
   16.32507     +/-    1.129222     % 

  Energy interval (GeV):  7.5175544E-06  7.1843301E-06

  Flux (Part/sr/GeV/cmq/pr):

   0.000000     +/-    0.000000     %    0.000000     +/-    0.000000     % 
   230.8640     +/-    1.011141     % 

  Flux (Part/deg/GeV/cmq/pr):

   0.000000     +/-    0.000000     %    0.000000     +/-    0.000000     % 
   16.99710     +/-    1.011141     % 

  Energy interval (GeV):  7.1843301E-06  6.8658783E-06

  Flux (Part/sr/GeV/cmq/pr):

   0.000000     +/-    0.000000     %    0.000000     +/-    0.000000     % 
   238.3446     +/-    1.138309     % 

  Flux (Part/deg/GeV/cmq/pr):

   0.000000     +/-    0.000000     %    0.000000     +/-    0.000000     % 
   17.54785     +/-    1.138309     % 

  Energy interval (GeV):  6.8658783E-06  6.5615427E-06

  Flux (Part/sr/GeV/cmq/pr):

   0.000000     +/-    0.000000     %    0.000000     +/-    0.000000     % 
   244.2284     +/-    1.027729     % 

  Flux (Part/deg/GeV/cmq/pr):

   0.000000     +/-    0.000000     %    0.000000     +/-    0.000000     % 
   17.98104     +/-    1.027729     % 

  Energy interval (GeV):  6.5615427E-06  6.2706963E-06

  Flux (Part/sr/GeV/cmq/pr):

   0.000000     +/-    0.000000     %    0.000000     +/-    0.000000     % 
   258.7861     +/-    1.109835     % 

  Flux (Part/deg/GeV/cmq/pr):

   0.000000     +/-    0.000000     %    0.000000     +/-    0.000000     % 
   19.05284     +/-    1.109835     % 

  Energy interval (GeV):  6.2706963E-06  5.9927420E-06

  Flux (Part/sr/GeV/cmq/pr):

   0.000000     +/-    0.000000     %    0.000000     +/-    0.000000     % 
   272.2046     +/-    1.013739     % 

  Flux (Part/deg/GeV/cmq/pr):

   0.000000     +/-    0.000000     %    0.000000     +/-    0.000000     % 
   20.04075     +/-    1.013739     % 

  Energy interval (GeV):  5.9927420E-06  5.7271081E-06

  Flux (Part/sr/GeV/cmq/pr):

   0.000000     +/-    0.000000     %    0.000000     +/-    0.000000     % 
   281.2027     +/-    1.086419     % 

  Flux (Part/deg/GeV/cmq/pr):

   0.000000     +/-    0.000000     %    0.000000     +/-    0.000000     % 
   20.70323     +/-    1.086419     % 

  Energy interval (GeV):  5.7271081E-06  5.4732486E-06

  Flux (Part/sr/GeV/cmq/pr):

   0.000000     +/-    0.000000     %    0.000000     +/-    0.000000     % 
   301.9629     +/-    1.082155     % 

  Flux (Part/deg/GeV/cmq/pr):

   0.000000     +/-    0.000000     %    0.000000     +/-    0.000000     % 
   22.23167     +/-    1.082155     % 

  Energy interval (GeV):  5.4732486E-06  5.2306423E-06

  Flux (Part/sr/GeV/cmq/pr):

   0.000000     +/-    0.000000     %    0.000000     +/-    0.000000     % 
   305.6425     +/-   0.9702752     % 

  Flux (Part/deg/GeV/cmq/pr):

   0.000000     +/-    0.000000     %    0.000000     +/-    0.000000     % 
   22.50258     +/-   0.9702752     % 

  Energy interval (GeV):  5.2306423E-06  4.9987893E-06

  Flux (Part/sr/GeV/cmq/pr):

   0.000000     +/-    0.000000     %    0.000000     +/-    0.000000     % 
   325.4290     +/-    1.017961     % 

  Flux (Part/deg/GeV/cmq/pr):

   0.000000     +/-    0.000000     %    0.000000     +/-    0.000000     % 
   23.95934     +/-    1.017961     % 

  Energy interval (GeV):  4.9987893E-06  4.7772132E-06

  Flux (Part/sr/GeV/cmq/pr):

   0.000000     +/-    0.000000     %    0.000000     +/-    0.000000     % 
   335.1961     +/-    1.052138     % 

  Flux (Part/deg/GeV/cmq/pr):

   0.000000     +/-    0.000000     %    0.000000     +/-    0.000000     % 
   24.67843     +/-    1.052138     % 

  Energy interval (GeV):  4.7772132E-06  4.5654588E-06

  Flux (Part/sr/GeV/cmq/pr):

   0.000000     +/-    0.000000     %    0.000000     +/-    0.000000     % 
   349.4918     +/-   0.9946204     % 

  Flux (Part/deg/GeV/cmq/pr):

   0.000000     +/-    0.000000     %    0.000000     +/-    0.000000     % 
   25.73094     +/-   0.9946204     % 

  Energy interval (GeV):  4.5654588E-06  4.3630907E-06

  Flux (Part/sr/GeV/cmq/pr):

   0.000000     +/-    0.000000     %    0.000000     +/-    0.000000     % 
   370.5424     +/-    1.027381     % 

  Flux (Part/deg/GeV/cmq/pr):

   0.000000     +/-    0.000000     %    0.000000     +/-    0.000000     % 
   27.28077     +/-    1.027381     % 

  Energy interval (GeV):  4.3630907E-06  4.1696921E-06

  Flux (Part/sr/GeV/cmq/pr):

   0.000000     +/-    0.000000     %    0.000000     +/-    0.000000     % 
   382.7468     +/-    1.019386     % 

  Flux (Part/deg/GeV/cmq/pr):

   0.000000     +/-    0.000000     %    0.000000     +/-    0.000000     % 
   28.17930     +/-    1.019386     % 

  Energy interval (GeV):  4.1696921E-06  3.9848674E-06

  Flux (Part/sr/GeV/cmq/pr):

   0.000000     +/-    0.000000     %    0.000000     +/-    0.000000     % 
   405.7993     +/-    1.176778     % 

  Flux (Part/deg/GeV/cmq/pr):

   0.000000     +/-    0.000000     %    0.000000     +/-    0.000000     % 
   29.87652     +/-    1.176778     % 

  Energy interval (GeV):  3.9848674E-06  3.8082346E-06

  Flux (Part/sr/GeV/cmq/pr):

   0.000000     +/-    0.000000     %    0.000000     +/-    0.000000     % 
   411.1656     +/-    1.075051     % 

  Flux (Part/deg/GeV/cmq/pr):

   0.000000     +/-    0.000000     %    0.000000     +/-    0.000000     % 
   30.27160     +/-    1.075051     % 

  Energy interval (GeV):  3.8082346E-06  3.6394310E-06

  Flux (Part/sr/GeV/cmq/pr):

   0.000000     +/-    0.000000     %    0.000000     +/-    0.000000     % 
   428.1909     +/-    1.002452     % 

  Flux (Part/deg/GeV/cmq/pr):

   0.000000     +/-    0.000000     %    0.000000     +/-    0.000000     % 
   31.52507     +/-    1.002452     % 

  Energy interval (GeV):  3.6394310E-06  3.4781096E-06

  Flux (Part/sr/GeV/cmq/pr):

   0.000000     +/-    0.000000     %    0.000000     +/-    0.000000     % 
   451.5850     +/-    1.055639     % 

  Flux (Part/deg/GeV/cmq/pr):

   0.000000     +/-    0.000000     %    0.000000     +/-    0.000000     % 
   33.24743     +/-    1.055639     % 

  Energy interval (GeV):  3.4781096E-06  3.3239392E-06

  Flux (Part/sr/GeV/cmq/pr):

   0.000000     +/-    0.000000     %    0.000000     +/-    0.000000     % 
   470.2388     +/-    1.032182     % 

  Flux (Part/deg/GeV/cmq/pr):

   0.000000     +/-    0.000000     %    0.000000     +/-    0.000000     % 
   34.62080     +/-    1.032182     % 

  Energy interval (GeV):  3.3239392E-06  3.1766026E-06

  Flux (Part/sr/GeV/cmq/pr):

   0.000000     +/-    0.000000     %    0.000000     +/-    0.000000     % 
   483.7113     +/-   0.8801650     % 

  Flux (Part/deg/GeV/cmq/pr):

   0.000000     +/-    0.000000     %    0.000000     +/-    0.000000     % 
   35.61270     +/-   0.8801650     % 

  Energy interval (GeV):  3.1766026E-06  3.0357969E-06

  Flux (Part/sr/GeV/cmq/pr):

   0.000000     +/-    0.000000     %    0.000000     +/-    0.000000     % 
   516.6962     +/-    1.074931     % 

  Flux (Part/deg/GeV/cmq/pr):

   0.000000     +/-    0.000000     %    0.000000     +/-    0.000000     % 
   38.04118     +/-    1.074931     % 

  Energy interval (GeV):  3.0357969E-06  2.9012324E-06

  Flux (Part/sr/GeV/cmq/pr):

   0.000000     +/-    0.000000     %    0.000000     +/-    0.000000     % 
   541.0792     +/-   0.9552121     % 

  Flux (Part/deg/GeV/cmq/pr):

   0.000000     +/-    0.000000     %    0.000000     +/-    0.000000     % 
   39.83635     +/-   0.9552121     % 

  Energy interval (GeV):  2.9012324E-06  2.7726326E-06

  Flux (Part/sr/GeV/cmq/pr):

   0.000000     +/-    0.000000     %    0.000000     +/-    0.000000     % 
   565.4263     +/-   0.9538267     % 

  Flux (Part/deg/GeV/cmq/pr):

   0.000000     +/-    0.000000     %    0.000000     +/-    0.000000     % 
   41.62887     +/-   0.9538267     % 

  Energy interval (GeV):  2.7726326E-06  2.6497330E-06

  Flux (Part/sr/GeV/cmq/pr):

   0.000000     +/-    0.000000     %    0.000000     +/-    0.000000     % 
   577.2786     +/-    1.000234     % 

  Flux (Part/deg/GeV/cmq/pr):

   0.000000     +/-    0.000000     %    0.000000     +/-    0.000000     % 
   42.50148     +/-    1.000234     % 

  Energy interval (GeV):  2.6497330E-06  2.5322811E-06

  Flux (Part/sr/GeV/cmq/pr):

   0.000000     +/-    0.000000     %    0.000000     +/-    0.000000     % 
   615.9490     +/-    1.140127     % 

  Flux (Part/deg/GeV/cmq/pr):

   0.000000     +/-    0.000000     %    0.000000     +/-    0.000000     % 
   45.34855     +/-    1.140127     % 

  Energy interval (GeV):  2.5322811E-06  2.4200353E-06

  Flux (Part/sr/GeV/cmq/pr):

   0.000000     +/-    0.000000     %    0.000000     +/-    0.000000     % 
   645.4478     +/-    1.084956     % 

  Flux (Part/deg/GeV/cmq/pr):

   0.000000     +/-    0.000000     %    0.000000     +/-    0.000000     % 
   47.52036     +/-    1.084956     % 

  Energy interval (GeV):  2.4200353E-06  2.3127652E-06

  Flux (Part/sr/GeV/cmq/pr):

   0.000000     +/-    0.000000     %    0.000000     +/-    0.000000     % 
   665.4296     +/-    1.087011     % 

  Flux (Part/deg/GeV/cmq/pr):

   0.000000     +/-    0.000000     %    0.000000     +/-    0.000000     % 
   48.99150     +/-    1.087011     % 

  Energy interval (GeV):  2.3127652E-06  2.2102497E-06

  Flux (Part/sr/GeV/cmq/pr):

   0.000000     +/-    0.000000     %    0.000000     +/-    0.000000     % 
   688.4611     +/-    1.062490     % 

  Flux (Part/deg/GeV/cmq/pr):

   0.000000     +/-    0.000000     %    0.000000     +/-    0.000000     % 
   50.68717     +/-    1.062490     % 

  Energy interval (GeV):  2.2102497E-06  2.1122783E-06

  Flux (Part/sr/GeV/cmq/pr):

   0.000000     +/-    0.000000     %    0.000000     +/-    0.000000     % 
   718.1804     +/-    1.032558     % 

  Flux (Part/deg/GeV/cmq/pr):

   0.000000     +/-    0.000000     %    0.000000     +/-    0.000000     % 
   52.87522     +/-    1.032558     % 

  Energy interval (GeV):  2.1122783E-06  2.0186496E-06

  Flux (Part/sr/GeV/cmq/pr):

   0.000000     +/-    0.000000     %    0.000000     +/-    0.000000     % 
   756.8936     +/-    1.039128     % 

  Flux (Part/deg/GeV/cmq/pr):

   0.000000     +/-    0.000000     %    0.000000     +/-    0.000000     % 
   55.72544     +/-    1.039128     % 

  Energy interval (GeV):  2.0186496E-06  1.9291713E-06

  Flux (Part/sr/GeV/cmq/pr):

   0.000000     +/-    0.000000     %    0.000000     +/-    0.000000     % 
   786.6157     +/-    1.084078     % 

  Flux (Part/deg/GeV/cmq/pr):

   0.000000     +/-    0.000000     %    0.000000     +/-    0.000000     % 
   57.91369     +/-    1.084078     % 

  Energy interval (GeV):  1.9291713E-06  1.8436592E-06

  Flux (Part/sr/GeV/cmq/pr):

   0.000000     +/-    0.000000     %    0.000000     +/-    0.000000     % 
   814.7435     +/-    1.055986     % 

  Flux (Part/deg/GeV/cmq/pr):

   0.000000     +/-    0.000000     %    0.000000     +/-    0.000000     % 
   59.98457     +/-    1.055986     % 

  Energy interval (GeV):  1.8436592E-06  1.7619371E-06

  Flux (Part/sr/GeV/cmq/pr):

   0.000000     +/-    0.000000     %    0.000000     +/-    0.000000     % 
   846.1464     +/-    1.133907     % 

  Flux (Part/deg/GeV/cmq/pr):

   0.000000     +/-    0.000000     %    0.000000     +/-    0.000000     % 
   62.29658     +/-    1.133907     % 

  Energy interval (GeV):  1.7619371E-06  1.6838376E-06

  Flux (Part/sr/GeV/cmq/pr):

   0.000000     +/-    0.000000     %    0.000000     +/-    0.000000     % 
   886.6260     +/-    1.068246     % 

  Flux (Part/deg/GeV/cmq/pr):

   0.000000     +/-    0.000000     %    0.000000     +/-    0.000000     % 
   65.27684     +/-    1.068246     % 

  Energy interval (GeV):  1.6838376E-06  1.6092000E-06

  Flux (Part/sr/GeV/cmq/pr):

   0.000000     +/-    0.000000     %    0.000000     +/-    0.000000     % 
   910.7521     +/-   0.9928431     % 

  Flux (Part/deg/GeV/cmq/pr):

   0.000000     +/-    0.000000     %    0.000000     +/-    0.000000     % 
   67.05309     +/-   0.9928431     % 

  Energy interval (GeV):  1.6092000E-06  1.5378707E-06

  Flux (Part/sr/GeV/cmq/pr):

   0.000000     +/-    0.000000     %    0.000000     +/-    0.000000     % 
   943.3137     +/-    1.166744     % 

  Flux (Part/deg/GeV/cmq/pr):

   0.000000     +/-    0.000000     %    0.000000     +/-    0.000000     % 
   69.45040     +/-    1.166744     % 

  Energy interval (GeV):  1.5378707E-06  1.4697033E-06

  Flux (Part/sr/GeV/cmq/pr):

   0.000000     +/-    0.000000     %    0.000000     +/-    0.000000     % 
   1029.823     +/-    1.064950     % 

  Flux (Part/deg/GeV/cmq/pr):

   0.000000     +/-    0.000000     %    0.000000     +/-    0.000000     % 
   75.81959     +/-    1.064950     % 

  Energy interval (GeV):  1.4697033E-06  1.4045572E-06

  Flux (Part/sr/GeV/cmq/pr):

   0.000000     +/-    0.000000     %    0.000000     +/-    0.000000     % 
   1052.938     +/-    1.017779     % 

  Flux (Part/deg/GeV/cmq/pr):

   0.000000     +/-    0.000000     %    0.000000     +/-    0.000000     % 
   77.52139     +/-    1.017779     % 

  Energy interval (GeV):  1.4045572E-06  1.3422990E-06

  Flux (Part/sr/GeV/cmq/pr):

   0.000000     +/-    0.000000     %    0.000000     +/-    0.000000     % 
   1088.492     +/-    1.048448     % 

  Flux (Part/deg/GeV/cmq/pr):

   0.000000     +/-    0.000000     %    0.000000     +/-    0.000000     % 
   80.13898     +/-    1.048448     % 

  Energy interval (GeV):  1.3422990E-06  1.2828003E-06

  Flux (Part/sr/GeV/cmq/pr):

   0.000000     +/-    0.000000     %    0.000000     +/-    0.000000     % 
   1146.670     +/-    1.147813     % 

  Flux (Part/deg/GeV/cmq/pr):

   0.000000     +/-    0.000000     %    0.000000     +/-    0.000000     % 
   84.42229     +/-    1.147813     % 

  Energy interval (GeV):  1.2828003E-06  1.2259391E-06

  Flux (Part/sr/GeV/cmq/pr):

   0.000000     +/-    0.000000     %    0.000000     +/-    0.000000     % 
   1211.293     +/-    1.166312     % 

  Flux (Part/deg/GeV/cmq/pr):

   0.000000     +/-    0.000000     %    0.000000     +/-    0.000000     % 
   89.18006     +/-    1.166312     % 

  Energy interval (GeV):  1.2259391E-06  1.1715981E-06

  Flux (Part/sr/GeV/cmq/pr):

   0.000000     +/-    0.000000     %    0.000000     +/-    0.000000     % 
   1220.635     +/-    1.129793     % 

  Flux (Part/deg/GeV/cmq/pr):

   0.000000     +/-    0.000000     %    0.000000     +/-    0.000000     % 
   89.86789     +/-    1.129793     % 

  Energy interval (GeV):  1.1715981E-06  1.1196661E-06

  Flux (Part/sr/GeV/cmq/pr):

   0.000000     +/-    0.000000     %    0.000000     +/-    0.000000     % 
   1318.996     +/-    1.116986     % 

  Flux (Part/deg/GeV/cmq/pr):

   0.000000     +/-    0.000000     %    0.000000     +/-    0.000000     % 
   97.10958     +/-    1.116986     % 

  Energy interval (GeV):  1.1196661E-06  1.0700358E-06

  Flux (Part/sr/GeV/cmq/pr):

   0.000000     +/-    0.000000     %    0.000000     +/-    0.000000     % 
   1329.535     +/-    1.097596     % 

  Flux (Part/deg/GeV/cmq/pr):

   0.000000     +/-    0.000000     %    0.000000     +/-    0.000000     % 
   97.88552     +/-    1.097596     % 

  Energy interval (GeV):  1.0700358E-06  1.0226056E-06

  Flux (Part/sr/GeV/cmq/pr):

   0.000000     +/-    0.000000     %    0.000000     +/-    0.000000     % 
   1392.048     +/-    1.104593     % 

  Flux (Part/deg/GeV/cmq/pr):

   0.000000     +/-    0.000000     %    0.000000     +/-    0.000000     % 
   102.4879     +/-    1.104593     % 

  Energy interval (GeV):  1.0226056E-06  9.7727752E-07

  Flux (Part/sr/GeV/cmq/pr):

   0.000000     +/-    0.000000     %    0.000000     +/-    0.000000     % 
   1471.139     +/-    1.215277     % 

  Flux (Part/deg/GeV/cmq/pr):

   0.000000     +/-    0.000000     %    0.000000     +/-    0.000000     % 
   108.3109     +/-    1.215277     % 

  Energy interval (GeV):  9.7727752E-07  9.3395880E-07

  Flux (Part/sr/GeV/cmq/pr):

   0.000000     +/-    0.000000     %    0.000000     +/-    0.000000     % 
   1530.476     +/-    1.096591     % 

  Flux (Part/deg/GeV/cmq/pr):

   0.000000     +/-    0.000000     %    0.000000     +/-    0.000000     % 
   112.6796     +/-    1.096591     % 

  Energy interval (GeV):  9.3395880E-07  8.9256031E-07

  Flux (Part/sr/GeV/cmq/pr):

   0.000000     +/-    0.000000     %    0.000000     +/-    0.000000     % 
   1637.925     +/-    1.066101     % 

  Flux (Part/deg/GeV/cmq/pr):

   0.000000     +/-    0.000000     %    0.000000     +/-    0.000000     % 
   120.5904     +/-    1.066101     % 

  Energy interval (GeV):  8.9256031E-07  8.5299678E-07

  Flux (Part/sr/GeV/cmq/pr):

   0.000000     +/-    0.000000     %    0.000000     +/-    0.000000     % 
   1671.276     +/-    1.134343     % 

  Flux (Part/deg/GeV/cmq/pr):

   0.000000     +/-    0.000000     %    0.000000     +/-    0.000000     % 
   123.0458     +/-    1.134343     % 

  Energy interval (GeV):  8.5299678E-07  8.1518675E-07

  Flux (Part/sr/GeV/cmq/pr):

   0.000000     +/-    0.000000     %    0.000000     +/-    0.000000     % 
   1753.890     +/-    1.036167     % 

  Flux (Part/deg/GeV/cmq/pr):

   0.000000     +/-    0.000000     %    0.000000     +/-    0.000000     % 
   129.1282     +/-    1.036167     % 

  Energy interval (GeV):  8.1518675E-07  7.7905287E-07

  Flux (Part/sr/GeV/cmq/pr):

   0.000000     +/-    0.000000     %    0.000000     +/-    0.000000     % 
   1793.018     +/-    1.152484     % 

  Flux (Part/deg/GeV/cmq/pr):

   0.000000     +/-    0.000000     %    0.000000     +/-    0.000000     % 
   132.0090     +/-    1.152484     % 

  Energy interval (GeV):  7.7905287E-07  7.4452066E-07

  Flux (Part/sr/GeV/cmq/pr):

   0.000000     +/-    0.000000     %    0.000000     +/-    0.000000     % 
   1934.544     +/-    1.088522     % 

  Flux (Part/deg/GeV/cmq/pr):

   0.000000     +/-    0.000000     %    0.000000     +/-    0.000000     % 
   142.4286     +/-    1.088522     % 

  Energy interval (GeV):  7.4452066E-07  7.1151919E-07

  Flux (Part/sr/GeV/cmq/pr):

   0.000000     +/-    0.000000     %    0.000000     +/-    0.000000     % 
   1964.419     +/-    1.251068     % 

  Flux (Part/deg/GeV/cmq/pr):

   0.000000     +/-    0.000000     %    0.000000     +/-    0.000000     % 
   144.6282     +/-    1.251068     % 

  Energy interval (GeV):  7.1151919E-07  6.7998036E-07

  Flux (Part/sr/GeV/cmq/pr):

   0.000000     +/-    0.000000     %    0.000000     +/-    0.000000     % 
   2058.333     +/-    1.108286     % 

  Flux (Part/deg/GeV/cmq/pr):

   0.000000     +/-    0.000000     %    0.000000     +/-    0.000000     % 
   151.5424     +/-    1.108286     % 

  Energy interval (GeV):  6.7998036E-07  6.4983965E-07

  Flux (Part/sr/GeV/cmq/pr):

   0.000000     +/-    0.000000     %    0.000000     +/-    0.000000     % 
   2152.737     +/-    1.343857     % 

  Flux (Part/deg/GeV/cmq/pr):

   0.000000     +/-    0.000000     %    0.000000     +/-    0.000000     % 
   158.4928     +/-    1.343857     % 

  Energy interval (GeV):  6.4983965E-07  6.2103487E-07

  Flux (Part/sr/GeV/cmq/pr):

   0.000000     +/-    0.000000     %    0.000000     +/-    0.000000     % 
   2238.647     +/-    1.084608     % 

  Flux (Part/deg/GeV/cmq/pr):

   0.000000     +/-    0.000000     %    0.000000     +/-    0.000000     % 
   164.8179     +/-    1.084608     % 

  Energy interval (GeV):  6.2103487E-07  5.9350691E-07

  Flux (Part/sr/GeV/cmq/pr):

   0.000000     +/-    0.000000     %    0.000000     +/-    0.000000     % 
   2318.562     +/-    1.157491     % 

  Flux (Part/deg/GeV/cmq/pr):

   0.000000     +/-    0.000000     %    0.000000     +/-    0.000000     % 
   170.7015     +/-    1.157491     % 

  Energy interval (GeV):  5.9350691E-07  5.6719921E-07

  Flux (Part/sr/GeV/cmq/pr):

   0.000000     +/-    0.000000     %    0.000000     +/-    0.000000     % 
   2429.458     +/-    1.086285     % 

  Flux (Part/deg/GeV/cmq/pr):

   0.000000     +/-    0.000000     %    0.000000     +/-    0.000000     % 
   178.8661     +/-    1.086285     % 

  Energy interval (GeV):  5.6719921E-07  5.4205759E-07

  Flux (Part/sr/GeV/cmq/pr):

   0.000000     +/-    0.000000     %    0.000000     +/-    0.000000     % 
   2537.990     +/-    1.149597     % 

  Flux (Part/deg/GeV/cmq/pr):

   0.000000     +/-    0.000000     %    0.000000     +/-    0.000000     % 
   186.8566     +/-    1.149597     % 

  Energy interval (GeV):  5.4205759E-07  5.1803039E-07

  Flux (Part/sr/GeV/cmq/pr):

   0.000000     +/-    0.000000     %    0.000000     +/-    0.000000     % 
   2633.985     +/-    1.263754     % 

  Flux (Part/deg/GeV/cmq/pr):

   0.000000     +/-    0.000000     %    0.000000     +/-    0.000000     % 
   193.9241     +/-    1.263754     % 

  Energy interval (GeV):  5.1803039E-07  4.9506826E-07

  Flux (Part/sr/GeV/cmq/pr):

   0.000000     +/-    0.000000     %    0.000000     +/-    0.000000     % 
   2711.045     +/-    1.116863     % 

  Flux (Part/deg/GeV/cmq/pr):

   0.000000     +/-    0.000000     %    0.000000     +/-    0.000000     % 
   199.5977     +/-    1.116863     % 

  Energy interval (GeV):  4.9506826E-07  4.7312383E-07

  Flux (Part/sr/GeV/cmq/pr):

   0.000000     +/-    0.000000     %    0.000000     +/-    0.000000     % 
   2859.108     +/-    1.185961     % 

  Flux (Part/deg/GeV/cmq/pr):

   0.000000     +/-    0.000000     %    0.000000     +/-    0.000000     % 
   210.4986     +/-    1.185961     % 

  Energy interval (GeV):  4.7312383E-07  4.5215219E-07

  Flux (Part/sr/GeV/cmq/pr):

   0.000000     +/-    0.000000     %    0.000000     +/-    0.000000     % 
   3000.908     +/-    1.042312     % 

  Flux (Part/deg/GeV/cmq/pr):

   0.000000     +/-    0.000000     %    0.000000     +/-    0.000000     % 
   220.9385     +/-    1.042312     % 

  Energy interval (GeV):  4.5215219E-07  4.3211014E-07

  Flux (Part/sr/GeV/cmq/pr):

   0.000000     +/-    0.000000     %    0.000000     +/-    0.000000     % 
   3160.527     +/-    1.091446     % 

  Flux (Part/deg/GeV/cmq/pr):

   0.000000     +/-    0.000000     %    0.000000     +/-    0.000000     % 
   232.6903     +/-    1.091446     % 

  Energy interval (GeV):  4.3211014E-07  4.1295652E-07

  Flux (Part/sr/GeV/cmq/pr):

   0.000000     +/-    0.000000     %    0.000000     +/-    0.000000     % 
   3253.041     +/-    1.134719     % 

  Flux (Part/deg/GeV/cmq/pr):

   0.000000     +/-    0.000000     %    0.000000     +/-    0.000000     % 
   239.5015     +/-    1.134719     % 

  Energy interval (GeV):  4.1295652E-07  3.9465178E-07

  Flux (Part/sr/GeV/cmq/pr):

   0.000000     +/-    0.000000     %    0.000000     +/-    0.000000     % 
   3426.294     +/-    1.104596     % 

  Flux (Part/deg/GeV/cmq/pr):

   0.000000     +/-    0.000000     %    0.000000     +/-    0.000000     % 
   252.2570     +/-    1.104596     % 

  Energy interval (GeV):  3.9465178E-07  3.7715850E-07

  Flux (Part/sr/GeV/cmq/pr):

   0.000000     +/-    0.000000     %    0.000000     +/-    0.000000     % 
   3502.134     +/-   0.9701921     % 

  Flux (Part/deg/GeV/cmq/pr):

   0.000000     +/-    0.000000     %    0.000000     +/-    0.000000     % 
   257.8406     +/-   0.9701921     % 

  Energy interval (GeV):  3.7715850E-07  3.6044062E-07

  Flux (Part/sr/GeV/cmq/pr):

   0.000000     +/-    0.000000     %    0.000000     +/-    0.000000     % 
   3721.243     +/-    1.138322     % 

  Flux (Part/deg/GeV/cmq/pr):

   0.000000     +/-    0.000000     %    0.000000     +/-    0.000000     % 
   273.9723     +/-    1.138322     % 

  Energy interval (GeV):  3.6044062E-07  3.4446376E-07

  Flux (Part/sr/GeV/cmq/pr):

   0.000000     +/-    0.000000     %    0.000000     +/-    0.000000     % 
   3796.846     +/-   0.9998253     % 

  Flux (Part/deg/GeV/cmq/pr):

   0.000000     +/-    0.000000     %    0.000000     +/-    0.000000     % 
   279.5385     +/-   0.9998253     % 

  Energy interval (GeV):  3.4446376E-07  3.2919510E-07

  Flux (Part/sr/GeV/cmq/pr):

   0.000000     +/-    0.000000     %    0.000000     +/-    0.000000     % 
   4046.573     +/-    1.151344     % 

  Flux (Part/deg/GeV/cmq/pr):

   0.000000     +/-    0.000000     %    0.000000     +/-    0.000000     % 
   297.9244     +/-    1.151344     % 

  Energy interval (GeV):  3.2919510E-07  3.1460320E-07

  Flux (Part/sr/GeV/cmq/pr):

   0.000000     +/-    0.000000     %    0.000000     +/-    0.000000     % 
   4235.361     +/-    1.083453     % 

  Flux (Part/deg/GeV/cmq/pr):

   0.000000     +/-    0.000000     %    0.000000     +/-    0.000000     % 
   311.8237     +/-    1.083453     % 

  Energy interval (GeV):  3.1460320E-07  3.0065814E-07

  Flux (Part/sr/GeV/cmq/pr):

   0.000000     +/-    0.000000     %    0.000000     +/-    0.000000     % 
   4374.227     +/-    1.211116     % 

  Flux (Part/deg/GeV/cmq/pr):

   0.000000     +/-    0.000000     %    0.000000     +/-    0.000000     % 
   322.0475     +/-    1.211116     % 

  Energy interval (GeV):  3.0065814E-07  2.8733120E-07

  Flux (Part/sr/GeV/cmq/pr):

   0.000000     +/-    0.000000     %    0.000000     +/-    0.000000     % 
   4607.236     +/-    1.114353     % 

  Flux (Part/deg/GeV/cmq/pr):

   0.000000     +/-    0.000000     %    0.000000     +/-    0.000000     % 
   339.2025     +/-    1.114353     % 

  Energy interval (GeV):  2.8733120E-07  2.7459495E-07

  Flux (Part/sr/GeV/cmq/pr):

   0.000000     +/-    0.000000     %    0.000000     +/-    0.000000     % 
   4746.537     +/-    1.256966     % 

  Flux (Part/deg/GeV/cmq/pr):

   0.000000     +/-    0.000000     %    0.000000     +/-    0.000000     % 
   349.4584     +/-    1.256966     % 

  Energy interval (GeV):  2.7459495E-07  2.6242330E-07

  Flux (Part/sr/GeV/cmq/pr):

   0.000000     +/-    0.000000     %    0.000000     +/-    0.000000     % 
   5012.867     +/-    1.201958     % 

  Flux (Part/deg/GeV/cmq/pr):

   0.000000     +/-    0.000000     %    0.000000     +/-    0.000000     % 
   369.0667     +/-    1.201958     % 

  Energy interval (GeV):  2.6242330E-07  2.5079115E-07

  Flux (Part/sr/GeV/cmq/pr):

   0.000000     +/-    0.000000     %    0.000000     +/-    0.000000     % 
   5211.550     +/-    1.265598     % 

  Flux (Part/deg/GeV/cmq/pr):

   0.000000     +/-    0.000000     %    0.000000     +/-    0.000000     % 
   383.6945     +/-    1.265598     % 

  Energy interval (GeV):  2.5079115E-07  2.3967459E-07

  Flux (Part/sr/GeV/cmq/pr):

   0.000000     +/-    0.000000     %    0.000000     +/-    0.000000     % 
   5286.423     +/-    1.216912     % 

  Flux (Part/deg/GeV/cmq/pr):

   0.000000     +/-    0.000000     %    0.000000     +/-    0.000000     % 
   389.2069     +/-    1.216912     % 

  Energy interval (GeV):  2.3967459E-07  2.2905080E-07

  Flux (Part/sr/GeV/cmq/pr):

   0.000000     +/-    0.000000     %    0.000000     +/-    0.000000     % 
   5679.751     +/-    1.178618     % 

  Flux (Part/deg/GeV/cmq/pr):

   0.000000     +/-    0.000000     %    0.000000     +/-    0.000000     % 
   418.1653     +/-    1.178618     % 

  Energy interval (GeV):  2.2905080E-07  2.1889790E-07

  Flux (Part/sr/GeV/cmq/pr):

   0.000000     +/-    0.000000     %    0.000000     +/-    0.000000     % 
   5959.005     +/-    1.255551     % 

  Flux (Part/deg/GeV/cmq/pr):

   0.000000     +/-    0.000000     %    0.000000     +/-    0.000000     % 
   438.7251     +/-    1.255551     % 

  Energy interval (GeV):  2.1889790E-07  2.0919506E-07

  Flux (Part/sr/GeV/cmq/pr):

   0.000000     +/-    0.000000     %    0.000000     +/-    0.000000     % 
   6119.542     +/-    1.223981     % 

  Flux (Part/deg/GeV/cmq/pr):

   0.000000     +/-    0.000000     %    0.000000     +/-    0.000000     % 
   450.5444     +/-    1.223981     % 

  Energy interval (GeV):  2.0919506E-07  1.9992231E-07

  Flux (Part/sr/GeV/cmq/pr):

   0.000000     +/-    0.000000     %    0.000000     +/-    0.000000     % 
   6355.752     +/-    1.293499     % 

  Flux (Part/deg/GeV/cmq/pr):

   0.000000     +/-    0.000000     %    0.000000     +/-    0.000000     % 
   467.9351     +/-    1.293499     % 

  Energy interval (GeV):  1.9992231E-07  1.9106052E-07

  Flux (Part/sr/GeV/cmq/pr):

   0.000000     +/-    0.000000     %    0.000000     +/-    0.000000     % 
   6649.638     +/-    1.046512     % 

  Flux (Part/deg/GeV/cmq/pr):

   0.000000     +/-    0.000000     %    0.000000     +/-    0.000000     % 
   489.5721     +/-    1.046512     % 

  Energy interval (GeV):  1.9106052E-07  1.8259159E-07

  Flux (Part/sr/GeV/cmq/pr):

   0.000000     +/-    0.000000     %    0.000000     +/-    0.000000     % 
   7064.247     +/-    1.014161     % 

  Flux (Part/deg/GeV/cmq/pr):

   0.000000     +/-    0.000000     %    0.000000     +/-    0.000000     % 
   520.0972     +/-    1.014161     % 

  Energy interval (GeV):  1.8259159E-07  1.7449807E-07

  Flux (Part/sr/GeV/cmq/pr):

   0.000000     +/-    0.000000     %    0.000000     +/-    0.000000     % 
   7310.550     +/-    1.151596     % 

  Flux (Part/deg/GeV/cmq/pr):

   0.000000     +/-    0.000000     %    0.000000     +/-    0.000000     % 
   538.2310     +/-    1.151596     % 

  Energy interval (GeV):  1.7449807E-07  1.6676329E-07

  Flux (Part/sr/GeV/cmq/pr):

   0.000000     +/-    0.000000     %    0.000000     +/-    0.000000     % 
   7580.076     +/-    1.242105     % 

  Flux (Part/deg/GeV/cmq/pr):

   0.000000     +/-    0.000000     %    0.000000     +/-    0.000000     % 
   558.0745     +/-    1.242105     % 

  Energy interval (GeV):  1.6676329E-07  1.5937135E-07

  Flux (Part/sr/GeV/cmq/pr):

   0.000000     +/-    0.000000     %    0.000000     +/-    0.000000     % 
   7916.446     +/-    1.073747     % 

  Flux (Part/deg/GeV/cmq/pr):

   0.000000     +/-    0.000000     %    0.000000     +/-    0.000000     % 
   582.8394     +/-    1.073747     % 

  Energy interval (GeV):  1.5937135E-07  1.5230707E-07

  Flux (Part/sr/GeV/cmq/pr):

   0.000000     +/-    0.000000     %    0.000000     +/-    0.000000     % 
   8181.331     +/-    1.151393     % 

  Flux (Part/deg/GeV/cmq/pr):

   0.000000     +/-    0.000000     %    0.000000     +/-    0.000000     % 
   602.3412     +/-    1.151393     % 

  Energy interval (GeV):  1.5230707E-07  1.4555592E-07

  Flux (Part/sr/GeV/cmq/pr):

   0.000000     +/-    0.000000     %    0.000000     +/-    0.000000     % 
   8642.859     +/-    1.083363     % 

  Flux (Part/deg/GeV/cmq/pr):

   0.000000     +/-    0.000000     %    0.000000     +/-    0.000000     % 
   636.3208     +/-    1.083363     % 

  Energy interval (GeV):  1.4555592E-07  1.3910402E-07

  Flux (Part/sr/GeV/cmq/pr):

   0.000000     +/-    0.000000     %    0.000000     +/-    0.000000     % 
   9143.291     +/-    1.163400     % 

  Flux (Part/deg/GeV/cmq/pr):

   0.000000     +/-    0.000000     %    0.000000     +/-    0.000000     % 
   673.1645     +/-    1.163400     % 

  Energy interval (GeV):  1.3910402E-07  1.3293810E-07

  Flux (Part/sr/GeV/cmq/pr):

   0.000000     +/-    0.000000     %    0.000000     +/-    0.000000     % 
   9342.090     +/-    1.088890     % 

  Flux (Part/deg/GeV/cmq/pr):

   0.000000     +/-    0.000000     %    0.000000     +/-    0.000000     % 
   687.8008     +/-    1.088890     % 

  Energy interval (GeV):  1.3293810E-07  1.2704550E-07

  Flux (Part/sr/GeV/cmq/pr):

   0.000000     +/-    0.000000     %    0.000000     +/-    0.000000     % 
   9726.340     +/-    1.291043     % 

  Flux (Part/deg/GeV/cmq/pr):

   0.000000     +/-    0.000000     %    0.000000     +/-    0.000000     % 
   716.0908     +/-    1.291043     % 

  Energy interval (GeV):  1.2704550E-07  1.2141410E-07

  Flux (Part/sr/GeV/cmq/pr):

   0.000000     +/-    0.000000     %    0.000000     +/-    0.000000     % 
   10103.32     +/-    1.126850     % 

  Flux (Part/deg/GeV/cmq/pr):

   0.000000     +/-    0.000000     %    0.000000     +/-    0.000000     % 
   743.8458     +/-    1.126850     % 

  Energy interval (GeV):  1.2141410E-07  1.1603230E-07

  Flux (Part/sr/GeV/cmq/pr):

   0.000000     +/-    0.000000     %    0.000000     +/-    0.000000     % 
   10713.67     +/-    1.232694     % 

  Flux (Part/deg/GeV/cmq/pr):

   0.000000     +/-    0.000000     %    0.000000     +/-    0.000000     % 
   788.7817     +/-    1.232694     % 

  Energy interval (GeV):  1.1603230E-07  1.1088906E-07

  Flux (Part/sr/GeV/cmq/pr):

   0.000000     +/-    0.000000     %    0.000000     +/-    0.000000     % 
   10928.02     +/-    1.155058     % 

  Flux (Part/deg/GeV/cmq/pr):

   0.000000     +/-    0.000000     %    0.000000     +/-    0.000000     % 
   804.5632     +/-    1.155058     % 

  Energy interval (GeV):  1.1088906E-07  1.0597381E-07

  Flux (Part/sr/GeV/cmq/pr):

   0.000000     +/-    0.000000     %    0.000000     +/-    0.000000     % 
   11496.96     +/-    1.054371     % 

  Flux (Part/deg/GeV/cmq/pr):

   0.000000     +/-    0.000000     %    0.000000     +/-    0.000000     % 
   846.4506     +/-    1.054371     % 

  Energy interval (GeV):  1.0597381E-07  1.0127643E-07

  Flux (Part/sr/GeV/cmq/pr):

   0.000000     +/-    0.000000     %    0.000000     +/-    0.000000     % 
   12332.76     +/-    1.064585     % 

  Flux (Part/deg/GeV/cmq/pr):

   0.000000     +/-    0.000000     %    0.000000     +/-    0.000000     % 
   907.9854     +/-    1.064585     % 

  Energy interval (GeV):  1.0127643E-07  9.6787254E-08

  Flux (Part/sr/GeV/cmq/pr):

   0.000000     +/-    0.000000     %    0.000000     +/-    0.000000     % 
   12675.83     +/-    1.197580     % 

  Flux (Part/deg/GeV/cmq/pr):

   0.000000     +/-    0.000000     %    0.000000     +/-    0.000000     % 
   933.2439     +/-    1.197580     % 

  Energy interval (GeV):  9.6787254E-08  9.2497061E-08

  Flux (Part/sr/GeV/cmq/pr):

   0.000000     +/-    0.000000     %    0.000000     +/-    0.000000     % 
   13224.46     +/-   0.9588462     % 

  Flux (Part/deg/GeV/cmq/pr):

   0.000000     +/-    0.000000     %    0.000000     +/-    0.000000     % 
   973.6358     +/-   0.9588462     % 

  Energy interval (GeV):  9.2497061E-08  8.8397051E-08

  Flux (Part/sr/GeV/cmq/pr):

   0.000000     +/-    0.000000     %    0.000000     +/-    0.000000     % 
   13418.74     +/-    1.188812     % 

  Flux (Part/deg/GeV/cmq/pr):

   0.000000     +/-    0.000000     %    0.000000     +/-    0.000000     % 
   987.9398     +/-    1.188812     % 

  Energy interval (GeV):  8.8397051E-08  8.4478771E-08

  Flux (Part/sr/GeV/cmq/pr):

   0.000000     +/-    0.000000     %    0.000000     +/-    0.000000     % 
   14139.49     +/-    1.236633     % 

  Flux (Part/deg/GeV/cmq/pr):

   0.000000     +/-    0.000000     %    0.000000     +/-    0.000000     % 
   1041.004     +/-    1.236633     % 

  Energy interval (GeV):  8.4478771E-08  8.0734175E-08

  Flux (Part/sr/GeV/cmq/pr):

   0.000000     +/-    0.000000     %    0.000000     +/-    0.000000     % 
   14758.85     +/-    1.274299     % 

  Flux (Part/deg/GeV/cmq/pr):

   0.000000     +/-    0.000000     %    0.000000     +/-    0.000000     % 
   1086.604     +/-    1.274299     % 

  Energy interval (GeV):  8.0734175E-08  7.7155555E-08

  Flux (Part/sr/GeV/cmq/pr):

   0.000000     +/-    0.000000     %    0.000000     +/-    0.000000     % 
   15387.30     +/-    1.288668     % 

  Flux (Part/deg/GeV/cmq/pr):

   0.000000     +/-    0.000000     %    0.000000     +/-    0.000000     % 
   1132.873     +/-    1.288668     % 

  Energy interval (GeV):  7.7155555E-08  7.3735571E-08

  Flux (Part/sr/GeV/cmq/pr):

   0.000000     +/-    0.000000     %    0.000000     +/-    0.000000     % 
   16347.51     +/-    1.202387     % 

  Flux (Part/deg/GeV/cmq/pr):

   0.000000     +/-    0.000000     %    0.000000     +/-    0.000000     % 
   1203.567     +/-    1.202387     % 

  Energy interval (GeV):  7.3735571E-08  7.0467166E-08

  Flux (Part/sr/GeV/cmq/pr):

   0.000000     +/-    0.000000     %    0.000000     +/-    0.000000     % 
   17009.93     +/-    1.137042     % 

  Flux (Part/deg/GeV/cmq/pr):

   0.000000     +/-    0.000000     %    0.000000     +/-    0.000000     % 
   1252.337     +/-    1.137042     % 

  Energy interval (GeV):  7.0467166E-08  6.7343649E-08

  Flux (Part/sr/GeV/cmq/pr):

   0.000000     +/-    0.000000     %    0.000000     +/-    0.000000     % 
   17796.31     +/-    1.232670     % 

  Flux (Part/deg/GeV/cmq/pr):

   0.000000     +/-    0.000000     %    0.000000     +/-    0.000000     % 
   1310.233     +/-    1.232670     % 

  Energy interval (GeV):  6.7343649E-08  6.4358574E-08

  Flux (Part/sr/GeV/cmq/pr):

   0.000000     +/-    0.000000     %    0.000000     +/-    0.000000     % 
   18411.93     +/-    1.188378     % 

  Flux (Part/deg/GeV/cmq/pr):

   0.000000     +/-    0.000000     %    0.000000     +/-    0.000000     % 
   1355.557     +/-    1.188378     % 

  Energy interval (GeV):  6.4358574E-08  6.1505823E-08

  Flux (Part/sr/GeV/cmq/pr):

   0.000000     +/-    0.000000     %    0.000000     +/-    0.000000     % 
   19147.70     +/-    1.304832     % 

  Flux (Part/deg/GeV/cmq/pr):

   0.000000     +/-    0.000000     %    0.000000     +/-    0.000000     % 
   1409.727     +/-    1.304832     % 

  Energy interval (GeV):  6.1505823E-08  5.8779523E-08

  Flux (Part/sr/GeV/cmq/pr):

   0.000000     +/-    0.000000     %    0.000000     +/-    0.000000     % 
   20118.26     +/-    1.199565     % 

  Flux (Part/deg/GeV/cmq/pr):

   0.000000     +/-    0.000000     %    0.000000     +/-    0.000000     % 
   1481.184     +/-    1.199565     % 

  Energy interval (GeV):  5.8779523E-08  5.6174066E-08

  Flux (Part/sr/GeV/cmq/pr):

   0.000000     +/-    0.000000     %    0.000000     +/-    0.000000     % 
   20715.48     +/-    1.124959     % 

  Flux (Part/deg/GeV/cmq/pr):

   0.000000     +/-    0.000000     %    0.000000     +/-    0.000000     % 
   1525.154     +/-    1.124959     % 

  Energy interval (GeV):  5.6174066E-08  5.3684101E-08

  Flux (Part/sr/GeV/cmq/pr):

   0.000000     +/-    0.000000     %    0.000000     +/-    0.000000     % 
   21508.62     +/-    1.146657     % 

  Flux (Part/deg/GeV/cmq/pr):

   0.000000     +/-    0.000000     %    0.000000     +/-    0.000000     % 
   1583.547     +/-    1.146657     % 

  Energy interval (GeV):  5.3684101E-08  5.1304504E-08

  Flux (Part/sr/GeV/cmq/pr):

   0.000000     +/-    0.000000     %    0.000000     +/-    0.000000     % 
   22712.05     +/-    1.123080     % 

  Flux (Part/deg/GeV/cmq/pr):

   0.000000     +/-    0.000000     %    0.000000     +/-    0.000000     % 
   1672.149     +/-    1.123080     % 

  Energy interval (GeV):  5.1304504E-08  4.9030383E-08

  Flux (Part/sr/GeV/cmq/pr):

   0.000000     +/-    0.000000     %    0.000000     +/-    0.000000     % 
   23264.11     +/-    1.247582     % 

  Flux (Part/deg/GeV/cmq/pr):

   0.000000     +/-    0.000000     %    0.000000     +/-    0.000000     % 
   1712.794     +/-    1.247582     % 

  Energy interval (GeV):  4.9030383E-08  4.6857068E-08

  Flux (Part/sr/GeV/cmq/pr):

   0.000000     +/-    0.000000     %    0.000000     +/-    0.000000     % 
   24494.62     +/-    1.192942     % 

  Flux (Part/deg/GeV/cmq/pr):

   0.000000     +/-    0.000000     %    0.000000     +/-    0.000000     % 
   1803.389     +/-    1.192942     % 

  Energy interval (GeV):  4.6857068E-08  4.4780077E-08

  Flux (Part/sr/GeV/cmq/pr):

   0.000000     +/-    0.000000     %    0.000000     +/-    0.000000     % 
   25943.86     +/-    1.235295     % 

  Flux (Part/deg/GeV/cmq/pr):

   0.000000     +/-    0.000000     %    0.000000     +/-    0.000000     % 
   1910.088     +/-    1.235295     % 

  Energy interval (GeV):  4.4780077E-08  4.2795161E-08

  Flux (Part/sr/GeV/cmq/pr):

   0.000000     +/-    0.000000     %    0.000000     +/-    0.000000     % 
   26423.10     +/-    1.362347     % 

  Flux (Part/deg/GeV/cmq/pr):

   0.000000     +/-    0.000000     %    0.000000     +/-    0.000000     % 
   1945.371     +/-    1.362347     % 

  Energy interval (GeV):  4.2795161E-08  4.0898229E-08

  Flux (Part/sr/GeV/cmq/pr):

   0.000000     +/-    0.000000     %    0.000000     +/-    0.000000     % 
   27538.60     +/-    1.057884     % 

  Flux (Part/deg/GeV/cmq/pr):

   0.000000     +/-    0.000000     %    0.000000     +/-    0.000000     % 
   2027.498     +/-    1.057884     % 

  Energy interval (GeV):  4.0898229E-08  3.9085382E-08

  Flux (Part/sr/GeV/cmq/pr):

   0.000000     +/-    0.000000     %    0.000000     +/-    0.000000     % 
   29055.06     +/-    1.238610     % 

  Flux (Part/deg/GeV/cmq/pr):

   0.000000     +/-    0.000000     %    0.000000     +/-    0.000000     % 
   2139.146     +/-    1.238610     % 

  Energy interval (GeV):  3.9085382E-08  3.7352883E-08

  Flux (Part/sr/GeV/cmq/pr):

   0.000000     +/-    0.000000     %    0.000000     +/-    0.000000     % 
   30226.58     +/-    1.092605     % 

  Flux (Part/deg/GeV/cmq/pr):

   0.000000     +/-    0.000000     %    0.000000     +/-    0.000000     % 
   2225.398     +/-    1.092605     % 

  Energy interval (GeV):  3.7352883E-08  3.5697184E-08

  Flux (Part/sr/GeV/cmq/pr):

   0.000000     +/-    0.000000     %    0.000000     +/-    0.000000     % 
   31798.28     +/-    1.175597     % 

  Flux (Part/deg/GeV/cmq/pr):

   0.000000     +/-    0.000000     %    0.000000     +/-    0.000000     % 
   2341.112     +/-    1.175597     % 

  Energy interval (GeV):  3.5697184E-08  3.4114873E-08

  Flux (Part/sr/GeV/cmq/pr):

   0.000000     +/-    0.000000     %    0.000000     +/-    0.000000     % 
   32740.32     +/-    1.197817     % 

  Flux (Part/deg/GeV/cmq/pr):

   0.000000     +/-    0.000000     %    0.000000     +/-    0.000000     % 
   2410.469     +/-    1.197817     % 

  Energy interval (GeV):  3.4114873E-08  3.2602699E-08

  Flux (Part/sr/GeV/cmq/pr):

   0.000000     +/-    0.000000     %    0.000000     +/-    0.000000     % 
   35342.08     +/-    1.415243     % 

  Flux (Part/deg/GeV/cmq/pr):

   0.000000     +/-    0.000000     %    0.000000     +/-    0.000000     % 
   2602.021     +/-    1.415243     % 

  Energy interval (GeV):  3.2602699E-08  3.1157551E-08

  Flux (Part/sr/GeV/cmq/pr):

   0.000000     +/-    0.000000     %    0.000000     +/-    0.000000     % 
   36192.34     +/-    1.258192     % 

  Flux (Part/deg/GeV/cmq/pr):

   0.000000     +/-    0.000000     %    0.000000     +/-    0.000000     % 
   2664.621     +/-    1.258192     % 

  Energy interval (GeV):  3.1157551E-08  2.9776468E-08

  Flux (Part/sr/GeV/cmq/pr):

   0.000000     +/-    0.000000     %    0.000000     +/-    0.000000     % 
   38341.93     +/-    1.072700     % 

  Flux (Part/deg/GeV/cmq/pr):

   0.000000     +/-    0.000000     %    0.000000     +/-    0.000000     % 
   2822.881     +/-    1.072700     % 

  Energy interval (GeV):  2.9776468E-08  2.8456599E-08

  Flux (Part/sr/GeV/cmq/pr):

   0.000000     +/-    0.000000     %    0.000000     +/-    0.000000     % 
   40114.21     +/-    1.214147     % 

  Flux (Part/deg/GeV/cmq/pr):

   0.000000     +/-    0.000000     %    0.000000     +/-    0.000000     % 
   2953.364     +/-    1.214147     % 

  Energy interval (GeV):  2.8456599E-08  2.7195235E-08

  Flux (Part/sr/GeV/cmq/pr):

   0.000000     +/-    0.000000     %    0.000000     +/-    0.000000     % 
   40217.88     +/-    1.282976     % 

  Flux (Part/deg/GeV/cmq/pr):

   0.000000     +/-    0.000000     %    0.000000     +/-    0.000000     % 
   2960.996     +/-    1.282976     % 

  Energy interval (GeV):  2.7195235E-08  2.5989779E-08

  Flux (Part/sr/GeV/cmq/pr):

   0.000000     +/-    0.000000     %    0.000000     +/-    0.000000     % 
   42043.29     +/-    1.244879     % 

  Flux (Part/deg/GeV/cmq/pr):

   0.000000     +/-    0.000000     %    0.000000     +/-    0.000000     % 
   3095.390     +/-    1.244879     % 

  Energy interval (GeV):  2.5989779E-08  2.4837759E-08

  Flux (Part/sr/GeV/cmq/pr):

   0.000000     +/-    0.000000     %    0.000000     +/-    0.000000     % 
   43679.70     +/-    1.118010     % 

  Flux (Part/deg/GeV/cmq/pr):

   0.000000     +/-    0.000000     %    0.000000     +/-    0.000000     % 
   3215.869     +/-    1.118010     % 

  Energy interval (GeV):  2.4837759E-08  2.3736805E-08

  Flux (Part/sr/GeV/cmq/pr):

   0.000000     +/-    0.000000     %    0.000000     +/-    0.000000     % 
   46092.18     +/-    1.019250     % 

  Flux (Part/deg/GeV/cmq/pr):

   0.000000     +/-    0.000000     %    0.000000     +/-    0.000000     % 
   3393.484     +/-    1.019250     % 

  Energy interval (GeV):  2.3736805E-08  2.2684649E-08

  Flux (Part/sr/GeV/cmq/pr):

   0.000000     +/-    0.000000     %    0.000000     +/-    0.000000     % 
   47573.72     +/-    1.324198     % 

  Flux (Part/deg/GeV/cmq/pr):

   0.000000     +/-    0.000000     %    0.000000     +/-    0.000000     % 
   3502.562     +/-    1.324198     % 

  Energy interval (GeV):  2.2684649E-08  2.1679128E-08

  Flux (Part/sr/GeV/cmq/pr):

   0.000000     +/-    0.000000     %    0.000000     +/-    0.000000     % 
   51209.64     +/-    1.320286     % 

  Flux (Part/deg/GeV/cmq/pr):

   0.000000     +/-    0.000000     %    0.000000     +/-    0.000000     % 
   3770.252     +/-    1.320286     % 

  Energy interval (GeV):  2.1679128E-08  2.0718181E-08

  Flux (Part/sr/GeV/cmq/pr):

   0.000000     +/-    0.000000     %    0.000000     +/-    0.000000     % 
   52540.39     +/-    1.193370     % 

  Flux (Part/deg/GeV/cmq/pr):

   0.000000     +/-    0.000000     %    0.000000     +/-    0.000000     % 
   3868.227     +/-    1.193370     % 

  Energy interval (GeV):  2.0718181E-08  1.9799829E-08

  Flux (Part/sr/GeV/cmq/pr):

   0.000000     +/-    0.000000     %    0.000000     +/-    0.000000     % 
   54277.85     +/-    1.221775     % 

  Flux (Part/deg/GeV/cmq/pr):

   0.000000     +/-    0.000000     %    0.000000     +/-    0.000000     % 
   3996.146     +/-    1.221775     % 

  Energy interval (GeV):  1.9799829E-08  1.8922186E-08

  Flux (Part/sr/GeV/cmq/pr):

   0.000000     +/-    0.000000     %    0.000000     +/-    0.000000     % 
   56676.42     +/-    1.496666     % 

  Flux (Part/deg/GeV/cmq/pr):

   0.000000     +/-    0.000000     %    0.000000     +/-    0.000000     % 
   4172.738     +/-    1.496666     % 

  Energy interval (GeV):  1.8922186E-08  1.8083442E-08

  Flux (Part/sr/GeV/cmq/pr):

   0.000000     +/-    0.000000     %    0.000000     +/-    0.000000     % 
   59630.66     +/-    1.396066     % 

  Flux (Part/deg/GeV/cmq/pr):

   0.000000     +/-    0.000000     %    0.000000     +/-    0.000000     % 
   4390.240     +/-    1.396066     % 

  Energy interval (GeV):  1.8083442E-08  1.7281875E-08

  Flux (Part/sr/GeV/cmq/pr):

   0.000000     +/-    0.000000     %    0.000000     +/-    0.000000     % 
   62536.68     +/-    1.345995     % 

  Flux (Part/deg/GeV/cmq/pr):

   0.000000     +/-    0.000000     %    0.000000     +/-    0.000000     % 
   4604.193     +/-    1.345995     % 

  Energy interval (GeV):  1.7281875E-08  1.6515841E-08

  Flux (Part/sr/GeV/cmq/pr):

   0.000000     +/-    0.000000     %    0.000000     +/-    0.000000     % 
   65416.29     +/-    1.172174     % 

  Flux (Part/deg/GeV/cmq/pr):

   0.000000     +/-    0.000000     %    0.000000     +/-    0.000000     % 
   4816.200     +/-    1.172174     % 

  Energy interval (GeV):  1.6515841E-08  1.5783762E-08

  Flux (Part/sr/GeV/cmq/pr):

   0.000000     +/-    0.000000     %    0.000000     +/-    0.000000     % 
   67748.47     +/-    1.148402     % 

  Flux (Part/deg/GeV/cmq/pr):

   0.000000     +/-    0.000000     %    0.000000     +/-    0.000000     % 
   4987.905     +/-    1.148402     % 

  Energy interval (GeV):  1.5783762E-08  1.5084131E-08

  Flux (Part/sr/GeV/cmq/pr):

   0.000000     +/-    0.000000     %    0.000000     +/-    0.000000     % 
   71154.73     +/-    1.132402     % 

  Flux (Part/deg/GeV/cmq/pr):

   0.000000     +/-    0.000000     %    0.000000     +/-    0.000000     % 
   5238.687     +/-    1.132402     % 

  Energy interval (GeV):  1.5084131E-08  1.4415514E-08

  Flux (Part/sr/GeV/cmq/pr):

   0.000000     +/-    0.000000     %    0.000000     +/-    0.000000     % 
   72473.55     +/-    1.175310     % 

  Flux (Part/deg/GeV/cmq/pr):

   0.000000     +/-    0.000000     %    0.000000     +/-    0.000000     % 
   5335.784     +/-    1.175310     % 

  Energy interval (GeV):  1.4415514E-08  1.3776534E-08

  Flux (Part/sr/GeV/cmq/pr):

   0.000000     +/-    0.000000     %    0.000000     +/-    0.000000     % 
   75684.23     +/-    1.436964     % 

  Flux (Part/deg/GeV/cmq/pr):

   0.000000     +/-    0.000000     %    0.000000     +/-    0.000000     % 
   5572.166     +/-    1.436964     % 

  Energy interval (GeV):  1.3776534E-08  1.3165876E-08

  Flux (Part/sr/GeV/cmq/pr):

   0.000000     +/-    0.000000     %    0.000000     +/-    0.000000     % 
   80562.06     +/-    1.286358     % 

  Flux (Part/deg/GeV/cmq/pr):

   0.000000     +/-    0.000000     %    0.000000     +/-    0.000000     % 
   5931.291     +/-    1.286358     % 

  Energy interval (GeV):  1.3165876E-08  1.2582285E-08

  Flux (Part/sr/GeV/cmq/pr):

   0.000000     +/-    0.000000     %    0.000000     +/-    0.000000     % 
   84532.58     +/-    1.276204     % 

  Flux (Part/deg/GeV/cmq/pr):

   0.000000     +/-    0.000000     %    0.000000     +/-    0.000000     % 
   6223.615     +/-    1.276204     % 

  Energy interval (GeV):  1.2582285E-08  1.2024564E-08

  Flux (Part/sr/GeV/cmq/pr):

   0.000000     +/-    0.000000     %    0.000000     +/-    0.000000     % 
   87085.66     +/-    1.232308     % 

  Flux (Part/deg/GeV/cmq/pr):

   0.000000     +/-    0.000000     %    0.000000     +/-    0.000000     % 
   6411.583     +/-    1.232308     % 

  Energy interval (GeV):  1.2024564E-08  1.1491565E-08

  Flux (Part/sr/GeV/cmq/pr):

   0.000000     +/-    0.000000     %    0.000000     +/-    0.000000     % 
   88548.84     +/-    1.525218     % 

  Flux (Part/deg/GeV/cmq/pr):

   0.000000     +/-    0.000000     %    0.000000     +/-    0.000000     % 
   6519.308     +/-    1.525218     % 

  Energy interval (GeV):  1.1491565E-08  1.0982191E-08

  Flux (Part/sr/GeV/cmq/pr):

   0.000000     +/-    0.000000     %    0.000000     +/-    0.000000     % 
   97574.00     +/-    1.261544     % 

  Flux (Part/deg/GeV/cmq/pr):

   0.000000     +/-    0.000000     %    0.000000     +/-    0.000000     % 
   7183.776     +/-    1.261544     % 

  Energy interval (GeV):  1.0982191E-08  1.0495394E-08

  Flux (Part/sr/GeV/cmq/pr):

   0.000000     +/-    0.000000     %    0.000000     +/-    0.000000     % 
   101044.0     +/-    1.145757     % 

  Flux (Part/deg/GeV/cmq/pr):

   0.000000     +/-    0.000000     %    0.000000     +/-    0.000000     % 
   7439.253     +/-    1.145757     % 

  Energy interval (GeV):  1.0495394E-08  1.0030176E-08

  Flux (Part/sr/GeV/cmq/pr):

   0.000000     +/-    0.000000     %    0.000000     +/-    0.000000     % 
   103625.0     +/-    1.421558     % 

  Flux (Part/deg/GeV/cmq/pr):

   0.000000     +/-    0.000000     %    0.000000     +/-    0.000000     % 
   7629.274     +/-    1.421558     % 

  Energy interval (GeV):  1.0030176E-08  9.5855794E-09

  Flux (Part/sr/GeV/cmq/pr):

   0.000000     +/-    0.000000     %    0.000000     +/-    0.000000     % 
   105577.9     +/-    1.182227     % 

  Flux (Part/deg/GeV/cmq/pr):

   0.000000     +/-    0.000000     %    0.000000     +/-    0.000000     % 
   7773.051     +/-    1.182227     % 

  Energy interval (GeV):  9.5855794E-09  9.1606909E-09

  Flux (Part/sr/GeV/cmq/pr):

   0.000000     +/-    0.000000     %    0.000000     +/-    0.000000     % 
   110455.9     +/-    1.282918     % 

  Flux (Part/deg/GeV/cmq/pr):

   0.000000     +/-    0.000000     %    0.000000     +/-    0.000000     % 
   8132.188     +/-    1.282918     % 

  Energy interval (GeV):  9.1606909E-09  8.7546344E-09

  Flux (Part/sr/GeV/cmq/pr):

   0.000000     +/-    0.000000     %    0.000000     +/-    0.000000     % 
   118426.5     +/-    1.356679     % 

  Flux (Part/deg/GeV/cmq/pr):

   0.000000     +/-    0.000000     %    0.000000     +/-    0.000000     % 
   8719.015     +/-    1.356679     % 

  Energy interval (GeV):  8.7546344E-09  8.3665768E-09

  Flux (Part/sr/GeV/cmq/pr):

   0.000000     +/-    0.000000     %    0.000000     +/-    0.000000     % 
   126009.1     +/-    1.198833     % 

  Flux (Part/deg/GeV/cmq/pr):

   0.000000     +/-    0.000000     %    0.000000     +/-    0.000000     % 
   9277.278     +/-    1.198833     % 

  Energy interval (GeV):  8.3665768E-09  7.9957205E-09

  Flux (Part/sr/GeV/cmq/pr):

   0.000000     +/-    0.000000     %    0.000000     +/-    0.000000     % 
   129255.5     +/-    1.231245     % 

  Flux (Part/deg/GeV/cmq/pr):

   0.000000     +/-    0.000000     %    0.000000     +/-    0.000000     % 
   9516.294     +/-    1.231245     % 

  Energy interval (GeV):  7.9957205E-09  7.6413027E-09

  Flux (Part/sr/GeV/cmq/pr):

   0.000000     +/-    0.000000     %    0.000000     +/-    0.000000     % 
   134480.4     +/-    1.247757     % 

  Flux (Part/deg/GeV/cmq/pr):

   0.000000     +/-    0.000000     %    0.000000     +/-    0.000000     % 
   9900.967     +/-    1.247757     % 

  Energy interval (GeV):  7.6413027E-09  7.3025945E-09

  Flux (Part/sr/GeV/cmq/pr):

   0.000000     +/-    0.000000     %    0.000000     +/-    0.000000     % 
   138774.0     +/-    1.109301     % 

  Flux (Part/deg/GeV/cmq/pr):

   0.000000     +/-    0.000000     %    0.000000     +/-    0.000000     % 
   10217.08     +/-    1.109301     % 

  Energy interval (GeV):  7.3025945E-09  6.9789006E-09

  Flux (Part/sr/GeV/cmq/pr):

   0.000000     +/-    0.000000     %    0.000000     +/-    0.000000     % 
   144516.0     +/-    1.353646     % 

  Flux (Part/deg/GeV/cmq/pr):

   0.000000     +/-    0.000000     %    0.000000     +/-    0.000000     % 
   10639.83     +/-    1.353646     % 

  Energy interval (GeV):  6.9789006E-09  6.6695547E-09

  Flux (Part/sr/GeV/cmq/pr):

   0.000000     +/-    0.000000     %    0.000000     +/-    0.000000     % 
   153009.9     +/-    1.266081     % 

  Flux (Part/deg/GeV/cmq/pr):

   0.000000     +/-    0.000000     %    0.000000     +/-    0.000000     % 
   11265.18     +/-    1.266081     % 

  Energy interval (GeV):  6.6695547E-09  6.3739205E-09

  Flux (Part/sr/GeV/cmq/pr):

   0.000000     +/-    0.000000     %    0.000000     +/-    0.000000     % 
   160242.5     +/-    1.431307     % 

  Flux (Part/deg/GeV/cmq/pr):

   0.000000     +/-    0.000000     %    0.000000     +/-    0.000000     % 
   11797.68     +/-    1.431307     % 

  Energy interval (GeV):  6.3739205E-09  6.0913905E-09

  Flux (Part/sr/GeV/cmq/pr):

   0.000000     +/-    0.000000     %    0.000000     +/-    0.000000     % 
   162985.7     +/-    1.142030     % 

  Flux (Part/deg/GeV/cmq/pr):

   0.000000     +/-    0.000000     %    0.000000     +/-    0.000000     % 
   11999.64     +/-    1.142030     % 

  Energy interval (GeV):  6.0913905E-09  5.8213843E-09

  Flux (Part/sr/GeV/cmq/pr):

   0.000000     +/-    0.000000     %    0.000000     +/-    0.000000     % 
   176135.9     +/-    1.315867     % 

  Flux (Part/deg/GeV/cmq/pr):

   0.000000     +/-    0.000000     %    0.000000     +/-    0.000000     % 
   12967.81     +/-    1.315867     % 

  Energy interval (GeV):  5.8213843E-09  5.5633467E-09

  Flux (Part/sr/GeV/cmq/pr):

   0.000000     +/-    0.000000     %    0.000000     +/-    0.000000     % 
   177988.7     +/-    1.211479     % 

  Flux (Part/deg/GeV/cmq/pr):

   0.000000     +/-    0.000000     %    0.000000     +/-    0.000000     % 
   13104.22     +/-    1.211479     % 

  Energy interval (GeV):  5.5633467E-09  5.3167462E-09

  Flux (Part/sr/GeV/cmq/pr):

   0.000000     +/-    0.000000     %    0.000000     +/-    0.000000     % 
   184453.3     +/-    1.347016     % 

  Flux (Part/deg/GeV/cmq/pr):

   0.000000     +/-    0.000000     %    0.000000     +/-    0.000000     % 
   13580.17     +/-    1.347016     % 

  Energy interval (GeV):  5.3167462E-09  5.0810760E-09

  Flux (Part/sr/GeV/cmq/pr):

   0.000000     +/-    0.000000     %    0.000000     +/-    0.000000     % 
   191986.5     +/-    1.324018     % 

  Flux (Part/deg/GeV/cmq/pr):

   0.000000     +/-    0.000000     %    0.000000     +/-    0.000000     % 
   14134.79     +/-    1.324018     % 

  Energy interval (GeV):  5.0810760E-09  4.8558531E-09

  Flux (Part/sr/GeV/cmq/pr):

   0.000000     +/-    0.000000     %    0.000000     +/-    0.000000     % 
   206310.1     +/-    1.342035     % 

  Flux (Part/deg/GeV/cmq/pr):

   0.000000     +/-    0.000000     %    0.000000     +/-    0.000000     % 
   15189.35     +/-    1.342035     % 

  Energy interval (GeV):  4.8558531E-09  4.6406128E-09

  Flux (Part/sr/GeV/cmq/pr):

   0.000000     +/-    0.000000     %    0.000000     +/-    0.000000     % 
   216849.0     +/-    1.339607     % 

  Flux (Part/deg/GeV/cmq/pr):

   0.000000     +/-    0.000000     %    0.000000     +/-    0.000000     % 
   15965.27     +/-    1.339607     % 

  Energy interval (GeV):  4.6406128E-09  4.4349138E-09

  Flux (Part/sr/GeV/cmq/pr):

   0.000000     +/-    0.000000     %    0.000000     +/-    0.000000     % 
   224135.5     +/-    1.379360     % 

  Flux (Part/deg/GeV/cmq/pr):

   0.000000     +/-    0.000000     %    0.000000     +/-    0.000000     % 
   16501.72     +/-    1.379360     % 

  Energy interval (GeV):  4.4349138E-09  4.2383315E-09

  Flux (Part/sr/GeV/cmq/pr):

   0.000000     +/-    0.000000     %    0.000000     +/-    0.000000     % 
   233877.8     +/-    1.437912     % 

  Flux (Part/deg/GeV/cmq/pr):

   0.000000     +/-    0.000000     %    0.000000     +/-    0.000000     % 
   17218.99     +/-    1.437912     % 

  Energy interval (GeV):  4.2383315E-09  4.0504635E-09

  Flux (Part/sr/GeV/cmq/pr):

   0.000000     +/-    0.000000     %    0.000000     +/-    0.000000     % 
   244127.1     +/-    1.272044     % 

  Flux (Part/deg/GeV/cmq/pr):

   0.000000     +/-    0.000000     %    0.000000     +/-    0.000000     % 
   17973.58     +/-    1.272044     % 

  Energy interval (GeV):  4.0504635E-09  3.8709231E-09

  Flux (Part/sr/GeV/cmq/pr):

   0.000000     +/-    0.000000     %    0.000000     +/-    0.000000     % 
   252856.3     +/-    1.333158     % 

  Flux (Part/deg/GeV/cmq/pr):

   0.000000     +/-    0.000000     %    0.000000     +/-    0.000000     % 
   18616.26     +/-    1.333158     % 

  Energy interval (GeV):  3.8709231E-09  3.6993413E-09

  Flux (Part/sr/GeV/cmq/pr):

   0.000000     +/-    0.000000     %    0.000000     +/-    0.000000     % 
   266970.8     +/-    1.336643     % 

  Flux (Part/deg/GeV/cmq/pr):

   0.000000     +/-    0.000000     %    0.000000     +/-    0.000000     % 
   19655.43     +/-    1.336643     % 

  Energy interval (GeV):  3.6993413E-09  3.5353640E-09

  Flux (Part/sr/GeV/cmq/pr):

   0.000000     +/-    0.000000     %    0.000000     +/-    0.000000     % 
   276954.1     +/-    1.440598     % 

  Flux (Part/deg/GeV/cmq/pr):

   0.000000     +/-    0.000000     %    0.000000     +/-    0.000000     % 
   20390.43     +/-    1.440598     % 

  Energy interval (GeV):  3.5353640E-09  3.3786562E-09

  Flux (Part/sr/GeV/cmq/pr):

   0.000000     +/-    0.000000     %    0.000000     +/-    0.000000     % 
   285393.3     +/-    1.429107     % 

  Flux (Part/deg/GeV/cmq/pr):

   0.000000     +/-    0.000000     %    0.000000     +/-    0.000000     % 
   21011.76     +/-    1.429107     % 

  Energy interval (GeV):  3.3786562E-09  3.2288940E-09

  Flux (Part/sr/GeV/cmq/pr):

   0.000000     +/-    0.000000     %    0.000000     +/-    0.000000     % 
   313964.0     +/-    1.361221     % 

  Flux (Part/deg/GeV/cmq/pr):

   0.000000     +/-    0.000000     %    0.000000     +/-    0.000000     % 
   23115.24     +/-    1.361221     % 

  Energy interval (GeV):  3.2288940E-09  3.0857705E-09

  Flux (Part/sr/GeV/cmq/pr):

   0.000000     +/-    0.000000     %    0.000000     +/-    0.000000     % 
   317306.1     +/-    1.357778     % 

  Flux (Part/deg/GeV/cmq/pr):

   0.000000     +/-    0.000000     %    0.000000     +/-    0.000000     % 
   23361.30     +/-    1.357778     % 

  Energy interval (GeV):  3.0857705E-09  2.9489908E-09

  Flux (Part/sr/GeV/cmq/pr):

   0.000000     +/-    0.000000     %    0.000000     +/-    0.000000     % 
   325918.2     +/-    1.289329     % 

  Flux (Part/deg/GeV/cmq/pr):

   0.000000     +/-    0.000000     %    0.000000     +/-    0.000000     % 
   23995.36     +/-    1.289329     % 

  Energy interval (GeV):  2.9489908E-09  2.8182741E-09

  Flux (Part/sr/GeV/cmq/pr):

   0.000000     +/-    0.000000     %    0.000000     +/-    0.000000     % 
   341034.9     +/-    1.273731     % 

  Flux (Part/deg/GeV/cmq/pr):

   0.000000     +/-    0.000000     %    0.000000     +/-    0.000000     % 
   25108.31     +/-    1.273731     % 

  Energy interval (GeV):  2.8182741E-09  2.6933515E-09

  Flux (Part/sr/GeV/cmq/pr):

   0.000000     +/-    0.000000     %    0.000000     +/-    0.000000     % 
   362958.8     +/-    1.312564     % 

  Flux (Part/deg/GeV/cmq/pr):

   0.000000     +/-    0.000000     %    0.000000     +/-    0.000000     % 
   26722.43     +/-    1.312564     % 

  Energy interval (GeV):  2.6933515E-09  2.5739664E-09

  Flux (Part/sr/GeV/cmq/pr):

   0.000000     +/-    0.000000     %    0.000000     +/-    0.000000     % 
   377775.8     +/-    1.439019     % 

  Flux (Part/deg/GeV/cmq/pr):

   0.000000     +/-    0.000000     %    0.000000     +/-    0.000000     % 
   27813.32     +/-    1.439019     % 

  Energy interval (GeV):  2.5739664E-09  2.4598725E-09

  Flux (Part/sr/GeV/cmq/pr):

   0.000000     +/-    0.000000     %    0.000000     +/-    0.000000     % 
   391779.0     +/-    1.319278     % 

  Flux (Part/deg/GeV/cmq/pr):

   0.000000     +/-    0.000000     %    0.000000     +/-    0.000000     % 
   28844.29     +/-    1.319278     % 

  Energy interval (GeV):  2.4598725E-09  2.3508364E-09

  Flux (Part/sr/GeV/cmq/pr):

   0.000000     +/-    0.000000     %    0.000000     +/-    0.000000     % 
   410539.6     +/-    1.271520     % 

  Flux (Part/deg/GeV/cmq/pr):

   0.000000     +/-    0.000000     %    0.000000     +/-    0.000000     % 
   30225.51     +/-    1.271520     % 

  Energy interval (GeV):  2.3508364E-09  2.2466338E-09

  Flux (Part/sr/GeV/cmq/pr):

   0.000000     +/-    0.000000     %    0.000000     +/-    0.000000     % 
   423570.8     +/-    1.491515     % 

  Flux (Part/deg/GeV/cmq/pr):

   0.000000     +/-    0.000000     %    0.000000     +/-    0.000000     % 
   31184.93     +/-    1.491515     % 

  Energy interval (GeV):  2.2466338E-09  2.1470499E-09

  Flux (Part/sr/GeV/cmq/pr):

   0.000000     +/-    0.000000     %    0.000000     +/-    0.000000     % 
   444910.1     +/-    1.422399     % 

  Flux (Part/deg/GeV/cmq/pr):

   0.000000     +/-    0.000000     %    0.000000     +/-    0.000000     % 
   32756.00     +/-    1.422399     % 

  Energy interval (GeV):  2.1470499E-09  2.0518796E-09

  Flux (Part/sr/GeV/cmq/pr):

   0.000000     +/-    0.000000     %    0.000000     +/-    0.000000     % 
   451962.5     +/-    1.255812     % 

  Flux (Part/deg/GeV/cmq/pr):

   0.000000     +/-    0.000000     %    0.000000     +/-    0.000000     % 
   33275.23     +/-    1.255812     % 

  Energy interval (GeV):  2.0518796E-09  1.9609283E-09

  Flux (Part/sr/GeV/cmq/pr):

   0.000000     +/-    0.000000     %    0.000000     +/-    0.000000     % 
   487491.8     +/-    1.233507     % 

  Flux (Part/deg/GeV/cmq/pr):

   0.000000     +/-    0.000000     %    0.000000     +/-    0.000000     % 
   35891.04     +/-    1.233507     % 

  Energy interval (GeV):  1.9609283E-09  1.8740081E-09

  Flux (Part/sr/GeV/cmq/pr):

   0.000000     +/-    0.000000     %    0.000000     +/-    0.000000     % 
   504652.4     +/-    1.410154     % 

  Flux (Part/deg/GeV/cmq/pr):

   0.000000     +/-    0.000000     %    0.000000     +/-    0.000000     % 
   37154.46     +/-    1.410154     % 

  Energy interval (GeV):  1.8740081E-09  1.7909410E-09

  Flux (Part/sr/GeV/cmq/pr):

   0.000000     +/-    0.000000     %    0.000000     +/-    0.000000     % 
   536371.9     +/-    1.471540     % 

  Flux (Part/deg/GeV/cmq/pr):

   0.000000     +/-    0.000000     %    0.000000     +/-    0.000000     % 
   39489.78     +/-    1.471540     % 

  Energy interval (GeV):  1.7909410E-09  1.7115558E-09

  Flux (Part/sr/GeV/cmq/pr):

   0.000000     +/-    0.000000     %    0.000000     +/-    0.000000     % 
   553057.2     +/-    1.290264     % 

  Flux (Part/deg/GeV/cmq/pr):

   0.000000     +/-    0.000000     %    0.000000     +/-    0.000000     % 
   40718.21     +/-    1.290264     % 

  Energy interval (GeV):  1.7115558E-09  1.6356897E-09

  Flux (Part/sr/GeV/cmq/pr):

   0.000000     +/-    0.000000     %    0.000000     +/-    0.000000     % 
   583789.1     +/-    1.293192     % 

  Flux (Part/deg/GeV/cmq/pr):

   0.000000     +/-    0.000000     %    0.000000     +/-    0.000000     % 
   42980.81     +/-    1.293192     % 

  Energy interval (GeV):  1.6356897E-09  1.5631862E-09

  Flux (Part/sr/GeV/cmq/pr):

   0.000000     +/-    0.000000     %    0.000000     +/-    0.000000     % 
   602449.8     +/-    1.469892     % 

  Flux (Part/deg/GeV/cmq/pr):

   0.000000     +/-    0.000000     %    0.000000     +/-    0.000000     % 
   44354.68     +/-    1.469892     % 

  Energy interval (GeV):  1.5631862E-09  1.4938967E-09

  Flux (Part/sr/GeV/cmq/pr):

   0.000000     +/-    0.000000     %    0.000000     +/-    0.000000     % 
   640590.0     +/-    1.280965     % 

  Flux (Part/deg/GeV/cmq/pr):

   0.000000     +/-    0.000000     %    0.000000     +/-    0.000000     % 
   47162.71     +/-    1.280965     % 

  Energy interval (GeV):  1.4938967E-09  1.4276782E-09

  Flux (Part/sr/GeV/cmq/pr):

   0.000000     +/-    0.000000     %    0.000000     +/-    0.000000     % 
   660843.8     +/-    1.395563     % 

  Flux (Part/deg/GeV/cmq/pr):

   0.000000     +/-    0.000000     %    0.000000     +/-    0.000000     % 
   48653.88     +/-    1.395563     % 

  Energy interval (GeV):  1.4276782E-09  1.3643950E-09

  Flux (Part/sr/GeV/cmq/pr):

   0.000000     +/-    0.000000     %    0.000000     +/-    0.000000     % 
   687561.6     +/-    1.544538     % 

  Flux (Part/deg/GeV/cmq/pr):

   0.000000     +/-    0.000000     %    0.000000     +/-    0.000000     % 
   50620.95     +/-    1.544538     % 

  Energy interval (GeV):  1.3643950E-09  1.3039171E-09

  Flux (Part/sr/GeV/cmq/pr):

   0.000000     +/-    0.000000     %    0.000000     +/-    0.000000     % 
   729807.7     +/-    1.399714     % 

  Flux (Part/deg/GeV/cmq/pr):

   0.000000     +/-    0.000000     %    0.000000     +/-    0.000000     % 
   53731.27     +/-    1.399714     % 

  Energy interval (GeV):  1.3039171E-09  1.2461198E-09

  Flux (Part/sr/GeV/cmq/pr):

   0.000000     +/-    0.000000     %    0.000000     +/-    0.000000     % 
   749070.6     +/-    1.353299     % 

  Flux (Part/deg/GeV/cmq/pr):

   0.000000     +/-    0.000000     %    0.000000     +/-    0.000000     % 
   55149.48     +/-    1.353299     % 

  Energy interval (GeV):  1.2461198E-09  1.1908842E-09

  Flux (Part/sr/GeV/cmq/pr):

   0.000000     +/-    0.000000     %    0.000000     +/-    0.000000     % 
   792972.0     +/-    1.200931     % 

  Flux (Part/deg/GeV/cmq/pr):

   0.000000     +/-    0.000000     %    0.000000     +/-    0.000000     % 
   58381.67     +/-    1.200931     % 

  Energy interval (GeV):  1.1908842E-09  1.1380973E-09

  Flux (Part/sr/GeV/cmq/pr):

   0.000000     +/-    0.000000     %    0.000000     +/-    0.000000     % 
   843593.4     +/-    1.407782     % 

  Flux (Part/deg/GeV/cmq/pr):

   0.000000     +/-    0.000000     %    0.000000     +/-    0.000000     % 
   62108.61     +/-    1.407782     % 

  Energy interval (GeV):  1.1380973E-09  1.0876502E-09

  Flux (Part/sr/GeV/cmq/pr):

   0.000000     +/-    0.000000     %    0.000000     +/-    0.000000     % 
   866645.2     +/-    1.323935     % 

  Flux (Part/deg/GeV/cmq/pr):

   0.000000     +/-    0.000000     %    0.000000     +/-    0.000000     % 
   63805.78     +/-    1.323935     % 

  Energy interval (GeV):  1.0876502E-09  1.0394391E-09

  Flux (Part/sr/GeV/cmq/pr):

   0.000000     +/-    0.000000     %    0.000000     +/-    0.000000     % 
   921664.4     +/-    1.443833     % 

  Flux (Part/deg/GeV/cmq/pr):

   0.000000     +/-    0.000000     %    0.000000     +/-    0.000000     % 
   67856.50     +/-    1.443833     % 

  Energy interval (GeV):  1.0394391E-09  9.9336495E-10

  Flux (Part/sr/GeV/cmq/pr):

   0.000000     +/-    0.000000     %    0.000000     +/-    0.000000     % 
   959881.9     +/-    1.411671     % 

  Flux (Part/deg/GeV/cmq/pr):

   0.000000     +/-    0.000000     %    0.000000     +/-    0.000000     % 
   70670.22     +/-    1.411671     % 

  Energy interval (GeV):  9.9336495E-10  9.4933306E-10

  Flux (Part/sr/GeV/cmq/pr):

   0.000000     +/-    0.000000     %    0.000000     +/-    0.000000     % 
   998567.7     +/-    1.422158     % 

  Flux (Part/deg/GeV/cmq/pr):

   0.000000     +/-    0.000000     %    0.000000     +/-    0.000000     % 
   73518.42     +/-    1.422158     % 

  Energy interval (GeV):  9.4933306E-10  9.0725311E-10

  Flux (Part/sr/GeV/cmq/pr):

   0.000000     +/-    0.000000     %    0.000000     +/-    0.000000     % 
   1052325.     +/-    1.294108     % 

  Flux (Part/deg/GeV/cmq/pr):

   0.000000     +/-    0.000000     %    0.000000     +/-    0.000000     % 
   77476.22     +/-    1.294108     % 

  Energy interval (GeV):  9.0725311E-10  8.6703827E-10

  Flux (Part/sr/GeV/cmq/pr):

   0.000000     +/-    0.000000     %    0.000000     +/-    0.000000     % 
   1085959.     +/-    1.331954     % 

  Flux (Part/deg/GeV/cmq/pr):

   0.000000     +/-    0.000000     %    0.000000     +/-    0.000000     % 
   79952.52     +/-    1.331954     % 

  Energy interval (GeV):  8.6703827E-10  8.2860596E-10

  Flux (Part/sr/GeV/cmq/pr):

   0.000000     +/-    0.000000     %    0.000000     +/-    0.000000     % 
   1129434.     +/-    1.373186     % 

  Flux (Part/deg/GeV/cmq/pr):

   0.000000     +/-    0.000000     %    0.000000     +/-    0.000000     % 
   83153.27     +/-    1.373186     % 

  Energy interval (GeV):  8.2860596E-10  7.9187729E-10

  Flux (Part/sr/GeV/cmq/pr):

   0.000000     +/-    0.000000     %    0.000000     +/-    0.000000     % 
   1194061.     +/-    1.149049     % 

  Flux (Part/deg/GeV/cmq/pr):

   0.000000     +/-    0.000000     %    0.000000     +/-    0.000000     % 
   87911.40     +/-    1.149049     % 

  Energy interval (GeV):  7.9187729E-10  7.5677659E-10

  Flux (Part/sr/GeV/cmq/pr):

   0.000000     +/-    0.000000     %    0.000000     +/-    0.000000     % 
   1267973.     +/-    1.404064     % 

  Flux (Part/deg/GeV/cmq/pr):

   0.000000     +/-    0.000000     %    0.000000     +/-    0.000000     % 
   93353.06     +/-    1.404064     % 

  Energy interval (GeV):  7.5677659E-10  7.2323175E-10

  Flux (Part/sr/GeV/cmq/pr):

   0.000000     +/-    0.000000     %    0.000000     +/-    0.000000     % 
   1327023.     +/-    1.280670     % 

  Flux (Part/deg/GeV/cmq/pr):

   0.000000     +/-    0.000000     %    0.000000     +/-    0.000000     % 
   97700.57     +/-    1.280670     % 

  Energy interval (GeV):  7.2323175E-10  6.9117384E-10

  Flux (Part/sr/GeV/cmq/pr):

   0.000000     +/-    0.000000     %    0.000000     +/-    0.000000     % 
   1380308.     +/-    1.283574     % 

  Flux (Part/deg/GeV/cmq/pr):

   0.000000     +/-    0.000000     %    0.000000     +/-    0.000000     % 
   101623.6     +/-    1.283574     % 

  Energy interval (GeV):  6.9117384E-10  6.6053690E-10

  Flux (Part/sr/GeV/cmq/pr):

   0.000000     +/-    0.000000     %    0.000000     +/-    0.000000     % 
   1438825.     +/-    1.402226     % 

  Flux (Part/deg/GeV/cmq/pr):

   0.000000     +/-    0.000000     %    0.000000     +/-    0.000000     % 
   105931.9     +/-    1.402226     % 

  Energy interval (GeV):  6.6053690E-10  6.3125805E-10

  Flux (Part/sr/GeV/cmq/pr):

   0.000000     +/-    0.000000     %    0.000000     +/-    0.000000     % 
   1483896.     +/-    1.142532     % 

  Flux (Part/deg/GeV/cmq/pr):

   0.000000     +/-    0.000000     %    0.000000     +/-    0.000000     % 
   109250.1     +/-    1.142532     % 

  Energy interval (GeV):  6.3125805E-10  6.0327693E-10

  Flux (Part/sr/GeV/cmq/pr):

   0.000000     +/-    0.000000     %    0.000000     +/-    0.000000     % 
   1594617.     +/-    1.348408     % 

  Flux (Part/deg/GeV/cmq/pr):

   0.000000     +/-    0.000000     %    0.000000     +/-    0.000000     % 
   117401.9     +/-    1.348408     % 

  Energy interval (GeV):  6.0327693E-10  5.7653604E-10

  Flux (Part/sr/GeV/cmq/pr):

   0.000000     +/-    0.000000     %    0.000000     +/-    0.000000     % 
   1653565.     +/-    1.231111     % 

  Flux (Part/deg/GeV/cmq/pr):

   0.000000     +/-    0.000000     %    0.000000     +/-    0.000000     % 
   121741.9     +/-    1.231111     % 

  Energy interval (GeV):  5.7653604E-10  5.5098054E-10

  Flux (Part/sr/GeV/cmq/pr):

   0.000000     +/-    0.000000     %    0.000000     +/-    0.000000     % 
   1734031.     +/-    1.226122     % 

  Flux (Part/deg/GeV/cmq/pr):

   0.000000     +/-    0.000000     %    0.000000     +/-    0.000000     % 
   127666.1     +/-    1.226122     % 

  Energy interval (GeV):  5.5098054E-10  5.2655785E-10

  Flux (Part/sr/GeV/cmq/pr):

   0.000000     +/-    0.000000     %    0.000000     +/-    0.000000     % 
   1806239.     +/-    1.242824     % 

  Flux (Part/deg/GeV/cmq/pr):

   0.000000     +/-    0.000000     %    0.000000     +/-    0.000000     % 
   132982.3     +/-    1.242824     % 

  Energy interval (GeV):  5.2655785E-10  5.0321775E-10

  Flux (Part/sr/GeV/cmq/pr):

   0.000000     +/-    0.000000     %    0.000000     +/-    0.000000     % 
   1902056.     +/-    1.462203     % 

  Flux (Part/deg/GeV/cmq/pr):

   0.000000     +/-    0.000000     %    0.000000     +/-    0.000000     % 
   140036.8     +/-    1.462203     % 

  Energy interval (GeV):  5.0321775E-10  4.8091214E-10

  Flux (Part/sr/GeV/cmq/pr):

   0.000000     +/-    0.000000     %    0.000000     +/-    0.000000     % 
   1997837.     +/-    1.336497     % 

  Flux (Part/deg/GeV/cmq/pr):

   0.000000     +/-    0.000000     %    0.000000     +/-    0.000000     % 
   147088.5     +/-    1.336497     % 

  Energy interval (GeV):  4.8091214E-10  4.5959525E-10

  Flux (Part/sr/GeV/cmq/pr):

   0.000000     +/-    0.000000     %    0.000000     +/-    0.000000     % 
   2081083.     +/-    1.018478     % 

  Flux (Part/deg/GeV/cmq/pr):

   0.000000     +/-    0.000000     %    0.000000     +/-    0.000000     % 
   153217.4     +/-    1.018478     % 

  Energy interval (GeV):  4.5959525E-10  4.3922330E-10

  Flux (Part/sr/GeV/cmq/pr):

   0.000000     +/-    0.000000     %    0.000000     +/-    0.000000     % 
   2189432.     +/-    1.327396     % 

  Flux (Part/deg/GeV/cmq/pr):

   0.000000     +/-    0.000000     %    0.000000     +/-    0.000000     % 
   161194.5     +/-    1.327396     % 

  Energy interval (GeV):  4.3922330E-10  4.1975434E-10

  Flux (Part/sr/GeV/cmq/pr):

   0.000000     +/-    0.000000     %    0.000000     +/-    0.000000     % 
   2356556.     +/-    1.366074     % 

  Flux (Part/deg/GeV/cmq/pr):

   0.000000     +/-    0.000000     %    0.000000     +/-    0.000000     % 
   173498.8     +/-    1.366074     % 

  Energy interval (GeV):  4.1975434E-10  4.0114831E-10

  Flux (Part/sr/GeV/cmq/pr):

   0.000000     +/-    0.000000     %    0.000000     +/-    0.000000     % 
   2349772.     +/-    1.494613     % 

  Flux (Part/deg/GeV/cmq/pr):

   0.000000     +/-    0.000000     %    0.000000     +/-    0.000000     % 
   172999.3     +/-    1.494613     % 

  Energy interval (GeV):  4.0114831E-10  3.8336703E-10

  Flux (Part/sr/GeV/cmq/pr):

   0.000000     +/-    0.000000     %    0.000000     +/-    0.000000     % 
   2499399.     +/-    1.307965     % 

  Flux (Part/deg/GeV/cmq/pr):

   0.000000     +/-    0.000000     %    0.000000     +/-    0.000000     % 
   184015.4     +/-    1.307965     % 

  Energy interval (GeV):  3.8336703E-10  3.6637396E-10

  Flux (Part/sr/GeV/cmq/pr):

   0.000000     +/-    0.000000     %    0.000000     +/-    0.000000     % 
   2576108.     +/-    1.297094     % 

  Flux (Part/deg/GeV/cmq/pr):

   0.000000     +/-    0.000000     %    0.000000     +/-    0.000000     % 
   189663.0     +/-    1.297094     % 

  Energy interval (GeV):  3.6637396E-10  3.5013409E-10

  Flux (Part/sr/GeV/cmq/pr):

   0.000000     +/-    0.000000     %    0.000000     +/-    0.000000     % 
   2748001.     +/-    1.370518     % 

  Flux (Part/deg/GeV/cmq/pr):

   0.000000     +/-    0.000000     %    0.000000     +/-    0.000000     % 
   202318.5     +/-    1.370518     % 

  Energy interval (GeV):  3.5013409E-10  3.3461406E-10

  Flux (Part/sr/GeV/cmq/pr):

   0.000000     +/-    0.000000     %    0.000000     +/-    0.000000     % 
   2834070.     +/-    1.398594     % 

  Flux (Part/deg/GeV/cmq/pr):

   0.000000     +/-    0.000000     %    0.000000     +/-    0.000000     % 
   208655.2     +/-    1.398594     % 

  Energy interval (GeV):  3.3461406E-10  3.1978201E-10

  Flux (Part/sr/GeV/cmq/pr):

   0.000000     +/-    0.000000     %    0.000000     +/-    0.000000     % 
   2975264.     +/-    1.379870     % 

  Flux (Part/deg/GeV/cmq/pr):

   0.000000     +/-    0.000000     %    0.000000     +/-    0.000000     % 
   219050.5     +/-    1.379870     % 

  Energy interval (GeV):  3.1978201E-10  3.0560740E-10

  Flux (Part/sr/GeV/cmq/pr):

   0.000000     +/-    0.000000     %    0.000000     +/-    0.000000     % 
   3140452.     +/-    1.301290     % 

  Flux (Part/deg/GeV/cmq/pr):

   0.000000     +/-    0.000000     %    0.000000     +/-    0.000000     % 
   231212.2     +/-    1.301290     % 

  Energy interval (GeV):  3.0560740E-10  2.9206104E-10

  Flux (Part/sr/GeV/cmq/pr):

   0.000000     +/-    0.000000     %    0.000000     +/-    0.000000     % 
   3293225.     +/-    1.215166     % 

  Flux (Part/deg/GeV/cmq/pr):

   0.000000     +/-    0.000000     %    0.000000     +/-    0.000000     % 
   242460.0     +/-    1.215166     % 

  Energy interval (GeV):  2.9206104E-10  2.7911515E-10

  Flux (Part/sr/GeV/cmq/pr):

   0.000000     +/-    0.000000     %    0.000000     +/-    0.000000     % 
   3498690.     +/-    1.479983     % 

  Flux (Part/deg/GeV/cmq/pr):

   0.000000     +/-    0.000000     %    0.000000     +/-    0.000000     % 
   257587.1     +/-    1.479983     % 

  Energy interval (GeV):  2.7911515E-10  2.6674313E-10

  Flux (Part/sr/GeV/cmq/pr):

   0.000000     +/-    0.000000     %    0.000000     +/-    0.000000     % 
   3724567.     +/-    1.186431     % 

  Flux (Part/deg/GeV/cmq/pr):

   0.000000     +/-    0.000000     %    0.000000     +/-    0.000000     % 
   274217.0     +/-    1.186431     % 

  Energy interval (GeV):  2.6674313E-10  2.5491950E-10

  Flux (Part/sr/GeV/cmq/pr):

   0.000000     +/-    0.000000     %    0.000000     +/-    0.000000     % 
   4029064.     +/-    1.306245     % 

  Flux (Part/deg/GeV/cmq/pr):

   0.000000     +/-    0.000000     %    0.000000     +/-    0.000000     % 
   296635.2     +/-    1.306245     % 

  Energy interval (GeV):  2.5491950E-10  2.4361999E-10

  Flux (Part/sr/GeV/cmq/pr):

   0.000000     +/-    0.000000     %    0.000000     +/-    0.000000     % 
   4283445.     +/-    1.064212     % 

  Flux (Part/deg/GeV/cmq/pr):

   0.000000     +/-    0.000000     %    0.000000     +/-    0.000000     % 
   315363.8     +/-    1.064212     % 

  Energy interval (GeV):  2.4361999E-10  2.3282129E-10

  Flux (Part/sr/GeV/cmq/pr):

   0.000000     +/-    0.000000     %    0.000000     +/-    0.000000     % 
   4551269.     +/-    1.193619     % 

  Flux (Part/deg/GeV/cmq/pr):

   0.000000     +/-    0.000000     %    0.000000     +/-    0.000000     % 
   335082.1     +/-    1.193619     % 

  Energy interval (GeV):  2.3282129E-10  2.2250127E-10

  Flux (Part/sr/GeV/cmq/pr):

   0.000000     +/-    0.000000     %    0.000000     +/-    0.000000     % 
   4923419.     +/-    1.252008     % 

  Flux (Part/deg/GeV/cmq/pr):

   0.000000     +/-    0.000000     %    0.000000     +/-    0.000000     % 
   362481.2     +/-    1.252008     % 

  Energy interval (GeV):  2.2250127E-10  2.1263870E-10

  Flux (Part/sr/GeV/cmq/pr):

   0.000000     +/-    0.000000     %    0.000000     +/-    0.000000     % 
   5400898.     +/-    1.243432     % 

  Flux (Part/deg/GeV/cmq/pr):

   0.000000     +/-    0.000000     %    0.000000     +/-    0.000000     % 
   397635.0     +/-    1.243432     % 

  Energy interval (GeV):  2.1263870E-10  2.0321331E-10

  Flux (Part/sr/GeV/cmq/pr):

   0.000000     +/-    0.000000     %    0.000000     +/-    0.000000     % 
   6020268.     +/-    1.071074     % 

  Flux (Part/deg/GeV/cmq/pr):

   0.000000     +/-    0.000000     %    0.000000     +/-    0.000000     % 
   443235.4     +/-    1.071074     % 

  Energy interval (GeV):  2.0321331E-10  1.9420568E-10

  Flux (Part/sr/GeV/cmq/pr):

   0.000000     +/-    0.000000     %    0.000000     +/-    0.000000     % 
   6875341.     +/-    1.219813     % 

  Flux (Part/deg/GeV/cmq/pr):

   0.000000     +/-    0.000000     %    0.000000     +/-    0.000000     % 
   506189.2     +/-    1.219813     % 

  Energy interval (GeV):  1.9420568E-10  1.8559733E-10

  Flux (Part/sr/GeV/cmq/pr):

   0.000000     +/-    0.000000     %    0.000000     +/-    0.000000     % 
   7532818.     +/-    1.050254     % 

  Flux (Part/deg/GeV/cmq/pr):

   0.000000     +/-    0.000000     %    0.000000     +/-    0.000000     % 
   554595.2     +/-    1.050254     % 

  Energy interval (GeV):  1.8559733E-10  1.7737056E-10

  Flux (Part/sr/GeV/cmq/pr):

   0.000000     +/-    0.000000     %    0.000000     +/-    0.000000     % 
   8491229.     +/-    1.088113     % 

  Flux (Part/deg/GeV/cmq/pr):

   0.000000     +/-    0.000000     %    0.000000     +/-    0.000000     % 
   625157.2     +/-    1.088113     % 

  Energy interval (GeV):  1.7737056E-10  1.6950846E-10

  Flux (Part/sr/GeV/cmq/pr):

   0.000000     +/-    0.000000     %    0.000000     +/-    0.000000     % 
   9625491.     +/-    1.007845     % 

  Flux (Part/deg/GeV/cmq/pr):

   0.000000     +/-    0.000000     %    0.000000     +/-    0.000000     % 
   708665.9     +/-    1.007845     % 

  Energy interval (GeV):  1.6950846E-10  1.6199483E-10

  Flux (Part/sr/GeV/cmq/pr):

   0.000000     +/-    0.000000     %    0.000000     +/-    0.000000     % 
  1.1017686E+07 +/-   0.7948806     % 

  Flux (Part/deg/GeV/cmq/pr):

   0.000000     +/-    0.000000     %    0.000000     +/-    0.000000     % 
   811164.7     +/-   0.7948806     % 

  Energy interval (GeV):  1.6199483E-10  1.5481427E-10

  Flux (Part/sr/GeV/cmq/pr):

   0.000000     +/-    0.000000     %    0.000000     +/-    0.000000     % 
  1.2766561E+07 +/-   0.8714568     % 

  Flux (Part/deg/GeV/cmq/pr):

   0.000000     +/-    0.000000     %    0.000000     +/-    0.000000     % 
   939923.6     +/-   0.8714568     % 

  Energy interval (GeV):  1.5481427E-10  1.4795198E-10

  Flux (Part/sr/GeV/cmq/pr):

   0.000000     +/-    0.000000     %    0.000000     +/-    0.000000     % 
  1.4559190E+07 +/-   0.9103367     % 

  Flux (Part/deg/GeV/cmq/pr):

   0.000000     +/-    0.000000     %    0.000000     +/-    0.000000     % 
   1071904.     +/-   0.9103367     % 

  Energy interval (GeV):  1.4795198E-10  1.4139388E-10

  Flux (Part/sr/GeV/cmq/pr):

   0.000000     +/-    0.000000     %    0.000000     +/-    0.000000     % 
  1.6603285E+07 +/-   0.8125971     % 

  Flux (Part/deg/GeV/cmq/pr):

   0.000000     +/-    0.000000     %    0.000000     +/-    0.000000     % 
   1222398.     +/-   0.8125971     % 

  Energy interval (GeV):  1.4139388E-10  1.3512644E-10

  Flux (Part/sr/GeV/cmq/pr):

   0.000000     +/-    0.000000     %    0.000000     +/-    0.000000     % 
  1.8575074E+07 +/-   0.8013020     % 

  Flux (Part/deg/GeV/cmq/pr):

   0.000000     +/-    0.000000     %    0.000000     +/-    0.000000     % 
   1367569.     +/-   0.8013020     % 

  Energy interval (GeV):  1.3512644E-10  1.2913684E-10

  Flux (Part/sr/GeV/cmq/pr):

   0.000000     +/-    0.000000     %    0.000000     +/-    0.000000     % 
  2.1068068E+07 +/-   0.7447755     % 

  Flux (Part/deg/GeV/cmq/pr):

   0.000000     +/-    0.000000     %    0.000000     +/-    0.000000     % 
   1551113.     +/-   0.7447755     % 

  Energy interval (GeV):  1.2913684E-10  1.2341274E-10

  Flux (Part/sr/GeV/cmq/pr):

   0.000000     +/-    0.000000     %    0.000000     +/-    0.000000     % 
  2.4112862E+07 +/-   0.7693835     % 

  Flux (Part/deg/GeV/cmq/pr):

   0.000000     +/-    0.000000     %    0.000000     +/-    0.000000     % 
   1775282.     +/-   0.7693835     % 

  Energy interval (GeV):  1.2341274E-10  1.1794236E-10

  Flux (Part/sr/GeV/cmq/pr):

   0.000000     +/-    0.000000     %    0.000000     +/-    0.000000     % 
  2.7248000E+07 +/-   0.7804489     % 

  Flux (Part/deg/GeV/cmq/pr):

   0.000000     +/-    0.000000     %    0.000000     +/-    0.000000     % 
   2006103.     +/-   0.7804489     % 

  Energy interval (GeV):  1.1794236E-10  1.1271445E-10

  Flux (Part/sr/GeV/cmq/pr):

   0.000000     +/-    0.000000     %    0.000000     +/-    0.000000     % 
  3.0655882E+07 +/-   0.7294351     % 

  Flux (Part/deg/GeV/cmq/pr):

   0.000000     +/-    0.000000     %    0.000000     +/-    0.000000     % 
   2257005.     +/-   0.7294351     % 

  Energy interval (GeV):  1.1271445E-10  1.0771829E-10

  Flux (Part/sr/GeV/cmq/pr):

   0.000000     +/-    0.000000     %    0.000000     +/-    0.000000     % 
  3.4186276E+07 +/-   0.7441987     % 

  Flux (Part/deg/GeV/cmq/pr):

   0.000000     +/-    0.000000     %    0.000000     +/-    0.000000     % 
   2516926.     +/-   0.7441987     % 

  Energy interval (GeV):  1.0771829E-10  1.0294358E-10

  Flux (Part/sr/GeV/cmq/pr):

   0.000000     +/-    0.000000     %    0.000000     +/-    0.000000     % 
  3.7887404E+07 +/-   0.6054164     % 

  Flux (Part/deg/GeV/cmq/pr):

   0.000000     +/-    0.000000     %    0.000000     +/-    0.000000     % 
   2789418.     +/-   0.6054164     % 

  Energy interval (GeV):  1.0294358E-10  9.8380505E-11

  Flux (Part/sr/GeV/cmq/pr):

   0.000000     +/-    0.000000     %    0.000000     +/-    0.000000     % 
  4.1999092E+07 +/-   0.6605449     % 

  Flux (Part/deg/GeV/cmq/pr):

   0.000000     +/-    0.000000     %    0.000000     +/-    0.000000     % 
   3092136.     +/-   0.6605449     % 

  Energy interval (GeV):  9.8380505E-11  9.4019695E-11

  Flux (Part/sr/GeV/cmq/pr):

   0.000000     +/-    0.000000     %    0.000000     +/-    0.000000     % 
  4.6445672E+07 +/-   0.6120105     % 

  Flux (Part/deg/GeV/cmq/pr):

   0.000000     +/-    0.000000     %    0.000000     +/-    0.000000     % 
   3419510.     +/-   0.6120105     % 

  Energy interval (GeV):  9.4019695E-11  8.9852188E-11

  Flux (Part/sr/GeV/cmq/pr):

   0.000000     +/-    0.000000     %    0.000000     +/-    0.000000     % 
  5.0665284E+07 +/-   0.5219468     % 

  Flux (Part/deg/GeV/cmq/pr):

   0.000000     +/-    0.000000     %    0.000000     +/-    0.000000     % 
   3730174.     +/-   0.5219468     % 

  Energy interval (GeV):  8.9852188E-11  8.5869416E-11

  Flux (Part/sr/GeV/cmq/pr):

   0.000000     +/-    0.000000     %    0.000000     +/-    0.000000     % 
  5.5200596E+07 +/-   0.5868476     % 

  Flux (Part/deg/GeV/cmq/pr):

   0.000000     +/-    0.000000     %    0.000000     +/-    0.000000     % 
   4064082.     +/-   0.5868476     % 

  Energy interval (GeV):  8.5869416E-11  8.2063169E-11

  Flux (Part/sr/GeV/cmq/pr):

   0.000000     +/-    0.000000     %    0.000000     +/-    0.000000     % 
  5.9798700E+07 +/-   0.6365983     % 

  Flux (Part/deg/GeV/cmq/pr):

   0.000000     +/-    0.000000     %    0.000000     +/-    0.000000     % 
   4402612.     +/-   0.6365983     % 

  Energy interval (GeV):  8.2063169E-11  7.8425641E-11

  Flux (Part/sr/GeV/cmq/pr):

   0.000000     +/-    0.000000     %    0.000000     +/-    0.000000     % 
  6.5978248E+07 +/-   0.6291925     % 

  Flux (Part/deg/GeV/cmq/pr):

   0.000000     +/-    0.000000     %    0.000000     +/-    0.000000     % 
   4857574.     +/-   0.6291925     % 

  Energy interval (GeV):  7.8425641E-11  7.4949352E-11

  Flux (Part/sr/GeV/cmq/pr):

   0.000000     +/-    0.000000     %    0.000000     +/-    0.000000     % 
  6.9913832E+07 +/-   0.5646885     % 

  Flux (Part/deg/GeV/cmq/pr):

   0.000000     +/-    0.000000     %    0.000000     +/-    0.000000     % 
   5147327.     +/-   0.5646885     % 

  Energy interval (GeV):  7.4949352E-11  7.1627163E-11

  Flux (Part/sr/GeV/cmq/pr):

   0.000000     +/-    0.000000     %    0.000000     +/-    0.000000     % 
  7.5314840E+07 +/-   0.5859189     % 

  Flux (Part/deg/GeV/cmq/pr):

   0.000000     +/-    0.000000     %    0.000000     +/-    0.000000     % 
   5544970.     +/-   0.5859189     % 

  Energy interval (GeV):  7.1627163E-11  6.8452223E-11

  Flux (Part/sr/GeV/cmq/pr):

   0.000000     +/-    0.000000     %    0.000000     +/-    0.000000     % 
  7.9559192E+07 +/-   0.5339943     % 

  Flux (Part/deg/GeV/cmq/pr):

   0.000000     +/-    0.000000     %    0.000000     +/-    0.000000     % 
   5857456.     +/-   0.5339943     % 

  Energy interval (GeV):  6.8452223E-11  6.5418004E-11

  Flux (Part/sr/GeV/cmq/pr):

   0.000000     +/-    0.000000     %    0.000000     +/-    0.000000     % 
  8.5083160E+07 +/-   0.5474776     % 

  Flux (Part/deg/GeV/cmq/pr):

   0.000000     +/-    0.000000     %    0.000000     +/-    0.000000     % 
   6264152.     +/-   0.5474776     % 

  Energy interval (GeV):  6.5418004E-11  6.2518289E-11

  Flux (Part/sr/GeV/cmq/pr):

   0.000000     +/-    0.000000     %    0.000000     +/-    0.000000     % 
  8.9577744E+07 +/-   0.6118273     % 

  Flux (Part/deg/GeV/cmq/pr):

   0.000000     +/-    0.000000     %    0.000000     +/-    0.000000     % 
   6595060.     +/-   0.6118273     % 

  Energy interval (GeV):  6.2518289E-11  5.9747117E-11

  Flux (Part/sr/GeV/cmq/pr):

   0.000000     +/-    0.000000     %    0.000000     +/-    0.000000     % 
  9.2941520E+07 +/-   0.5289059     % 

  Flux (Part/deg/GeV/cmq/pr):

   0.000000     +/-    0.000000     %    0.000000     +/-    0.000000     % 
   6842714.     +/-   0.5289059     % 

  Energy interval (GeV):  5.9747117E-11  5.7098774E-11

  Flux (Part/sr/GeV/cmq/pr):

   0.000000     +/-    0.000000     %    0.000000     +/-    0.000000     % 
  9.7828368E+07 +/-   0.6000581     % 

  Flux (Part/deg/GeV/cmq/pr):

   0.000000     +/-    0.000000     %    0.000000     +/-    0.000000     % 
   7202503.     +/-   0.6000581     % 

  Energy interval (GeV):  5.7098774E-11  5.4567816E-11

  Flux (Part/sr/GeV/cmq/pr):

   0.000000     +/-    0.000000     %    0.000000     +/-    0.000000     % 
  1.0180747E+08 +/-   0.5068759     % 

  Flux (Part/deg/GeV/cmq/pr):

   0.000000     +/-    0.000000     %    0.000000     +/-    0.000000     % 
   7495460.     +/-   0.5068759     % 

  Energy interval (GeV):  5.4567816E-11  5.2149045E-11

  Flux (Part/sr/GeV/cmq/pr):

   0.000000     +/-    0.000000     %    0.000000     +/-    0.000000     % 
  1.0497592E+08 +/-   0.5933232     % 

  Flux (Part/deg/GeV/cmq/pr):

   0.000000     +/-    0.000000     %    0.000000     +/-    0.000000     % 
   7728734.     +/-   0.5933232     % 

  Energy interval (GeV):  5.2149045E-11  4.9837492E-11

  Flux (Part/sr/GeV/cmq/pr):

   0.000000     +/-    0.000000     %    0.000000     +/-    0.000000     % 
  1.0792748E+08 +/-   0.5195675     % 

  Flux (Part/deg/GeV/cmq/pr):

   0.000000     +/-    0.000000     %    0.000000     +/-    0.000000     % 
   7946039.     +/-   0.5195675     % 

  Energy interval (GeV):  4.9837492E-11  4.7628401E-11

  Flux (Part/sr/GeV/cmq/pr):

   0.000000     +/-    0.000000     %    0.000000     +/-    0.000000     % 
  1.0992747E+08 +/-   0.5953508     % 

  Flux (Part/deg/GeV/cmq/pr):

   0.000000     +/-    0.000000     %    0.000000     +/-    0.000000     % 
   8093286.     +/-   0.5953508     % 

  Energy interval (GeV):  4.7628401E-11  4.5517225E-11

  Flux (Part/sr/GeV/cmq/pr):

   0.000000     +/-    0.000000     %    0.000000     +/-    0.000000     % 
  1.1247031E+08 +/-   0.6246995     % 

  Flux (Part/deg/GeV/cmq/pr):

   0.000000     +/-    0.000000     %    0.000000     +/-    0.000000     % 
   8280500.     +/-   0.6246995     % 

  Energy interval (GeV):  4.5517225E-11  4.3499634E-11

  Flux (Part/sr/GeV/cmq/pr):

   0.000000     +/-    0.000000     %    0.000000     +/-    0.000000     % 
  1.1365150E+08 +/-   0.6058936     % 

  Flux (Part/deg/GeV/cmq/pr):

   0.000000     +/-    0.000000     %    0.000000     +/-    0.000000     % 
   8367464.     +/-   0.6058936     % 

  Energy interval (GeV):  4.3499634E-11  4.1571475E-11

  Flux (Part/sr/GeV/cmq/pr):

   0.000000     +/-    0.000000     %    0.000000     +/-    0.000000     % 
  1.1517504E+08 +/-   0.5629274     % 

  Flux (Part/deg/GeV/cmq/pr):

   0.000000     +/-    0.000000     %    0.000000     +/-    0.000000     % 
   8479632.     +/-   0.5629274     % 

  Energy interval (GeV):  4.1571475E-11  3.9728779E-11

  Flux (Part/sr/GeV/cmq/pr):

   0.000000     +/-    0.000000     %    0.000000     +/-    0.000000     % 
  1.1687428E+08 +/-   0.6130909     % 

  Flux (Part/deg/GeV/cmq/pr):

   0.000000     +/-    0.000000     %    0.000000     +/-    0.000000     % 
   8604737.     +/-   0.6130909     % 

  Energy interval (GeV):  3.9728779E-11  3.7967764E-11

  Flux (Part/sr/GeV/cmq/pr):

   0.000000     +/-    0.000000     %    0.000000     +/-    0.000000     % 
  1.1670973E+08 +/-   0.6499676     % 

  Flux (Part/deg/GeV/cmq/pr):

   0.000000     +/-    0.000000     %    0.000000     +/-    0.000000     % 
   8592622.     +/-   0.6499676     % 

  Energy interval (GeV):  3.7967764E-11  3.6284812E-11

  Flux (Part/sr/GeV/cmq/pr):

   0.000000     +/-    0.000000     %    0.000000     +/-    0.000000     % 
  1.1765730E+08 +/-   0.5908056     % 

  Flux (Part/deg/GeV/cmq/pr):

   0.000000     +/-    0.000000     %    0.000000     +/-    0.000000     % 
   8662386.     +/-   0.5908056     % 

  Energy interval (GeV):  3.6284812E-11  3.4676456E-11

  Flux (Part/sr/GeV/cmq/pr):

   0.000000     +/-    0.000000     %    0.000000     +/-    0.000000     % 
  1.1560109E+08 +/-   0.6368058     % 

  Flux (Part/deg/GeV/cmq/pr):

   0.000000     +/-    0.000000     %    0.000000     +/-    0.000000     % 
   8511000.     +/-   0.6368058     % 

  Energy interval (GeV):  3.4676456E-11  3.3139387E-11

  Flux (Part/sr/GeV/cmq/pr):

   0.000000     +/-    0.000000     %    0.000000     +/-    0.000000     % 
  1.1546742E+08 +/-   0.6846888     % 

  Flux (Part/deg/GeV/cmq/pr):

   0.000000     +/-    0.000000     %    0.000000     +/-    0.000000     % 
   8501158.     +/-   0.6846888     % 

  Energy interval (GeV):  3.3139387E-11  3.1670451E-11

  Flux (Part/sr/GeV/cmq/pr):

   0.000000     +/-    0.000000     %    0.000000     +/-    0.000000     % 
  1.1422541E+08 +/-   0.7217898     % 

  Flux (Part/deg/GeV/cmq/pr):

   0.000000     +/-    0.000000     %    0.000000     +/-    0.000000     % 
   8409717.     +/-   0.7217898     % 

  Energy interval (GeV):  3.1670451E-11  3.0266629E-11

  Flux (Part/sr/GeV/cmq/pr):

   0.000000     +/-    0.000000     %    0.000000     +/-    0.000000     % 
  1.1340910E+08 +/-   0.6865187     % 

  Flux (Part/deg/GeV/cmq/pr):

   0.000000     +/-    0.000000     %    0.000000     +/-    0.000000     % 
   8349616.     +/-   0.6865187     % 

  Energy interval (GeV):  3.0266629E-11  2.8925033E-11

  Flux (Part/sr/GeV/cmq/pr):

   0.000000     +/-    0.000000     %    0.000000     +/-    0.000000     % 
  1.1182246E+08 +/-   0.6687337     % 

  Flux (Part/deg/GeV/cmq/pr):

   0.000000     +/-    0.000000     %    0.000000     +/-    0.000000     % 
   8232802.     +/-   0.6687337     % 

  Energy interval (GeV):  2.8925033E-11  2.7642907E-11

  Flux (Part/sr/GeV/cmq/pr):

   0.000000     +/-    0.000000     %    0.000000     +/-    0.000000     % 
  1.1014526E+08 +/-   0.7204274     % 

  Flux (Part/deg/GeV/cmq/pr):

   0.000000     +/-    0.000000     %    0.000000     +/-    0.000000     % 
   8109320.     +/-   0.7204274     % 

  Energy interval (GeV):  2.7642907E-11  2.6417608E-11

  Flux (Part/sr/GeV/cmq/pr):

   0.000000     +/-    0.000000     %    0.000000     +/-    0.000000     % 
  1.0722658E+08 +/-   0.8390552     % 

  Flux (Part/deg/GeV/cmq/pr):

   0.000000     +/-    0.000000     %    0.000000     +/-    0.000000     % 
   7894436.     +/-   0.8390552     % 

  Energy interval (GeV):  2.6417608E-11  2.5246624E-11

  Flux (Part/sr/GeV/cmq/pr):

   0.000000     +/-    0.000000     %    0.000000     +/-    0.000000     % 
  1.0499332E+08 +/-   0.8627884     % 

  Flux (Part/deg/GeV/cmq/pr):

   0.000000     +/-    0.000000     %    0.000000     +/-    0.000000     % 
   7730014.     +/-   0.8627884     % 

  Energy interval (GeV):  2.5246624E-11  2.4127544E-11

  Flux (Part/sr/GeV/cmq/pr):

   0.000000     +/-    0.000000     %    0.000000     +/-    0.000000     % 
  1.0471148E+08 +/-   0.7814343     % 

  Flux (Part/deg/GeV/cmq/pr):

   0.000000     +/-    0.000000     %    0.000000     +/-    0.000000     % 
   7709264.     +/-   0.7814343     % 

  Energy interval (GeV):  2.4127544E-11  2.3058068E-11

  Flux (Part/sr/GeV/cmq/pr):

   0.000000     +/-    0.000000     %    0.000000     +/-    0.000000     % 
  1.0059642E+08 +/-   0.9349609     % 

  Flux (Part/deg/GeV/cmq/pr):

   0.000000     +/-    0.000000     %    0.000000     +/-    0.000000     % 
   7406298.     +/-   0.9349609     % 

  Energy interval (GeV):  2.3058068E-11  2.2035996E-11

  Flux (Part/sr/GeV/cmq/pr):

   0.000000     +/-    0.000000     %    0.000000     +/-    0.000000     % 
  9.8419712E+07 +/-   0.9992929     % 

  Flux (Part/deg/GeV/cmq/pr):

   0.000000     +/-    0.000000     %    0.000000     +/-    0.000000     % 
   7246040.     +/-   0.9992929     % 

  Energy interval (GeV):  2.2035996E-11  2.1059231E-11

  Flux (Part/sr/GeV/cmq/pr):

   0.000000     +/-    0.000000     %    0.000000     +/-    0.000000     % 
  9.8233232E+07 +/-   0.9927430     % 

  Flux (Part/deg/GeV/cmq/pr):

   0.000000     +/-    0.000000     %    0.000000     +/-    0.000000     % 
   7232311.     +/-   0.9927430     % 

  Energy interval (GeV):  2.1059231E-11  2.0125762E-11

  Flux (Part/sr/GeV/cmq/pr):

   0.000000     +/-    0.000000     %    0.000000     +/-    0.000000     % 
  9.3542720E+07 +/-   0.9818330     % 

  Flux (Part/deg/GeV/cmq/pr):

   0.000000     +/-    0.000000     %    0.000000     +/-    0.000000     % 
   6886978.     +/-   0.9818330     % 

  Energy interval (GeV):  2.0125762E-11  1.9233670E-11

  Flux (Part/sr/GeV/cmq/pr):

   0.000000     +/-    0.000000     %    0.000000     +/-    0.000000     % 
  9.1175968E+07 +/-    1.018431     % 

  Flux (Part/deg/GeV/cmq/pr):

   0.000000     +/-    0.000000     %    0.000000     +/-    0.000000     % 
   6712728.     +/-    1.018431     % 

  Energy interval (GeV):  1.9233670E-11  1.8381118E-11

  Flux (Part/sr/GeV/cmq/pr):

   0.000000     +/-    0.000000     %    0.000000     +/-    0.000000     % 
  8.9367904E+07 +/-    1.002449     % 

  Flux (Part/deg/GeV/cmq/pr):

   0.000000     +/-    0.000000     %    0.000000     +/-    0.000000     % 
   6579611.     +/-    1.002449     % 

  Energy interval (GeV):  1.8381118E-11  1.7566360E-11

  Flux (Part/sr/GeV/cmq/pr):

   0.000000     +/-    0.000000     %    0.000000     +/-    0.000000     % 
  8.5954256E+07 +/-    1.027628     % 

  Flux (Part/deg/GeV/cmq/pr):

   0.000000     +/-    0.000000     %    0.000000     +/-    0.000000     % 
   6328285.     +/-    1.027628     % 

  Energy interval (GeV):  1.7566360E-11  1.6787717E-11

  Flux (Part/sr/GeV/cmq/pr):

   0.000000     +/-    0.000000     %    0.000000     +/-    0.000000     % 
  8.2743224E+07 +/-    1.097545     % 

  Flux (Part/deg/GeV/cmq/pr):

   0.000000     +/-    0.000000     %    0.000000     +/-    0.000000     % 
   6091876.     +/-    1.097545     % 

  Energy interval (GeV):  1.6787717E-11  1.6043585E-11

  Flux (Part/sr/GeV/cmq/pr):

   0.000000     +/-    0.000000     %    0.000000     +/-    0.000000     % 
  8.0570832E+07 +/-    1.115137     % 

  Flux (Part/deg/GeV/cmq/pr):

   0.000000     +/-    0.000000     %    0.000000     +/-    0.000000     % 
   5931937.     +/-    1.115137     % 

  Energy interval (GeV):  1.6043585E-11  1.5332437E-11

  Flux (Part/sr/GeV/cmq/pr):

   0.000000     +/-    0.000000     %    0.000000     +/-    0.000000     % 
  7.8797984E+07 +/-    1.061629     % 

  Flux (Part/deg/GeV/cmq/pr):

   0.000000     +/-    0.000000     %    0.000000     +/-    0.000000     % 
   5801412.     +/-    1.061629     % 

  Energy interval (GeV):  1.5332437E-11  1.4652814E-11

  Flux (Part/sr/GeV/cmq/pr):

   0.000000     +/-    0.000000     %    0.000000     +/-    0.000000     % 
  7.4501680E+07 +/-    1.328647     % 

  Flux (Part/deg/GeV/cmq/pr):

   0.000000     +/-    0.000000     %    0.000000     +/-    0.000000     % 
   5485102.     +/-    1.328647     % 

  Energy interval (GeV):  1.4652814E-11  1.4003314E-11

  Flux (Part/sr/GeV/cmq/pr):

   0.000000     +/-    0.000000     %    0.000000     +/-    0.000000     % 
  7.1887272E+07 +/-    1.452717     % 

  Flux (Part/deg/GeV/cmq/pr):

   0.000000     +/-    0.000000     %    0.000000     +/-    0.000000     % 
   5292620.     +/-    1.452717     % 

  Energy interval (GeV):  1.4003314E-11  1.3382605E-11

  Flux (Part/sr/GeV/cmq/pr):

   0.000000     +/-    0.000000     %    0.000000     +/-    0.000000     % 
  6.8676040E+07 +/-    1.276420     % 

  Flux (Part/deg/GeV/cmq/pr):

   0.000000     +/-    0.000000     %    0.000000     +/-    0.000000     % 
   5056196.     +/-    1.276420     % 

  Energy interval (GeV):  1.3382605E-11  1.2789408E-11

  Flux (Part/sr/GeV/cmq/pr):

   0.000000     +/-    0.000000     %    0.000000     +/-    0.000000     % 
  6.5756728E+07 +/-    1.525664     % 

  Flux (Part/deg/GeV/cmq/pr):

   0.000000     +/-    0.000000     %    0.000000     +/-    0.000000     % 
   4841265.     +/-    1.525664     % 

  Energy interval (GeV):  1.2789408E-11  1.2222506E-11

  Flux (Part/sr/GeV/cmq/pr):

   0.000000     +/-    0.000000     %    0.000000     +/-    0.000000     % 
  6.3764416E+07 +/-    1.476435     % 

  Flux (Part/deg/GeV/cmq/pr):

   0.000000     +/-    0.000000     %    0.000000     +/-    0.000000     % 
   4694583.     +/-    1.476435     % 

  Energy interval (GeV):  1.2222506E-11  1.1680732E-11

  Flux (Part/sr/GeV/cmq/pr):

   0.000000     +/-    0.000000     %    0.000000     +/-    0.000000     % 
  6.1312440E+07 +/-    1.468788     % 

  Flux (Part/deg/GeV/cmq/pr):

   0.000000     +/-    0.000000     %    0.000000     +/-    0.000000     % 
   4514060.     +/-    1.468788     % 

  Energy interval (GeV):  1.1680732E-11  1.1162973E-11

  Flux (Part/sr/GeV/cmq/pr):

   0.000000     +/-    0.000000     %    0.000000     +/-    0.000000     % 
  5.6324732E+07 +/-    1.728047     % 

  Flux (Part/deg/GeV/cmq/pr):

   0.000000     +/-    0.000000     %    0.000000     +/-    0.000000     % 
   4146845.     +/-    1.728047     % 

  Energy interval (GeV):  1.1162973E-11  1.0668163E-11

  Flux (Part/sr/GeV/cmq/pr):

   0.000000     +/-    0.000000     %    0.000000     +/-    0.000000     % 
  5.7282000E+07 +/-    1.571607     % 

  Flux (Part/deg/GeV/cmq/pr):

   0.000000     +/-    0.000000     %    0.000000     +/-    0.000000     % 
   4217322.     +/-    1.571607     % 

  Energy interval (GeV):  1.0668163E-11  1.0195288E-11

  Flux (Part/sr/GeV/cmq/pr):

   0.000000     +/-    0.000000     %    0.000000     +/-    0.000000     % 
  5.2773352E+07 +/-    1.957227     % 

  Flux (Part/deg/GeV/cmq/pr):

   0.000000     +/-    0.000000     %    0.000000     +/-    0.000000     % 
   3885378.     +/-    1.957227     % 

  Energy interval (GeV):  1.0195288E-11  9.7433719E-12

  Flux (Part/sr/GeV/cmq/pr):

   0.000000     +/-    0.000000     %    0.000000     +/-    0.000000     % 
  4.9766488E+07 +/-    1.921913     % 

  Flux (Part/deg/GeV/cmq/pr):

   0.000000     +/-    0.000000     %    0.000000     +/-    0.000000     % 
   3664002.     +/-    1.921913     % 

  Energy interval (GeV):  9.7433719E-12  9.3114891E-12

  Flux (Part/sr/GeV/cmq/pr):

   0.000000     +/-    0.000000     %    0.000000     +/-    0.000000     % 
  4.9323208E+07 +/-    2.006341     % 

  Flux (Part/deg/GeV/cmq/pr):

   0.000000     +/-    0.000000     %    0.000000     +/-    0.000000     % 
   3631366.     +/-    2.006341     % 

  Energy interval (GeV):  9.3114891E-12  8.8987481E-12

  Flux (Part/sr/GeV/cmq/pr):

   0.000000     +/-    0.000000     %    0.000000     +/-    0.000000     % 
  4.4510276E+07 +/-    2.287790     % 

  Flux (Part/deg/GeV/cmq/pr):

   0.000000     +/-    0.000000     %    0.000000     +/-    0.000000     % 
   3277019.     +/-    2.287790     % 

  Energy interval (GeV):  8.8987481E-12  8.5043032E-12

  Flux (Part/sr/GeV/cmq/pr):

   0.000000     +/-    0.000000     %    0.000000     +/-    0.000000     % 
  4.3989520E+07 +/-    2.285900     % 

  Flux (Part/deg/GeV/cmq/pr):

   0.000000     +/-    0.000000     %    0.000000     +/-    0.000000     % 
   3238679.     +/-    2.285900     % 

  Energy interval (GeV):  8.5043032E-12  8.1273417E-12

  Flux (Part/sr/GeV/cmq/pr):

   0.000000     +/-    0.000000     %    0.000000     +/-    0.000000     % 
  4.4581420E+07 +/-    2.204962     % 

  Flux (Part/deg/GeV/cmq/pr):

   0.000000     +/-    0.000000     %    0.000000     +/-    0.000000     % 
   3282256.     +/-    2.204962     % 

  Energy interval (GeV):  8.1273417E-12  7.7670908E-12

  Flux (Part/sr/GeV/cmq/pr):

   0.000000     +/-    0.000000     %    0.000000     +/-    0.000000     % 
  4.0163324E+07 +/-    1.854801     % 

  Flux (Part/deg/GeV/cmq/pr):

   0.000000     +/-    0.000000     %    0.000000     +/-    0.000000     % 
   2956979.     +/-    1.854801     % 

  Energy interval (GeV):  7.7670908E-12  7.4228054E-12

  Flux (Part/sr/GeV/cmq/pr):

   0.000000     +/-    0.000000     %    0.000000     +/-    0.000000     % 
  3.9414112E+07 +/-    2.442605     % 

  Flux (Part/deg/GeV/cmq/pr):

   0.000000     +/-    0.000000     %    0.000000     +/-    0.000000     % 
   2901820.     +/-    2.442605     % 

  Energy interval (GeV):  7.4228054E-12  7.0937835E-12

  Flux (Part/sr/GeV/cmq/pr):

   0.000000     +/-    0.000000     %    0.000000     +/-    0.000000     % 
  3.7435236E+07 +/-    2.635757     % 

  Flux (Part/deg/GeV/cmq/pr):

   0.000000     +/-    0.000000     %    0.000000     +/-    0.000000     % 
   2756127.     +/-    2.635757     % 

  Energy interval (GeV):  7.0937835E-12  6.7793457E-12

  Flux (Part/sr/GeV/cmq/pr):

   0.000000     +/-    0.000000     %    0.000000     +/-    0.000000     % 
  3.3860156E+07 +/-    3.008238     % 

  Flux (Part/deg/GeV/cmq/pr):

   0.000000     +/-    0.000000     %    0.000000     +/-    0.000000     % 
   2492916.     +/-    3.008238     % 

  Energy interval (GeV):  6.7793457E-12  6.4788452E-12

  Flux (Part/sr/GeV/cmq/pr):

   0.000000     +/-    0.000000     %    0.000000     +/-    0.000000     % 
  3.4602336E+07 +/-    3.211882     % 

  Flux (Part/deg/GeV/cmq/pr):

   0.000000     +/-    0.000000     %    0.000000     +/-    0.000000     % 
   2547558.     +/-    3.211882     % 

  Energy interval (GeV):  6.4788452E-12  6.1916639E-12

  Flux (Part/sr/GeV/cmq/pr):

   0.000000     +/-    0.000000     %    0.000000     +/-    0.000000     % 
  3.3607044E+07 +/-    2.941923     % 

  Flux (Part/deg/GeV/cmq/pr):

   0.000000     +/-    0.000000     %    0.000000     +/-    0.000000     % 
   2474281.     +/-    2.941923     % 

  Energy interval (GeV):  6.1916639E-12  5.9172129E-12

  Flux (Part/sr/GeV/cmq/pr):

   0.000000     +/-    0.000000     %    0.000000     +/-    0.000000     % 
  3.0397060E+07 +/-    3.070802     % 

  Flux (Part/deg/GeV/cmq/pr):

   0.000000     +/-    0.000000     %    0.000000     +/-    0.000000     % 
   2237949.     +/-    3.070802     % 

  Energy interval (GeV):  5.9172129E-12  5.6549270E-12

  Flux (Part/sr/GeV/cmq/pr):

   0.000000     +/-    0.000000     %    0.000000     +/-    0.000000     % 
  3.0582410E+07 +/-    2.962265     % 

  Flux (Part/deg/GeV/cmq/pr):

   0.000000     +/-    0.000000     %    0.000000     +/-    0.000000     % 
   2251596.     +/-    2.962265     % 

  Energy interval (GeV):  5.6549270E-12  5.4042669E-12

  Flux (Part/sr/GeV/cmq/pr):

   0.000000     +/-    0.000000     %    0.000000     +/-    0.000000     % 
  2.8637424E+07 +/-    3.478933     % 

  Flux (Part/deg/GeV/cmq/pr):

   0.000000     +/-    0.000000     %    0.000000     +/-    0.000000     % 
   2108398.     +/-    3.478933     % 

  Energy interval (GeV):  5.4042669E-12  5.1647176E-12

  Flux (Part/sr/GeV/cmq/pr):

   0.000000     +/-    0.000000     %    0.000000     +/-    0.000000     % 
  2.8859564E+07 +/-    3.334022     % 

  Flux (Part/deg/GeV/cmq/pr):

   0.000000     +/-    0.000000     %    0.000000     +/-    0.000000     % 
   2124753.     +/-    3.334022     % 

  Energy interval (GeV):  5.1647176E-12  4.9357870E-12

  Flux (Part/sr/GeV/cmq/pr):

   0.000000     +/-    0.000000     %    0.000000     +/-    0.000000     % 
  2.5849032E+07 +/-    3.606200     % 

  Flux (Part/deg/GeV/cmq/pr):

   0.000000     +/-    0.000000     %    0.000000     +/-    0.000000     % 
   1903106.     +/-    3.606200     % 

  Energy interval (GeV):  4.9357870E-12  4.7170041E-12

  Flux (Part/sr/GeV/cmq/pr):

   0.000000     +/-    0.000000     %    0.000000     +/-    0.000000     % 
  2.2717350E+07 +/-    3.867520     % 

  Flux (Part/deg/GeV/cmq/pr):

   0.000000     +/-    0.000000     %    0.000000     +/-    0.000000     % 
   1672539.     +/-    3.867520     % 

  Energy interval (GeV):  4.7170041E-12  4.5079183E-12

  Flux (Part/sr/GeV/cmq/pr):

   0.000000     +/-    0.000000     %    0.000000     +/-    0.000000     % 
  2.4001436E+07 +/-    4.364781     % 

  Flux (Part/deg/GeV/cmq/pr):

   0.000000     +/-    0.000000     %    0.000000     +/-    0.000000     % 
   1767079.     +/-    4.364781     % 

  Energy interval (GeV):  4.5079183E-12  4.3081003E-12

  Flux (Part/sr/GeV/cmq/pr):

   0.000000     +/-    0.000000     %    0.000000     +/-    0.000000     % 
  2.3306410E+07 +/-    4.597701     % 

  Flux (Part/deg/GeV/cmq/pr):

   0.000000     +/-    0.000000     %    0.000000     +/-    0.000000     % 
   1715908.     +/-    4.597701     % 

  Energy interval (GeV):  4.3081003E-12  4.1171402E-12

  Flux (Part/sr/GeV/cmq/pr):

   0.000000     +/-    0.000000     %    0.000000     +/-    0.000000     % 
  2.1023624E+07 +/-    4.148749     % 

  Flux (Part/deg/GeV/cmq/pr):

   0.000000     +/-    0.000000     %    0.000000     +/-    0.000000     % 
   1547841.     +/-    4.148749     % 

  Energy interval (GeV):  4.1171402E-12  3.9346443E-12

  Flux (Part/sr/GeV/cmq/pr):

   0.000000     +/-    0.000000     %    0.000000     +/-    0.000000     % 
  2.1162788E+07 +/-    4.725127     % 

  Flux (Part/deg/GeV/cmq/pr):

   0.000000     +/-    0.000000     %    0.000000     +/-    0.000000     % 
   1558086.     +/-    4.725127     % 

  Energy interval (GeV):  3.9346443E-12  3.7602378E-12

  Flux (Part/sr/GeV/cmq/pr):

   0.000000     +/-    0.000000     %    0.000000     +/-    0.000000     % 
  1.9474144E+07 +/-    4.750229     % 

  Flux (Part/deg/GeV/cmq/pr):

   0.000000     +/-    0.000000     %    0.000000     +/-    0.000000     % 
   1433762.     +/-    4.750229     % 

  Energy interval (GeV):  3.7602378E-12  3.5935612E-12

  Flux (Part/sr/GeV/cmq/pr):

   0.000000     +/-    0.000000     %    0.000000     +/-    0.000000     % 
  1.8980358E+07 +/-    4.517539     % 

  Flux (Part/deg/GeV/cmq/pr):

   0.000000     +/-    0.000000     %    0.000000     +/-    0.000000     % 
   1397408.     +/-    4.517539     % 

  Energy interval (GeV):  3.5935612E-12  3.4342735E-12

  Flux (Part/sr/GeV/cmq/pr):

   0.000000     +/-    0.000000     %    0.000000     +/-    0.000000     % 
  1.6836230E+07 +/-    5.822735     % 

  Flux (Part/deg/GeV/cmq/pr):

   0.000000     +/-    0.000000     %    0.000000     +/-    0.000000     % 
   1239548.     +/-    5.822735     % 

  Energy interval (GeV):  3.4342735E-12  3.2820465E-12

  Flux (Part/sr/GeV/cmq/pr):

   0.000000     +/-    0.000000     %    0.000000     +/-    0.000000     % 
  1.5454544E+07 +/-    5.826332     % 

  Flux (Part/deg/GeV/cmq/pr):

   0.000000     +/-    0.000000     %    0.000000     +/-    0.000000     % 
   1137823.     +/-    5.826332     % 

  Energy interval (GeV):  3.2820465E-12  3.1365667E-12

  Flux (Part/sr/GeV/cmq/pr):

   0.000000     +/-    0.000000     %    0.000000     +/-    0.000000     % 
  1.6281739E+07 +/-    5.986374     % 

  Flux (Part/deg/GeV/cmq/pr):

   0.000000     +/-    0.000000     %    0.000000     +/-    0.000000     % 
   1198725.     +/-    5.986374     % 

  Energy interval (GeV):  3.1365667E-12  2.9975354E-12

  Flux (Part/sr/GeV/cmq/pr):

   0.000000     +/-    0.000000     %    0.000000     +/-    0.000000     % 
  1.6286137E+07 +/-    4.999214     % 

  Flux (Part/deg/GeV/cmq/pr):

   0.000000     +/-    0.000000     %    0.000000     +/-    0.000000     % 
   1199048.     +/-    4.999214     % 

  Energy interval (GeV):  2.9975354E-12  2.8646668E-12

  Flux (Part/sr/GeV/cmq/pr):

   0.000000     +/-    0.000000     %    0.000000     +/-    0.000000     % 
  1.4382558E+07 +/-    6.777112     % 

  Flux (Part/deg/GeV/cmq/pr):

   0.000000     +/-    0.000000     %    0.000000     +/-    0.000000     % 
   1058900.     +/-    6.777112     % 

  Energy interval (GeV):  2.8646668E-12  2.7376881E-12

  Flux (Part/sr/GeV/cmq/pr):

   0.000000     +/-    0.000000     %    0.000000     +/-    0.000000     % 
  1.4859946E+07 +/-    6.496589     % 

  Flux (Part/deg/GeV/cmq/pr):

   0.000000     +/-    0.000000     %    0.000000     +/-    0.000000     % 
   1094047.     +/-    6.496589     % 

  Energy interval (GeV):  2.7376881E-12  2.6163375E-12

  Flux (Part/sr/GeV/cmq/pr):

   0.000000     +/-    0.000000     %    0.000000     +/-    0.000000     % 
  1.3233342E+07 +/-    7.282191     % 

  Flux (Part/deg/GeV/cmq/pr):

   0.000000     +/-    0.000000     %    0.000000     +/-    0.000000     % 
   974289.9     +/-    7.282191     % 

  Energy interval (GeV):  2.6163375E-12  2.5003658E-12

  Flux (Part/sr/GeV/cmq/pr):

   0.000000     +/-    0.000000     %    0.000000     +/-    0.000000     % 
  1.3500951E+07 +/-    7.155582     % 

  Flux (Part/deg/GeV/cmq/pr):

   0.000000     +/-    0.000000     %    0.000000     +/-    0.000000     % 
   993992.2     +/-    7.155582     % 

  Energy interval (GeV):  2.5003658E-12  2.3895350E-12

  Flux (Part/sr/GeV/cmq/pr):

   0.000000     +/-    0.000000     %    0.000000     +/-    0.000000     % 
  1.1229273E+07 +/-    6.572667     % 

  Flux (Part/deg/GeV/cmq/pr):

   0.000000     +/-    0.000000     %    0.000000     +/-    0.000000     % 
   826742.6     +/-    6.572667     % 

  Energy interval (GeV):  2.3895350E-12  2.2836167E-12

  Flux (Part/sr/GeV/cmq/pr):

   0.000000     +/-    0.000000     %    0.000000     +/-    0.000000     % 
  1.1446879E+07 +/-    8.339527     % 

  Flux (Part/deg/GeV/cmq/pr):

   0.000000     +/-    0.000000     %    0.000000     +/-    0.000000     % 
   842763.6     +/-    8.339527     % 

  Energy interval (GeV):  2.2836167E-12  2.1823932E-12

  Flux (Part/sr/GeV/cmq/pr):

   0.000000     +/-    0.000000     %    0.000000     +/-    0.000000     % 
  1.1898483E+07 +/-    9.308288     % 

  Flux (Part/deg/GeV/cmq/pr):

   0.000000     +/-    0.000000     %    0.000000     +/-    0.000000     % 
   876012.4     +/-    9.308288     % 

  Energy interval (GeV):  2.1823932E-12  2.0856565E-12

  Flux (Part/sr/GeV/cmq/pr):

   0.000000     +/-    0.000000     %    0.000000     +/-    0.000000     % 
  1.0790309E+07 +/-    9.048974     % 

  Flux (Part/deg/GeV/cmq/pr):

   0.000000     +/-    0.000000     %    0.000000     +/-    0.000000     % 
   794424.4     +/-    9.048974     % 

  Energy interval (GeV):  2.0856565E-12  1.9932079E-12

  Flux (Part/sr/GeV/cmq/pr):

   0.000000     +/-    0.000000     %    0.000000     +/-    0.000000     % 
  1.0248557E+07 +/-    8.800446     % 

  Flux (Part/deg/GeV/cmq/pr):

   0.000000     +/-    0.000000     %    0.000000     +/-    0.000000     % 
   754538.4     +/-    8.800446     % 

  Energy interval (GeV):  1.9932079E-12  1.9048571E-12

  Flux (Part/sr/GeV/cmq/pr):

   0.000000     +/-    0.000000     %    0.000000     +/-    0.000000     % 
  1.0087741E+07 +/-    11.00733     % 

  Flux (Part/deg/GeV/cmq/pr):

   0.000000     +/-    0.000000     %    0.000000     +/-    0.000000     % 
   742698.6     +/-    11.00733     % 

  Energy interval (GeV):  1.9048571E-12  1.8204227E-12

  Flux (Part/sr/GeV/cmq/pr):

   0.000000     +/-    0.000000     %    0.000000     +/-    0.000000     % 
   8463522.     +/-    10.93631     % 

  Flux (Part/deg/GeV/cmq/pr):

   0.000000     +/-    0.000000     %    0.000000     +/-    0.000000     % 
   623117.2     +/-    10.93631     % 

  Energy interval (GeV):  1.8204227E-12  1.7397304E-12

  Flux (Part/sr/GeV/cmq/pr):

   0.000000     +/-    0.000000     %    0.000000     +/-    0.000000     % 
   8458050.     +/-    11.63025     % 

  Flux (Part/deg/GeV/cmq/pr):

   0.000000     +/-    0.000000     %    0.000000     +/-    0.000000     % 
   622714.4     +/-    11.63025     % 

  Energy interval (GeV):  1.7397304E-12  1.6626154E-12

  Flux (Part/sr/GeV/cmq/pr):

   0.000000     +/-    0.000000     %    0.000000     +/-    0.000000     % 
   6872036.     +/-    12.03289     % 

  Flux (Part/deg/GeV/cmq/pr):

   0.000000     +/-    0.000000     %    0.000000     +/-    0.000000     % 
   505945.9     +/-    12.03289     % 

  Energy interval (GeV):  1.6626154E-12  1.5889184E-12

  Flux (Part/sr/GeV/cmq/pr):

   0.000000     +/-    0.000000     %    0.000000     +/-    0.000000     % 
   8389236.     +/-    10.25344     % 

  Flux (Part/deg/GeV/cmq/pr):

   0.000000     +/-    0.000000     %    0.000000     +/-    0.000000     % 
   617648.1     +/-    10.25344     % 

  Energy interval (GeV):  1.5889184E-12  1.5184882E-12

  Flux (Part/sr/GeV/cmq/pr):

   0.000000     +/-    0.000000     %    0.000000     +/-    0.000000     % 
   6840269.     +/-    12.53502     % 

  Flux (Part/deg/GeV/cmq/pr):

   0.000000     +/-    0.000000     %    0.000000     +/-    0.000000     % 
   503607.1     +/-    12.53502     % 

  Energy interval (GeV):  1.5184882E-12  1.4511799E-12

  Flux (Part/sr/GeV/cmq/pr):

   0.000000     +/-    0.000000     %    0.000000     +/-    0.000000     % 
   7157533.     +/-    14.21338     % 

  Flux (Part/deg/GeV/cmq/pr):

   0.000000     +/-    0.000000     %    0.000000     +/-    0.000000     % 
   526965.3     +/-    14.21338     % 

  Energy interval (GeV):  1.4511799E-12  1.3868550E-12

  Flux (Part/sr/GeV/cmq/pr):

   0.000000     +/-    0.000000     %    0.000000     +/-    0.000000     % 
   6366086.     +/-    14.34529     % 

  Flux (Part/deg/GeV/cmq/pr):

   0.000000     +/-    0.000000     %    0.000000     +/-    0.000000     % 
   468695.9     +/-    14.34529     % 

  Energy interval (GeV):  1.3868550E-12  1.3253813E-12

  Flux (Part/sr/GeV/cmq/pr):

   0.000000     +/-    0.000000     %    0.000000     +/-    0.000000     % 
   6269512.     +/-    12.72938     % 

  Flux (Part/deg/GeV/cmq/pr):

   0.000000     +/-    0.000000     %    0.000000     +/-    0.000000     % 
   461585.8     +/-    12.72938     % 

  Energy interval (GeV):  1.3253813E-12  1.2666326E-12

  Flux (Part/sr/GeV/cmq/pr):

   0.000000     +/-    0.000000     %    0.000000     +/-    0.000000     % 
   6423630.     +/-    14.33033     % 

  Flux (Part/deg/GeV/cmq/pr):

   0.000000     +/-    0.000000     %    0.000000     +/-    0.000000     % 
   472932.6     +/-    14.33033     % 

  Energy interval (GeV):  1.2666326E-12  1.2104879E-12

  Flux (Part/sr/GeV/cmq/pr):

   0.000000     +/-    0.000000     %    0.000000     +/-    0.000000     % 
   7293618.     +/-    13.79323     % 

  Flux (Part/deg/GeV/cmq/pr):

   0.000000     +/-    0.000000     %    0.000000     +/-    0.000000     % 
   536984.4     +/-    13.79323     % 

  Energy interval (GeV):  1.2104879E-12  1.1568319E-12

  Flux (Part/sr/GeV/cmq/pr):

   0.000000     +/-    0.000000     %    0.000000     +/-    0.000000     % 
   7033329.     +/-    14.95490     % 

  Flux (Part/deg/GeV/cmq/pr):

   0.000000     +/-    0.000000     %    0.000000     +/-    0.000000     % 
   517820.9     +/-    14.95490     % 

  Energy interval (GeV):  1.1568319E-12  1.1055543E-12

  Flux (Part/sr/GeV/cmq/pr):

   0.000000     +/-    0.000000     %    0.000000     +/-    0.000000     % 
   6420031.     +/-    18.04505     % 

  Flux (Part/deg/GeV/cmq/pr):

   0.000000     +/-    0.000000     %    0.000000     +/-    0.000000     % 
   472667.6     +/-    18.04505     % 

  Energy interval (GeV):  1.1055543E-12  1.0565496E-12

  Flux (Part/sr/GeV/cmq/pr):

   0.000000     +/-    0.000000     %    0.000000     +/-    0.000000     % 
   5079316.     +/-    19.28684     % 

  Flux (Part/deg/GeV/cmq/pr):

   0.000000     +/-    0.000000     %    0.000000     +/-    0.000000     % 
   373958.8     +/-    19.28684     % 

  Energy interval (GeV):  1.0565496E-12  1.0097170E-12

  Flux (Part/sr/GeV/cmq/pr):

   0.000000     +/-    0.000000     %    0.000000     +/-    0.000000     % 
   4972006.     +/-    19.78457     % 

  Flux (Part/deg/GeV/cmq/pr):

   0.000000     +/-    0.000000     %    0.000000     +/-    0.000000     % 
   366058.4     +/-    19.78457     % 

  Energy interval (GeV):  1.0097170E-12  9.6496042E-13

  Flux (Part/sr/GeV/cmq/pr):

   0.000000     +/-    0.000000     %    0.000000     +/-    0.000000     % 
   6099620.     +/-    16.83619     % 

  Flux (Part/deg/GeV/cmq/pr):

   0.000000     +/-    0.000000     %    0.000000     +/-    0.000000     % 
   449077.7     +/-    16.83619     % 

  Energy interval (GeV):  9.6496042E-13  9.2218778E-13

  Flux (Part/sr/GeV/cmq/pr):

   0.000000     +/-    0.000000     %    0.000000     +/-    0.000000     % 
   3566709.     +/-    23.29259     % 

  Flux (Part/deg/GeV/cmq/pr):

   0.000000     +/-    0.000000     %    0.000000     +/-    0.000000     % 
   262594.9     +/-    23.29259     % 

  Energy interval (GeV):  9.2218778E-13  8.8131092E-13

  Flux (Part/sr/GeV/cmq/pr):

   0.000000     +/-    0.000000     %    0.000000     +/-    0.000000     % 
   3339283.     +/-    22.20736     % 

  Flux (Part/deg/GeV/cmq/pr):

   0.000000     +/-    0.000000     %    0.000000     +/-    0.000000     % 
   245850.9     +/-    22.20736     % 

  Energy interval (GeV):  8.8131092E-13  8.4224592E-13

  Flux (Part/sr/GeV/cmq/pr):

   0.000000     +/-    0.000000     %    0.000000     +/-    0.000000     % 
   3494165.     +/-    25.15896     % 

  Flux (Part/deg/GeV/cmq/pr):

   0.000000     +/-    0.000000     %    0.000000     +/-    0.000000     % 
   257253.9     +/-    25.15896     % 

  Energy interval (GeV):  8.4224592E-13  8.0491267E-13

  Flux (Part/sr/GeV/cmq/pr):

   0.000000     +/-    0.000000     %    0.000000     +/-    0.000000     % 
   2580868.     +/-    27.21655     % 

  Flux (Part/deg/GeV/cmq/pr):

   0.000000     +/-    0.000000     %    0.000000     +/-    0.000000     % 
   190013.5     +/-    27.21655     % 

  Energy interval (GeV):  8.0491267E-13  7.6923418E-13

  Flux (Part/sr/GeV/cmq/pr):

   0.000000     +/-    0.000000     %    0.000000     +/-    0.000000     % 
   4050861.     +/-    24.18390     % 

  Flux (Part/deg/GeV/cmq/pr):

   0.000000     +/-    0.000000     %    0.000000     +/-    0.000000     % 
   298240.1     +/-    24.18390     % 

  Energy interval (GeV):  7.6923418E-13  7.3513721E-13

  Flux (Part/sr/GeV/cmq/pr):

   0.000000     +/-    0.000000     %    0.000000     +/-    0.000000     % 
   3767776.     +/-    27.69559     % 

  Flux (Part/deg/GeV/cmq/pr):

   0.000000     +/-    0.000000     %    0.000000     +/-    0.000000     % 
   277398.2     +/-    27.69559     % 

  Energy interval (GeV):  7.3513721E-13  7.0255157E-13

  Flux (Part/sr/GeV/cmq/pr):

   0.000000     +/-    0.000000     %    0.000000     +/-    0.000000     % 
   3942532.     +/-    26.23226     % 

  Flux (Part/deg/GeV/cmq/pr):

   0.000000     +/-    0.000000     %    0.000000     +/-    0.000000     % 
   290264.5     +/-    26.23226     % 

  Energy interval (GeV):  7.0255157E-13  6.7141030E-13

  Flux (Part/sr/GeV/cmq/pr):

   0.000000     +/-    0.000000     %    0.000000     +/-    0.000000     % 
   3351882.     +/-    28.20513     % 

  Flux (Part/deg/GeV/cmq/pr):

   0.000000     +/-    0.000000     %    0.000000     +/-    0.000000     % 
   246778.6     +/-    28.20513     % 

  Energy interval (GeV):  6.7141030E-13  6.4164944E-13

  Flux (Part/sr/GeV/cmq/pr):

   0.000000     +/-    0.000000     %    0.000000     +/-    0.000000     % 
   3777145.     +/-    26.89911     % 

  Flux (Part/deg/GeV/cmq/pr):

   0.000000     +/-    0.000000     %    0.000000     +/-    0.000000     % 
   278088.1     +/-    26.89911     % 

  Energy interval (GeV):  6.4164944E-13  6.1320778E-13

  Flux (Part/sr/GeV/cmq/pr):

   0.000000     +/-    0.000000     %    0.000000     +/-    0.000000     % 
   1411549.     +/-    43.80858     % 

  Flux (Part/deg/GeV/cmq/pr):

   0.000000     +/-    0.000000     %    0.000000     +/-    0.000000     % 
   103923.7     +/-    43.80858     % 

  Energy interval (GeV):  6.1320778E-13  5.8602672E-13

  Flux (Part/sr/GeV/cmq/pr):

   0.000000     +/-    0.000000     %    0.000000     +/-    0.000000     % 
   2067826.     +/-    36.63320     % 

  Flux (Part/deg/GeV/cmq/pr):

   0.000000     +/-    0.000000     %    0.000000     +/-    0.000000     % 
   152241.4     +/-    36.63320     % 

  Energy interval (GeV):  5.8602672E-13  5.6005060E-13

  Flux (Part/sr/GeV/cmq/pr):

   0.000000     +/-    0.000000     %    0.000000     +/-    0.000000     % 
   1854631.     +/-    39.78054     % 

  Flux (Part/deg/GeV/cmq/pr):

   0.000000     +/-    0.000000     %    0.000000     +/-    0.000000     % 
   136545.1     +/-    39.78054     % 

  Energy interval (GeV):  5.6005060E-13  5.3522584E-13

  Flux (Part/sr/GeV/cmq/pr):

   0.000000     +/-    0.000000     %    0.000000     +/-    0.000000     % 
   1940652.     +/-    46.29966     % 

  Flux (Part/deg/GeV/cmq/pr):

   0.000000     +/-    0.000000     %    0.000000     +/-    0.000000     % 
   142878.3     +/-    46.29966     % 

  Energy interval (GeV):  5.3522584E-13  5.1150143E-13

  Flux (Part/sr/GeV/cmq/pr):

   0.000000     +/-    0.000000     %    0.000000     +/-    0.000000     % 
   1353775.     +/-    49.23660     % 

  Flux (Part/deg/GeV/cmq/pr):

   0.000000     +/-    0.000000     %    0.000000     +/-    0.000000     % 
   99670.18     +/-    49.23660     % 

  Energy interval (GeV):  5.1150143E-13  4.8882865E-13

  Flux (Part/sr/GeV/cmq/pr):

   0.000000     +/-    0.000000     %    0.000000     +/-    0.000000     % 
   2478990.     +/-    36.63320     % 

  Flux (Part/deg/GeV/cmq/pr):

   0.000000     +/-    0.000000     %    0.000000     +/-    0.000000     % 
   182512.9     +/-    36.63320     % 

  Energy interval (GeV):  4.8882865E-13  4.6716087E-13

  Flux (Part/sr/GeV/cmq/pr):

   0.000000     +/-    0.000000     %    0.000000     +/-    0.000000     % 
   2223404.     +/-    39.78054     % 

  Flux (Part/deg/GeV/cmq/pr):

   0.000000     +/-    0.000000     %    0.000000     +/-    0.000000     % 
   163695.6     +/-    39.78054     % 

  Energy interval (GeV):  4.6716087E-13  4.4645356E-13

  Flux (Part/sr/GeV/cmq/pr):

   0.000000     +/-    0.000000     %    0.000000     +/-    0.000000     % 
   3102038.     +/-    34.08249     % 

  Flux (Part/deg/GeV/cmq/pr):

   0.000000     +/-    0.000000     %    0.000000     +/-    0.000000     % 
   228384.1     +/-    34.08249     % 

  Energy interval (GeV):  4.4645356E-13  4.2666410E-13

  Flux (Part/sr/GeV/cmq/pr):

   0.000000     +/-    0.000000     %    0.000000     +/-    0.000000     % 
   1622958.     +/-    49.23660     % 

  Flux (Part/deg/GeV/cmq/pr):

   0.000000     +/-    0.000000     %    0.000000     +/-    0.000000     % 
   119488.5     +/-    49.23660     % 

  Energy interval (GeV):  4.2666410E-13  4.0775174E-13

  Flux (Part/sr/GeV/cmq/pr):

   0.000000     +/-    0.000000     %    0.000000     +/-    0.000000     % 
   2971910.     +/-    36.63320     % 

  Flux (Part/deg/GeV/cmq/pr):

   0.000000     +/-    0.000000     %    0.000000     +/-    0.000000     % 
   218803.5     +/-    36.63320     % 

  Energy interval (GeV):  4.0775174E-13  3.8967779E-13

  Flux (Part/sr/GeV/cmq/pr):

   0.000000     +/-    0.000000     %    0.000000     +/-    0.000000     % 
   888500.8     +/-    70.35265     % 

  Flux (Part/deg/GeV/cmq/pr):

   0.000000     +/-    0.000000     %    0.000000     +/-    0.000000     % 
   65414.86     +/-    70.35265     % 

  Energy interval (GeV):  3.8967779E-13  3.7240499E-13

  Flux (Part/sr/GeV/cmq/pr):

   0.000000     +/-    0.000000     %    0.000000     +/-    0.000000     % 
   464855.5     +/-    99.00000     % 

  Flux (Part/deg/GeV/cmq/pr):

   0.000000     +/-    0.000000     %    0.000000     +/-    0.000000     % 
   34224.46     +/-    99.00000     % 

  Energy interval (GeV):  3.7240499E-13  3.5589782E-13

  Flux (Part/sr/GeV/cmq/pr):

   0.000000     +/-    0.000000     %    0.000000     +/-    0.000000     % 
   1459249.     +/-    57.14887     % 

  Flux (Part/deg/GeV/cmq/pr):

   0.000000     +/-    0.000000     %    0.000000     +/-    0.000000     % 
   107435.6     +/-    57.14887     % 

  Energy interval (GeV):  3.5589782E-13  3.4012230E-13

  Flux (Part/sr/GeV/cmq/pr):

   0.000000     +/-    0.000000     %    0.000000     +/-    0.000000     % 
   2035909.     +/-    49.23660     % 

  Flux (Part/deg/GeV/cmq/pr):

   0.000000     +/-    0.000000     %    0.000000     +/-    0.000000     % 
   149891.5     +/-    49.23660     % 

  Energy interval (GeV):  3.4012230E-13  3.2504609E-13

  Flux (Part/sr/GeV/cmq/pr):

   0.000000     +/-    0.000000     %    0.000000     +/-    0.000000     % 
   1597754.     +/-    57.14887     % 

  Flux (Part/deg/GeV/cmq/pr):

   0.000000     +/-    0.000000     %    0.000000     +/-    0.000000     % 
   117632.8     +/-    57.14887     % 

  Energy interval (GeV):  3.2504609E-13  3.1063813E-13

  Flux (Part/sr/GeV/cmq/pr):

   0.000000     +/-    0.000000     %    0.000000     +/-    0.000000     % 
   0.000000     +/-    0.000000     % 

  Flux (Part/deg/GeV/cmq/pr):

   0.000000     +/-    0.000000     %    0.000000     +/-    0.000000     % 
   0.000000     +/-    0.000000     % 

  Energy interval (GeV):  3.1063813E-13  2.9686878E-13

  Flux (Part/sr/GeV/cmq/pr):

   0.000000     +/-    0.000000     %    0.000000     +/-    0.000000     % 
   1166270.     +/-    70.35265     % 

  Flux (Part/deg/GeV/cmq/pr):

   0.000000     +/-    0.000000     %    0.000000     +/-    0.000000     % 
   85865.28     +/-    70.35265     % 

  Energy interval (GeV):  2.9686878E-13  2.8370980E-13

  Flux (Part/sr/GeV/cmq/pr):

   0.000000     +/-    0.000000     %    0.000000     +/-    0.000000     % 
   1830545.     +/-    57.14887     % 

  Flux (Part/deg/GeV/cmq/pr):

   0.000000     +/-    0.000000     %    0.000000     +/-    0.000000     % 
   134771.8     +/-    57.14887     % 

  Energy interval (GeV):  2.8370980E-13  2.7113411E-13

  Flux (Part/sr/GeV/cmq/pr):

   0.000000     +/-    0.000000     %    0.000000     +/-    0.000000     % 
   0.000000     +/-    0.000000     % 

  Flux (Part/deg/GeV/cmq/pr):

   0.000000     +/-    0.000000     %    0.000000     +/-    0.000000     % 
   0.000000     +/-    0.000000     % 

  Energy interval (GeV):  2.7113411E-13  2.5911586E-13

  Flux (Part/sr/GeV/cmq/pr):

   0.000000     +/-    0.000000     %    0.000000     +/-    0.000000     % 
   668097.1     +/-    99.00000     % 

  Flux (Part/deg/GeV/cmq/pr):

   0.000000     +/-    0.000000     %    0.000000     +/-    0.000000     % 
   49187.89     +/-    99.00000     % 

  Energy interval (GeV):  2.5911586E-13  2.4763031E-13

  Flux (Part/sr/GeV/cmq/pr):

   0.000000     +/-    0.000000     %    0.000000     +/-    0.000000     % 
   699084.6     +/-    99.00000     % 

  Flux (Part/deg/GeV/cmq/pr):

   0.000000     +/-    0.000000     %    0.000000     +/-    0.000000     % 
   51469.32     +/-    99.00000     % 

  Energy interval (GeV):  2.4763031E-13  2.3665385E-13

  Flux (Part/sr/GeV/cmq/pr):

   0.000000     +/-    0.000000     %    0.000000     +/-    0.000000     % 
   731509.4     +/-    99.00000     % 

  Flux (Part/deg/GeV/cmq/pr):

   0.000000     +/-    0.000000     %    0.000000     +/-    0.000000     % 
   53856.56     +/-    99.00000     % 

  Energy interval (GeV):  2.3665385E-13  2.2616395E-13

  Flux (Part/sr/GeV/cmq/pr):

   0.000000     +/-    0.000000     %    0.000000     +/-    0.000000     % 
   765438.2     +/-    99.00000     % 

  Flux (Part/deg/GeV/cmq/pr):

   0.000000     +/-    0.000000     %    0.000000     +/-    0.000000     % 
   56354.53     +/-    99.00000     % 

  Energy interval (GeV):  2.2616395E-13  2.1613905E-13

  Flux (Part/sr/GeV/cmq/pr):

   0.000000     +/-    0.000000     %    0.000000     +/-    0.000000     % 
   800940.6     +/-    99.00000     % 

  Flux (Part/deg/GeV/cmq/pr):

   0.000000     +/-    0.000000     %    0.000000     +/-    0.000000     % 
   58968.35     +/-    99.00000     % 

  Energy interval (GeV):  2.1613905E-13  2.0655848E-13

  Flux (Part/sr/GeV/cmq/pr):

   0.000000     +/-    0.000000     %    0.000000     +/-    0.000000     % 
   0.000000     +/-    0.000000     % 

  Flux (Part/deg/GeV/cmq/pr):

   0.000000     +/-    0.000000     %    0.000000     +/-    0.000000     % 
   0.000000     +/-    0.000000     % 

  Energy interval (GeV):  2.0655848E-13  1.9740257E-13

  Flux (Part/sr/GeV/cmq/pr):

   0.000000     +/-    0.000000     %    0.000000     +/-    0.000000     % 
   0.000000     +/-    0.000000     % 

  Flux (Part/deg/GeV/cmq/pr):

   0.000000     +/-    0.000000     %    0.000000     +/-    0.000000     % 
   0.000000     +/-    0.000000     % 

  Energy interval (GeV):  1.9740257E-13  1.8865252E-13

  Flux (Part/sr/GeV/cmq/pr):

   0.000000     +/-    0.000000     %    0.000000     +/-    0.000000     % 
   0.000000     +/-    0.000000     % 

  Flux (Part/deg/GeV/cmq/pr):

   0.000000     +/-    0.000000     %    0.000000     +/-    0.000000     % 
   0.000000     +/-    0.000000     % 

  Energy interval (GeV):  1.8865252E-13  1.8029034E-13

  Flux (Part/sr/GeV/cmq/pr):

   0.000000     +/-    0.000000     %    0.000000     +/-    0.000000     % 
   960198.8     +/-    99.00000     % 

  Flux (Part/deg/GeV/cmq/pr):

   0.000000     +/-    0.000000     %    0.000000     +/-    0.000000     % 
   70693.55     +/-    99.00000     % 

  Energy interval (GeV):  1.8029034E-13  1.7229881E-13

  Flux (Part/sr/GeV/cmq/pr):

   0.000000     +/-    0.000000     %    0.000000     +/-    0.000000     % 
   1004734.     +/-    99.00000     % 

  Flux (Part/deg/GeV/cmq/pr):

   0.000000     +/-    0.000000     %    0.000000     +/-    0.000000     % 
   73972.45     +/-    99.00000     % 

  Energy interval (GeV):  1.7229881E-13  1.6466150E-13

  Flux (Part/sr/GeV/cmq/pr):

   0.000000     +/-    0.000000     %    0.000000     +/-    0.000000     % 
   0.000000     +/-    0.000000     % 

  Flux (Part/deg/GeV/cmq/pr):

   0.000000     +/-    0.000000     %    0.000000     +/-    0.000000     % 
   0.000000     +/-    0.000000     % 

  Energy interval (GeV):  1.6466150E-13  1.5736273E-13

  Flux (Part/sr/GeV/cmq/pr):

   0.000000     +/-    0.000000     %    0.000000     +/-    0.000000     % 
   0.000000     +/-    0.000000     % 

  Flux (Part/deg/GeV/cmq/pr):

   0.000000     +/-    0.000000     %    0.000000     +/-    0.000000     % 
   0.000000     +/-    0.000000     % 

  Energy interval (GeV):  1.5736273E-13  1.5038749E-13

  Flux (Part/sr/GeV/cmq/pr):

   0.000000     +/-    0.000000     %    0.000000     +/-    0.000000     % 
   0.000000     +/-    0.000000     % 

  Flux (Part/deg/GeV/cmq/pr):

   0.000000     +/-    0.000000     %    0.000000     +/-    0.000000     % 
   0.000000     +/-    0.000000     % 

  Energy interval (GeV):  1.5038749E-13  1.4372142E-13

  Flux (Part/sr/GeV/cmq/pr):

   0.000000     +/-    0.000000     %    0.000000     +/-    0.000000     % 
   1204515.     +/-    99.00000     % 

  Flux (Part/deg/GeV/cmq/pr):

   0.000000     +/-    0.000000     %    0.000000     +/-    0.000000     % 
   88681.04     +/-    99.00000     % 

  Energy interval (GeV):  1.4372142E-13  1.3735084E-13

  Flux (Part/sr/GeV/cmq/pr):

   0.000000     +/-    0.000000     %    0.000000     +/-    0.000000     % 
   0.000000     +/-    0.000000     % 

  Flux (Part/deg/GeV/cmq/pr):

   0.000000     +/-    0.000000     %    0.000000     +/-    0.000000     % 
   0.000000     +/-    0.000000     % 

  Energy interval (GeV):  1.3735084E-13  1.3126264E-13

  Flux (Part/sr/GeV/cmq/pr):

   0.000000     +/-    0.000000     %    0.000000     +/-    0.000000     % 
   0.000000     +/-    0.000000     % 

  Flux (Part/deg/GeV/cmq/pr):

   0.000000     +/-    0.000000     %    0.000000     +/-    0.000000     % 
   0.000000     +/-    0.000000     % 

  Energy interval (GeV):  1.3126264E-13  1.2544431E-13

  Flux (Part/sr/GeV/cmq/pr):

   0.000000     +/-    0.000000     %    0.000000     +/-    0.000000     % 
   0.000000     +/-    0.000000     % 

  Flux (Part/deg/GeV/cmq/pr):

   0.000000     +/-    0.000000     %    0.000000     +/-    0.000000     % 
   0.000000     +/-    0.000000     % 

  Energy interval (GeV):  1.2544431E-13  1.1988387E-13

  Flux (Part/sr/GeV/cmq/pr):

   0.000000     +/-    0.000000     %    0.000000     +/-    0.000000     % 
   0.000000     +/-    0.000000     % 

  Flux (Part/deg/GeV/cmq/pr):

   0.000000     +/-    0.000000     %    0.000000     +/-    0.000000     % 
   0.000000     +/-    0.000000     % 

  Energy interval (GeV):  1.1988387E-13  1.1456991E-13

  Flux (Part/sr/GeV/cmq/pr):

   0.000000     +/-    0.000000     %    0.000000     +/-    0.000000     % 
   7554976.     +/-    43.80858     % 

  Flux (Part/deg/GeV/cmq/pr):

   0.000000     +/-    0.000000     %    0.000000     +/-    0.000000     % 
   556226.6     +/-    43.80858     % 

  Energy interval (GeV):  1.1456991E-13  1.0949149E-13

  Flux (Part/sr/GeV/cmq/pr):

   0.000000     +/-    0.000000     %    0.000000     +/-    0.000000     % 
   1581078.     +/-    99.00000     % 

  Flux (Part/deg/GeV/cmq/pr):

   0.000000     +/-    0.000000     %    0.000000     +/-    0.000000     % 
   116405.1     +/-    99.00000     % 

  Energy interval (GeV):  1.0949149E-13  1.0463818E-13

  Flux (Part/sr/GeV/cmq/pr):

   0.000000     +/-    0.000000     %    0.000000     +/-    0.000000     % 
   0.000000     +/-    0.000000     % 

  Flux (Part/deg/GeV/cmq/pr):

   0.000000     +/-    0.000000     %    0.000000     +/-    0.000000     % 
   0.000000     +/-    0.000000     % 

  Energy interval (GeV):  1.0463818E-13  9.9999998E-14

  Flux (Part/sr/GeV/cmq/pr):

   0.000000     +/-    0.000000     %    0.000000     +/-    0.000000     % 
   1731146.     +/-    99.00000     % 

  Flux (Part/deg/GeV/cmq/pr):

   0.000000     +/-    0.000000     %    0.000000     +/-    0.000000     % 
   127453.7     +/-    99.00000     % 
