 # Detector n:            1   I2_1      (integrated over solid angle)
 # N. of energy intervals         500
  1.000E-13  1.046E-13  2.156E+07  9.900E+01
  1.046E-13  1.095E-13  0.000E+00  0.000E+00
  1.095E-13  1.146E-13  1.969E+07  9.900E+01
  1.146E-13  1.199E-13  9.409E+07  4.381E+01
  1.199E-13  1.254E-13  0.000E+00  0.000E+00
  1.254E-13  1.313E-13  0.000E+00  0.000E+00
  1.313E-13  1.374E-13  0.000E+00  0.000E+00
  1.374E-13  1.437E-13  0.000E+00  0.000E+00
  1.437E-13  1.504E-13  1.500E+07  9.900E+01
  1.504E-13  1.574E-13  0.000E+00  0.000E+00
  1.574E-13  1.647E-13  0.000E+00  0.000E+00
  1.647E-13  1.723E-13  0.000E+00  0.000E+00
  1.723E-13  1.803E-13  1.251E+07  9.900E+01
  1.803E-13  1.887E-13  1.196E+07  9.900E+01
  1.887E-13  1.974E-13  0.000E+00  0.000E+00
  1.974E-13  2.066E-13  0.000E+00  0.000E+00
  2.066E-13  2.161E-13  0.000E+00  0.000E+00
  2.161E-13  2.262E-13  9.975E+06  9.900E+01
  2.262E-13  2.367E-13  9.533E+06  9.900E+01
  2.367E-13  2.476E-13  9.110E+06  9.900E+01
  2.476E-13  2.591E-13  8.707E+06  9.900E+01
  2.591E-13  2.711E-13  8.321E+06  9.900E+01
  2.711E-13  2.837E-13  0.000E+00  0.000E+00
  2.837E-13  2.969E-13  2.280E+07  5.715E+01
  2.969E-13  3.106E-13  1.453E+07  7.035E+01
  3.106E-13  3.250E-13  0.000E+00  0.000E+00
  3.250E-13  3.401E-13  1.990E+07  5.715E+01
  3.401E-13  3.559E-13  2.536E+07  4.924E+01
  3.559E-13  3.724E-13  1.817E+07  5.715E+01
  3.724E-13  3.897E-13  5.789E+06  9.900E+01
  3.897E-13  4.078E-13  1.107E+07  7.035E+01
  4.078E-13  4.267E-13  3.701E+07  3.663E+01
  4.267E-13  4.465E-13  2.021E+07  4.924E+01
  4.465E-13  4.672E-13  3.863E+07  3.408E+01
  4.672E-13  4.888E-13  2.769E+07  3.978E+01
  4.888E-13  5.115E-13  3.087E+07  3.663E+01
  5.115E-13  5.352E-13  1.686E+07  4.924E+01
  5.352E-13  5.601E-13  2.417E+07  4.630E+01
  5.601E-13  5.860E-13  2.310E+07  3.978E+01
  5.860E-13  6.132E-13  2.575E+07  3.663E+01
  6.132E-13  6.416E-13  1.758E+07  4.381E+01
  6.416E-13  6.714E-13  4.704E+07  2.690E+01
  6.714E-13  7.026E-13  4.175E+07  2.821E+01
  7.026E-13  7.351E-13  4.910E+07  2.623E+01
  7.351E-13  7.692E-13  4.692E+07  2.770E+01
  7.692E-13  8.049E-13  5.045E+07  2.418E+01
  8.049E-13  8.422E-13  3.214E+07  2.722E+01
  8.422E-13  8.813E-13  4.352E+07  2.516E+01
  8.813E-13  9.222E-13  4.159E+07  2.221E+01
  9.222E-13  9.650E-13  4.442E+07  2.329E+01
  9.650E-13  1.010E-12  7.597E+07  1.684E+01
  1.010E-12  1.057E-12  6.192E+07  1.978E+01
  1.057E-12  1.106E-12  6.326E+07  1.929E+01
  1.106E-12  1.157E-12  7.996E+07  1.805E+01
  1.157E-12  1.210E-12  8.759E+07  1.495E+01
  1.210E-12  1.267E-12  9.084E+07  1.379E+01
  1.267E-12  1.325E-12  8.000E+07  1.433E+01
  1.325E-12  1.387E-12  7.808E+07  1.273E+01
  1.387E-12  1.451E-12  7.928E+07  1.435E+01
  1.451E-12  1.518E-12  8.914E+07  1.421E+01
  1.518E-12  1.589E-12  8.519E+07  1.254E+01
  1.589E-12  1.663E-12  1.045E+08  1.025E+01
  1.663E-12  1.740E-12  8.559E+07  1.203E+01
  1.740E-12  1.820E-12  1.053E+08  1.163E+01
  1.820E-12  1.905E-12  1.054E+08  1.094E+01
  1.905E-12  1.993E-12  1.256E+08  1.101E+01
  1.993E-12  2.086E-12  1.276E+08  8.800E+00
  2.086E-12  2.182E-12  1.344E+08  9.049E+00
  2.182E-12  2.284E-12  1.482E+08  9.308E+00
  2.284E-12  2.390E-12  1.426E+08  8.340E+00
  2.390E-12  2.500E-12  1.399E+08  6.573E+00
  2.500E-12  2.616E-12  1.681E+08  7.156E+00
  2.616E-12  2.738E-12  1.648E+08  7.282E+00
  2.738E-12  2.865E-12  1.851E+08  6.497E+00
  2.865E-12  2.998E-12  1.791E+08  6.777E+00
  2.998E-12  3.137E-12  2.028E+08  4.999E+00
  3.137E-12  3.282E-12  2.028E+08  5.986E+00
  3.282E-12  3.434E-12  1.925E+08  5.826E+00
  3.434E-12  3.594E-12  2.097E+08  5.823E+00
  3.594E-12  3.760E-12  2.364E+08  4.518E+00
  3.760E-12  3.935E-12  2.425E+08  4.750E+00
  3.935E-12  4.117E-12  2.636E+08  4.725E+00
  4.117E-12  4.308E-12  2.618E+08  4.149E+00
  4.308E-12  4.508E-12  2.903E+08  4.598E+00
  4.508E-12  4.717E-12  2.989E+08  4.365E+00
  4.717E-12  4.936E-12  2.829E+08  3.868E+00
  4.936E-12  5.165E-12  3.219E+08  3.606E+00
  5.165E-12  5.404E-12  3.594E+08  3.334E+00
  5.404E-12  5.655E-12  3.567E+08  3.479E+00
  5.655E-12  5.917E-12  3.809E+08  2.962E+00
  5.917E-12  6.192E-12  3.786E+08  3.071E+00
  6.192E-12  6.479E-12  4.186E+08  2.942E+00
  6.479E-12  6.779E-12  4.309E+08  3.212E+00
  6.779E-12  7.094E-12  4.217E+08  3.008E+00
  7.094E-12  7.423E-12  4.662E+08  2.636E+00
  7.423E-12  7.767E-12  4.909E+08  2.443E+00
  7.767E-12  8.127E-12  5.002E+08  1.855E+00
  8.127E-12  8.504E-12  5.552E+08  2.205E+00
  8.504E-12  8.899E-12  5.479E+08  2.286E+00
  8.899E-12  9.311E-12  5.543E+08  2.288E+00
  9.311E-12  9.743E-12  6.143E+08  2.006E+00
  9.743E-12  1.020E-11  6.198E+08  1.922E+00
  1.020E-11  1.067E-11  6.573E+08  1.957E+00
  1.067E-11  1.116E-11  7.134E+08  1.572E+00
  1.116E-11  1.168E-11  7.015E+08  1.728E+00
  1.168E-11  1.222E-11  7.636E+08  1.469E+00
  1.222E-11  1.279E-11  7.941E+08  1.476E+00
  1.279E-11  1.338E-11  8.190E+08  1.526E+00
  1.338E-11  1.400E-11  8.553E+08  1.276E+00
  1.400E-11  1.465E-11  8.953E+08  1.453E+00
  1.465E-11  1.533E-11  9.279E+08  1.329E+00
  1.533E-11  1.604E-11  9.814E+08  1.062E+00
  1.604E-11  1.679E-11  1.003E+09  1.115E+00
  1.679E-11  1.757E-11  1.031E+09  1.098E+00
  1.757E-11  1.838E-11  1.070E+09  1.028E+00
  1.838E-11  1.923E-11  1.113E+09  1.002E+00
  1.923E-11  2.013E-11  1.136E+09  1.018E+00
  2.013E-11  2.106E-11  1.165E+09  9.818E-01
  2.106E-11  2.204E-11  1.223E+09  9.927E-01
  2.204E-11  2.306E-11  1.226E+09  9.993E-01
  2.306E-11  2.413E-11  1.253E+09  9.350E-01
  2.413E-11  2.525E-11  1.304E+09  7.814E-01
  2.525E-11  2.642E-11  1.308E+09  8.628E-01
  2.642E-11  2.764E-11  1.335E+09  8.391E-01
  2.764E-11  2.893E-11  1.372E+09  7.204E-01
  2.893E-11  3.027E-11  1.393E+09  6.687E-01
  3.027E-11  3.167E-11  1.412E+09  6.865E-01
  3.167E-11  3.314E-11  1.423E+09  7.218E-01
  3.314E-11  3.468E-11  1.438E+09  6.847E-01
  3.468E-11  3.628E-11  1.440E+09  6.368E-01
  3.628E-11  3.797E-11  1.465E+09  5.908E-01
  3.797E-11  3.973E-11  1.454E+09  6.500E-01
  3.973E-11  4.157E-11  1.456E+09  6.131E-01
  4.157E-11  4.350E-11  1.434E+09  5.629E-01
  4.350E-11  4.552E-11  1.415E+09  6.059E-01
  4.552E-11  4.763E-11  1.401E+09  6.247E-01
  4.763E-11  4.984E-11  1.369E+09  5.954E-01
  4.984E-11  5.215E-11  1.344E+09  5.196E-01
  5.215E-11  5.457E-11  1.307E+09  5.933E-01
  5.457E-11  5.710E-11  1.268E+09  5.069E-01
  5.710E-11  5.975E-11  1.218E+09  6.001E-01
  5.975E-11  6.252E-11  1.158E+09  5.289E-01
  6.252E-11  6.542E-11  1.116E+09  6.118E-01
  6.542E-11  6.845E-11  1.060E+09  5.475E-01
  6.845E-11  7.163E-11  9.909E+08  5.340E-01
  7.163E-11  7.495E-11  9.380E+08  5.859E-01
  7.495E-11  7.843E-11  8.707E+08  5.647E-01
  7.843E-11  8.206E-11  8.217E+08  6.292E-01
  8.206E-11  8.587E-11  7.447E+08  6.366E-01
  8.587E-11  8.985E-11  6.875E+08  5.868E-01
  8.985E-11  9.402E-11  6.310E+08  5.219E-01
  9.402E-11  9.838E-11  5.784E+08  6.120E-01
  9.838E-11  1.029E-10  5.231E+08  6.605E-01
  1.029E-10  1.077E-10  4.719E+08  6.054E-01
  1.077E-10  1.127E-10  4.258E+08  7.442E-01
  1.127E-10  1.179E-10  3.818E+08  7.294E-01
  1.179E-10  1.234E-10  3.394E+08  7.804E-01
  1.234E-10  1.291E-10  3.003E+08  7.694E-01
  1.291E-10  1.351E-10  2.624E+08  7.448E-01
  1.351E-10  1.414E-10  2.313E+08  8.013E-01
  1.414E-10  1.480E-10  2.068E+08  8.126E-01
  1.480E-10  1.548E-10  1.813E+08  9.103E-01
  1.548E-10  1.620E-10  1.590E+08  8.715E-01
  1.620E-10  1.695E-10  1.372E+08  7.949E-01
  1.695E-10  1.774E-10  1.199E+08  1.008E+00
  1.774E-10  1.856E-10  1.058E+08  1.088E+00
  1.856E-10  1.942E-10  9.382E+07  1.050E+00
  1.942E-10  2.032E-10  8.563E+07  1.220E+00
  2.032E-10  2.126E-10  7.498E+07  1.071E+00
  2.126E-10  2.225E-10  6.726E+07  1.243E+00
  2.225E-10  2.328E-10  6.132E+07  1.252E+00
  2.328E-10  2.436E-10  5.668E+07  1.194E+00
  2.436E-10  2.549E-10  5.335E+07  1.064E+00
  2.549E-10  2.667E-10  5.018E+07  1.306E+00
  2.667E-10  2.791E-10  4.639E+07  1.186E+00
  2.791E-10  2.921E-10  4.357E+07  1.480E+00
  2.921E-10  3.056E-10  4.101E+07  1.215E+00
  3.056E-10  3.198E-10  3.911E+07  1.301E+00
  3.198E-10  3.346E-10  3.705E+07  1.380E+00
  3.346E-10  3.501E-10  3.530E+07  1.399E+00
  3.501E-10  3.664E-10  3.422E+07  1.371E+00
  3.664E-10  3.834E-10  3.208E+07  1.297E+00
  3.834E-10  4.011E-10  3.113E+07  1.308E+00
  4.011E-10  4.198E-10  2.926E+07  1.495E+00
  4.198E-10  4.392E-10  2.935E+07  1.366E+00
  4.392E-10  4.596E-10  2.727E+07  1.327E+00
  4.596E-10  4.809E-10  2.592E+07  1.018E+00
  4.809E-10  5.032E-10  2.488E+07  1.336E+00
  5.032E-10  5.266E-10  2.369E+07  1.462E+00
  5.266E-10  5.510E-10  2.250E+07  1.243E+00
  5.510E-10  5.765E-10  2.160E+07  1.226E+00
  5.765E-10  6.033E-10  2.059E+07  1.231E+00
  6.033E-10  6.313E-10  1.986E+07  1.348E+00
  6.313E-10  6.605E-10  1.848E+07  1.143E+00
  6.605E-10  6.912E-10  1.792E+07  1.402E+00
  6.912E-10  7.232E-10  1.719E+07  1.284E+00
  7.232E-10  7.568E-10  1.653E+07  1.281E+00
  7.568E-10  7.919E-10  1.579E+07  1.404E+00
  7.919E-10  8.286E-10  1.487E+07  1.149E+00
  8.286E-10  8.670E-10  1.407E+07  1.373E+00
  8.670E-10  9.073E-10  1.352E+07  1.332E+00
  9.073E-10  9.493E-10  1.311E+07  1.294E+00
  9.493E-10  9.934E-10  1.244E+07  1.422E+00
  9.934E-10  1.039E-09  1.195E+07  1.412E+00
  1.039E-09  1.088E-09  1.148E+07  1.444E+00
  1.088E-09  1.138E-09  1.079E+07  1.324E+00
  1.138E-09  1.191E-09  1.051E+07  1.408E+00
  1.191E-09  1.246E-09  9.876E+06  1.201E+00
  1.246E-09  1.304E-09  9.329E+06  1.353E+00
  1.304E-09  1.364E-09  9.089E+06  1.400E+00
  1.364E-09  1.428E-09  8.563E+06  1.545E+00
  1.428E-09  1.494E-09  8.230E+06  1.396E+00
  1.494E-09  1.563E-09  7.978E+06  1.281E+00
  1.563E-09  1.636E-09  7.503E+06  1.470E+00
  1.636E-09  1.712E-09  7.271E+06  1.293E+00
  1.712E-09  1.791E-09  6.888E+06  1.290E+00
  1.791E-09  1.874E-09  6.680E+06  1.472E+00
  1.874E-09  1.961E-09  6.285E+06  1.410E+00
  1.961E-09  2.052E-09  6.071E+06  1.234E+00
  2.052E-09  2.147E-09  5.629E+06  1.256E+00
  2.147E-09  2.247E-09  5.541E+06  1.422E+00
  2.247E-09  2.351E-09  5.275E+06  1.492E+00
  2.351E-09  2.460E-09  5.113E+06  1.272E+00
  2.460E-09  2.574E-09  4.879E+06  1.319E+00
  2.574E-09  2.693E-09  4.705E+06  1.439E+00
  2.693E-09  2.818E-09  4.520E+06  1.313E+00
  2.818E-09  2.949E-09  4.247E+06  1.274E+00
  2.949E-09  3.086E-09  4.059E+06  1.289E+00
  3.086E-09  3.229E-09  3.952E+06  1.358E+00
  3.229E-09  3.379E-09  3.910E+06  1.361E+00
  3.379E-09  3.535E-09  3.554E+06  1.429E+00
  3.535E-09  3.699E-09  3.449E+06  1.441E+00
  3.699E-09  3.871E-09  3.325E+06  1.337E+00
  3.871E-09  4.050E-09  3.149E+06  1.333E+00
  4.050E-09  4.238E-09  3.040E+06  1.272E+00
  4.238E-09  4.435E-09  2.913E+06  1.438E+00
  4.435E-09  4.641E-09  2.791E+06  1.379E+00
  4.641E-09  4.856E-09  2.701E+06  1.340E+00
  4.856E-09  5.081E-09  2.569E+06  1.342E+00
  5.081E-09  5.317E-09  2.391E+06  1.324E+00
  5.317E-09  5.563E-09  2.297E+06  1.347E+00
  5.563E-09  5.821E-09  2.217E+06  1.211E+00
  5.821E-09  6.091E-09  2.194E+06  1.316E+00
  6.091E-09  6.374E-09  2.030E+06  1.142E+00
  6.374E-09  6.670E-09  1.996E+06  1.431E+00
  6.670E-09  6.979E-09  1.906E+06  1.266E+00
  6.979E-09  7.303E-09  1.800E+06  1.354E+00
  7.303E-09  7.641E-09  1.728E+06  1.109E+00
  7.641E-09  7.996E-09  1.675E+06  1.248E+00
  7.996E-09  8.367E-09  1.610E+06  1.231E+00
  8.367E-09  8.755E-09  1.569E+06  1.199E+00
  8.755E-09  9.161E-09  1.475E+06  1.357E+00
  9.161E-09  9.586E-09  1.376E+06  1.283E+00
  9.586E-09  1.003E-08  1.315E+06  1.182E+00
  1.003E-08  1.050E-08  1.291E+06  1.422E+00
  1.050E-08  1.098E-08  1.258E+06  1.146E+00
  1.098E-08  1.149E-08  1.215E+06  1.262E+00
  1.149E-08  1.202E-08  1.103E+06  1.525E+00
  1.202E-08  1.258E-08  1.085E+06  1.232E+00
  1.258E-08  1.317E-08  1.053E+06  1.276E+00
  1.317E-08  1.378E-08  1.003E+06  1.286E+00
  1.378E-08  1.442E-08  9.426E+05  1.437E+00
  1.442E-08  1.508E-08  9.026E+05  1.175E+00
  1.508E-08  1.578E-08  8.862E+05  1.132E+00
  1.578E-08  1.652E-08  8.438E+05  1.148E+00
  1.652E-08  1.728E-08  8.147E+05  1.172E+00
  1.728E-08  1.808E-08  7.788E+05  1.346E+00
  1.808E-08  1.892E-08  7.427E+05  1.396E+00
  1.892E-08  1.980E-08  7.059E+05  1.497E+00
  1.980E-08  2.072E-08  6.760E+05  1.222E+00
  2.072E-08  2.168E-08  6.544E+05  1.193E+00
  2.168E-08  2.268E-08  6.378E+05  1.320E+00
  2.268E-08  2.374E-08  5.925E+05  1.324E+00
  2.374E-08  2.484E-08  5.740E+05  1.019E+00
  2.484E-08  2.599E-08  5.440E+05  1.118E+00
  2.599E-08  2.720E-08  5.236E+05  1.245E+00
  2.720E-08  2.846E-08  5.009E+05  1.283E+00
  2.846E-08  2.978E-08  4.996E+05  1.214E+00
  2.978E-08  3.116E-08  4.775E+05  1.073E+00
  3.116E-08  3.260E-08  4.507E+05  1.258E+00
  3.260E-08  3.411E-08  4.402E+05  1.415E+00
  3.411E-08  3.570E-08  4.078E+05  1.198E+00
  3.570E-08  3.735E-08  3.960E+05  1.176E+00
  3.735E-08  3.909E-08  3.764E+05  1.093E+00
  3.909E-08  4.090E-08  3.619E+05  1.239E+00
  4.090E-08  4.280E-08  3.430E+05  1.058E+00
  4.280E-08  4.478E-08  3.291E+05  1.362E+00
  4.478E-08  4.686E-08  3.231E+05  1.235E+00
  4.686E-08  4.903E-08  3.051E+05  1.193E+00
  4.903E-08  5.130E-08  2.897E+05  1.248E+00
  5.130E-08  5.368E-08  2.829E+05  1.123E+00
  5.368E-08  5.617E-08  2.679E+05  1.147E+00
  5.617E-08  5.878E-08  2.580E+05  1.125E+00
  5.878E-08  6.151E-08  2.506E+05  1.200E+00
  6.151E-08  6.436E-08  2.385E+05  1.305E+00
  6.436E-08  6.734E-08  2.293E+05  1.188E+00
  6.734E-08  7.047E-08  2.216E+05  1.233E+00
  7.047E-08  7.374E-08  2.118E+05  1.137E+00
  7.374E-08  7.716E-08  2.036E+05  1.202E+00
  7.716E-08  8.073E-08  1.916E+05  1.289E+00
  8.073E-08  8.448E-08  1.838E+05  1.274E+00
  8.448E-08  8.840E-08  1.761E+05  1.237E+00
  8.840E-08  9.250E-08  1.671E+05  1.189E+00
  9.250E-08  9.679E-08  1.647E+05  9.588E-01
  9.679E-08  1.013E-07  1.579E+05  1.198E+00
  1.013E-07  1.060E-07  1.536E+05  1.065E+00
  1.060E-07  1.109E-07  1.432E+05  1.054E+00
  1.109E-07  1.160E-07  1.361E+05  1.155E+00
  1.160E-07  1.214E-07  1.334E+05  1.233E+00
  1.214E-07  1.270E-07  1.258E+05  1.127E+00
  1.270E-07  1.329E-07  1.211E+05  1.291E+00
  1.329E-07  1.391E-07  1.163E+05  1.089E+00
  1.391E-07  1.456E-07  1.139E+05  1.163E+00
  1.456E-07  1.523E-07  1.076E+05  1.083E+00
  1.523E-07  1.594E-07  1.019E+05  1.151E+00
  1.594E-07  1.668E-07  9.859E+04  1.074E+00
  1.668E-07  1.745E-07  9.440E+04  1.242E+00
  1.745E-07  1.826E-07  9.105E+04  1.152E+00
  1.826E-07  1.911E-07  8.798E+04  1.014E+00
  1.911E-07  1.999E-07  8.282E+04  1.047E+00
  1.999E-07  2.092E-07  7.916E+04  1.293E+00
  2.092E-07  2.189E-07  7.621E+04  1.224E+00
  2.189E-07  2.291E-07  7.422E+04  1.256E+00
  2.291E-07  2.397E-07  7.074E+04  1.179E+00
  2.397E-07  2.508E-07  6.584E+04  1.217E+00
  2.508E-07  2.624E-07  6.491E+04  1.266E+00
  2.624E-07  2.746E-07  6.243E+04  1.202E+00
  2.746E-07  2.873E-07  5.911E+04  1.257E+00
  2.873E-07  3.007E-07  5.738E+04  1.114E+00
  3.007E-07  3.146E-07  5.448E+04  1.211E+00
  3.146E-07  3.292E-07  5.275E+04  1.083E+00
  3.292E-07  3.445E-07  5.040E+04  1.151E+00
  3.445E-07  3.604E-07  4.729E+04  9.998E-01
  3.604E-07  3.772E-07  4.635E+04  1.138E+00
  3.772E-07  3.947E-07  4.362E+04  9.702E-01
  3.947E-07  4.130E-07  4.267E+04  1.105E+00
  4.130E-07  4.321E-07  4.051E+04  1.135E+00
  4.321E-07  4.522E-07  3.936E+04  1.091E+00
  4.522E-07  4.731E-07  3.737E+04  1.042E+00
  4.731E-07  4.951E-07  3.561E+04  1.186E+00
  4.951E-07  5.180E-07  3.376E+04  1.117E+00
  5.180E-07  5.421E-07  3.280E+04  1.264E+00
  5.421E-07  5.672E-07  3.161E+04  1.150E+00
  5.672E-07  5.935E-07  3.026E+04  1.086E+00
  5.935E-07  6.210E-07  2.888E+04  1.157E+00
  6.210E-07  6.498E-07  2.788E+04  1.085E+00
  6.498E-07  6.800E-07  2.681E+04  1.344E+00
  6.800E-07  7.115E-07  2.564E+04  1.108E+00
  7.115E-07  7.445E-07  2.447E+04  1.251E+00
  7.445E-07  7.791E-07  2.409E+04  1.089E+00
  7.791E-07  8.152E-07  2.233E+04  1.152E+00
  8.152E-07  8.530E-07  2.184E+04  1.036E+00
  8.530E-07  8.926E-07  2.081E+04  1.134E+00
  8.926E-07  9.340E-07  2.040E+04  1.066E+00
  9.340E-07  9.773E-07  1.906E+04  1.097E+00
  9.773E-07  1.023E-06  1.832E+04  1.215E+00
  1.023E-06  1.070E-06  1.734E+04  1.105E+00
  1.070E-06  1.120E-06  1.656E+04  1.098E+00
  1.120E-06  1.172E-06  1.643E+04  1.117E+00
  1.172E-06  1.226E-06  1.520E+04  1.130E+00
  1.226E-06  1.283E-06  1.509E+04  1.166E+00
  1.283E-06  1.342E-06  1.428E+04  1.148E+00
  1.342E-06  1.405E-06  1.356E+04  1.048E+00
  1.405E-06  1.470E-06  1.311E+04  1.018E+00
  1.470E-06  1.538E-06  1.283E+04  1.065E+00
  1.538E-06  1.609E-06  1.175E+04  1.167E+00
  1.609E-06  1.684E-06  1.134E+04  9.928E-01
  1.684E-06  1.762E-06  1.104E+04  1.068E+00
  1.762E-06  1.844E-06  1.054E+04  1.134E+00
  1.844E-06  1.929E-06  1.015E+04  1.056E+00
  1.929E-06  2.019E-06  9.797E+03  1.084E+00
  2.019E-06  2.112E-06  9.427E+03  1.039E+00
  2.112E-06  2.210E-06  8.944E+03  1.033E+00
  2.210E-06  2.313E-06  8.574E+03  1.062E+00
  2.313E-06  2.420E-06  8.287E+03  1.087E+00
  2.420E-06  2.532E-06  8.039E+03  1.085E+00
  2.532E-06  2.650E-06  7.671E+03  1.140E+00
  2.650E-06  2.773E-06  7.190E+03  1.000E+00
  2.773E-06  2.901E-06  7.042E+03  9.538E-01
  2.901E-06  3.036E-06  6.739E+03  9.552E-01
  3.036E-06  3.177E-06  6.435E+03  1.075E+00
  3.177E-06  3.324E-06  6.024E+03  8.802E-01
  3.324E-06  3.478E-06  5.856E+03  1.032E+00
  3.478E-06  3.639E-06  5.624E+03  1.056E+00
  3.639E-06  3.808E-06  5.333E+03  1.002E+00
  3.808E-06  3.985E-06  5.121E+03  1.075E+00
  3.985E-06  4.170E-06  5.054E+03  1.177E+00
  4.170E-06  4.363E-06  4.767E+03  1.019E+00
  4.363E-06  4.565E-06  4.615E+03  1.027E+00
  4.565E-06  4.777E-06  4.353E+03  9.946E-01
  4.777E-06  4.999E-06  4.175E+03  1.052E+00
  4.999E-06  5.231E-06  4.053E+03  1.018E+00
  5.231E-06  5.473E-06  3.807E+03  9.703E-01
  5.473E-06  5.727E-06  3.761E+03  1.082E+00
  5.727E-06  5.993E-06  3.502E+03  1.086E+00
  5.993E-06  6.271E-06  3.390E+03  1.014E+00
  6.271E-06  6.562E-06  3.223E+03  1.110E+00
  6.562E-06  6.866E-06  3.042E+03  1.028E+00
  6.866E-06  7.184E-06  2.968E+03  1.138E+00
  7.184E-06  7.518E-06  2.875E+03  1.011E+00
  7.518E-06  7.866E-06  2.762E+03  1.129E+00
  7.866E-06  8.231E-06  2.601E+03  1.090E+00
  8.231E-06  8.613E-06  2.534E+03  1.032E+00
  8.613E-06  9.012E-06  2.354E+03  1.064E+00
  9.012E-06  9.430E-06  2.268E+03  9.871E-01
  9.430E-06  9.868E-06  2.196E+03  9.429E-01
  9.868E-06  1.033E-05  2.079E+03  1.191E+00
  1.033E-05  1.080E-05  2.019E+03  1.025E+00
  1.080E-05  1.131E-05  1.923E+03  9.942E-01
  1.131E-05  1.183E-05  1.849E+03  1.011E+00
  1.183E-05  1.238E-05  1.758E+03  1.080E+00
  1.238E-05  1.295E-05  1.720E+03  9.580E-01
  1.295E-05  1.355E-05  1.662E+03  1.092E+00
  1.355E-05  1.418E-05  1.564E+03  1.016E+00
  1.418E-05  1.484E-05  1.490E+03  9.180E-01
  1.484E-05  1.553E-05  1.414E+03  9.353E-01
  1.553E-05  1.625E-05  1.379E+03  8.282E-01
  1.625E-05  1.700E-05  1.305E+03  9.565E-01
  1.700E-05  1.779E-05  1.261E+03  1.083E+00
  1.779E-05  1.862E-05  1.218E+03  1.123E+00
  1.862E-05  1.948E-05  1.159E+03  9.106E-01
  1.948E-05  2.038E-05  1.098E+03  1.052E+00
  2.038E-05  2.133E-05  1.061E+03  9.520E-01
  2.133E-05  2.232E-05  1.023E+03  9.002E-01
  2.232E-05  2.335E-05  9.698E+02  8.547E-01
  2.335E-05  2.444E-05  9.380E+02  9.432E-01
  2.444E-05  2.557E-05  9.020E+02  9.658E-01
  2.557E-05  2.675E-05  8.476E+02  8.590E-01
  2.675E-05  2.800E-05  8.158E+02  9.688E-01
  2.800E-05  2.929E-05  7.881E+02  1.016E+00
  2.929E-05  3.065E-05  7.562E+02  1.038E+00
  3.065E-05  3.207E-05  7.252E+02  1.061E+00
  3.207E-05  3.356E-05  6.903E+02  9.348E-01
  3.356E-05  3.512E-05  6.507E+02  9.635E-01
  3.512E-05  3.675E-05  6.318E+02  1.048E+00
  3.675E-05  3.845E-05  6.093E+02  8.676E-01
  3.845E-05  4.024E-05  5.938E+02  9.517E-01
  4.024E-05  4.210E-05  5.597E+02  1.004E+00
  4.210E-05  4.405E-05  5.335E+02  9.219E-01
  4.405E-05  4.610E-05  5.102E+02  9.070E-01
  4.610E-05  4.824E-05  4.974E+02  8.950E-01
  4.824E-05  5.047E-05  4.689E+02  1.052E+00
  5.047E-05  5.281E-05  4.508E+02  9.409E-01
  5.281E-05  5.526E-05  4.348E+02  9.126E-01
  5.526E-05  5.783E-05  4.264E+02  9.577E-01
  5.783E-05  6.051E-05  4.071E+02  9.094E-01
  6.051E-05  6.332E-05  3.923E+02  9.799E-01
  6.332E-05  6.625E-05  3.737E+02  8.619E-01
  6.625E-05  6.933E-05  3.628E+02  8.971E-01
  6.933E-05  7.254E-05  3.493E+02  8.891E-01
  7.254E-05  7.591E-05  3.292E+02  1.035E+00
  7.591E-05  7.943E-05  3.214E+02  9.307E-01
  7.943E-05  8.311E-05  3.105E+02  9.807E-01
  8.311E-05  8.697E-05  3.008E+02  9.252E-01
  8.697E-05  9.100E-05  2.940E+02  9.139E-01
  9.100E-05  9.522E-05  2.801E+02  9.391E-01
  9.522E-05  9.964E-05  2.703E+02  9.551E-01
  9.964E-05  1.043E-04  2.599E+02  8.491E-01
  1.043E-04  1.091E-04  2.532E+02  8.918E-01
  1.091E-04  1.142E-04  2.430E+02  9.663E-01
  1.142E-04  1.194E-04  2.355E+02  9.115E-01
  1.194E-04  1.250E-04  2.270E+02  9.378E-01
  1.250E-04  1.308E-04  2.225E+02  8.696E-01
  1.308E-04  1.369E-04  2.166E+02  8.801E-01
  1.369E-04  1.432E-04  2.097E+02  9.310E-01
  1.432E-04  1.498E-04  2.041E+02  8.694E-01
  1.498E-04  1.568E-04  1.954E+02  9.437E-01
  1.568E-04  1.641E-04  1.880E+02  9.341E-01
  1.641E-04  1.717E-04  1.876E+02  8.602E-01
  1.717E-04  1.796E-04  1.831E+02  9.035E-01
  1.796E-04  1.880E-04  1.757E+02  8.119E-01
  1.880E-04  1.967E-04  1.749E+02  7.610E-01
  1.967E-04  2.058E-04  1.676E+02  8.159E-01
  2.058E-04  2.154E-04  1.621E+02  8.173E-01
  2.154E-04  2.253E-04  1.561E+02  8.500E-01
  2.253E-04  2.358E-04  1.558E+02  7.848E-01
  2.358E-04  2.467E-04  1.538E+02  7.974E-01
  2.467E-04  2.582E-04  1.488E+02  7.828E-01
  2.582E-04  2.701E-04  1.472E+02  7.724E-01
  2.701E-04  2.827E-04  1.452E+02  7.398E-01
  2.827E-04  2.958E-04  1.422E+02  7.346E-01
  2.958E-04  3.095E-04  1.415E+02  7.489E-01
  3.095E-04  3.239E-04  1.453E+02  7.054E-01
  3.239E-04  3.389E-04  1.447E+02  6.319E-01
  3.389E-04  3.546E-04  1.412E+02  7.608E-01
  3.546E-04  3.711E-04  1.330E+02  8.375E-01
  3.711E-04  3.883E-04  1.390E+02  5.574E-01
  3.883E-04  4.063E-04  1.562E+02  5.640E-01
  4.063E-04  4.251E-04  1.854E+02  5.252E-01
  4.251E-04  4.448E-04  5.562E+02  3.020E-01
  4.448E-04  4.655E-04  5.547E+02  2.836E-01
  4.655E-04  4.871E-04  5.356E+02  2.881E-01
  4.871E-04  5.096E-04  2.905E+02  3.547E-01
  5.096E-04  5.333E-04  6.923E+01  8.173E-01
  5.333E-04  5.580E-04  1.124E+00  6.148E+00
  5.580E-04  5.839E-04  0.000E+00  0.000E+00
  5.839E-04  6.110E-04  3.692E+04  0.000E+00
  6.110E-04  6.393E-04  0.000E+00  0.000E+00
  6.393E-04  6.690E-04  0.000E+00  0.000E+00
  6.690E-04  7.000E-04  0.000E+00  0.000E+00


 # double differential distributions
 # number of solid angle intervals           3
 # Block n:            1     0.00000000      :   1.00000005E-03
  1.000E-13  1.046E-13  0.000E+00  0.000E+00  0.000E+00  1.000E-03
  1.046E-13  1.095E-13  0.000E+00  0.000E+00  0.000E+00  1.000E-03
  1.095E-13  1.146E-13  0.000E+00  0.000E+00  0.000E+00  1.000E-03
  1.146E-13  1.199E-13  0.000E+00  0.000E+00  0.000E+00  1.000E-03
  1.199E-13  1.254E-13  0.000E+00  0.000E+00  0.000E+00  1.000E-03
  1.254E-13  1.313E-13  0.000E+00  0.000E+00  0.000E+00  1.000E-03
  1.313E-13  1.374E-13  0.000E+00  0.000E+00  0.000E+00  1.000E-03
  1.374E-13  1.437E-13  0.000E+00  0.000E+00  0.000E+00  1.000E-03
  1.437E-13  1.504E-13  0.000E+00  0.000E+00  0.000E+00  1.000E-03
  1.504E-13  1.574E-13  0.000E+00  0.000E+00  0.000E+00  1.000E-03
  1.574E-13  1.647E-13  0.000E+00  0.000E+00  0.000E+00  1.000E-03
  1.647E-13  1.723E-13  0.000E+00  0.000E+00  0.000E+00  1.000E-03
  1.723E-13  1.803E-13  0.000E+00  0.000E+00  0.000E+00  1.000E-03
  1.803E-13  1.887E-13  0.000E+00  0.000E+00  0.000E+00  1.000E-03
  1.887E-13  1.974E-13  0.000E+00  0.000E+00  0.000E+00  1.000E-03
  1.974E-13  2.066E-13  0.000E+00  0.000E+00  0.000E+00  1.000E-03
  2.066E-13  2.161E-13  0.000E+00  0.000E+00  0.000E+00  1.000E-03
  2.161E-13  2.262E-13  0.000E+00  0.000E+00  0.000E+00  1.000E-03
  2.262E-13  2.367E-13  0.000E+00  0.000E+00  0.000E+00  1.000E-03
  2.367E-13  2.476E-13  0.000E+00  0.000E+00  0.000E+00  1.000E-03
  2.476E-13  2.591E-13  0.000E+00  0.000E+00  0.000E+00  1.000E-03
  2.591E-13  2.711E-13  0.000E+00  0.000E+00  0.000E+00  1.000E-03
  2.711E-13  2.837E-13  0.000E+00  0.000E+00  0.000E+00  1.000E-03
  2.837E-13  2.969E-13  0.000E+00  0.000E+00  0.000E+00  1.000E-03
  2.969E-13  3.106E-13  0.000E+00  0.000E+00  0.000E+00  1.000E-03
  3.106E-13  3.250E-13  0.000E+00  0.000E+00  0.000E+00  1.000E-03
  3.250E-13  3.401E-13  0.000E+00  0.000E+00  0.000E+00  1.000E-03
  3.401E-13  3.559E-13  0.000E+00  0.000E+00  0.000E+00  1.000E-03
  3.559E-13  3.724E-13  0.000E+00  0.000E+00  0.000E+00  1.000E-03
  3.724E-13  3.897E-13  0.000E+00  0.000E+00  0.000E+00  1.000E-03
  3.897E-13  4.078E-13  0.000E+00  0.000E+00  0.000E+00  1.000E-03
  4.078E-13  4.267E-13  0.000E+00  0.000E+00  0.000E+00  1.000E-03
  4.267E-13  4.465E-13  0.000E+00  0.000E+00  0.000E+00  1.000E-03
  4.465E-13  4.672E-13  0.000E+00  0.000E+00  0.000E+00  1.000E-03
  4.672E-13  4.888E-13  0.000E+00  0.000E+00  0.000E+00  1.000E-03
  4.888E-13  5.115E-13  0.000E+00  0.000E+00  0.000E+00  1.000E-03
  5.115E-13  5.352E-13  0.000E+00  0.000E+00  0.000E+00  1.000E-03
  5.352E-13  5.601E-13  0.000E+00  0.000E+00  0.000E+00  1.000E-03
  5.601E-13  5.860E-13  0.000E+00  0.000E+00  0.000E+00  1.000E-03
  5.860E-13  6.132E-13  0.000E+00  0.000E+00  0.000E+00  1.000E-03
  6.132E-13  6.416E-13  0.000E+00  0.000E+00  0.000E+00  1.000E-03
  6.416E-13  6.714E-13  0.000E+00  0.000E+00  0.000E+00  1.000E-03
  6.714E-13  7.026E-13  0.000E+00  0.000E+00  0.000E+00  1.000E-03
  7.026E-13  7.351E-13  0.000E+00  0.000E+00  0.000E+00  1.000E-03
  7.351E-13  7.692E-13  0.000E+00  0.000E+00  0.000E+00  1.000E-03
  7.692E-13  8.049E-13  0.000E+00  0.000E+00  0.000E+00  1.000E-03
  8.049E-13  8.422E-13  0.000E+00  0.000E+00  0.000E+00  1.000E-03
  8.422E-13  8.813E-13  0.000E+00  0.000E+00  0.000E+00  1.000E-03
  8.813E-13  9.222E-13  0.000E+00  0.000E+00  0.000E+00  1.000E-03
  9.222E-13  9.650E-13  0.000E+00  0.000E+00  0.000E+00  1.000E-03
  9.650E-13  1.010E-12  0.000E+00  0.000E+00  0.000E+00  1.000E-03
  1.010E-12  1.057E-12  0.000E+00  0.000E+00  0.000E+00  1.000E-03
  1.057E-12  1.106E-12  0.000E+00  0.000E+00  0.000E+00  1.000E-03
  1.106E-12  1.157E-12  0.000E+00  0.000E+00  0.000E+00  1.000E-03
  1.157E-12  1.210E-12  0.000E+00  0.000E+00  0.000E+00  1.000E-03
  1.210E-12  1.267E-12  0.000E+00  0.000E+00  0.000E+00  1.000E-03
  1.267E-12  1.325E-12  0.000E+00  0.000E+00  0.000E+00  1.000E-03
  1.325E-12  1.387E-12  0.000E+00  0.000E+00  0.000E+00  1.000E-03
  1.387E-12  1.451E-12  0.000E+00  0.000E+00  0.000E+00  1.000E-03
  1.451E-12  1.518E-12  0.000E+00  0.000E+00  0.000E+00  1.000E-03
  1.518E-12  1.589E-12  0.000E+00  0.000E+00  0.000E+00  1.000E-03
  1.589E-12  1.663E-12  0.000E+00  0.000E+00  0.000E+00  1.000E-03
  1.663E-12  1.740E-12  0.000E+00  0.000E+00  0.000E+00  1.000E-03
  1.740E-12  1.820E-12  0.000E+00  0.000E+00  0.000E+00  1.000E-03
  1.820E-12  1.905E-12  0.000E+00  0.000E+00  0.000E+00  1.000E-03
  1.905E-12  1.993E-12  0.000E+00  0.000E+00  0.000E+00  1.000E-03
  1.993E-12  2.086E-12  0.000E+00  0.000E+00  0.000E+00  1.000E-03
  2.086E-12  2.182E-12  0.000E+00  0.000E+00  0.000E+00  1.000E-03
  2.182E-12  2.284E-12  0.000E+00  0.000E+00  0.000E+00  1.000E-03
  2.284E-12  2.390E-12  0.000E+00  0.000E+00  0.000E+00  1.000E-03
  2.390E-12  2.500E-12  0.000E+00  0.000E+00  0.000E+00  1.000E-03
  2.500E-12  2.616E-12  0.000E+00  0.000E+00  0.000E+00  1.000E-03
  2.616E-12  2.738E-12  0.000E+00  0.000E+00  0.000E+00  1.000E-03
  2.738E-12  2.865E-12  0.000E+00  0.000E+00  0.000E+00  1.000E-03
  2.865E-12  2.998E-12  0.000E+00  0.000E+00  0.000E+00  1.000E-03
  2.998E-12  3.137E-12  0.000E+00  0.000E+00  0.000E+00  1.000E-03
  3.137E-12  3.282E-12  0.000E+00  0.000E+00  0.000E+00  1.000E-03
  3.282E-12  3.434E-12  0.000E+00  0.000E+00  0.000E+00  1.000E-03
  3.434E-12  3.594E-12  0.000E+00  0.000E+00  0.000E+00  1.000E-03
  3.594E-12  3.760E-12  0.000E+00  0.000E+00  0.000E+00  1.000E-03
  3.760E-12  3.935E-12  0.000E+00  0.000E+00  0.000E+00  1.000E-03
  3.935E-12  4.117E-12  0.000E+00  0.000E+00  0.000E+00  1.000E-03
  4.117E-12  4.308E-12  0.000E+00  0.000E+00  0.000E+00  1.000E-03
  4.308E-12  4.508E-12  0.000E+00  0.000E+00  0.000E+00  1.000E-03
  4.508E-12  4.717E-12  0.000E+00  0.000E+00  0.000E+00  1.000E-03
  4.717E-12  4.936E-12  0.000E+00  0.000E+00  0.000E+00  1.000E-03
  4.936E-12  5.165E-12  0.000E+00  0.000E+00  0.000E+00  1.000E-03
  5.165E-12  5.404E-12  0.000E+00  0.000E+00  0.000E+00  1.000E-03
  5.404E-12  5.655E-12  0.000E+00  0.000E+00  0.000E+00  1.000E-03
  5.655E-12  5.917E-12  0.000E+00  0.000E+00  0.000E+00  1.000E-03
  5.917E-12  6.192E-12  0.000E+00  0.000E+00  0.000E+00  1.000E-03
  6.192E-12  6.479E-12  0.000E+00  0.000E+00  0.000E+00  1.000E-03
  6.479E-12  6.779E-12  0.000E+00  0.000E+00  0.000E+00  1.000E-03
  6.779E-12  7.094E-12  0.000E+00  0.000E+00  0.000E+00  1.000E-03
  7.094E-12  7.423E-12  0.000E+00  0.000E+00  0.000E+00  1.000E-03
  7.423E-12  7.767E-12  0.000E+00  0.000E+00  0.000E+00  1.000E-03
  7.767E-12  8.127E-12  0.000E+00  0.000E+00  0.000E+00  1.000E-03
  8.127E-12  8.504E-12  0.000E+00  0.000E+00  0.000E+00  1.000E-03
  8.504E-12  8.899E-12  0.000E+00  0.000E+00  0.000E+00  1.000E-03
  8.899E-12  9.311E-12  0.000E+00  0.000E+00  0.000E+00  1.000E-03
  9.311E-12  9.743E-12  0.000E+00  0.000E+00  0.000E+00  1.000E-03
  9.743E-12  1.020E-11  0.000E+00  0.000E+00  0.000E+00  1.000E-03
  1.020E-11  1.067E-11  0.000E+00  0.000E+00  0.000E+00  1.000E-03
  1.067E-11  1.116E-11  0.000E+00  0.000E+00  0.000E+00  1.000E-03
  1.116E-11  1.168E-11  0.000E+00  0.000E+00  0.000E+00  1.000E-03
  1.168E-11  1.222E-11  0.000E+00  0.000E+00  0.000E+00  1.000E-03
  1.222E-11  1.279E-11  0.000E+00  0.000E+00  0.000E+00  1.000E-03
  1.279E-11  1.338E-11  0.000E+00  0.000E+00  0.000E+00  1.000E-03
  1.338E-11  1.400E-11  0.000E+00  0.000E+00  0.000E+00  1.000E-03
  1.400E-11  1.465E-11  0.000E+00  0.000E+00  0.000E+00  1.000E-03
  1.465E-11  1.533E-11  0.000E+00  0.000E+00  0.000E+00  1.000E-03
  1.533E-11  1.604E-11  0.000E+00  0.000E+00  0.000E+00  1.000E-03
  1.604E-11  1.679E-11  0.000E+00  0.000E+00  0.000E+00  1.000E-03
  1.679E-11  1.757E-11  0.000E+00  0.000E+00  0.000E+00  1.000E-03
  1.757E-11  1.838E-11  0.000E+00  0.000E+00  0.000E+00  1.000E-03
  1.838E-11  1.923E-11  0.000E+00  0.000E+00  0.000E+00  1.000E-03
  1.923E-11  2.013E-11  0.000E+00  0.000E+00  0.000E+00  1.000E-03
  2.013E-11  2.106E-11  0.000E+00  0.000E+00  0.000E+00  1.000E-03
  2.106E-11  2.204E-11  0.000E+00  0.000E+00  0.000E+00  1.000E-03
  2.204E-11  2.306E-11  0.000E+00  0.000E+00  0.000E+00  1.000E-03
  2.306E-11  2.413E-11  0.000E+00  0.000E+00  0.000E+00  1.000E-03
  2.413E-11  2.525E-11  0.000E+00  0.000E+00  0.000E+00  1.000E-03
  2.525E-11  2.642E-11  0.000E+00  0.000E+00  0.000E+00  1.000E-03
  2.642E-11  2.764E-11  0.000E+00  0.000E+00  0.000E+00  1.000E-03
  2.764E-11  2.893E-11  0.000E+00  0.000E+00  0.000E+00  1.000E-03
  2.893E-11  3.027E-11  0.000E+00  0.000E+00  0.000E+00  1.000E-03
  3.027E-11  3.167E-11  0.000E+00  0.000E+00  0.000E+00  1.000E-03
  3.167E-11  3.314E-11  0.000E+00  0.000E+00  0.000E+00  1.000E-03
  3.314E-11  3.468E-11  0.000E+00  0.000E+00  0.000E+00  1.000E-03
  3.468E-11  3.628E-11  0.000E+00  0.000E+00  0.000E+00  1.000E-03
  3.628E-11  3.797E-11  0.000E+00  0.000E+00  0.000E+00  1.000E-03
  3.797E-11  3.973E-11  0.000E+00  0.000E+00  0.000E+00  1.000E-03
  3.973E-11  4.157E-11  0.000E+00  0.000E+00  0.000E+00  1.000E-03
  4.157E-11  4.350E-11  0.000E+00  0.000E+00  0.000E+00  1.000E-03
  4.350E-11  4.552E-11  0.000E+00  0.000E+00  0.000E+00  1.000E-03
  4.552E-11  4.763E-11  0.000E+00  0.000E+00  0.000E+00  1.000E-03
  4.763E-11  4.984E-11  0.000E+00  0.000E+00  0.000E+00  1.000E-03
  4.984E-11  5.215E-11  0.000E+00  0.000E+00  0.000E+00  1.000E-03
  5.215E-11  5.457E-11  0.000E+00  0.000E+00  0.000E+00  1.000E-03
  5.457E-11  5.710E-11  0.000E+00  0.000E+00  0.000E+00  1.000E-03
  5.710E-11  5.975E-11  0.000E+00  0.000E+00  0.000E+00  1.000E-03
  5.975E-11  6.252E-11  0.000E+00  0.000E+00  0.000E+00  1.000E-03
  6.252E-11  6.542E-11  0.000E+00  0.000E+00  0.000E+00  1.000E-03
  6.542E-11  6.845E-11  0.000E+00  0.000E+00  0.000E+00  1.000E-03
  6.845E-11  7.163E-11  0.000E+00  0.000E+00  0.000E+00  1.000E-03
  7.163E-11  7.495E-11  0.000E+00  0.000E+00  0.000E+00  1.000E-03
  7.495E-11  7.843E-11  0.000E+00  0.000E+00  0.000E+00  1.000E-03
  7.843E-11  8.206E-11  0.000E+00  0.000E+00  0.000E+00  1.000E-03
  8.206E-11  8.587E-11  0.000E+00  0.000E+00  0.000E+00  1.000E-03
  8.587E-11  8.985E-11  0.000E+00  0.000E+00  0.000E+00  1.000E-03
  8.985E-11  9.402E-11  0.000E+00  0.000E+00  0.000E+00  1.000E-03
  9.402E-11  9.838E-11  0.000E+00  0.000E+00  0.000E+00  1.000E-03
  9.838E-11  1.029E-10  0.000E+00  0.000E+00  0.000E+00  1.000E-03
  1.029E-10  1.077E-10  0.000E+00  0.000E+00  0.000E+00  1.000E-03
  1.077E-10  1.127E-10  0.000E+00  0.000E+00  0.000E+00  1.000E-03
  1.127E-10  1.179E-10  0.000E+00  0.000E+00  0.000E+00  1.000E-03
  1.179E-10  1.234E-10  0.000E+00  0.000E+00  0.000E+00  1.000E-03
  1.234E-10  1.291E-10  0.000E+00  0.000E+00  0.000E+00  1.000E-03
  1.291E-10  1.351E-10  0.000E+00  0.000E+00  0.000E+00  1.000E-03
  1.351E-10  1.414E-10  0.000E+00  0.000E+00  0.000E+00  1.000E-03
  1.414E-10  1.480E-10  0.000E+00  0.000E+00  0.000E+00  1.000E-03
  1.480E-10  1.548E-10  0.000E+00  0.000E+00  0.000E+00  1.000E-03
  1.548E-10  1.620E-10  0.000E+00  0.000E+00  0.000E+00  1.000E-03
  1.620E-10  1.695E-10  0.000E+00  0.000E+00  0.000E+00  1.000E-03
  1.695E-10  1.774E-10  0.000E+00  0.000E+00  0.000E+00  1.000E-03
  1.774E-10  1.856E-10  0.000E+00  0.000E+00  0.000E+00  1.000E-03
  1.856E-10  1.942E-10  0.000E+00  0.000E+00  0.000E+00  1.000E-03
  1.942E-10  2.032E-10  0.000E+00  0.000E+00  0.000E+00  1.000E-03
  2.032E-10  2.126E-10  0.000E+00  0.000E+00  0.000E+00  1.000E-03
  2.126E-10  2.225E-10  0.000E+00  0.000E+00  0.000E+00  1.000E-03
  2.225E-10  2.328E-10  0.000E+00  0.000E+00  0.000E+00  1.000E-03
  2.328E-10  2.436E-10  0.000E+00  0.000E+00  0.000E+00  1.000E-03
  2.436E-10  2.549E-10  0.000E+00  0.000E+00  0.000E+00  1.000E-03
  2.549E-10  2.667E-10  0.000E+00  0.000E+00  0.000E+00  1.000E-03
  2.667E-10  2.791E-10  0.000E+00  0.000E+00  0.000E+00  1.000E-03
  2.791E-10  2.921E-10  0.000E+00  0.000E+00  0.000E+00  1.000E-03
  2.921E-10  3.056E-10  0.000E+00  0.000E+00  0.000E+00  1.000E-03
  3.056E-10  3.198E-10  0.000E+00  0.000E+00  0.000E+00  1.000E-03
  3.198E-10  3.346E-10  0.000E+00  0.000E+00  0.000E+00  1.000E-03
  3.346E-10  3.501E-10  0.000E+00  0.000E+00  0.000E+00  1.000E-03
  3.501E-10  3.664E-10  0.000E+00  0.000E+00  0.000E+00  1.000E-03
  3.664E-10  3.834E-10  0.000E+00  0.000E+00  0.000E+00  1.000E-03
  3.834E-10  4.011E-10  0.000E+00  0.000E+00  0.000E+00  1.000E-03
  4.011E-10  4.198E-10  0.000E+00  0.000E+00  0.000E+00  1.000E-03
  4.198E-10  4.392E-10  0.000E+00  0.000E+00  0.000E+00  1.000E-03
  4.392E-10  4.596E-10  0.000E+00  0.000E+00  0.000E+00  1.000E-03
  4.596E-10  4.809E-10  0.000E+00  0.000E+00  0.000E+00  1.000E-03
  4.809E-10  5.032E-10  0.000E+00  0.000E+00  0.000E+00  1.000E-03
  5.032E-10  5.266E-10  0.000E+00  0.000E+00  0.000E+00  1.000E-03
  5.266E-10  5.510E-10  0.000E+00  0.000E+00  0.000E+00  1.000E-03
  5.510E-10  5.765E-10  0.000E+00  0.000E+00  0.000E+00  1.000E-03
  5.765E-10  6.033E-10  0.000E+00  0.000E+00  0.000E+00  1.000E-03
  6.033E-10  6.313E-10  0.000E+00  0.000E+00  0.000E+00  1.000E-03
  6.313E-10  6.605E-10  0.000E+00  0.000E+00  0.000E+00  1.000E-03
  6.605E-10  6.912E-10  0.000E+00  0.000E+00  0.000E+00  1.000E-03
  6.912E-10  7.232E-10  0.000E+00  0.000E+00  0.000E+00  1.000E-03
  7.232E-10  7.568E-10  0.000E+00  0.000E+00  0.000E+00  1.000E-03
  7.568E-10  7.919E-10  0.000E+00  0.000E+00  0.000E+00  1.000E-03
  7.919E-10  8.286E-10  0.000E+00  0.000E+00  0.000E+00  1.000E-03
  8.286E-10  8.670E-10  0.000E+00  0.000E+00  0.000E+00  1.000E-03
  8.670E-10  9.073E-10  0.000E+00  0.000E+00  0.000E+00  1.000E-03
  9.073E-10  9.493E-10  0.000E+00  0.000E+00  0.000E+00  1.000E-03
  9.493E-10  9.934E-10  0.000E+00  0.000E+00  0.000E+00  1.000E-03
  9.934E-10  1.039E-09  0.000E+00  0.000E+00  0.000E+00  1.000E-03
  1.039E-09  1.088E-09  0.000E+00  0.000E+00  0.000E+00  1.000E-03
  1.088E-09  1.138E-09  0.000E+00  0.000E+00  0.000E+00  1.000E-03
  1.138E-09  1.191E-09  0.000E+00  0.000E+00  0.000E+00  1.000E-03
  1.191E-09  1.246E-09  0.000E+00  0.000E+00  0.000E+00  1.000E-03
  1.246E-09  1.304E-09  0.000E+00  0.000E+00  0.000E+00  1.000E-03
  1.304E-09  1.364E-09  0.000E+00  0.000E+00  0.000E+00  1.000E-03
  1.364E-09  1.428E-09  0.000E+00  0.000E+00  0.000E+00  1.000E-03
  1.428E-09  1.494E-09  0.000E+00  0.000E+00  0.000E+00  1.000E-03
  1.494E-09  1.563E-09  0.000E+00  0.000E+00  0.000E+00  1.000E-03
  1.563E-09  1.636E-09  0.000E+00  0.000E+00  0.000E+00  1.000E-03
  1.636E-09  1.712E-09  0.000E+00  0.000E+00  0.000E+00  1.000E-03
  1.712E-09  1.791E-09  0.000E+00  0.000E+00  0.000E+00  1.000E-03
  1.791E-09  1.874E-09  0.000E+00  0.000E+00  0.000E+00  1.000E-03
  1.874E-09  1.961E-09  0.000E+00  0.000E+00  0.000E+00  1.000E-03
  1.961E-09  2.052E-09  0.000E+00  0.000E+00  0.000E+00  1.000E-03
  2.052E-09  2.147E-09  0.000E+00  0.000E+00  0.000E+00  1.000E-03
  2.147E-09  2.247E-09  0.000E+00  0.000E+00  0.000E+00  1.000E-03
  2.247E-09  2.351E-09  0.000E+00  0.000E+00  0.000E+00  1.000E-03
  2.351E-09  2.460E-09  0.000E+00  0.000E+00  0.000E+00  1.000E-03
  2.460E-09  2.574E-09  0.000E+00  0.000E+00  0.000E+00  1.000E-03
  2.574E-09  2.693E-09  0.000E+00  0.000E+00  0.000E+00  1.000E-03
  2.693E-09  2.818E-09  0.000E+00  0.000E+00  0.000E+00  1.000E-03
  2.818E-09  2.949E-09  0.000E+00  0.000E+00  0.000E+00  1.000E-03
  2.949E-09  3.086E-09  0.000E+00  0.000E+00  0.000E+00  1.000E-03
  3.086E-09  3.229E-09  0.000E+00  0.000E+00  0.000E+00  1.000E-03
  3.229E-09  3.379E-09  0.000E+00  0.000E+00  0.000E+00  1.000E-03
  3.379E-09  3.535E-09  0.000E+00  0.000E+00  0.000E+00  1.000E-03
  3.535E-09  3.699E-09  0.000E+00  0.000E+00  0.000E+00  1.000E-03
  3.699E-09  3.871E-09  0.000E+00  0.000E+00  0.000E+00  1.000E-03
  3.871E-09  4.050E-09  0.000E+00  0.000E+00  0.000E+00  1.000E-03
  4.050E-09  4.238E-09  0.000E+00  0.000E+00  0.000E+00  1.000E-03
  4.238E-09  4.435E-09  0.000E+00  0.000E+00  0.000E+00  1.000E-03
  4.435E-09  4.641E-09  0.000E+00  0.000E+00  0.000E+00  1.000E-03
  4.641E-09  4.856E-09  0.000E+00  0.000E+00  0.000E+00  1.000E-03
  4.856E-09  5.081E-09  0.000E+00  0.000E+00  0.000E+00  1.000E-03
  5.081E-09  5.317E-09  0.000E+00  0.000E+00  0.000E+00  1.000E-03
  5.317E-09  5.563E-09  0.000E+00  0.000E+00  0.000E+00  1.000E-03
  5.563E-09  5.821E-09  0.000E+00  0.000E+00  0.000E+00  1.000E-03
  5.821E-09  6.091E-09  0.000E+00  0.000E+00  0.000E+00  1.000E-03
  6.091E-09  6.374E-09  0.000E+00  0.000E+00  0.000E+00  1.000E-03
  6.374E-09  6.670E-09  0.000E+00  0.000E+00  0.000E+00  1.000E-03
  6.670E-09  6.979E-09  0.000E+00  0.000E+00  0.000E+00  1.000E-03
  6.979E-09  7.303E-09  0.000E+00  0.000E+00  0.000E+00  1.000E-03
  7.303E-09  7.641E-09  0.000E+00  0.000E+00  0.000E+00  1.000E-03
  7.641E-09  7.996E-09  0.000E+00  0.000E+00  0.000E+00  1.000E-03
  7.996E-09  8.367E-09  0.000E+00  0.000E+00  0.000E+00  1.000E-03
  8.367E-09  8.755E-09  0.000E+00  0.000E+00  0.000E+00  1.000E-03
  8.755E-09  9.161E-09  0.000E+00  0.000E+00  0.000E+00  1.000E-03
  9.161E-09  9.586E-09  0.000E+00  0.000E+00  0.000E+00  1.000E-03
  9.586E-09  1.003E-08  0.000E+00  0.000E+00  0.000E+00  1.000E-03
  1.003E-08  1.050E-08  0.000E+00  0.000E+00  0.000E+00  1.000E-03
  1.050E-08  1.098E-08  0.000E+00  0.000E+00  0.000E+00  1.000E-03
  1.098E-08  1.149E-08  0.000E+00  0.000E+00  0.000E+00  1.000E-03
  1.149E-08  1.202E-08  0.000E+00  0.000E+00  0.000E+00  1.000E-03
  1.202E-08  1.258E-08  0.000E+00  0.000E+00  0.000E+00  1.000E-03
  1.258E-08  1.317E-08  0.000E+00  0.000E+00  0.000E+00  1.000E-03
  1.317E-08  1.378E-08  0.000E+00  0.000E+00  0.000E+00  1.000E-03
  1.378E-08  1.442E-08  0.000E+00  0.000E+00  0.000E+00  1.000E-03
  1.442E-08  1.508E-08  0.000E+00  0.000E+00  0.000E+00  1.000E-03
  1.508E-08  1.578E-08  0.000E+00  0.000E+00  0.000E+00  1.000E-03
  1.578E-08  1.652E-08  0.000E+00  0.000E+00  0.000E+00  1.000E-03
  1.652E-08  1.728E-08  0.000E+00  0.000E+00  0.000E+00  1.000E-03
  1.728E-08  1.808E-08  0.000E+00  0.000E+00  0.000E+00  1.000E-03
  1.808E-08  1.892E-08  0.000E+00  0.000E+00  0.000E+00  1.000E-03
  1.892E-08  1.980E-08  0.000E+00  0.000E+00  0.000E+00  1.000E-03
  1.980E-08  2.072E-08  0.000E+00  0.000E+00  0.000E+00  1.000E-03
  2.072E-08  2.168E-08  0.000E+00  0.000E+00  0.000E+00  1.000E-03
  2.168E-08  2.268E-08  0.000E+00  0.000E+00  0.000E+00  1.000E-03
  2.268E-08  2.374E-08  0.000E+00  0.000E+00  0.000E+00  1.000E-03
  2.374E-08  2.484E-08  0.000E+00  0.000E+00  0.000E+00  1.000E-03
  2.484E-08  2.599E-08  0.000E+00  0.000E+00  0.000E+00  1.000E-03
  2.599E-08  2.720E-08  0.000E+00  0.000E+00  0.000E+00  1.000E-03
  2.720E-08  2.846E-08  0.000E+00  0.000E+00  0.000E+00  1.000E-03
  2.846E-08  2.978E-08  0.000E+00  0.000E+00  0.000E+00  1.000E-03
  2.978E-08  3.116E-08  0.000E+00  0.000E+00  0.000E+00  1.000E-03
  3.116E-08  3.260E-08  0.000E+00  0.000E+00  0.000E+00  1.000E-03
  3.260E-08  3.411E-08  0.000E+00  0.000E+00  0.000E+00  1.000E-03
  3.411E-08  3.570E-08  0.000E+00  0.000E+00  0.000E+00  1.000E-03
  3.570E-08  3.735E-08  0.000E+00  0.000E+00  0.000E+00  1.000E-03
  3.735E-08  3.909E-08  0.000E+00  0.000E+00  0.000E+00  1.000E-03
  3.909E-08  4.090E-08  0.000E+00  0.000E+00  0.000E+00  1.000E-03
  4.090E-08  4.280E-08  0.000E+00  0.000E+00  0.000E+00  1.000E-03
  4.280E-08  4.478E-08  0.000E+00  0.000E+00  0.000E+00  1.000E-03
  4.478E-08  4.686E-08  0.000E+00  0.000E+00  0.000E+00  1.000E-03
  4.686E-08  4.903E-08  0.000E+00  0.000E+00  0.000E+00  1.000E-03
  4.903E-08  5.130E-08  0.000E+00  0.000E+00  0.000E+00  1.000E-03
  5.130E-08  5.368E-08  0.000E+00  0.000E+00  0.000E+00  1.000E-03
  5.368E-08  5.617E-08  0.000E+00  0.000E+00  0.000E+00  1.000E-03
  5.617E-08  5.878E-08  0.000E+00  0.000E+00  0.000E+00  1.000E-03
  5.878E-08  6.151E-08  0.000E+00  0.000E+00  0.000E+00  1.000E-03
  6.151E-08  6.436E-08  0.000E+00  0.000E+00  0.000E+00  1.000E-03
  6.436E-08  6.734E-08  0.000E+00  0.000E+00  0.000E+00  1.000E-03
  6.734E-08  7.047E-08  0.000E+00  0.000E+00  0.000E+00  1.000E-03
  7.047E-08  7.374E-08  0.000E+00  0.000E+00  0.000E+00  1.000E-03
  7.374E-08  7.716E-08  0.000E+00  0.000E+00  0.000E+00  1.000E-03
  7.716E-08  8.073E-08  0.000E+00  0.000E+00  0.000E+00  1.000E-03
  8.073E-08  8.448E-08  0.000E+00  0.000E+00  0.000E+00  1.000E-03
  8.448E-08  8.840E-08  0.000E+00  0.000E+00  0.000E+00  1.000E-03
  8.840E-08  9.250E-08  0.000E+00  0.000E+00  0.000E+00  1.000E-03
  9.250E-08  9.679E-08  0.000E+00  0.000E+00  0.000E+00  1.000E-03
  9.679E-08  1.013E-07  0.000E+00  0.000E+00  0.000E+00  1.000E-03
  1.013E-07  1.060E-07  0.000E+00  0.000E+00  0.000E+00  1.000E-03
  1.060E-07  1.109E-07  0.000E+00  0.000E+00  0.000E+00  1.000E-03
  1.109E-07  1.160E-07  0.000E+00  0.000E+00  0.000E+00  1.000E-03
  1.160E-07  1.214E-07  0.000E+00  0.000E+00  0.000E+00  1.000E-03
  1.214E-07  1.270E-07  0.000E+00  0.000E+00  0.000E+00  1.000E-03
  1.270E-07  1.329E-07  0.000E+00  0.000E+00  0.000E+00  1.000E-03
  1.329E-07  1.391E-07  0.000E+00  0.000E+00  0.000E+00  1.000E-03
  1.391E-07  1.456E-07  0.000E+00  0.000E+00  0.000E+00  1.000E-03
  1.456E-07  1.523E-07  0.000E+00  0.000E+00  0.000E+00  1.000E-03
  1.523E-07  1.594E-07  0.000E+00  0.000E+00  0.000E+00  1.000E-03
  1.594E-07  1.668E-07  0.000E+00  0.000E+00  0.000E+00  1.000E-03
  1.668E-07  1.745E-07  0.000E+00  0.000E+00  0.000E+00  1.000E-03
  1.745E-07  1.826E-07  0.000E+00  0.000E+00  0.000E+00  1.000E-03
  1.826E-07  1.911E-07  0.000E+00  0.000E+00  0.000E+00  1.000E-03
  1.911E-07  1.999E-07  0.000E+00  0.000E+00  0.000E+00  1.000E-03
  1.999E-07  2.092E-07  0.000E+00  0.000E+00  0.000E+00  1.000E-03
  2.092E-07  2.189E-07  0.000E+00  0.000E+00  0.000E+00  1.000E-03
  2.189E-07  2.291E-07  0.000E+00  0.000E+00  0.000E+00  1.000E-03
  2.291E-07  2.397E-07  0.000E+00  0.000E+00  0.000E+00  1.000E-03
  2.397E-07  2.508E-07  0.000E+00  0.000E+00  0.000E+00  1.000E-03
  2.508E-07  2.624E-07  0.000E+00  0.000E+00  0.000E+00  1.000E-03
  2.624E-07  2.746E-07  0.000E+00  0.000E+00  0.000E+00  1.000E-03
  2.746E-07  2.873E-07  0.000E+00  0.000E+00  0.000E+00  1.000E-03
  2.873E-07  3.007E-07  0.000E+00  0.000E+00  0.000E+00  1.000E-03
  3.007E-07  3.146E-07  0.000E+00  0.000E+00  0.000E+00  1.000E-03
  3.146E-07  3.292E-07  0.000E+00  0.000E+00  0.000E+00  1.000E-03
  3.292E-07  3.445E-07  0.000E+00  0.000E+00  0.000E+00  1.000E-03
  3.445E-07  3.604E-07  0.000E+00  0.000E+00  0.000E+00  1.000E-03
  3.604E-07  3.772E-07  0.000E+00  0.000E+00  0.000E+00  1.000E-03
  3.772E-07  3.947E-07  0.000E+00  0.000E+00  0.000E+00  1.000E-03
  3.947E-07  4.130E-07  0.000E+00  0.000E+00  0.000E+00  1.000E-03
  4.130E-07  4.321E-07  0.000E+00  0.000E+00  0.000E+00  1.000E-03
  4.321E-07  4.522E-07  0.000E+00  0.000E+00  0.000E+00  1.000E-03
  4.522E-07  4.731E-07  0.000E+00  0.000E+00  0.000E+00  1.000E-03
  4.731E-07  4.951E-07  0.000E+00  0.000E+00  0.000E+00  1.000E-03
  4.951E-07  5.180E-07  0.000E+00  0.000E+00  0.000E+00  1.000E-03
  5.180E-07  5.421E-07  0.000E+00  0.000E+00  0.000E+00  1.000E-03
  5.421E-07  5.672E-07  0.000E+00  0.000E+00  0.000E+00  1.000E-03
  5.672E-07  5.935E-07  0.000E+00  0.000E+00  0.000E+00  1.000E-03
  5.935E-07  6.210E-07  0.000E+00  0.000E+00  0.000E+00  1.000E-03
  6.210E-07  6.498E-07  0.000E+00  0.000E+00  0.000E+00  1.000E-03
  6.498E-07  6.800E-07  0.000E+00  0.000E+00  0.000E+00  1.000E-03
  6.800E-07  7.115E-07  0.000E+00  0.000E+00  0.000E+00  1.000E-03
  7.115E-07  7.445E-07  0.000E+00  0.000E+00  0.000E+00  1.000E-03
  7.445E-07  7.791E-07  0.000E+00  0.000E+00  0.000E+00  1.000E-03
  7.791E-07  8.152E-07  0.000E+00  0.000E+00  0.000E+00  1.000E-03
  8.152E-07  8.530E-07  0.000E+00  0.000E+00  0.000E+00  1.000E-03
  8.530E-07  8.926E-07  0.000E+00  0.000E+00  0.000E+00  1.000E-03
  8.926E-07  9.340E-07  0.000E+00  0.000E+00  0.000E+00  1.000E-03
  9.340E-07  9.773E-07  0.000E+00  0.000E+00  0.000E+00  1.000E-03
  9.773E-07  1.023E-06  0.000E+00  0.000E+00  0.000E+00  1.000E-03
  1.023E-06  1.070E-06  0.000E+00  0.000E+00  0.000E+00  1.000E-03
  1.070E-06  1.120E-06  0.000E+00  0.000E+00  0.000E+00  1.000E-03
  1.120E-06  1.172E-06  0.000E+00  0.000E+00  0.000E+00  1.000E-03
  1.172E-06  1.226E-06  0.000E+00  0.000E+00  0.000E+00  1.000E-03
  1.226E-06  1.283E-06  0.000E+00  0.000E+00  0.000E+00  1.000E-03
  1.283E-06  1.342E-06  0.000E+00  0.000E+00  0.000E+00  1.000E-03
  1.342E-06  1.405E-06  0.000E+00  0.000E+00  0.000E+00  1.000E-03
  1.405E-06  1.470E-06  0.000E+00  0.000E+00  0.000E+00  1.000E-03
  1.470E-06  1.538E-06  0.000E+00  0.000E+00  0.000E+00  1.000E-03
  1.538E-06  1.609E-06  0.000E+00  0.000E+00  0.000E+00  1.000E-03
  1.609E-06  1.684E-06  0.000E+00  0.000E+00  0.000E+00  1.000E-03
  1.684E-06  1.762E-06  0.000E+00  0.000E+00  0.000E+00  1.000E-03
  1.762E-06  1.844E-06  0.000E+00  0.000E+00  0.000E+00  1.000E-03
  1.844E-06  1.929E-06  0.000E+00  0.000E+00  0.000E+00  1.000E-03
  1.929E-06  2.019E-06  0.000E+00  0.000E+00  0.000E+00  1.000E-03
  2.019E-06  2.112E-06  0.000E+00  0.000E+00  0.000E+00  1.000E-03
  2.112E-06  2.210E-06  0.000E+00  0.000E+00  0.000E+00  1.000E-03
  2.210E-06  2.313E-06  0.000E+00  0.000E+00  0.000E+00  1.000E-03
  2.313E-06  2.420E-06  0.000E+00  0.000E+00  0.000E+00  1.000E-03
  2.420E-06  2.532E-06  0.000E+00  0.000E+00  0.000E+00  1.000E-03
  2.532E-06  2.650E-06  0.000E+00  0.000E+00  0.000E+00  1.000E-03
  2.650E-06  2.773E-06  0.000E+00  0.000E+00  0.000E+00  1.000E-03
  2.773E-06  2.901E-06  0.000E+00  0.000E+00  0.000E+00  1.000E-03
  2.901E-06  3.036E-06  0.000E+00  0.000E+00  0.000E+00  1.000E-03
  3.036E-06  3.177E-06  0.000E+00  0.000E+00  0.000E+00  1.000E-03
  3.177E-06  3.324E-06  0.000E+00  0.000E+00  0.000E+00  1.000E-03
  3.324E-06  3.478E-06  0.000E+00  0.000E+00  0.000E+00  1.000E-03
  3.478E-06  3.639E-06  0.000E+00  0.000E+00  0.000E+00  1.000E-03
  3.639E-06  3.808E-06  0.000E+00  0.000E+00  0.000E+00  1.000E-03
  3.808E-06  3.985E-06  0.000E+00  0.000E+00  0.000E+00  1.000E-03
  3.985E-06  4.170E-06  0.000E+00  0.000E+00  0.000E+00  1.000E-03
  4.170E-06  4.363E-06  0.000E+00  0.000E+00  0.000E+00  1.000E-03
  4.363E-06  4.565E-06  0.000E+00  0.000E+00  0.000E+00  1.000E-03
  4.565E-06  4.777E-06  0.000E+00  0.000E+00  0.000E+00  1.000E-03
  4.777E-06  4.999E-06  0.000E+00  0.000E+00  0.000E+00  1.000E-03
  4.999E-06  5.231E-06  0.000E+00  0.000E+00  0.000E+00  1.000E-03
  5.231E-06  5.473E-06  0.000E+00  0.000E+00  0.000E+00  1.000E-03
  5.473E-06  5.727E-06  0.000E+00  0.000E+00  0.000E+00  1.000E-03
  5.727E-06  5.993E-06  0.000E+00  0.000E+00  0.000E+00  1.000E-03
  5.993E-06  6.271E-06  0.000E+00  0.000E+00  0.000E+00  1.000E-03
  6.271E-06  6.562E-06  0.000E+00  0.000E+00  0.000E+00  1.000E-03
  6.562E-06  6.866E-06  0.000E+00  0.000E+00  0.000E+00  1.000E-03
  6.866E-06  7.184E-06  0.000E+00  0.000E+00  0.000E+00  1.000E-03
  7.184E-06  7.518E-06  0.000E+00  0.000E+00  0.000E+00  1.000E-03
  7.518E-06  7.866E-06  0.000E+00  0.000E+00  0.000E+00  1.000E-03
  7.866E-06  8.231E-06  0.000E+00  0.000E+00  0.000E+00  1.000E-03
  8.231E-06  8.613E-06  0.000E+00  0.000E+00  0.000E+00  1.000E-03
  8.613E-06  9.012E-06  0.000E+00  0.000E+00  0.000E+00  1.000E-03
  9.012E-06  9.430E-06  0.000E+00  0.000E+00  0.000E+00  1.000E-03
  9.430E-06  9.868E-06  0.000E+00  0.000E+00  0.000E+00  1.000E-03
  9.868E-06  1.033E-05  0.000E+00  0.000E+00  0.000E+00  1.000E-03
  1.033E-05  1.080E-05  0.000E+00  0.000E+00  0.000E+00  1.000E-03
  1.080E-05  1.131E-05  0.000E+00  0.000E+00  0.000E+00  1.000E-03
  1.131E-05  1.183E-05  0.000E+00  0.000E+00  0.000E+00  1.000E-03
  1.183E-05  1.238E-05  0.000E+00  0.000E+00  0.000E+00  1.000E-03
  1.238E-05  1.295E-05  0.000E+00  0.000E+00  0.000E+00  1.000E-03
  1.295E-05  1.355E-05  0.000E+00  0.000E+00  0.000E+00  1.000E-03
  1.355E-05  1.418E-05  0.000E+00  0.000E+00  0.000E+00  1.000E-03
  1.418E-05  1.484E-05  0.000E+00  0.000E+00  0.000E+00  1.000E-03
  1.484E-05  1.553E-05  0.000E+00  0.000E+00  0.000E+00  1.000E-03
  1.553E-05  1.625E-05  0.000E+00  0.000E+00  0.000E+00  1.000E-03
  1.625E-05  1.700E-05  0.000E+00  0.000E+00  0.000E+00  1.000E-03
  1.700E-05  1.779E-05  0.000E+00  0.000E+00  0.000E+00  1.000E-03
  1.779E-05  1.862E-05  0.000E+00  0.000E+00  0.000E+00  1.000E-03
  1.862E-05  1.948E-05  0.000E+00  0.000E+00  0.000E+00  1.000E-03
  1.948E-05  2.038E-05  0.000E+00  0.000E+00  0.000E+00  1.000E-03
  2.038E-05  2.133E-05  0.000E+00  0.000E+00  0.000E+00  1.000E-03
  2.133E-05  2.232E-05  0.000E+00  0.000E+00  0.000E+00  1.000E-03
  2.232E-05  2.335E-05  0.000E+00  0.000E+00  0.000E+00  1.000E-03
  2.335E-05  2.444E-05  0.000E+00  0.000E+00  0.000E+00  1.000E-03
  2.444E-05  2.557E-05  0.000E+00  0.000E+00  0.000E+00  1.000E-03
  2.557E-05  2.675E-05  0.000E+00  0.000E+00  0.000E+00  1.000E-03
  2.675E-05  2.800E-05  0.000E+00  0.000E+00  0.000E+00  1.000E-03
  2.800E-05  2.929E-05  0.000E+00  0.000E+00  0.000E+00  1.000E-03
  2.929E-05  3.065E-05  0.000E+00  0.000E+00  0.000E+00  1.000E-03
  3.065E-05  3.207E-05  0.000E+00  0.000E+00  0.000E+00  1.000E-03
  3.207E-05  3.356E-05  0.000E+00  0.000E+00  0.000E+00  1.000E-03
  3.356E-05  3.512E-05  0.000E+00  0.000E+00  0.000E+00  1.000E-03
  3.512E-05  3.675E-05  0.000E+00  0.000E+00  0.000E+00  1.000E-03
  3.675E-05  3.845E-05  0.000E+00  0.000E+00  0.000E+00  1.000E-03
  3.845E-05  4.024E-05  0.000E+00  0.000E+00  0.000E+00  1.000E-03
  4.024E-05  4.210E-05  0.000E+00  0.000E+00  0.000E+00  1.000E-03
  4.210E-05  4.405E-05  0.000E+00  0.000E+00  0.000E+00  1.000E-03
  4.405E-05  4.610E-05  0.000E+00  0.000E+00  0.000E+00  1.000E-03
  4.610E-05  4.824E-05  0.000E+00  0.000E+00  0.000E+00  1.000E-03
  4.824E-05  5.047E-05  0.000E+00  0.000E+00  0.000E+00  1.000E-03
  5.047E-05  5.281E-05  0.000E+00  0.000E+00  0.000E+00  1.000E-03
  5.281E-05  5.526E-05  0.000E+00  0.000E+00  0.000E+00  1.000E-03
  5.526E-05  5.783E-05  0.000E+00  0.000E+00  0.000E+00  1.000E-03
  5.783E-05  6.051E-05  0.000E+00  0.000E+00  0.000E+00  1.000E-03
  6.051E-05  6.332E-05  0.000E+00  0.000E+00  0.000E+00  1.000E-03
  6.332E-05  6.625E-05  0.000E+00  0.000E+00  0.000E+00  1.000E-03
  6.625E-05  6.933E-05  0.000E+00  0.000E+00  0.000E+00  1.000E-03
  6.933E-05  7.254E-05  0.000E+00  0.000E+00  0.000E+00  1.000E-03
  7.254E-05  7.591E-05  0.000E+00  0.000E+00  0.000E+00  1.000E-03
  7.591E-05  7.943E-05  0.000E+00  0.000E+00  0.000E+00  1.000E-03
  7.943E-05  8.311E-05  0.000E+00  0.000E+00  0.000E+00  1.000E-03
  8.311E-05  8.697E-05  0.000E+00  0.000E+00  0.000E+00  1.000E-03
  8.697E-05  9.100E-05  0.000E+00  0.000E+00  0.000E+00  1.000E-03
  9.100E-05  9.522E-05  0.000E+00  0.000E+00  0.000E+00  1.000E-03
  9.522E-05  9.964E-05  0.000E+00  0.000E+00  0.000E+00  1.000E-03
  9.964E-05  1.043E-04  0.000E+00  0.000E+00  0.000E+00  1.000E-03
  1.043E-04  1.091E-04  0.000E+00  0.000E+00  0.000E+00  1.000E-03
  1.091E-04  1.142E-04  0.000E+00  0.000E+00  0.000E+00  1.000E-03
  1.142E-04  1.194E-04  0.000E+00  0.000E+00  0.000E+00  1.000E-03
  1.194E-04  1.250E-04  0.000E+00  0.000E+00  0.000E+00  1.000E-03
  1.250E-04  1.308E-04  0.000E+00  0.000E+00  0.000E+00  1.000E-03
  1.308E-04  1.369E-04  0.000E+00  0.000E+00  0.000E+00  1.000E-03
  1.369E-04  1.432E-04  0.000E+00  0.000E+00  0.000E+00  1.000E-03
  1.432E-04  1.498E-04  0.000E+00  0.000E+00  0.000E+00  1.000E-03
  1.498E-04  1.568E-04  0.000E+00  0.000E+00  0.000E+00  1.000E-03
  1.568E-04  1.641E-04  0.000E+00  0.000E+00  0.000E+00  1.000E-03
  1.641E-04  1.717E-04  0.000E+00  0.000E+00  0.000E+00  1.000E-03
  1.717E-04  1.796E-04  0.000E+00  0.000E+00  0.000E+00  1.000E-03
  1.796E-04  1.880E-04  0.000E+00  0.000E+00  0.000E+00  1.000E-03
  1.880E-04  1.967E-04  0.000E+00  0.000E+00  0.000E+00  1.000E-03
  1.967E-04  2.058E-04  0.000E+00  0.000E+00  0.000E+00  1.000E-03
  2.058E-04  2.154E-04  0.000E+00  0.000E+00  0.000E+00  1.000E-03
  2.154E-04  2.253E-04  0.000E+00  0.000E+00  0.000E+00  1.000E-03
  2.253E-04  2.358E-04  0.000E+00  0.000E+00  0.000E+00  1.000E-03
  2.358E-04  2.467E-04  0.000E+00  0.000E+00  0.000E+00  1.000E-03
  2.467E-04  2.582E-04  0.000E+00  0.000E+00  0.000E+00  1.000E-03
  2.582E-04  2.701E-04  0.000E+00  0.000E+00  0.000E+00  1.000E-03
  2.701E-04  2.827E-04  0.000E+00  0.000E+00  0.000E+00  1.000E-03
  2.827E-04  2.958E-04  0.000E+00  0.000E+00  0.000E+00  1.000E-03
  2.958E-04  3.095E-04  0.000E+00  0.000E+00  0.000E+00  1.000E-03
  3.095E-04  3.239E-04  0.000E+00  0.000E+00  0.000E+00  1.000E-03
  3.239E-04  3.389E-04  0.000E+00  0.000E+00  0.000E+00  1.000E-03
  3.389E-04  3.546E-04  0.000E+00  0.000E+00  0.000E+00  1.000E-03
  3.546E-04  3.711E-04  0.000E+00  0.000E+00  0.000E+00  1.000E-03
  3.711E-04  3.883E-04  0.000E+00  0.000E+00  0.000E+00  1.000E-03
  3.883E-04  4.063E-04  0.000E+00  0.000E+00  0.000E+00  1.000E-03
  4.063E-04  4.251E-04  0.000E+00  0.000E+00  0.000E+00  1.000E-03
  4.251E-04  4.448E-04  0.000E+00  0.000E+00  0.000E+00  1.000E-03
  4.448E-04  4.655E-04  0.000E+00  0.000E+00  0.000E+00  1.000E-03
  4.655E-04  4.871E-04  0.000E+00  0.000E+00  0.000E+00  1.000E-03
  4.871E-04  5.096E-04  0.000E+00  0.000E+00  0.000E+00  1.000E-03
  5.096E-04  5.333E-04  0.000E+00  0.000E+00  0.000E+00  1.000E-03
  5.333E-04  5.580E-04  0.000E+00  0.000E+00  0.000E+00  1.000E-03
  5.580E-04  5.839E-04  0.000E+00  0.000E+00  0.000E+00  1.000E-03
  5.839E-04  6.110E-04  3.692E+07  0.000E+00  0.000E+00  1.000E-03
  6.110E-04  6.393E-04  0.000E+00  0.000E+00  0.000E+00  1.000E-03
  6.393E-04  6.690E-04  0.000E+00  0.000E+00  0.000E+00  1.000E-03
  6.690E-04  7.000E-04  0.000E+00  0.000E+00  0.000E+00  1.000E-03
  7.000E-04  7.000E-04  0.000E+00  0.000E+00  0.000E+00  1.000E-03

 # Block n:            2     1.00000005E-03  :  0.112099826    
  1.000E-13  1.046E-13  0.000E+00  0.000E+00  1.000E-03  1.121E-01
  1.046E-13  1.095E-13  0.000E+00  0.000E+00  1.000E-03  1.121E-01
  1.095E-13  1.146E-13  0.000E+00  0.000E+00  1.000E-03  1.121E-01
  1.146E-13  1.199E-13  0.000E+00  0.000E+00  1.000E-03  1.121E-01
  1.199E-13  1.254E-13  0.000E+00  0.000E+00  1.000E-03  1.121E-01
  1.254E-13  1.313E-13  0.000E+00  0.000E+00  1.000E-03  1.121E-01
  1.313E-13  1.374E-13  0.000E+00  0.000E+00  1.000E-03  1.121E-01
  1.374E-13  1.437E-13  0.000E+00  0.000E+00  1.000E-03  1.121E-01
  1.437E-13  1.504E-13  0.000E+00  0.000E+00  1.000E-03  1.121E-01
  1.504E-13  1.574E-13  0.000E+00  0.000E+00  1.000E-03  1.121E-01
  1.574E-13  1.647E-13  0.000E+00  0.000E+00  1.000E-03  1.121E-01
  1.647E-13  1.723E-13  0.000E+00  0.000E+00  1.000E-03  1.121E-01
  1.723E-13  1.803E-13  0.000E+00  0.000E+00  1.000E-03  1.121E-01
  1.803E-13  1.887E-13  0.000E+00  0.000E+00  1.000E-03  1.121E-01
  1.887E-13  1.974E-13  0.000E+00  0.000E+00  1.000E-03  1.121E-01
  1.974E-13  2.066E-13  0.000E+00  0.000E+00  1.000E-03  1.121E-01
  2.066E-13  2.161E-13  0.000E+00  0.000E+00  1.000E-03  1.121E-01
  2.161E-13  2.262E-13  0.000E+00  0.000E+00  1.000E-03  1.121E-01
  2.262E-13  2.367E-13  0.000E+00  0.000E+00  1.000E-03  1.121E-01
  2.367E-13  2.476E-13  0.000E+00  0.000E+00  1.000E-03  1.121E-01
  2.476E-13  2.591E-13  0.000E+00  0.000E+00  1.000E-03  1.121E-01
  2.591E-13  2.711E-13  0.000E+00  0.000E+00  1.000E-03  1.121E-01
  2.711E-13  2.837E-13  0.000E+00  0.000E+00  1.000E-03  1.121E-01
  2.837E-13  2.969E-13  0.000E+00  0.000E+00  1.000E-03  1.121E-01
  2.969E-13  3.106E-13  0.000E+00  0.000E+00  1.000E-03  1.121E-01
  3.106E-13  3.250E-13  0.000E+00  0.000E+00  1.000E-03  1.121E-01
  3.250E-13  3.401E-13  0.000E+00  0.000E+00  1.000E-03  1.121E-01
  3.401E-13  3.559E-13  0.000E+00  0.000E+00  1.000E-03  1.121E-01
  3.559E-13  3.724E-13  0.000E+00  0.000E+00  1.000E-03  1.121E-01
  3.724E-13  3.897E-13  0.000E+00  0.000E+00  1.000E-03  1.121E-01
  3.897E-13  4.078E-13  0.000E+00  0.000E+00  1.000E-03  1.121E-01
  4.078E-13  4.267E-13  0.000E+00  0.000E+00  1.000E-03  1.121E-01
  4.267E-13  4.465E-13  0.000E+00  0.000E+00  1.000E-03  1.121E-01
  4.465E-13  4.672E-13  0.000E+00  0.000E+00  1.000E-03  1.121E-01
  4.672E-13  4.888E-13  0.000E+00  0.000E+00  1.000E-03  1.121E-01
  4.888E-13  5.115E-13  0.000E+00  0.000E+00  1.000E-03  1.121E-01
  5.115E-13  5.352E-13  0.000E+00  0.000E+00  1.000E-03  1.121E-01
  5.352E-13  5.601E-13  0.000E+00  0.000E+00  1.000E-03  1.121E-01
  5.601E-13  5.860E-13  0.000E+00  0.000E+00  1.000E-03  1.121E-01
  5.860E-13  6.132E-13  0.000E+00  0.000E+00  1.000E-03  1.121E-01
  6.132E-13  6.416E-13  0.000E+00  0.000E+00  1.000E-03  1.121E-01
  6.416E-13  6.714E-13  0.000E+00  0.000E+00  1.000E-03  1.121E-01
  6.714E-13  7.026E-13  0.000E+00  0.000E+00  1.000E-03  1.121E-01
  7.026E-13  7.351E-13  0.000E+00  0.000E+00  1.000E-03  1.121E-01
  7.351E-13  7.692E-13  0.000E+00  0.000E+00  1.000E-03  1.121E-01
  7.692E-13  8.049E-13  0.000E+00  0.000E+00  1.000E-03  1.121E-01
  8.049E-13  8.422E-13  0.000E+00  0.000E+00  1.000E-03  1.121E-01
  8.422E-13  8.813E-13  0.000E+00  0.000E+00  1.000E-03  1.121E-01
  8.813E-13  9.222E-13  0.000E+00  0.000E+00  1.000E-03  1.121E-01
  9.222E-13  9.650E-13  0.000E+00  0.000E+00  1.000E-03  1.121E-01
  9.650E-13  1.010E-12  0.000E+00  0.000E+00  1.000E-03  1.121E-01
  1.010E-12  1.057E-12  0.000E+00  0.000E+00  1.000E-03  1.121E-01
  1.057E-12  1.106E-12  0.000E+00  0.000E+00  1.000E-03  1.121E-01
  1.106E-12  1.157E-12  0.000E+00  0.000E+00  1.000E-03  1.121E-01
  1.157E-12  1.210E-12  0.000E+00  0.000E+00  1.000E-03  1.121E-01
  1.210E-12  1.267E-12  0.000E+00  0.000E+00  1.000E-03  1.121E-01
  1.267E-12  1.325E-12  0.000E+00  0.000E+00  1.000E-03  1.121E-01
  1.325E-12  1.387E-12  0.000E+00  0.000E+00  1.000E-03  1.121E-01
  1.387E-12  1.451E-12  0.000E+00  0.000E+00  1.000E-03  1.121E-01
  1.451E-12  1.518E-12  0.000E+00  0.000E+00  1.000E-03  1.121E-01
  1.518E-12  1.589E-12  0.000E+00  0.000E+00  1.000E-03  1.121E-01
  1.589E-12  1.663E-12  0.000E+00  0.000E+00  1.000E-03  1.121E-01
  1.663E-12  1.740E-12  0.000E+00  0.000E+00  1.000E-03  1.121E-01
  1.740E-12  1.820E-12  0.000E+00  0.000E+00  1.000E-03  1.121E-01
  1.820E-12  1.905E-12  0.000E+00  0.000E+00  1.000E-03  1.121E-01
  1.905E-12  1.993E-12  0.000E+00  0.000E+00  1.000E-03  1.121E-01
  1.993E-12  2.086E-12  0.000E+00  0.000E+00  1.000E-03  1.121E-01
  2.086E-12  2.182E-12  0.000E+00  0.000E+00  1.000E-03  1.121E-01
  2.182E-12  2.284E-12  0.000E+00  0.000E+00  1.000E-03  1.121E-01
  2.284E-12  2.390E-12  0.000E+00  0.000E+00  1.000E-03  1.121E-01
  2.390E-12  2.500E-12  0.000E+00  0.000E+00  1.000E-03  1.121E-01
  2.500E-12  2.616E-12  0.000E+00  0.000E+00  1.000E-03  1.121E-01
  2.616E-12  2.738E-12  0.000E+00  0.000E+00  1.000E-03  1.121E-01
  2.738E-12  2.865E-12  0.000E+00  0.000E+00  1.000E-03  1.121E-01
  2.865E-12  2.998E-12  0.000E+00  0.000E+00  1.000E-03  1.121E-01
  2.998E-12  3.137E-12  0.000E+00  0.000E+00  1.000E-03  1.121E-01
  3.137E-12  3.282E-12  0.000E+00  0.000E+00  1.000E-03  1.121E-01
  3.282E-12  3.434E-12  0.000E+00  0.000E+00  1.000E-03  1.121E-01
  3.434E-12  3.594E-12  0.000E+00  0.000E+00  1.000E-03  1.121E-01
  3.594E-12  3.760E-12  0.000E+00  0.000E+00  1.000E-03  1.121E-01
  3.760E-12  3.935E-12  0.000E+00  0.000E+00  1.000E-03  1.121E-01
  3.935E-12  4.117E-12  0.000E+00  0.000E+00  1.000E-03  1.121E-01
  4.117E-12  4.308E-12  0.000E+00  0.000E+00  1.000E-03  1.121E-01
  4.308E-12  4.508E-12  0.000E+00  0.000E+00  1.000E-03  1.121E-01
  4.508E-12  4.717E-12  0.000E+00  0.000E+00  1.000E-03  1.121E-01
  4.717E-12  4.936E-12  0.000E+00  0.000E+00  1.000E-03  1.121E-01
  4.936E-12  5.165E-12  0.000E+00  0.000E+00  1.000E-03  1.121E-01
  5.165E-12  5.404E-12  0.000E+00  0.000E+00  1.000E-03  1.121E-01
  5.404E-12  5.655E-12  0.000E+00  0.000E+00  1.000E-03  1.121E-01
  5.655E-12  5.917E-12  0.000E+00  0.000E+00  1.000E-03  1.121E-01
  5.917E-12  6.192E-12  0.000E+00  0.000E+00  1.000E-03  1.121E-01
  6.192E-12  6.479E-12  0.000E+00  0.000E+00  1.000E-03  1.121E-01
  6.479E-12  6.779E-12  0.000E+00  0.000E+00  1.000E-03  1.121E-01
  6.779E-12  7.094E-12  0.000E+00  0.000E+00  1.000E-03  1.121E-01
  7.094E-12  7.423E-12  0.000E+00  0.000E+00  1.000E-03  1.121E-01
  7.423E-12  7.767E-12  0.000E+00  0.000E+00  1.000E-03  1.121E-01
  7.767E-12  8.127E-12  0.000E+00  0.000E+00  1.000E-03  1.121E-01
  8.127E-12  8.504E-12  0.000E+00  0.000E+00  1.000E-03  1.121E-01
  8.504E-12  8.899E-12  0.000E+00  0.000E+00  1.000E-03  1.121E-01
  8.899E-12  9.311E-12  0.000E+00  0.000E+00  1.000E-03  1.121E-01
  9.311E-12  9.743E-12  0.000E+00  0.000E+00  1.000E-03  1.121E-01
  9.743E-12  1.020E-11  0.000E+00  0.000E+00  1.000E-03  1.121E-01
  1.020E-11  1.067E-11  0.000E+00  0.000E+00  1.000E-03  1.121E-01
  1.067E-11  1.116E-11  0.000E+00  0.000E+00  1.000E-03  1.121E-01
  1.116E-11  1.168E-11  0.000E+00  0.000E+00  1.000E-03  1.121E-01
  1.168E-11  1.222E-11  0.000E+00  0.000E+00  1.000E-03  1.121E-01
  1.222E-11  1.279E-11  0.000E+00  0.000E+00  1.000E-03  1.121E-01
  1.279E-11  1.338E-11  0.000E+00  0.000E+00  1.000E-03  1.121E-01
  1.338E-11  1.400E-11  0.000E+00  0.000E+00  1.000E-03  1.121E-01
  1.400E-11  1.465E-11  0.000E+00  0.000E+00  1.000E-03  1.121E-01
  1.465E-11  1.533E-11  0.000E+00  0.000E+00  1.000E-03  1.121E-01
  1.533E-11  1.604E-11  0.000E+00  0.000E+00  1.000E-03  1.121E-01
  1.604E-11  1.679E-11  0.000E+00  0.000E+00  1.000E-03  1.121E-01
  1.679E-11  1.757E-11  0.000E+00  0.000E+00  1.000E-03  1.121E-01
  1.757E-11  1.838E-11  0.000E+00  0.000E+00  1.000E-03  1.121E-01
  1.838E-11  1.923E-11  0.000E+00  0.000E+00  1.000E-03  1.121E-01
  1.923E-11  2.013E-11  0.000E+00  0.000E+00  1.000E-03  1.121E-01
  2.013E-11  2.106E-11  0.000E+00  0.000E+00  1.000E-03  1.121E-01
  2.106E-11  2.204E-11  0.000E+00  0.000E+00  1.000E-03  1.121E-01
  2.204E-11  2.306E-11  0.000E+00  0.000E+00  1.000E-03  1.121E-01
  2.306E-11  2.413E-11  0.000E+00  0.000E+00  1.000E-03  1.121E-01
  2.413E-11  2.525E-11  0.000E+00  0.000E+00  1.000E-03  1.121E-01
  2.525E-11  2.642E-11  0.000E+00  0.000E+00  1.000E-03  1.121E-01
  2.642E-11  2.764E-11  0.000E+00  0.000E+00  1.000E-03  1.121E-01
  2.764E-11  2.893E-11  0.000E+00  0.000E+00  1.000E-03  1.121E-01
  2.893E-11  3.027E-11  0.000E+00  0.000E+00  1.000E-03  1.121E-01
  3.027E-11  3.167E-11  0.000E+00  0.000E+00  1.000E-03  1.121E-01
  3.167E-11  3.314E-11  0.000E+00  0.000E+00  1.000E-03  1.121E-01
  3.314E-11  3.468E-11  0.000E+00  0.000E+00  1.000E-03  1.121E-01
  3.468E-11  3.628E-11  0.000E+00  0.000E+00  1.000E-03  1.121E-01
  3.628E-11  3.797E-11  0.000E+00  0.000E+00  1.000E-03  1.121E-01
  3.797E-11  3.973E-11  0.000E+00  0.000E+00  1.000E-03  1.121E-01
  3.973E-11  4.157E-11  0.000E+00  0.000E+00  1.000E-03  1.121E-01
  4.157E-11  4.350E-11  0.000E+00  0.000E+00  1.000E-03  1.121E-01
  4.350E-11  4.552E-11  0.000E+00  0.000E+00  1.000E-03  1.121E-01
  4.552E-11  4.763E-11  0.000E+00  0.000E+00  1.000E-03  1.121E-01
  4.763E-11  4.984E-11  0.000E+00  0.000E+00  1.000E-03  1.121E-01
  4.984E-11  5.215E-11  0.000E+00  0.000E+00  1.000E-03  1.121E-01
  5.215E-11  5.457E-11  0.000E+00  0.000E+00  1.000E-03  1.121E-01
  5.457E-11  5.710E-11  0.000E+00  0.000E+00  1.000E-03  1.121E-01
  5.710E-11  5.975E-11  0.000E+00  0.000E+00  1.000E-03  1.121E-01
  5.975E-11  6.252E-11  0.000E+00  0.000E+00  1.000E-03  1.121E-01
  6.252E-11  6.542E-11  0.000E+00  0.000E+00  1.000E-03  1.121E-01
  6.542E-11  6.845E-11  0.000E+00  0.000E+00  1.000E-03  1.121E-01
  6.845E-11  7.163E-11  0.000E+00  0.000E+00  1.000E-03  1.121E-01
  7.163E-11  7.495E-11  0.000E+00  0.000E+00  1.000E-03  1.121E-01
  7.495E-11  7.843E-11  0.000E+00  0.000E+00  1.000E-03  1.121E-01
  7.843E-11  8.206E-11  0.000E+00  0.000E+00  1.000E-03  1.121E-01
  8.206E-11  8.587E-11  0.000E+00  0.000E+00  1.000E-03  1.121E-01
  8.587E-11  8.985E-11  0.000E+00  0.000E+00  1.000E-03  1.121E-01
  8.985E-11  9.402E-11  0.000E+00  0.000E+00  1.000E-03  1.121E-01
  9.402E-11  9.838E-11  0.000E+00  0.000E+00  1.000E-03  1.121E-01
  9.838E-11  1.029E-10  0.000E+00  0.000E+00  1.000E-03  1.121E-01
  1.029E-10  1.077E-10  0.000E+00  0.000E+00  1.000E-03  1.121E-01
  1.077E-10  1.127E-10  0.000E+00  0.000E+00  1.000E-03  1.121E-01
  1.127E-10  1.179E-10  0.000E+00  0.000E+00  1.000E-03  1.121E-01
  1.179E-10  1.234E-10  0.000E+00  0.000E+00  1.000E-03  1.121E-01
  1.234E-10  1.291E-10  0.000E+00  0.000E+00  1.000E-03  1.121E-01
  1.291E-10  1.351E-10  0.000E+00  0.000E+00  1.000E-03  1.121E-01
  1.351E-10  1.414E-10  0.000E+00  0.000E+00  1.000E-03  1.121E-01
  1.414E-10  1.480E-10  0.000E+00  0.000E+00  1.000E-03  1.121E-01
  1.480E-10  1.548E-10  0.000E+00  0.000E+00  1.000E-03  1.121E-01
  1.548E-10  1.620E-10  0.000E+00  0.000E+00  1.000E-03  1.121E-01
  1.620E-10  1.695E-10  0.000E+00  0.000E+00  1.000E-03  1.121E-01
  1.695E-10  1.774E-10  0.000E+00  0.000E+00  1.000E-03  1.121E-01
  1.774E-10  1.856E-10  0.000E+00  0.000E+00  1.000E-03  1.121E-01
  1.856E-10  1.942E-10  0.000E+00  0.000E+00  1.000E-03  1.121E-01
  1.942E-10  2.032E-10  0.000E+00  0.000E+00  1.000E-03  1.121E-01
  2.032E-10  2.126E-10  0.000E+00  0.000E+00  1.000E-03  1.121E-01
  2.126E-10  2.225E-10  0.000E+00  0.000E+00  1.000E-03  1.121E-01
  2.225E-10  2.328E-10  0.000E+00  0.000E+00  1.000E-03  1.121E-01
  2.328E-10  2.436E-10  0.000E+00  0.000E+00  1.000E-03  1.121E-01
  2.436E-10  2.549E-10  0.000E+00  0.000E+00  1.000E-03  1.121E-01
  2.549E-10  2.667E-10  0.000E+00  0.000E+00  1.000E-03  1.121E-01
  2.667E-10  2.791E-10  0.000E+00  0.000E+00  1.000E-03  1.121E-01
  2.791E-10  2.921E-10  0.000E+00  0.000E+00  1.000E-03  1.121E-01
  2.921E-10  3.056E-10  0.000E+00  0.000E+00  1.000E-03  1.121E-01
  3.056E-10  3.198E-10  0.000E+00  0.000E+00  1.000E-03  1.121E-01
  3.198E-10  3.346E-10  0.000E+00  0.000E+00  1.000E-03  1.121E-01
  3.346E-10  3.501E-10  0.000E+00  0.000E+00  1.000E-03  1.121E-01
  3.501E-10  3.664E-10  0.000E+00  0.000E+00  1.000E-03  1.121E-01
  3.664E-10  3.834E-10  0.000E+00  0.000E+00  1.000E-03  1.121E-01
  3.834E-10  4.011E-10  0.000E+00  0.000E+00  1.000E-03  1.121E-01
  4.011E-10  4.198E-10  0.000E+00  0.000E+00  1.000E-03  1.121E-01
  4.198E-10  4.392E-10  0.000E+00  0.000E+00  1.000E-03  1.121E-01
  4.392E-10  4.596E-10  0.000E+00  0.000E+00  1.000E-03  1.121E-01
  4.596E-10  4.809E-10  0.000E+00  0.000E+00  1.000E-03  1.121E-01
  4.809E-10  5.032E-10  0.000E+00  0.000E+00  1.000E-03  1.121E-01
  5.032E-10  5.266E-10  0.000E+00  0.000E+00  1.000E-03  1.121E-01
  5.266E-10  5.510E-10  0.000E+00  0.000E+00  1.000E-03  1.121E-01
  5.510E-10  5.765E-10  0.000E+00  0.000E+00  1.000E-03  1.121E-01
  5.765E-10  6.033E-10  0.000E+00  0.000E+00  1.000E-03  1.121E-01
  6.033E-10  6.313E-10  0.000E+00  0.000E+00  1.000E-03  1.121E-01
  6.313E-10  6.605E-10  0.000E+00  0.000E+00  1.000E-03  1.121E-01
  6.605E-10  6.912E-10  0.000E+00  0.000E+00  1.000E-03  1.121E-01
  6.912E-10  7.232E-10  0.000E+00  0.000E+00  1.000E-03  1.121E-01
  7.232E-10  7.568E-10  0.000E+00  0.000E+00  1.000E-03  1.121E-01
  7.568E-10  7.919E-10  0.000E+00  0.000E+00  1.000E-03  1.121E-01
  7.919E-10  8.286E-10  0.000E+00  0.000E+00  1.000E-03  1.121E-01
  8.286E-10  8.670E-10  0.000E+00  0.000E+00  1.000E-03  1.121E-01
  8.670E-10  9.073E-10  0.000E+00  0.000E+00  1.000E-03  1.121E-01
  9.073E-10  9.493E-10  0.000E+00  0.000E+00  1.000E-03  1.121E-01
  9.493E-10  9.934E-10  0.000E+00  0.000E+00  1.000E-03  1.121E-01
  9.934E-10  1.039E-09  0.000E+00  0.000E+00  1.000E-03  1.121E-01
  1.039E-09  1.088E-09  0.000E+00  0.000E+00  1.000E-03  1.121E-01
  1.088E-09  1.138E-09  0.000E+00  0.000E+00  1.000E-03  1.121E-01
  1.138E-09  1.191E-09  0.000E+00  0.000E+00  1.000E-03  1.121E-01
  1.191E-09  1.246E-09  0.000E+00  0.000E+00  1.000E-03  1.121E-01
  1.246E-09  1.304E-09  0.000E+00  0.000E+00  1.000E-03  1.121E-01
  1.304E-09  1.364E-09  0.000E+00  0.000E+00  1.000E-03  1.121E-01
  1.364E-09  1.428E-09  0.000E+00  0.000E+00  1.000E-03  1.121E-01
  1.428E-09  1.494E-09  0.000E+00  0.000E+00  1.000E-03  1.121E-01
  1.494E-09  1.563E-09  0.000E+00  0.000E+00  1.000E-03  1.121E-01
  1.563E-09  1.636E-09  0.000E+00  0.000E+00  1.000E-03  1.121E-01
  1.636E-09  1.712E-09  0.000E+00  0.000E+00  1.000E-03  1.121E-01
  1.712E-09  1.791E-09  0.000E+00  0.000E+00  1.000E-03  1.121E-01
  1.791E-09  1.874E-09  0.000E+00  0.000E+00  1.000E-03  1.121E-01
  1.874E-09  1.961E-09  0.000E+00  0.000E+00  1.000E-03  1.121E-01
  1.961E-09  2.052E-09  0.000E+00  0.000E+00  1.000E-03  1.121E-01
  2.052E-09  2.147E-09  0.000E+00  0.000E+00  1.000E-03  1.121E-01
  2.147E-09  2.247E-09  0.000E+00  0.000E+00  1.000E-03  1.121E-01
  2.247E-09  2.351E-09  0.000E+00  0.000E+00  1.000E-03  1.121E-01
  2.351E-09  2.460E-09  0.000E+00  0.000E+00  1.000E-03  1.121E-01
  2.460E-09  2.574E-09  0.000E+00  0.000E+00  1.000E-03  1.121E-01
  2.574E-09  2.693E-09  0.000E+00  0.000E+00  1.000E-03  1.121E-01
  2.693E-09  2.818E-09  0.000E+00  0.000E+00  1.000E-03  1.121E-01
  2.818E-09  2.949E-09  0.000E+00  0.000E+00  1.000E-03  1.121E-01
  2.949E-09  3.086E-09  0.000E+00  0.000E+00  1.000E-03  1.121E-01
  3.086E-09  3.229E-09  0.000E+00  0.000E+00  1.000E-03  1.121E-01
  3.229E-09  3.379E-09  0.000E+00  0.000E+00  1.000E-03  1.121E-01
  3.379E-09  3.535E-09  0.000E+00  0.000E+00  1.000E-03  1.121E-01
  3.535E-09  3.699E-09  0.000E+00  0.000E+00  1.000E-03  1.121E-01
  3.699E-09  3.871E-09  0.000E+00  0.000E+00  1.000E-03  1.121E-01
  3.871E-09  4.050E-09  0.000E+00  0.000E+00  1.000E-03  1.121E-01
  4.050E-09  4.238E-09  0.000E+00  0.000E+00  1.000E-03  1.121E-01
  4.238E-09  4.435E-09  0.000E+00  0.000E+00  1.000E-03  1.121E-01
  4.435E-09  4.641E-09  0.000E+00  0.000E+00  1.000E-03  1.121E-01
  4.641E-09  4.856E-09  0.000E+00  0.000E+00  1.000E-03  1.121E-01
  4.856E-09  5.081E-09  0.000E+00  0.000E+00  1.000E-03  1.121E-01
  5.081E-09  5.317E-09  0.000E+00  0.000E+00  1.000E-03  1.121E-01
  5.317E-09  5.563E-09  0.000E+00  0.000E+00  1.000E-03  1.121E-01
  5.563E-09  5.821E-09  0.000E+00  0.000E+00  1.000E-03  1.121E-01
  5.821E-09  6.091E-09  0.000E+00  0.000E+00  1.000E-03  1.121E-01
  6.091E-09  6.374E-09  0.000E+00  0.000E+00  1.000E-03  1.121E-01
  6.374E-09  6.670E-09  0.000E+00  0.000E+00  1.000E-03  1.121E-01
  6.670E-09  6.979E-09  0.000E+00  0.000E+00  1.000E-03  1.121E-01
  6.979E-09  7.303E-09  0.000E+00  0.000E+00  1.000E-03  1.121E-01
  7.303E-09  7.641E-09  0.000E+00  0.000E+00  1.000E-03  1.121E-01
  7.641E-09  7.996E-09  0.000E+00  0.000E+00  1.000E-03  1.121E-01
  7.996E-09  8.367E-09  0.000E+00  0.000E+00  1.000E-03  1.121E-01
  8.367E-09  8.755E-09  0.000E+00  0.000E+00  1.000E-03  1.121E-01
  8.755E-09  9.161E-09  0.000E+00  0.000E+00  1.000E-03  1.121E-01
  9.161E-09  9.586E-09  0.000E+00  0.000E+00  1.000E-03  1.121E-01
  9.586E-09  1.003E-08  0.000E+00  0.000E+00  1.000E-03  1.121E-01
  1.003E-08  1.050E-08  0.000E+00  0.000E+00  1.000E-03  1.121E-01
  1.050E-08  1.098E-08  0.000E+00  0.000E+00  1.000E-03  1.121E-01
  1.098E-08  1.149E-08  0.000E+00  0.000E+00  1.000E-03  1.121E-01
  1.149E-08  1.202E-08  0.000E+00  0.000E+00  1.000E-03  1.121E-01
  1.202E-08  1.258E-08  0.000E+00  0.000E+00  1.000E-03  1.121E-01
  1.258E-08  1.317E-08  0.000E+00  0.000E+00  1.000E-03  1.121E-01
  1.317E-08  1.378E-08  0.000E+00  0.000E+00  1.000E-03  1.121E-01
  1.378E-08  1.442E-08  0.000E+00  0.000E+00  1.000E-03  1.121E-01
  1.442E-08  1.508E-08  0.000E+00  0.000E+00  1.000E-03  1.121E-01
  1.508E-08  1.578E-08  0.000E+00  0.000E+00  1.000E-03  1.121E-01
  1.578E-08  1.652E-08  0.000E+00  0.000E+00  1.000E-03  1.121E-01
  1.652E-08  1.728E-08  0.000E+00  0.000E+00  1.000E-03  1.121E-01
  1.728E-08  1.808E-08  0.000E+00  0.000E+00  1.000E-03  1.121E-01
  1.808E-08  1.892E-08  0.000E+00  0.000E+00  1.000E-03  1.121E-01
  1.892E-08  1.980E-08  0.000E+00  0.000E+00  1.000E-03  1.121E-01
  1.980E-08  2.072E-08  0.000E+00  0.000E+00  1.000E-03  1.121E-01
  2.072E-08  2.168E-08  0.000E+00  0.000E+00  1.000E-03  1.121E-01
  2.168E-08  2.268E-08  0.000E+00  0.000E+00  1.000E-03  1.121E-01
  2.268E-08  2.374E-08  0.000E+00  0.000E+00  1.000E-03  1.121E-01
  2.374E-08  2.484E-08  0.000E+00  0.000E+00  1.000E-03  1.121E-01
  2.484E-08  2.599E-08  0.000E+00  0.000E+00  1.000E-03  1.121E-01
  2.599E-08  2.720E-08  0.000E+00  0.000E+00  1.000E-03  1.121E-01
  2.720E-08  2.846E-08  0.000E+00  0.000E+00  1.000E-03  1.121E-01
  2.846E-08  2.978E-08  0.000E+00  0.000E+00  1.000E-03  1.121E-01
  2.978E-08  3.116E-08  0.000E+00  0.000E+00  1.000E-03  1.121E-01
  3.116E-08  3.260E-08  0.000E+00  0.000E+00  1.000E-03  1.121E-01
  3.260E-08  3.411E-08  0.000E+00  0.000E+00  1.000E-03  1.121E-01
  3.411E-08  3.570E-08  0.000E+00  0.000E+00  1.000E-03  1.121E-01
  3.570E-08  3.735E-08  0.000E+00  0.000E+00  1.000E-03  1.121E-01
  3.735E-08  3.909E-08  0.000E+00  0.000E+00  1.000E-03  1.121E-01
  3.909E-08  4.090E-08  0.000E+00  0.000E+00  1.000E-03  1.121E-01
  4.090E-08  4.280E-08  0.000E+00  0.000E+00  1.000E-03  1.121E-01
  4.280E-08  4.478E-08  0.000E+00  0.000E+00  1.000E-03  1.121E-01
  4.478E-08  4.686E-08  0.000E+00  0.000E+00  1.000E-03  1.121E-01
  4.686E-08  4.903E-08  0.000E+00  0.000E+00  1.000E-03  1.121E-01
  4.903E-08  5.130E-08  0.000E+00  0.000E+00  1.000E-03  1.121E-01
  5.130E-08  5.368E-08  0.000E+00  0.000E+00  1.000E-03  1.121E-01
  5.368E-08  5.617E-08  0.000E+00  0.000E+00  1.000E-03  1.121E-01
  5.617E-08  5.878E-08  0.000E+00  0.000E+00  1.000E-03  1.121E-01
  5.878E-08  6.151E-08  0.000E+00  0.000E+00  1.000E-03  1.121E-01
  6.151E-08  6.436E-08  0.000E+00  0.000E+00  1.000E-03  1.121E-01
  6.436E-08  6.734E-08  0.000E+00  0.000E+00  1.000E-03  1.121E-01
  6.734E-08  7.047E-08  0.000E+00  0.000E+00  1.000E-03  1.121E-01
  7.047E-08  7.374E-08  0.000E+00  0.000E+00  1.000E-03  1.121E-01
  7.374E-08  7.716E-08  0.000E+00  0.000E+00  1.000E-03  1.121E-01
  7.716E-08  8.073E-08  0.000E+00  0.000E+00  1.000E-03  1.121E-01
  8.073E-08  8.448E-08  0.000E+00  0.000E+00  1.000E-03  1.121E-01
  8.448E-08  8.840E-08  0.000E+00  0.000E+00  1.000E-03  1.121E-01
  8.840E-08  9.250E-08  0.000E+00  0.000E+00  1.000E-03  1.121E-01
  9.250E-08  9.679E-08  0.000E+00  0.000E+00  1.000E-03  1.121E-01
  9.679E-08  1.013E-07  0.000E+00  0.000E+00  1.000E-03  1.121E-01
  1.013E-07  1.060E-07  0.000E+00  0.000E+00  1.000E-03  1.121E-01
  1.060E-07  1.109E-07  0.000E+00  0.000E+00  1.000E-03  1.121E-01
  1.109E-07  1.160E-07  0.000E+00  0.000E+00  1.000E-03  1.121E-01
  1.160E-07  1.214E-07  0.000E+00  0.000E+00  1.000E-03  1.121E-01
  1.214E-07  1.270E-07  0.000E+00  0.000E+00  1.000E-03  1.121E-01
  1.270E-07  1.329E-07  0.000E+00  0.000E+00  1.000E-03  1.121E-01
  1.329E-07  1.391E-07  0.000E+00  0.000E+00  1.000E-03  1.121E-01
  1.391E-07  1.456E-07  0.000E+00  0.000E+00  1.000E-03  1.121E-01
  1.456E-07  1.523E-07  0.000E+00  0.000E+00  1.000E-03  1.121E-01
  1.523E-07  1.594E-07  0.000E+00  0.000E+00  1.000E-03  1.121E-01
  1.594E-07  1.668E-07  0.000E+00  0.000E+00  1.000E-03  1.121E-01
  1.668E-07  1.745E-07  0.000E+00  0.000E+00  1.000E-03  1.121E-01
  1.745E-07  1.826E-07  0.000E+00  0.000E+00  1.000E-03  1.121E-01
  1.826E-07  1.911E-07  0.000E+00  0.000E+00  1.000E-03  1.121E-01
  1.911E-07  1.999E-07  0.000E+00  0.000E+00  1.000E-03  1.121E-01
  1.999E-07  2.092E-07  0.000E+00  0.000E+00  1.000E-03  1.121E-01
  2.092E-07  2.189E-07  0.000E+00  0.000E+00  1.000E-03  1.121E-01
  2.189E-07  2.291E-07  0.000E+00  0.000E+00  1.000E-03  1.121E-01
  2.291E-07  2.397E-07  0.000E+00  0.000E+00  1.000E-03  1.121E-01
  2.397E-07  2.508E-07  0.000E+00  0.000E+00  1.000E-03  1.121E-01
  2.508E-07  2.624E-07  0.000E+00  0.000E+00  1.000E-03  1.121E-01
  2.624E-07  2.746E-07  0.000E+00  0.000E+00  1.000E-03  1.121E-01
  2.746E-07  2.873E-07  0.000E+00  0.000E+00  1.000E-03  1.121E-01
  2.873E-07  3.007E-07  0.000E+00  0.000E+00  1.000E-03  1.121E-01
  3.007E-07  3.146E-07  0.000E+00  0.000E+00  1.000E-03  1.121E-01
  3.146E-07  3.292E-07  0.000E+00  0.000E+00  1.000E-03  1.121E-01
  3.292E-07  3.445E-07  0.000E+00  0.000E+00  1.000E-03  1.121E-01
  3.445E-07  3.604E-07  0.000E+00  0.000E+00  1.000E-03  1.121E-01
  3.604E-07  3.772E-07  0.000E+00  0.000E+00  1.000E-03  1.121E-01
  3.772E-07  3.947E-07  0.000E+00  0.000E+00  1.000E-03  1.121E-01
  3.947E-07  4.130E-07  0.000E+00  0.000E+00  1.000E-03  1.121E-01
  4.130E-07  4.321E-07  0.000E+00  0.000E+00  1.000E-03  1.121E-01
  4.321E-07  4.522E-07  0.000E+00  0.000E+00  1.000E-03  1.121E-01
  4.522E-07  4.731E-07  0.000E+00  0.000E+00  1.000E-03  1.121E-01
  4.731E-07  4.951E-07  0.000E+00  0.000E+00  1.000E-03  1.121E-01
  4.951E-07  5.180E-07  0.000E+00  0.000E+00  1.000E-03  1.121E-01
  5.180E-07  5.421E-07  0.000E+00  0.000E+00  1.000E-03  1.121E-01
  5.421E-07  5.672E-07  0.000E+00  0.000E+00  1.000E-03  1.121E-01
  5.672E-07  5.935E-07  0.000E+00  0.000E+00  1.000E-03  1.121E-01
  5.935E-07  6.210E-07  0.000E+00  0.000E+00  1.000E-03  1.121E-01
  6.210E-07  6.498E-07  0.000E+00  0.000E+00  1.000E-03  1.121E-01
  6.498E-07  6.800E-07  0.000E+00  0.000E+00  1.000E-03  1.121E-01
  6.800E-07  7.115E-07  0.000E+00  0.000E+00  1.000E-03  1.121E-01
  7.115E-07  7.445E-07  0.000E+00  0.000E+00  1.000E-03  1.121E-01
  7.445E-07  7.791E-07  0.000E+00  0.000E+00  1.000E-03  1.121E-01
  7.791E-07  8.152E-07  0.000E+00  0.000E+00  1.000E-03  1.121E-01
  8.152E-07  8.530E-07  0.000E+00  0.000E+00  1.000E-03  1.121E-01
  8.530E-07  8.926E-07  0.000E+00  0.000E+00  1.000E-03  1.121E-01
  8.926E-07  9.340E-07  0.000E+00  0.000E+00  1.000E-03  1.121E-01
  9.340E-07  9.773E-07  0.000E+00  0.000E+00  1.000E-03  1.121E-01
  9.773E-07  1.023E-06  0.000E+00  0.000E+00  1.000E-03  1.121E-01
  1.023E-06  1.070E-06  0.000E+00  0.000E+00  1.000E-03  1.121E-01
  1.070E-06  1.120E-06  0.000E+00  0.000E+00  1.000E-03  1.121E-01
  1.120E-06  1.172E-06  0.000E+00  0.000E+00  1.000E-03  1.121E-01
  1.172E-06  1.226E-06  0.000E+00  0.000E+00  1.000E-03  1.121E-01
  1.226E-06  1.283E-06  0.000E+00  0.000E+00  1.000E-03  1.121E-01
  1.283E-06  1.342E-06  0.000E+00  0.000E+00  1.000E-03  1.121E-01
  1.342E-06  1.405E-06  0.000E+00  0.000E+00  1.000E-03  1.121E-01
  1.405E-06  1.470E-06  0.000E+00  0.000E+00  1.000E-03  1.121E-01
  1.470E-06  1.538E-06  0.000E+00  0.000E+00  1.000E-03  1.121E-01
  1.538E-06  1.609E-06  0.000E+00  0.000E+00  1.000E-03  1.121E-01
  1.609E-06  1.684E-06  0.000E+00  0.000E+00  1.000E-03  1.121E-01
  1.684E-06  1.762E-06  0.000E+00  0.000E+00  1.000E-03  1.121E-01
  1.762E-06  1.844E-06  0.000E+00  0.000E+00  1.000E-03  1.121E-01
  1.844E-06  1.929E-06  0.000E+00  0.000E+00  1.000E-03  1.121E-01
  1.929E-06  2.019E-06  0.000E+00  0.000E+00  1.000E-03  1.121E-01
  2.019E-06  2.112E-06  0.000E+00  0.000E+00  1.000E-03  1.121E-01
  2.112E-06  2.210E-06  0.000E+00  0.000E+00  1.000E-03  1.121E-01
  2.210E-06  2.313E-06  0.000E+00  0.000E+00  1.000E-03  1.121E-01
  2.313E-06  2.420E-06  0.000E+00  0.000E+00  1.000E-03  1.121E-01
  2.420E-06  2.532E-06  0.000E+00  0.000E+00  1.000E-03  1.121E-01
  2.532E-06  2.650E-06  0.000E+00  0.000E+00  1.000E-03  1.121E-01
  2.650E-06  2.773E-06  0.000E+00  0.000E+00  1.000E-03  1.121E-01
  2.773E-06  2.901E-06  0.000E+00  0.000E+00  1.000E-03  1.121E-01
  2.901E-06  3.036E-06  0.000E+00  0.000E+00  1.000E-03  1.121E-01
  3.036E-06  3.177E-06  0.000E+00  0.000E+00  1.000E-03  1.121E-01
  3.177E-06  3.324E-06  0.000E+00  0.000E+00  1.000E-03  1.121E-01
  3.324E-06  3.478E-06  0.000E+00  0.000E+00  1.000E-03  1.121E-01
  3.478E-06  3.639E-06  0.000E+00  0.000E+00  1.000E-03  1.121E-01
  3.639E-06  3.808E-06  0.000E+00  0.000E+00  1.000E-03  1.121E-01
  3.808E-06  3.985E-06  0.000E+00  0.000E+00  1.000E-03  1.121E-01
  3.985E-06  4.170E-06  0.000E+00  0.000E+00  1.000E-03  1.121E-01
  4.170E-06  4.363E-06  0.000E+00  0.000E+00  1.000E-03  1.121E-01
  4.363E-06  4.565E-06  0.000E+00  0.000E+00  1.000E-03  1.121E-01
  4.565E-06  4.777E-06  0.000E+00  0.000E+00  1.000E-03  1.121E-01
  4.777E-06  4.999E-06  0.000E+00  0.000E+00  1.000E-03  1.121E-01
  4.999E-06  5.231E-06  0.000E+00  0.000E+00  1.000E-03  1.121E-01
  5.231E-06  5.473E-06  0.000E+00  0.000E+00  1.000E-03  1.121E-01
  5.473E-06  5.727E-06  0.000E+00  0.000E+00  1.000E-03  1.121E-01
  5.727E-06  5.993E-06  0.000E+00  0.000E+00  1.000E-03  1.121E-01
  5.993E-06  6.271E-06  0.000E+00  0.000E+00  1.000E-03  1.121E-01
  6.271E-06  6.562E-06  0.000E+00  0.000E+00  1.000E-03  1.121E-01
  6.562E-06  6.866E-06  0.000E+00  0.000E+00  1.000E-03  1.121E-01
  6.866E-06  7.184E-06  0.000E+00  0.000E+00  1.000E-03  1.121E-01
  7.184E-06  7.518E-06  0.000E+00  0.000E+00  1.000E-03  1.121E-01
  7.518E-06  7.866E-06  0.000E+00  0.000E+00  1.000E-03  1.121E-01
  7.866E-06  8.231E-06  0.000E+00  0.000E+00  1.000E-03  1.121E-01
  8.231E-06  8.613E-06  0.000E+00  0.000E+00  1.000E-03  1.121E-01
  8.613E-06  9.012E-06  0.000E+00  0.000E+00  1.000E-03  1.121E-01
  9.012E-06  9.430E-06  0.000E+00  0.000E+00  1.000E-03  1.121E-01
  9.430E-06  9.868E-06  0.000E+00  0.000E+00  1.000E-03  1.121E-01
  9.868E-06  1.033E-05  0.000E+00  0.000E+00  1.000E-03  1.121E-01
  1.033E-05  1.080E-05  0.000E+00  0.000E+00  1.000E-03  1.121E-01
  1.080E-05  1.131E-05  0.000E+00  0.000E+00  1.000E-03  1.121E-01
  1.131E-05  1.183E-05  0.000E+00  0.000E+00  1.000E-03  1.121E-01
  1.183E-05  1.238E-05  0.000E+00  0.000E+00  1.000E-03  1.121E-01
  1.238E-05  1.295E-05  0.000E+00  0.000E+00  1.000E-03  1.121E-01
  1.295E-05  1.355E-05  0.000E+00  0.000E+00  1.000E-03  1.121E-01
  1.355E-05  1.418E-05  0.000E+00  0.000E+00  1.000E-03  1.121E-01
  1.418E-05  1.484E-05  0.000E+00  0.000E+00  1.000E-03  1.121E-01
  1.484E-05  1.553E-05  0.000E+00  0.000E+00  1.000E-03  1.121E-01
  1.553E-05  1.625E-05  0.000E+00  0.000E+00  1.000E-03  1.121E-01
  1.625E-05  1.700E-05  0.000E+00  0.000E+00  1.000E-03  1.121E-01
  1.700E-05  1.779E-05  0.000E+00  0.000E+00  1.000E-03  1.121E-01
  1.779E-05  1.862E-05  0.000E+00  0.000E+00  1.000E-03  1.121E-01
  1.862E-05  1.948E-05  0.000E+00  0.000E+00  1.000E-03  1.121E-01
  1.948E-05  2.038E-05  0.000E+00  0.000E+00  1.000E-03  1.121E-01
  2.038E-05  2.133E-05  0.000E+00  0.000E+00  1.000E-03  1.121E-01
  2.133E-05  2.232E-05  0.000E+00  0.000E+00  1.000E-03  1.121E-01
  2.232E-05  2.335E-05  0.000E+00  0.000E+00  1.000E-03  1.121E-01
  2.335E-05  2.444E-05  0.000E+00  0.000E+00  1.000E-03  1.121E-01
  2.444E-05  2.557E-05  0.000E+00  0.000E+00  1.000E-03  1.121E-01
  2.557E-05  2.675E-05  0.000E+00  0.000E+00  1.000E-03  1.121E-01
  2.675E-05  2.800E-05  0.000E+00  0.000E+00  1.000E-03  1.121E-01
  2.800E-05  2.929E-05  0.000E+00  0.000E+00  1.000E-03  1.121E-01
  2.929E-05  3.065E-05  0.000E+00  0.000E+00  1.000E-03  1.121E-01
  3.065E-05  3.207E-05  0.000E+00  0.000E+00  1.000E-03  1.121E-01
  3.207E-05  3.356E-05  0.000E+00  0.000E+00  1.000E-03  1.121E-01
  3.356E-05  3.512E-05  0.000E+00  0.000E+00  1.000E-03  1.121E-01
  3.512E-05  3.675E-05  0.000E+00  0.000E+00  1.000E-03  1.121E-01
  3.675E-05  3.845E-05  0.000E+00  0.000E+00  1.000E-03  1.121E-01
  3.845E-05  4.024E-05  0.000E+00  0.000E+00  1.000E-03  1.121E-01
  4.024E-05  4.210E-05  0.000E+00  0.000E+00  1.000E-03  1.121E-01
  4.210E-05  4.405E-05  0.000E+00  0.000E+00  1.000E-03  1.121E-01
  4.405E-05  4.610E-05  0.000E+00  0.000E+00  1.000E-03  1.121E-01
  4.610E-05  4.824E-05  0.000E+00  0.000E+00  1.000E-03  1.121E-01
  4.824E-05  5.047E-05  0.000E+00  0.000E+00  1.000E-03  1.121E-01
  5.047E-05  5.281E-05  0.000E+00  0.000E+00  1.000E-03  1.121E-01
  5.281E-05  5.526E-05  0.000E+00  0.000E+00  1.000E-03  1.121E-01
  5.526E-05  5.783E-05  0.000E+00  0.000E+00  1.000E-03  1.121E-01
  5.783E-05  6.051E-05  0.000E+00  0.000E+00  1.000E-03  1.121E-01
  6.051E-05  6.332E-05  0.000E+00  0.000E+00  1.000E-03  1.121E-01
  6.332E-05  6.625E-05  0.000E+00  0.000E+00  1.000E-03  1.121E-01
  6.625E-05  6.933E-05  0.000E+00  0.000E+00  1.000E-03  1.121E-01
  6.933E-05  7.254E-05  0.000E+00  0.000E+00  1.000E-03  1.121E-01
  7.254E-05  7.591E-05  0.000E+00  0.000E+00  1.000E-03  1.121E-01
  7.591E-05  7.943E-05  0.000E+00  0.000E+00  1.000E-03  1.121E-01
  7.943E-05  8.311E-05  0.000E+00  0.000E+00  1.000E-03  1.121E-01
  8.311E-05  8.697E-05  0.000E+00  0.000E+00  1.000E-03  1.121E-01
  8.697E-05  9.100E-05  0.000E+00  0.000E+00  1.000E-03  1.121E-01
  9.100E-05  9.522E-05  0.000E+00  0.000E+00  1.000E-03  1.121E-01
  9.522E-05  9.964E-05  0.000E+00  0.000E+00  1.000E-03  1.121E-01
  9.964E-05  1.043E-04  0.000E+00  0.000E+00  1.000E-03  1.121E-01
  1.043E-04  1.091E-04  0.000E+00  0.000E+00  1.000E-03  1.121E-01
  1.091E-04  1.142E-04  0.000E+00  0.000E+00  1.000E-03  1.121E-01
  1.142E-04  1.194E-04  0.000E+00  0.000E+00  1.000E-03  1.121E-01
  1.194E-04  1.250E-04  0.000E+00  0.000E+00  1.000E-03  1.121E-01
  1.250E-04  1.308E-04  0.000E+00  0.000E+00  1.000E-03  1.121E-01
  1.308E-04  1.369E-04  0.000E+00  0.000E+00  1.000E-03  1.121E-01
  1.369E-04  1.432E-04  0.000E+00  0.000E+00  1.000E-03  1.121E-01
  1.432E-04  1.498E-04  0.000E+00  0.000E+00  1.000E-03  1.121E-01
  1.498E-04  1.568E-04  0.000E+00  0.000E+00  1.000E-03  1.121E-01
  1.568E-04  1.641E-04  0.000E+00  0.000E+00  1.000E-03  1.121E-01
  1.641E-04  1.717E-04  0.000E+00  0.000E+00  1.000E-03  1.121E-01
  1.717E-04  1.796E-04  0.000E+00  0.000E+00  1.000E-03  1.121E-01
  1.796E-04  1.880E-04  0.000E+00  0.000E+00  1.000E-03  1.121E-01
  1.880E-04  1.967E-04  0.000E+00  0.000E+00  1.000E-03  1.121E-01
  1.967E-04  2.058E-04  0.000E+00  0.000E+00  1.000E-03  1.121E-01
  2.058E-04  2.154E-04  0.000E+00  0.000E+00  1.000E-03  1.121E-01
  2.154E-04  2.253E-04  0.000E+00  0.000E+00  1.000E-03  1.121E-01
  2.253E-04  2.358E-04  0.000E+00  0.000E+00  1.000E-03  1.121E-01
  2.358E-04  2.467E-04  0.000E+00  0.000E+00  1.000E-03  1.121E-01
  2.467E-04  2.582E-04  0.000E+00  0.000E+00  1.000E-03  1.121E-01
  2.582E-04  2.701E-04  0.000E+00  0.000E+00  1.000E-03  1.121E-01
  2.701E-04  2.827E-04  0.000E+00  0.000E+00  1.000E-03  1.121E-01
  2.827E-04  2.958E-04  0.000E+00  0.000E+00  1.000E-03  1.121E-01
  2.958E-04  3.095E-04  0.000E+00  0.000E+00  1.000E-03  1.121E-01
  3.095E-04  3.239E-04  0.000E+00  0.000E+00  1.000E-03  1.121E-01
  3.239E-04  3.389E-04  0.000E+00  0.000E+00  1.000E-03  1.121E-01
  3.389E-04  3.546E-04  0.000E+00  0.000E+00  1.000E-03  1.121E-01
  3.546E-04  3.711E-04  0.000E+00  0.000E+00  1.000E-03  1.121E-01
  3.711E-04  3.883E-04  0.000E+00  0.000E+00  1.000E-03  1.121E-01
  3.883E-04  4.063E-04  0.000E+00  0.000E+00  1.000E-03  1.121E-01
  4.063E-04  4.251E-04  0.000E+00  0.000E+00  1.000E-03  1.121E-01
  4.251E-04  4.448E-04  0.000E+00  0.000E+00  1.000E-03  1.121E-01
  4.448E-04  4.655E-04  0.000E+00  0.000E+00  1.000E-03  1.121E-01
  4.655E-04  4.871E-04  0.000E+00  0.000E+00  1.000E-03  1.121E-01
  4.871E-04  5.096E-04  0.000E+00  0.000E+00  1.000E-03  1.121E-01
  5.096E-04  5.333E-04  0.000E+00  0.000E+00  1.000E-03  1.121E-01
  5.333E-04  5.580E-04  0.000E+00  0.000E+00  1.000E-03  1.121E-01
  5.580E-04  5.839E-04  0.000E+00  0.000E+00  1.000E-03  1.121E-01
  5.839E-04  6.110E-04  0.000E+00  0.000E+00  1.000E-03  1.121E-01
  6.110E-04  6.393E-04  0.000E+00  0.000E+00  1.000E-03  1.121E-01
  6.393E-04  6.690E-04  0.000E+00  0.000E+00  1.000E-03  1.121E-01
  6.690E-04  7.000E-04  0.000E+00  0.000E+00  1.000E-03  1.121E-01
  7.000E-04  7.000E-04  0.000E+00  0.000E+00  1.000E-03  1.121E-01

 # Block n:            3    0.112099826      :   12.5663710    
  1.000E-13  1.046E-13  1.731E+06  9.900E+01  1.121E-01  1.257E+01
  1.046E-13  1.095E-13  0.000E+00  0.000E+00  1.121E-01  1.257E+01
  1.095E-13  1.146E-13  1.581E+06  9.900E+01  1.121E-01  1.257E+01
  1.146E-13  1.199E-13  7.555E+06  4.381E+01  1.121E-01  1.257E+01
  1.199E-13  1.254E-13  0.000E+00  0.000E+00  1.121E-01  1.257E+01
  1.254E-13  1.313E-13  0.000E+00  0.000E+00  1.121E-01  1.257E+01
  1.313E-13  1.374E-13  0.000E+00  0.000E+00  1.121E-01  1.257E+01
  1.374E-13  1.437E-13  0.000E+00  0.000E+00  1.121E-01  1.257E+01
  1.437E-13  1.504E-13  1.205E+06  9.900E+01  1.121E-01  1.257E+01
  1.504E-13  1.574E-13  0.000E+00  0.000E+00  1.121E-01  1.257E+01
  1.574E-13  1.647E-13  0.000E+00  0.000E+00  1.121E-01  1.257E+01
  1.647E-13  1.723E-13  0.000E+00  0.000E+00  1.121E-01  1.257E+01
  1.723E-13  1.803E-13  1.005E+06  9.900E+01  1.121E-01  1.257E+01
  1.803E-13  1.887E-13  9.602E+05  9.900E+01  1.121E-01  1.257E+01
  1.887E-13  1.974E-13  0.000E+00  0.000E+00  1.121E-01  1.257E+01
  1.974E-13  2.066E-13  0.000E+00  0.000E+00  1.121E-01  1.257E+01
  2.066E-13  2.161E-13  0.000E+00  0.000E+00  1.121E-01  1.257E+01
  2.161E-13  2.262E-13  8.009E+05  9.900E+01  1.121E-01  1.257E+01
  2.262E-13  2.367E-13  7.654E+05  9.900E+01  1.121E-01  1.257E+01
  2.367E-13  2.476E-13  7.315E+05  9.900E+01  1.121E-01  1.257E+01
  2.476E-13  2.591E-13  6.991E+05  9.900E+01  1.121E-01  1.257E+01
  2.591E-13  2.711E-13  6.681E+05  9.900E+01  1.121E-01  1.257E+01
  2.711E-13  2.837E-13  0.000E+00  0.000E+00  1.121E-01  1.257E+01
  2.837E-13  2.969E-13  1.831E+06  5.715E+01  1.121E-01  1.257E+01
  2.969E-13  3.106E-13  1.166E+06  7.035E+01  1.121E-01  1.257E+01
  3.106E-13  3.250E-13  0.000E+00  0.000E+00  1.121E-01  1.257E+01
  3.250E-13  3.401E-13  1.598E+06  5.715E+01  1.121E-01  1.257E+01
  3.401E-13  3.559E-13  2.036E+06  4.924E+01  1.121E-01  1.257E+01
  3.559E-13  3.724E-13  1.459E+06  5.715E+01  1.121E-01  1.257E+01
  3.724E-13  3.897E-13  4.649E+05  9.900E+01  1.121E-01  1.257E+01
  3.897E-13  4.078E-13  8.885E+05  7.035E+01  1.121E-01  1.257E+01
  4.078E-13  4.267E-13  2.972E+06  3.663E+01  1.121E-01  1.257E+01
  4.267E-13  4.465E-13  1.623E+06  4.924E+01  1.121E-01  1.257E+01
  4.465E-13  4.672E-13  3.102E+06  3.408E+01  1.121E-01  1.257E+01
  4.672E-13  4.888E-13  2.223E+06  3.978E+01  1.121E-01  1.257E+01
  4.888E-13  5.115E-13  2.479E+06  3.663E+01  1.121E-01  1.257E+01
  5.115E-13  5.352E-13  1.354E+06  4.924E+01  1.121E-01  1.257E+01
  5.352E-13  5.601E-13  1.941E+06  4.630E+01  1.121E-01  1.257E+01
  5.601E-13  5.860E-13  1.855E+06  3.978E+01  1.121E-01  1.257E+01
  5.860E-13  6.132E-13  2.068E+06  3.663E+01  1.121E-01  1.257E+01
  6.132E-13  6.416E-13  1.412E+06  4.381E+01  1.121E-01  1.257E+01
  6.416E-13  6.714E-13  3.777E+06  2.690E+01  1.121E-01  1.257E+01
  6.714E-13  7.026E-13  3.352E+06  2.821E+01  1.121E-01  1.257E+01
  7.026E-13  7.351E-13  3.943E+06  2.623E+01  1.121E-01  1.257E+01
  7.351E-13  7.692E-13  3.768E+06  2.770E+01  1.121E-01  1.257E+01
  7.692E-13  8.049E-13  4.051E+06  2.418E+01  1.121E-01  1.257E+01
  8.049E-13  8.422E-13  2.581E+06  2.722E+01  1.121E-01  1.257E+01
  8.422E-13  8.813E-13  3.494E+06  2.516E+01  1.121E-01  1.257E+01
  8.813E-13  9.222E-13  3.339E+06  2.221E+01  1.121E-01  1.257E+01
  9.222E-13  9.650E-13  3.567E+06  2.329E+01  1.121E-01  1.257E+01
  9.650E-13  1.010E-12  6.100E+06  1.684E+01  1.121E-01  1.257E+01
  1.010E-12  1.057E-12  4.972E+06  1.978E+01  1.121E-01  1.257E+01
  1.057E-12  1.106E-12  5.079E+06  1.929E+01  1.121E-01  1.257E+01
  1.106E-12  1.157E-12  6.420E+06  1.805E+01  1.121E-01  1.257E+01
  1.157E-12  1.210E-12  7.033E+06  1.495E+01  1.121E-01  1.257E+01
  1.210E-12  1.267E-12  7.294E+06  1.379E+01  1.121E-01  1.257E+01
  1.267E-12  1.325E-12  6.424E+06  1.433E+01  1.121E-01  1.257E+01
  1.325E-12  1.387E-12  6.270E+06  1.273E+01  1.121E-01  1.257E+01
  1.387E-12  1.451E-12  6.366E+06  1.435E+01  1.121E-01  1.257E+01
  1.451E-12  1.518E-12  7.158E+06  1.421E+01  1.121E-01  1.257E+01
  1.518E-12  1.589E-12  6.840E+06  1.254E+01  1.121E-01  1.257E+01
  1.589E-12  1.663E-12  8.389E+06  1.025E+01  1.121E-01  1.257E+01
  1.663E-12  1.740E-12  6.872E+06  1.203E+01  1.121E-01  1.257E+01
  1.740E-12  1.820E-12  8.458E+06  1.163E+01  1.121E-01  1.257E+01
  1.820E-12  1.905E-12  8.464E+06  1.094E+01  1.121E-01  1.257E+01
  1.905E-12  1.993E-12  1.009E+07  1.101E+01  1.121E-01  1.257E+01
  1.993E-12  2.086E-12  1.025E+07  8.800E+00  1.121E-01  1.257E+01
  2.086E-12  2.182E-12  1.079E+07  9.049E+00  1.121E-01  1.257E+01
  2.182E-12  2.284E-12  1.190E+07  9.308E+00  1.121E-01  1.257E+01
  2.284E-12  2.390E-12  1.145E+07  8.340E+00  1.121E-01  1.257E+01
  2.390E-12  2.500E-12  1.123E+07  6.573E+00  1.121E-01  1.257E+01
  2.500E-12  2.616E-12  1.350E+07  7.156E+00  1.121E-01  1.257E+01
  2.616E-12  2.738E-12  1.323E+07  7.282E+00  1.121E-01  1.257E+01
  2.738E-12  2.865E-12  1.486E+07  6.497E+00  1.121E-01  1.257E+01
  2.865E-12  2.998E-12  1.438E+07  6.777E+00  1.121E-01  1.257E+01
  2.998E-12  3.137E-12  1.629E+07  4.999E+00  1.121E-01  1.257E+01
  3.137E-12  3.282E-12  1.628E+07  5.986E+00  1.121E-01  1.257E+01
  3.282E-12  3.434E-12  1.545E+07  5.826E+00  1.121E-01  1.257E+01
  3.434E-12  3.594E-12  1.684E+07  5.823E+00  1.121E-01  1.257E+01
  3.594E-12  3.760E-12  1.898E+07  4.518E+00  1.121E-01  1.257E+01
  3.760E-12  3.935E-12  1.947E+07  4.750E+00  1.121E-01  1.257E+01
  3.935E-12  4.117E-12  2.116E+07  4.725E+00  1.121E-01  1.257E+01
  4.117E-12  4.308E-12  2.102E+07  4.149E+00  1.121E-01  1.257E+01
  4.308E-12  4.508E-12  2.331E+07  4.598E+00  1.121E-01  1.257E+01
  4.508E-12  4.717E-12  2.400E+07  4.365E+00  1.121E-01  1.257E+01
  4.717E-12  4.936E-12  2.272E+07  3.868E+00  1.121E-01  1.257E+01
  4.936E-12  5.165E-12  2.585E+07  3.606E+00  1.121E-01  1.257E+01
  5.165E-12  5.404E-12  2.886E+07  3.334E+00  1.121E-01  1.257E+01
  5.404E-12  5.655E-12  2.864E+07  3.479E+00  1.121E-01  1.257E+01
  5.655E-12  5.917E-12  3.058E+07  2.962E+00  1.121E-01  1.257E+01
  5.917E-12  6.192E-12  3.040E+07  3.071E+00  1.121E-01  1.257E+01
  6.192E-12  6.479E-12  3.361E+07  2.942E+00  1.121E-01  1.257E+01
  6.479E-12  6.779E-12  3.460E+07  3.212E+00  1.121E-01  1.257E+01
  6.779E-12  7.094E-12  3.386E+07  3.008E+00  1.121E-01  1.257E+01
  7.094E-12  7.423E-12  3.744E+07  2.636E+00  1.121E-01  1.257E+01
  7.423E-12  7.767E-12  3.941E+07  2.443E+00  1.121E-01  1.257E+01
  7.767E-12  8.127E-12  4.016E+07  1.855E+00  1.121E-01  1.257E+01
  8.127E-12  8.504E-12  4.458E+07  2.205E+00  1.121E-01  1.257E+01
  8.504E-12  8.899E-12  4.399E+07  2.286E+00  1.121E-01  1.257E+01
  8.899E-12  9.311E-12  4.451E+07  2.288E+00  1.121E-01  1.257E+01
  9.311E-12  9.743E-12  4.932E+07  2.006E+00  1.121E-01  1.257E+01
  9.743E-12  1.020E-11  4.977E+07  1.922E+00  1.121E-01  1.257E+01
  1.020E-11  1.067E-11  5.277E+07  1.957E+00  1.121E-01  1.257E+01
  1.067E-11  1.116E-11  5.728E+07  1.572E+00  1.121E-01  1.257E+01
  1.116E-11  1.168E-11  5.632E+07  1.728E+00  1.121E-01  1.257E+01
  1.168E-11  1.222E-11  6.131E+07  1.469E+00  1.121E-01  1.257E+01
  1.222E-11  1.279E-11  6.376E+07  1.476E+00  1.121E-01  1.257E+01
  1.279E-11  1.338E-11  6.576E+07  1.526E+00  1.121E-01  1.257E+01
  1.338E-11  1.400E-11  6.868E+07  1.276E+00  1.121E-01  1.257E+01
  1.400E-11  1.465E-11  7.189E+07  1.453E+00  1.121E-01  1.257E+01
  1.465E-11  1.533E-11  7.450E+07  1.329E+00  1.121E-01  1.257E+01
  1.533E-11  1.604E-11  7.880E+07  1.062E+00  1.121E-01  1.257E+01
  1.604E-11  1.679E-11  8.057E+07  1.115E+00  1.121E-01  1.257E+01
  1.679E-11  1.757E-11  8.274E+07  1.098E+00  1.121E-01  1.257E+01
  1.757E-11  1.838E-11  8.595E+07  1.028E+00  1.121E-01  1.257E+01
  1.838E-11  1.923E-11  8.937E+07  1.002E+00  1.121E-01  1.257E+01
  1.923E-11  2.013E-11  9.118E+07  1.018E+00  1.121E-01  1.257E+01
  2.013E-11  2.106E-11  9.354E+07  9.818E-01  1.121E-01  1.257E+01
  2.106E-11  2.204E-11  9.823E+07  9.927E-01  1.121E-01  1.257E+01
  2.204E-11  2.306E-11  9.842E+07  9.993E-01  1.121E-01  1.257E+01
  2.306E-11  2.413E-11  1.006E+08  9.350E-01  1.121E-01  1.257E+01
  2.413E-11  2.525E-11  1.047E+08  7.814E-01  1.121E-01  1.257E+01
  2.525E-11  2.642E-11  1.050E+08  8.628E-01  1.121E-01  1.257E+01
  2.642E-11  2.764E-11  1.072E+08  8.391E-01  1.121E-01  1.257E+01
  2.764E-11  2.893E-11  1.101E+08  7.204E-01  1.121E-01  1.257E+01
  2.893E-11  3.027E-11  1.118E+08  6.687E-01  1.121E-01  1.257E+01
  3.027E-11  3.167E-11  1.134E+08  6.865E-01  1.121E-01  1.257E+01
  3.167E-11  3.314E-11  1.142E+08  7.218E-01  1.121E-01  1.257E+01
  3.314E-11  3.468E-11  1.155E+08  6.847E-01  1.121E-01  1.257E+01
  3.468E-11  3.628E-11  1.156E+08  6.368E-01  1.121E-01  1.257E+01
  3.628E-11  3.797E-11  1.177E+08  5.908E-01  1.121E-01  1.257E+01
  3.797E-11  3.973E-11  1.167E+08  6.500E-01  1.121E-01  1.257E+01
  3.973E-11  4.157E-11  1.169E+08  6.131E-01  1.121E-01  1.257E+01
  4.157E-11  4.350E-11  1.152E+08  5.629E-01  1.121E-01  1.257E+01
  4.350E-11  4.552E-11  1.137E+08  6.059E-01  1.121E-01  1.257E+01
  4.552E-11  4.763E-11  1.125E+08  6.247E-01  1.121E-01  1.257E+01
  4.763E-11  4.984E-11  1.099E+08  5.954E-01  1.121E-01  1.257E+01
  4.984E-11  5.215E-11  1.079E+08  5.196E-01  1.121E-01  1.257E+01
  5.215E-11  5.457E-11  1.050E+08  5.933E-01  1.121E-01  1.257E+01
  5.457E-11  5.710E-11  1.018E+08  5.069E-01  1.121E-01  1.257E+01
  5.710E-11  5.975E-11  9.783E+07  6.001E-01  1.121E-01  1.257E+01
  5.975E-11  6.252E-11  9.294E+07  5.289E-01  1.121E-01  1.257E+01
  6.252E-11  6.542E-11  8.958E+07  6.118E-01  1.121E-01  1.257E+01
  6.542E-11  6.845E-11  8.508E+07  5.475E-01  1.121E-01  1.257E+01
  6.845E-11  7.163E-11  7.956E+07  5.340E-01  1.121E-01  1.257E+01
  7.163E-11  7.495E-11  7.531E+07  5.859E-01  1.121E-01  1.257E+01
  7.495E-11  7.843E-11  6.991E+07  5.647E-01  1.121E-01  1.257E+01
  7.843E-11  8.206E-11  6.598E+07  6.292E-01  1.121E-01  1.257E+01
  8.206E-11  8.587E-11  5.980E+07  6.366E-01  1.121E-01  1.257E+01
  8.587E-11  8.985E-11  5.520E+07  5.868E-01  1.121E-01  1.257E+01
  8.985E-11  9.402E-11  5.067E+07  5.219E-01  1.121E-01  1.257E+01
  9.402E-11  9.838E-11  4.645E+07  6.120E-01  1.121E-01  1.257E+01
  9.838E-11  1.029E-10  4.200E+07  6.605E-01  1.121E-01  1.257E+01
  1.029E-10  1.077E-10  3.789E+07  6.054E-01  1.121E-01  1.257E+01
  1.077E-10  1.127E-10  3.419E+07  7.442E-01  1.121E-01  1.257E+01
  1.127E-10  1.179E-10  3.066E+07  7.294E-01  1.121E-01  1.257E+01
  1.179E-10  1.234E-10  2.725E+07  7.804E-01  1.121E-01  1.257E+01
  1.234E-10  1.291E-10  2.411E+07  7.694E-01  1.121E-01  1.257E+01
  1.291E-10  1.351E-10  2.107E+07  7.448E-01  1.121E-01  1.257E+01
  1.351E-10  1.414E-10  1.858E+07  8.013E-01  1.121E-01  1.257E+01
  1.414E-10  1.480E-10  1.660E+07  8.126E-01  1.121E-01  1.257E+01
  1.480E-10  1.548E-10  1.456E+07  9.103E-01  1.121E-01  1.257E+01
  1.548E-10  1.620E-10  1.277E+07  8.715E-01  1.121E-01  1.257E+01
  1.620E-10  1.695E-10  1.102E+07  7.949E-01  1.121E-01  1.257E+01
  1.695E-10  1.774E-10  9.625E+06  1.008E+00  1.121E-01  1.257E+01
  1.774E-10  1.856E-10  8.491E+06  1.088E+00  1.121E-01  1.257E+01
  1.856E-10  1.942E-10  7.533E+06  1.050E+00  1.121E-01  1.257E+01
  1.942E-10  2.032E-10  6.875E+06  1.220E+00  1.121E-01  1.257E+01
  2.032E-10  2.126E-10  6.020E+06  1.071E+00  1.121E-01  1.257E+01
  2.126E-10  2.225E-10  5.401E+06  1.243E+00  1.121E-01  1.257E+01
  2.225E-10  2.328E-10  4.923E+06  1.252E+00  1.121E-01  1.257E+01
  2.328E-10  2.436E-10  4.551E+06  1.194E+00  1.121E-01  1.257E+01
  2.436E-10  2.549E-10  4.283E+06  1.064E+00  1.121E-01  1.257E+01
  2.549E-10  2.667E-10  4.029E+06  1.306E+00  1.121E-01  1.257E+01
  2.667E-10  2.791E-10  3.725E+06  1.186E+00  1.121E-01  1.257E+01
  2.791E-10  2.921E-10  3.499E+06  1.480E+00  1.121E-01  1.257E+01
  2.921E-10  3.056E-10  3.293E+06  1.215E+00  1.121E-01  1.257E+01
  3.056E-10  3.198E-10  3.140E+06  1.301E+00  1.121E-01  1.257E+01
  3.198E-10  3.346E-10  2.975E+06  1.380E+00  1.121E-01  1.257E+01
  3.346E-10  3.501E-10  2.834E+06  1.399E+00  1.121E-01  1.257E+01
  3.501E-10  3.664E-10  2.748E+06  1.371E+00  1.121E-01  1.257E+01
  3.664E-10  3.834E-10  2.576E+06  1.297E+00  1.121E-01  1.257E+01
  3.834E-10  4.011E-10  2.499E+06  1.308E+00  1.121E-01  1.257E+01
  4.011E-10  4.198E-10  2.350E+06  1.495E+00  1.121E-01  1.257E+01
  4.198E-10  4.392E-10  2.357E+06  1.366E+00  1.121E-01  1.257E+01
  4.392E-10  4.596E-10  2.189E+06  1.327E+00  1.121E-01  1.257E+01
  4.596E-10  4.809E-10  2.081E+06  1.018E+00  1.121E-01  1.257E+01
  4.809E-10  5.032E-10  1.998E+06  1.336E+00  1.121E-01  1.257E+01
  5.032E-10  5.266E-10  1.902E+06  1.462E+00  1.121E-01  1.257E+01
  5.266E-10  5.510E-10  1.806E+06  1.243E+00  1.121E-01  1.257E+01
  5.510E-10  5.765E-10  1.734E+06  1.226E+00  1.121E-01  1.257E+01
  5.765E-10  6.033E-10  1.654E+06  1.231E+00  1.121E-01  1.257E+01
  6.033E-10  6.313E-10  1.595E+06  1.348E+00  1.121E-01  1.257E+01
  6.313E-10  6.605E-10  1.484E+06  1.143E+00  1.121E-01  1.257E+01
  6.605E-10  6.912E-10  1.439E+06  1.402E+00  1.121E-01  1.257E+01
  6.912E-10  7.232E-10  1.380E+06  1.284E+00  1.121E-01  1.257E+01
  7.232E-10  7.568E-10  1.327E+06  1.281E+00  1.121E-01  1.257E+01
  7.568E-10  7.919E-10  1.268E+06  1.404E+00  1.121E-01  1.257E+01
  7.919E-10  8.286E-10  1.194E+06  1.149E+00  1.121E-01  1.257E+01
  8.286E-10  8.670E-10  1.129E+06  1.373E+00  1.121E-01  1.257E+01
  8.670E-10  9.073E-10  1.086E+06  1.332E+00  1.121E-01  1.257E+01
  9.073E-10  9.493E-10  1.052E+06  1.294E+00  1.121E-01  1.257E+01
  9.493E-10  9.934E-10  9.986E+05  1.422E+00  1.121E-01  1.257E+01
  9.934E-10  1.039E-09  9.599E+05  1.412E+00  1.121E-01  1.257E+01
  1.039E-09  1.088E-09  9.217E+05  1.444E+00  1.121E-01  1.257E+01
  1.088E-09  1.138E-09  8.666E+05  1.324E+00  1.121E-01  1.257E+01
  1.138E-09  1.191E-09  8.436E+05  1.408E+00  1.121E-01  1.257E+01
  1.191E-09  1.246E-09  7.930E+05  1.201E+00  1.121E-01  1.257E+01
  1.246E-09  1.304E-09  7.491E+05  1.353E+00  1.121E-01  1.257E+01
  1.304E-09  1.364E-09  7.298E+05  1.400E+00  1.121E-01  1.257E+01
  1.364E-09  1.428E-09  6.876E+05  1.545E+00  1.121E-01  1.257E+01
  1.428E-09  1.494E-09  6.608E+05  1.396E+00  1.121E-01  1.257E+01
  1.494E-09  1.563E-09  6.406E+05  1.281E+00  1.121E-01  1.257E+01
  1.563E-09  1.636E-09  6.024E+05  1.470E+00  1.121E-01  1.257E+01
  1.636E-09  1.712E-09  5.838E+05  1.293E+00  1.121E-01  1.257E+01
  1.712E-09  1.791E-09  5.531E+05  1.290E+00  1.121E-01  1.257E+01
  1.791E-09  1.874E-09  5.364E+05  1.472E+00  1.121E-01  1.257E+01
  1.874E-09  1.961E-09  5.047E+05  1.410E+00  1.121E-01  1.257E+01
  1.961E-09  2.052E-09  4.875E+05  1.234E+00  1.121E-01  1.257E+01
  2.052E-09  2.147E-09  4.520E+05  1.256E+00  1.121E-01  1.257E+01
  2.147E-09  2.247E-09  4.449E+05  1.422E+00  1.121E-01  1.257E+01
  2.247E-09  2.351E-09  4.236E+05  1.492E+00  1.121E-01  1.257E+01
  2.351E-09  2.460E-09  4.105E+05  1.272E+00  1.121E-01  1.257E+01
  2.460E-09  2.574E-09  3.918E+05  1.319E+00  1.121E-01  1.257E+01
  2.574E-09  2.693E-09  3.778E+05  1.439E+00  1.121E-01  1.257E+01
  2.693E-09  2.818E-09  3.630E+05  1.313E+00  1.121E-01  1.257E+01
  2.818E-09  2.949E-09  3.410E+05  1.274E+00  1.121E-01  1.257E+01
  2.949E-09  3.086E-09  3.259E+05  1.289E+00  1.121E-01  1.257E+01
  3.086E-09  3.229E-09  3.173E+05  1.358E+00  1.121E-01  1.257E+01
  3.229E-09  3.379E-09  3.140E+05  1.361E+00  1.121E-01  1.257E+01
  3.379E-09  3.535E-09  2.854E+05  1.429E+00  1.121E-01  1.257E+01
  3.535E-09  3.699E-09  2.770E+05  1.441E+00  1.121E-01  1.257E+01
  3.699E-09  3.871E-09  2.670E+05  1.337E+00  1.121E-01  1.257E+01
  3.871E-09  4.050E-09  2.529E+05  1.333E+00  1.121E-01  1.257E+01
  4.050E-09  4.238E-09  2.441E+05  1.272E+00  1.121E-01  1.257E+01
  4.238E-09  4.435E-09  2.339E+05  1.438E+00  1.121E-01  1.257E+01
  4.435E-09  4.641E-09  2.241E+05  1.379E+00  1.121E-01  1.257E+01
  4.641E-09  4.856E-09  2.168E+05  1.340E+00  1.121E-01  1.257E+01
  4.856E-09  5.081E-09  2.063E+05  1.342E+00  1.121E-01  1.257E+01
  5.081E-09  5.317E-09  1.920E+05  1.324E+00  1.121E-01  1.257E+01
  5.317E-09  5.563E-09  1.845E+05  1.347E+00  1.121E-01  1.257E+01
  5.563E-09  5.821E-09  1.780E+05  1.211E+00  1.121E-01  1.257E+01
  5.821E-09  6.091E-09  1.761E+05  1.316E+00  1.121E-01  1.257E+01
  6.091E-09  6.374E-09  1.630E+05  1.142E+00  1.121E-01  1.257E+01
  6.374E-09  6.670E-09  1.602E+05  1.431E+00  1.121E-01  1.257E+01
  6.670E-09  6.979E-09  1.530E+05  1.266E+00  1.121E-01  1.257E+01
  6.979E-09  7.303E-09  1.445E+05  1.354E+00  1.121E-01  1.257E+01
  7.303E-09  7.641E-09  1.388E+05  1.109E+00  1.121E-01  1.257E+01
  7.641E-09  7.996E-09  1.345E+05  1.248E+00  1.121E-01  1.257E+01
  7.996E-09  8.367E-09  1.293E+05  1.231E+00  1.121E-01  1.257E+01
  8.367E-09  8.755E-09  1.260E+05  1.199E+00  1.121E-01  1.257E+01
  8.755E-09  9.161E-09  1.184E+05  1.357E+00  1.121E-01  1.257E+01
  9.161E-09  9.586E-09  1.105E+05  1.283E+00  1.121E-01  1.257E+01
  9.586E-09  1.003E-08  1.056E+05  1.182E+00  1.121E-01  1.257E+01
  1.003E-08  1.050E-08  1.036E+05  1.422E+00  1.121E-01  1.257E+01
  1.050E-08  1.098E-08  1.010E+05  1.146E+00  1.121E-01  1.257E+01
  1.098E-08  1.149E-08  9.757E+04  1.262E+00  1.121E-01  1.257E+01
  1.149E-08  1.202E-08  8.855E+04  1.525E+00  1.121E-01  1.257E+01
  1.202E-08  1.258E-08  8.709E+04  1.232E+00  1.121E-01  1.257E+01
  1.258E-08  1.317E-08  8.453E+04  1.276E+00  1.121E-01  1.257E+01
  1.317E-08  1.378E-08  8.056E+04  1.286E+00  1.121E-01  1.257E+01
  1.378E-08  1.442E-08  7.568E+04  1.437E+00  1.121E-01  1.257E+01
  1.442E-08  1.508E-08  7.247E+04  1.175E+00  1.121E-01  1.257E+01
  1.508E-08  1.578E-08  7.115E+04  1.132E+00  1.121E-01  1.257E+01
  1.578E-08  1.652E-08  6.775E+04  1.148E+00  1.121E-01  1.257E+01
  1.652E-08  1.728E-08  6.542E+04  1.172E+00  1.121E-01  1.257E+01
  1.728E-08  1.808E-08  6.254E+04  1.346E+00  1.121E-01  1.257E+01
  1.808E-08  1.892E-08  5.963E+04  1.396E+00  1.121E-01  1.257E+01
  1.892E-08  1.980E-08  5.668E+04  1.497E+00  1.121E-01  1.257E+01
  1.980E-08  2.072E-08  5.428E+04  1.222E+00  1.121E-01  1.257E+01
  2.072E-08  2.168E-08  5.254E+04  1.193E+00  1.121E-01  1.257E+01
  2.168E-08  2.268E-08  5.121E+04  1.320E+00  1.121E-01  1.257E+01
  2.268E-08  2.374E-08  4.757E+04  1.324E+00  1.121E-01  1.257E+01
  2.374E-08  2.484E-08  4.609E+04  1.019E+00  1.121E-01  1.257E+01
  2.484E-08  2.599E-08  4.368E+04  1.118E+00  1.121E-01  1.257E+01
  2.599E-08  2.720E-08  4.204E+04  1.245E+00  1.121E-01  1.257E+01
  2.720E-08  2.846E-08  4.022E+04  1.283E+00  1.121E-01  1.257E+01
  2.846E-08  2.978E-08  4.011E+04  1.214E+00  1.121E-01  1.257E+01
  2.978E-08  3.116E-08  3.834E+04  1.073E+00  1.121E-01  1.257E+01
  3.116E-08  3.260E-08  3.619E+04  1.258E+00  1.121E-01  1.257E+01
  3.260E-08  3.411E-08  3.534E+04  1.415E+00  1.121E-01  1.257E+01
  3.411E-08  3.570E-08  3.274E+04  1.198E+00  1.121E-01  1.257E+01
  3.570E-08  3.735E-08  3.180E+04  1.176E+00  1.121E-01  1.257E+01
  3.735E-08  3.909E-08  3.023E+04  1.093E+00  1.121E-01  1.257E+01
  3.909E-08  4.090E-08  2.906E+04  1.239E+00  1.121E-01  1.257E+01
  4.090E-08  4.280E-08  2.754E+04  1.058E+00  1.121E-01  1.257E+01
  4.280E-08  4.478E-08  2.642E+04  1.362E+00  1.121E-01  1.257E+01
  4.478E-08  4.686E-08  2.594E+04  1.235E+00  1.121E-01  1.257E+01
  4.686E-08  4.903E-08  2.449E+04  1.193E+00  1.121E-01  1.257E+01
  4.903E-08  5.130E-08  2.326E+04  1.248E+00  1.121E-01  1.257E+01
  5.130E-08  5.368E-08  2.271E+04  1.123E+00  1.121E-01  1.257E+01
  5.368E-08  5.617E-08  2.151E+04  1.147E+00  1.121E-01  1.257E+01
  5.617E-08  5.878E-08  2.072E+04  1.125E+00  1.121E-01  1.257E+01
  5.878E-08  6.151E-08  2.012E+04  1.200E+00  1.121E-01  1.257E+01
  6.151E-08  6.436E-08  1.915E+04  1.305E+00  1.121E-01  1.257E+01
  6.436E-08  6.734E-08  1.841E+04  1.188E+00  1.121E-01  1.257E+01
  6.734E-08  7.047E-08  1.780E+04  1.233E+00  1.121E-01  1.257E+01
  7.047E-08  7.374E-08  1.701E+04  1.137E+00  1.121E-01  1.257E+01
  7.374E-08  7.716E-08  1.635E+04  1.202E+00  1.121E-01  1.257E+01
  7.716E-08  8.073E-08  1.539E+04  1.289E+00  1.121E-01  1.257E+01
  8.073E-08  8.448E-08  1.476E+04  1.274E+00  1.121E-01  1.257E+01
  8.448E-08  8.840E-08  1.414E+04  1.237E+00  1.121E-01  1.257E+01
  8.840E-08  9.250E-08  1.342E+04  1.189E+00  1.121E-01  1.257E+01
  9.250E-08  9.679E-08  1.322E+04  9.588E-01  1.121E-01  1.257E+01
  9.679E-08  1.013E-07  1.268E+04  1.198E+00  1.121E-01  1.257E+01
  1.013E-07  1.060E-07  1.233E+04  1.065E+00  1.121E-01  1.257E+01
  1.060E-07  1.109E-07  1.150E+04  1.054E+00  1.121E-01  1.257E+01
  1.109E-07  1.160E-07  1.093E+04  1.155E+00  1.121E-01  1.257E+01
  1.160E-07  1.214E-07  1.071E+04  1.233E+00  1.121E-01  1.257E+01
  1.214E-07  1.270E-07  1.010E+04  1.127E+00  1.121E-01  1.257E+01
  1.270E-07  1.329E-07  9.726E+03  1.291E+00  1.121E-01  1.257E+01
  1.329E-07  1.391E-07  9.342E+03  1.089E+00  1.121E-01  1.257E+01
  1.391E-07  1.456E-07  9.143E+03  1.163E+00  1.121E-01  1.257E+01
  1.456E-07  1.523E-07  8.643E+03  1.083E+00  1.121E-01  1.257E+01
  1.523E-07  1.594E-07  8.181E+03  1.151E+00  1.121E-01  1.257E+01
  1.594E-07  1.668E-07  7.916E+03  1.074E+00  1.121E-01  1.257E+01
  1.668E-07  1.745E-07  7.580E+03  1.242E+00  1.121E-01  1.257E+01
  1.745E-07  1.826E-07  7.311E+03  1.152E+00  1.121E-01  1.257E+01
  1.826E-07  1.911E-07  7.064E+03  1.014E+00  1.121E-01  1.257E+01
  1.911E-07  1.999E-07  6.650E+03  1.047E+00  1.121E-01  1.257E+01
  1.999E-07  2.092E-07  6.356E+03  1.293E+00  1.121E-01  1.257E+01
  2.092E-07  2.189E-07  6.120E+03  1.224E+00  1.121E-01  1.257E+01
  2.189E-07  2.291E-07  5.959E+03  1.256E+00  1.121E-01  1.257E+01
  2.291E-07  2.397E-07  5.680E+03  1.179E+00  1.121E-01  1.257E+01
  2.397E-07  2.508E-07  5.286E+03  1.217E+00  1.121E-01  1.257E+01
  2.508E-07  2.624E-07  5.212E+03  1.266E+00  1.121E-01  1.257E+01
  2.624E-07  2.746E-07  5.013E+03  1.202E+00  1.121E-01  1.257E+01
  2.746E-07  2.873E-07  4.747E+03  1.257E+00  1.121E-01  1.257E+01
  2.873E-07  3.007E-07  4.607E+03  1.114E+00  1.121E-01  1.257E+01
  3.007E-07  3.146E-07  4.374E+03  1.211E+00  1.121E-01  1.257E+01
  3.146E-07  3.292E-07  4.235E+03  1.083E+00  1.121E-01  1.257E+01
  3.292E-07  3.445E-07  4.047E+03  1.151E+00  1.121E-01  1.257E+01
  3.445E-07  3.604E-07  3.797E+03  9.998E-01  1.121E-01  1.257E+01
  3.604E-07  3.772E-07  3.721E+03  1.138E+00  1.121E-01  1.257E+01
  3.772E-07  3.947E-07  3.502E+03  9.702E-01  1.121E-01  1.257E+01
  3.947E-07  4.130E-07  3.426E+03  1.105E+00  1.121E-01  1.257E+01
  4.130E-07  4.321E-07  3.253E+03  1.135E+00  1.121E-01  1.257E+01
  4.321E-07  4.522E-07  3.161E+03  1.091E+00  1.121E-01  1.257E+01
  4.522E-07  4.731E-07  3.001E+03  1.042E+00  1.121E-01  1.257E+01
  4.731E-07  4.951E-07  2.859E+03  1.186E+00  1.121E-01  1.257E+01
  4.951E-07  5.180E-07  2.711E+03  1.117E+00  1.121E-01  1.257E+01
  5.180E-07  5.421E-07  2.634E+03  1.264E+00  1.121E-01  1.257E+01
  5.421E-07  5.672E-07  2.538E+03  1.150E+00  1.121E-01  1.257E+01
  5.672E-07  5.935E-07  2.429E+03  1.086E+00  1.121E-01  1.257E+01
  5.935E-07  6.210E-07  2.319E+03  1.157E+00  1.121E-01  1.257E+01
  6.210E-07  6.498E-07  2.239E+03  1.085E+00  1.121E-01  1.257E+01
  6.498E-07  6.800E-07  2.153E+03  1.344E+00  1.121E-01  1.257E+01
  6.800E-07  7.115E-07  2.058E+03  1.108E+00  1.121E-01  1.257E+01
  7.115E-07  7.445E-07  1.964E+03  1.251E+00  1.121E-01  1.257E+01
  7.445E-07  7.791E-07  1.935E+03  1.089E+00  1.121E-01  1.257E+01
  7.791E-07  8.152E-07  1.793E+03  1.152E+00  1.121E-01  1.257E+01
  8.152E-07  8.530E-07  1.754E+03  1.036E+00  1.121E-01  1.257E+01
  8.530E-07  8.926E-07  1.671E+03  1.134E+00  1.121E-01  1.257E+01
  8.926E-07  9.340E-07  1.638E+03  1.066E+00  1.121E-01  1.257E+01
  9.340E-07  9.773E-07  1.530E+03  1.097E+00  1.121E-01  1.257E+01
  9.773E-07  1.023E-06  1.471E+03  1.215E+00  1.121E-01  1.257E+01
  1.023E-06  1.070E-06  1.392E+03  1.105E+00  1.121E-01  1.257E+01
  1.070E-06  1.120E-06  1.330E+03  1.098E+00  1.121E-01  1.257E+01
  1.120E-06  1.172E-06  1.319E+03  1.117E+00  1.121E-01  1.257E+01
  1.172E-06  1.226E-06  1.221E+03  1.130E+00  1.121E-01  1.257E+01
  1.226E-06  1.283E-06  1.211E+03  1.166E+00  1.121E-01  1.257E+01
  1.283E-06  1.342E-06  1.147E+03  1.148E+00  1.121E-01  1.257E+01
  1.342E-06  1.405E-06  1.088E+03  1.048E+00  1.121E-01  1.257E+01
  1.405E-06  1.470E-06  1.053E+03  1.018E+00  1.121E-01  1.257E+01
  1.470E-06  1.538E-06  1.030E+03  1.065E+00  1.121E-01  1.257E+01
  1.538E-06  1.609E-06  9.433E+02  1.167E+00  1.121E-01  1.257E+01
  1.609E-06  1.684E-06  9.108E+02  9.928E-01  1.121E-01  1.257E+01
  1.684E-06  1.762E-06  8.866E+02  1.068E+00  1.121E-01  1.257E+01
  1.762E-06  1.844E-06  8.461E+02  1.134E+00  1.121E-01  1.257E+01
  1.844E-06  1.929E-06  8.147E+02  1.056E+00  1.121E-01  1.257E+01
  1.929E-06  2.019E-06  7.866E+02  1.084E+00  1.121E-01  1.257E+01
  2.019E-06  2.112E-06  7.569E+02  1.039E+00  1.121E-01  1.257E+01
  2.112E-06  2.210E-06  7.182E+02  1.033E+00  1.121E-01  1.257E+01
  2.210E-06  2.313E-06  6.885E+02  1.062E+00  1.121E-01  1.257E+01
  2.313E-06  2.420E-06  6.654E+02  1.087E+00  1.121E-01  1.257E+01
  2.420E-06  2.532E-06  6.454E+02  1.085E+00  1.121E-01  1.257E+01
  2.532E-06  2.650E-06  6.159E+02  1.140E+00  1.121E-01  1.257E+01
  2.650E-06  2.773E-06  5.773E+02  1.000E+00  1.121E-01  1.257E+01
  2.773E-06  2.901E-06  5.654E+02  9.538E-01  1.121E-01  1.257E+01
  2.901E-06  3.036E-06  5.411E+02  9.552E-01  1.121E-01  1.257E+01
  3.036E-06  3.177E-06  5.167E+02  1.075E+00  1.121E-01  1.257E+01
  3.177E-06  3.324E-06  4.837E+02  8.802E-01  1.121E-01  1.257E+01
  3.324E-06  3.478E-06  4.702E+02  1.032E+00  1.121E-01  1.257E+01
  3.478E-06  3.639E-06  4.516E+02  1.056E+00  1.121E-01  1.257E+01
  3.639E-06  3.808E-06  4.282E+02  1.002E+00  1.121E-01  1.257E+01
  3.808E-06  3.985E-06  4.112E+02  1.075E+00  1.121E-01  1.257E+01
  3.985E-06  4.170E-06  4.058E+02  1.177E+00  1.121E-01  1.257E+01
  4.170E-06  4.363E-06  3.827E+02  1.019E+00  1.121E-01  1.257E+01
  4.363E-06  4.565E-06  3.705E+02  1.027E+00  1.121E-01  1.257E+01
  4.565E-06  4.777E-06  3.495E+02  9.946E-01  1.121E-01  1.257E+01
  4.777E-06  4.999E-06  3.352E+02  1.052E+00  1.121E-01  1.257E+01
  4.999E-06  5.231E-06  3.254E+02  1.018E+00  1.121E-01  1.257E+01
  5.231E-06  5.473E-06  3.056E+02  9.703E-01  1.121E-01  1.257E+01
  5.473E-06  5.727E-06  3.020E+02  1.082E+00  1.121E-01  1.257E+01
  5.727E-06  5.993E-06  2.812E+02  1.086E+00  1.121E-01  1.257E+01
  5.993E-06  6.271E-06  2.722E+02  1.014E+00  1.121E-01  1.257E+01
  6.271E-06  6.562E-06  2.588E+02  1.110E+00  1.121E-01  1.257E+01
  6.562E-06  6.866E-06  2.442E+02  1.028E+00  1.121E-01  1.257E+01
  6.866E-06  7.184E-06  2.383E+02  1.138E+00  1.121E-01  1.257E+01
  7.184E-06  7.518E-06  2.309E+02  1.011E+00  1.121E-01  1.257E+01
  7.518E-06  7.866E-06  2.217E+02  1.129E+00  1.121E-01  1.257E+01
  7.866E-06  8.231E-06  2.088E+02  1.090E+00  1.121E-01  1.257E+01
  8.231E-06  8.613E-06  2.035E+02  1.032E+00  1.121E-01  1.257E+01
  8.613E-06  9.012E-06  1.890E+02  1.064E+00  1.121E-01  1.257E+01
  9.012E-06  9.430E-06  1.821E+02  9.871E-01  1.121E-01  1.257E+01
  9.430E-06  9.868E-06  1.763E+02  9.429E-01  1.121E-01  1.257E+01
  9.868E-06  1.033E-05  1.669E+02  1.191E+00  1.121E-01  1.257E+01
  1.033E-05  1.080E-05  1.621E+02  1.025E+00  1.121E-01  1.257E+01
  1.080E-05  1.131E-05  1.544E+02  9.942E-01  1.121E-01  1.257E+01
  1.131E-05  1.183E-05  1.485E+02  1.011E+00  1.121E-01  1.257E+01
  1.183E-05  1.238E-05  1.411E+02  1.080E+00  1.121E-01  1.257E+01
  1.238E-05  1.295E-05  1.381E+02  9.580E-01  1.121E-01  1.257E+01
  1.295E-05  1.355E-05  1.335E+02  1.092E+00  1.121E-01  1.257E+01
  1.355E-05  1.418E-05  1.256E+02  1.016E+00  1.121E-01  1.257E+01
  1.418E-05  1.484E-05  1.196E+02  9.180E-01  1.121E-01  1.257E+01
  1.484E-05  1.553E-05  1.135E+02  9.353E-01  1.121E-01  1.257E+01
  1.553E-05  1.625E-05  1.107E+02  8.282E-01  1.121E-01  1.257E+01
  1.625E-05  1.700E-05  1.048E+02  9.565E-01  1.121E-01  1.257E+01
  1.700E-05  1.779E-05  1.012E+02  1.083E+00  1.121E-01  1.257E+01
  1.779E-05  1.862E-05  9.776E+01  1.123E+00  1.121E-01  1.257E+01
  1.862E-05  1.948E-05  9.303E+01  9.106E-01  1.121E-01  1.257E+01
  1.948E-05  2.038E-05  8.820E+01  1.052E+00  1.121E-01  1.257E+01
  2.038E-05  2.133E-05  8.515E+01  9.520E-01  1.121E-01  1.257E+01
  2.133E-05  2.232E-05  8.211E+01  9.002E-01  1.121E-01  1.257E+01
  2.232E-05  2.335E-05  7.787E+01  8.547E-01  1.121E-01  1.257E+01
  2.335E-05  2.444E-05  7.532E+01  9.432E-01  1.121E-01  1.257E+01
  2.444E-05  2.557E-05  7.243E+01  9.658E-01  1.121E-01  1.257E+01
  2.557E-05  2.675E-05  6.806E+01  8.590E-01  1.121E-01  1.257E+01
  2.675E-05  2.800E-05  6.551E+01  9.688E-01  1.121E-01  1.257E+01
  2.800E-05  2.929E-05  6.328E+01  1.016E+00  1.121E-01  1.257E+01
  2.929E-05  3.065E-05  6.072E+01  1.038E+00  1.121E-01  1.257E+01
  3.065E-05  3.207E-05  5.823E+01  1.061E+00  1.121E-01  1.257E+01
  3.207E-05  3.356E-05  5.542E+01  9.348E-01  1.121E-01  1.257E+01
  3.356E-05  3.512E-05  5.225E+01  9.635E-01  1.121E-01  1.257E+01
  3.512E-05  3.675E-05  5.073E+01  1.048E+00  1.121E-01  1.257E+01
  3.675E-05  3.845E-05  4.893E+01  8.676E-01  1.121E-01  1.257E+01
  3.845E-05  4.024E-05  4.768E+01  9.517E-01  1.121E-01  1.257E+01
  4.024E-05  4.210E-05  4.494E+01  1.004E+00  1.121E-01  1.257E+01
  4.210E-05  4.405E-05  4.284E+01  9.219E-01  1.121E-01  1.257E+01
  4.405E-05  4.610E-05  4.097E+01  9.070E-01  1.121E-01  1.257E+01
  4.610E-05  4.824E-05  3.993E+01  8.950E-01  1.121E-01  1.257E+01
  4.824E-05  5.047E-05  3.765E+01  1.052E+00  1.121E-01  1.257E+01
  5.047E-05  5.281E-05  3.620E+01  9.409E-01  1.121E-01  1.257E+01
  5.281E-05  5.526E-05  3.491E+01  9.126E-01  1.121E-01  1.257E+01
  5.526E-05  5.783E-05  3.423E+01  9.577E-01  1.121E-01  1.257E+01
  5.783E-05  6.051E-05  3.269E+01  9.094E-01  1.121E-01  1.257E+01
  6.051E-05  6.332E-05  3.150E+01  9.799E-01  1.121E-01  1.257E+01
  6.332E-05  6.625E-05  3.001E+01  8.619E-01  1.121E-01  1.257E+01
  6.625E-05  6.933E-05  2.913E+01  8.971E-01  1.121E-01  1.257E+01
  6.933E-05  7.254E-05  2.804E+01  8.891E-01  1.121E-01  1.257E+01
  7.254E-05  7.591E-05  2.643E+01  1.035E+00  1.121E-01  1.257E+01
  7.591E-05  7.943E-05  2.580E+01  9.307E-01  1.121E-01  1.257E+01
  7.943E-05  8.311E-05  2.493E+01  9.807E-01  1.121E-01  1.257E+01
  8.311E-05  8.697E-05  2.415E+01  9.252E-01  1.121E-01  1.257E+01
  8.697E-05  9.100E-05  2.360E+01  9.139E-01  1.121E-01  1.257E+01
  9.100E-05  9.522E-05  2.249E+01  9.391E-01  1.121E-01  1.257E+01
  9.522E-05  9.964E-05  2.170E+01  9.551E-01  1.121E-01  1.257E+01
  9.964E-05  1.043E-04  2.087E+01  8.491E-01  1.121E-01  1.257E+01
  1.043E-04  1.091E-04  2.033E+01  8.918E-01  1.121E-01  1.257E+01
  1.091E-04  1.142E-04  1.951E+01  9.663E-01  1.121E-01  1.257E+01
  1.142E-04  1.194E-04  1.891E+01  9.115E-01  1.121E-01  1.257E+01
  1.194E-04  1.250E-04  1.823E+01  9.378E-01  1.121E-01  1.257E+01
  1.250E-04  1.308E-04  1.786E+01  8.696E-01  1.121E-01  1.257E+01
  1.308E-04  1.369E-04  1.740E+01  8.801E-01  1.121E-01  1.257E+01
  1.369E-04  1.432E-04  1.684E+01  9.310E-01  1.121E-01  1.257E+01
  1.432E-04  1.498E-04  1.639E+01  8.694E-01  1.121E-01  1.257E+01
  1.498E-04  1.568E-04  1.569E+01  9.437E-01  1.121E-01  1.257E+01
  1.568E-04  1.641E-04  1.510E+01  9.341E-01  1.121E-01  1.257E+01
  1.641E-04  1.717E-04  1.506E+01  8.602E-01  1.121E-01  1.257E+01
  1.717E-04  1.796E-04  1.470E+01  9.035E-01  1.121E-01  1.257E+01
  1.796E-04  1.880E-04  1.411E+01  8.119E-01  1.121E-01  1.257E+01
  1.880E-04  1.967E-04  1.404E+01  7.610E-01  1.121E-01  1.257E+01
  1.967E-04  2.058E-04  1.346E+01  8.159E-01  1.121E-01  1.257E+01
  2.058E-04  2.154E-04  1.302E+01  8.173E-01  1.121E-01  1.257E+01
  2.154E-04  2.253E-04  1.253E+01  8.500E-01  1.121E-01  1.257E+01
  2.253E-04  2.358E-04  1.251E+01  7.848E-01  1.121E-01  1.257E+01
  2.358E-04  2.467E-04  1.235E+01  7.974E-01  1.121E-01  1.257E+01
  2.467E-04  2.582E-04  1.195E+01  7.828E-01  1.121E-01  1.257E+01
  2.582E-04  2.701E-04  1.182E+01  7.724E-01  1.121E-01  1.257E+01
  2.701E-04  2.827E-04  1.166E+01  7.398E-01  1.121E-01  1.257E+01
  2.827E-04  2.958E-04  1.142E+01  7.346E-01  1.121E-01  1.257E+01
  2.958E-04  3.095E-04  1.136E+01  7.489E-01  1.121E-01  1.257E+01
  3.095E-04  3.239E-04  1.167E+01  7.054E-01  1.121E-01  1.257E+01
  3.239E-04  3.389E-04  1.162E+01  6.319E-01  1.121E-01  1.257E+01
  3.389E-04  3.546E-04  1.134E+01  7.608E-01  1.121E-01  1.257E+01
  3.546E-04  3.711E-04  1.068E+01  8.375E-01  1.121E-01  1.257E+01
  3.711E-04  3.883E-04  1.116E+01  5.574E-01  1.121E-01  1.257E+01
  3.883E-04  4.063E-04  1.254E+01  5.640E-01  1.121E-01  1.257E+01
  4.063E-04  4.251E-04  1.488E+01  5.252E-01  1.121E-01  1.257E+01
  4.251E-04  4.448E-04  4.466E+01  3.020E-01  1.121E-01  1.257E+01
  4.448E-04  4.655E-04  4.454E+01  2.836E-01  1.121E-01  1.257E+01
  4.655E-04  4.871E-04  4.301E+01  2.881E-01  1.121E-01  1.257E+01
  4.871E-04  5.096E-04  2.333E+01  3.547E-01  1.121E-01  1.257E+01
  5.096E-04  5.333E-04  5.558E+00  8.173E-01  1.121E-01  1.257E+01
  5.333E-04  5.580E-04  9.024E-02  6.148E+00  1.121E-01  1.257E+01
  5.580E-04  5.839E-04  0.000E+00  0.000E+00  1.121E-01  1.257E+01
  5.839E-04  6.110E-04  0.000E+00  0.000E+00  1.121E-01  1.257E+01
  6.110E-04  6.393E-04  0.000E+00  0.000E+00  1.121E-01  1.257E+01
  6.393E-04  6.690E-04  0.000E+00  0.000E+00  1.121E-01  1.257E+01
  6.690E-04  7.000E-04  0.000E+00  0.000E+00  1.121E-01  1.257E+01
  7.000E-04  7.000E-04  0.000E+00  0.000E+00  1.121E-01  1.257E+01

  1.000E-13  1.000E-13  0.000E+00  0.000E+00  1.257E+01  1.257E+01
  1.046E-13  1.046E-13  0.000E+00  0.000E+00  1.257E+01  1.257E+01
  1.095E-13  1.095E-13  0.000E+00  0.000E+00  1.257E+01  1.257E+01
  1.146E-13  1.146E-13  0.000E+00  0.000E+00  1.257E+01  1.257E+01
  1.199E-13  1.199E-13  0.000E+00  0.000E+00  1.257E+01  1.257E+01
  1.254E-13  1.254E-13  0.000E+00  0.000E+00  1.257E+01  1.257E+01
  1.313E-13  1.313E-13  0.000E+00  0.000E+00  1.257E+01  1.257E+01
  1.374E-13  1.374E-13  0.000E+00  0.000E+00  1.257E+01  1.257E+01
  1.437E-13  1.437E-13  0.000E+00  0.000E+00  1.257E+01  1.257E+01
  1.504E-13  1.504E-13  0.000E+00  0.000E+00  1.257E+01  1.257E+01
  1.574E-13  1.574E-13  0.000E+00  0.000E+00  1.257E+01  1.257E+01
  1.647E-13  1.647E-13  0.000E+00  0.000E+00  1.257E+01  1.257E+01
  1.723E-13  1.723E-13  0.000E+00  0.000E+00  1.257E+01  1.257E+01
  1.803E-13  1.803E-13  0.000E+00  0.000E+00  1.257E+01  1.257E+01
  1.887E-13  1.887E-13  0.000E+00  0.000E+00  1.257E+01  1.257E+01
  1.974E-13  1.974E-13  0.000E+00  0.000E+00  1.257E+01  1.257E+01
  2.066E-13  2.066E-13  0.000E+00  0.000E+00  1.257E+01  1.257E+01
  2.161E-13  2.161E-13  0.000E+00  0.000E+00  1.257E+01  1.257E+01
  2.262E-13  2.262E-13  0.000E+00  0.000E+00  1.257E+01  1.257E+01
  2.367E-13  2.367E-13  0.000E+00  0.000E+00  1.257E+01  1.257E+01
  2.476E-13  2.476E-13  0.000E+00  0.000E+00  1.257E+01  1.257E+01
  2.591E-13  2.591E-13  0.000E+00  0.000E+00  1.257E+01  1.257E+01
  2.711E-13  2.711E-13  0.000E+00  0.000E+00  1.257E+01  1.257E+01
  2.837E-13  2.837E-13  0.000E+00  0.000E+00  1.257E+01  1.257E+01
  2.969E-13  2.969E-13  0.000E+00  0.000E+00  1.257E+01  1.257E+01
  3.106E-13  3.106E-13  0.000E+00  0.000E+00  1.257E+01  1.257E+01
  3.250E-13  3.250E-13  0.000E+00  0.000E+00  1.257E+01  1.257E+01
  3.401E-13  3.401E-13  0.000E+00  0.000E+00  1.257E+01  1.257E+01
  3.559E-13  3.559E-13  0.000E+00  0.000E+00  1.257E+01  1.257E+01
  3.724E-13  3.724E-13  0.000E+00  0.000E+00  1.257E+01  1.257E+01
  3.897E-13  3.897E-13  0.000E+00  0.000E+00  1.257E+01  1.257E+01
  4.078E-13  4.078E-13  0.000E+00  0.000E+00  1.257E+01  1.257E+01
  4.267E-13  4.267E-13  0.000E+00  0.000E+00  1.257E+01  1.257E+01
  4.465E-13  4.465E-13  0.000E+00  0.000E+00  1.257E+01  1.257E+01
  4.672E-13  4.672E-13  0.000E+00  0.000E+00  1.257E+01  1.257E+01
  4.888E-13  4.888E-13  0.000E+00  0.000E+00  1.257E+01  1.257E+01
  5.115E-13  5.115E-13  0.000E+00  0.000E+00  1.257E+01  1.257E+01
  5.352E-13  5.352E-13  0.000E+00  0.000E+00  1.257E+01  1.257E+01
  5.601E-13  5.601E-13  0.000E+00  0.000E+00  1.257E+01  1.257E+01
  5.860E-13  5.860E-13  0.000E+00  0.000E+00  1.257E+01  1.257E+01
  6.132E-13  6.132E-13  0.000E+00  0.000E+00  1.257E+01  1.257E+01
  6.416E-13  6.416E-13  0.000E+00  0.000E+00  1.257E+01  1.257E+01
  6.714E-13  6.714E-13  0.000E+00  0.000E+00  1.257E+01  1.257E+01
  7.026E-13  7.026E-13  0.000E+00  0.000E+00  1.257E+01  1.257E+01
  7.351E-13  7.351E-13  0.000E+00  0.000E+00  1.257E+01  1.257E+01
  7.692E-13  7.692E-13  0.000E+00  0.000E+00  1.257E+01  1.257E+01
  8.049E-13  8.049E-13  0.000E+00  0.000E+00  1.257E+01  1.257E+01
  8.422E-13  8.422E-13  0.000E+00  0.000E+00  1.257E+01  1.257E+01
  8.813E-13  8.813E-13  0.000E+00  0.000E+00  1.257E+01  1.257E+01
  9.222E-13  9.222E-13  0.000E+00  0.000E+00  1.257E+01  1.257E+01
  9.650E-13  9.650E-13  0.000E+00  0.000E+00  1.257E+01  1.257E+01
  1.010E-12  1.010E-12  0.000E+00  0.000E+00  1.257E+01  1.257E+01
  1.057E-12  1.057E-12  0.000E+00  0.000E+00  1.257E+01  1.257E+01
  1.106E-12  1.106E-12  0.000E+00  0.000E+00  1.257E+01  1.257E+01
  1.157E-12  1.157E-12  0.000E+00  0.000E+00  1.257E+01  1.257E+01
  1.210E-12  1.210E-12  0.000E+00  0.000E+00  1.257E+01  1.257E+01
  1.267E-12  1.267E-12  0.000E+00  0.000E+00  1.257E+01  1.257E+01
  1.325E-12  1.325E-12  0.000E+00  0.000E+00  1.257E+01  1.257E+01
  1.387E-12  1.387E-12  0.000E+00  0.000E+00  1.257E+01  1.257E+01
  1.451E-12  1.451E-12  0.000E+00  0.000E+00  1.257E+01  1.257E+01
  1.518E-12  1.518E-12  0.000E+00  0.000E+00  1.257E+01  1.257E+01
  1.589E-12  1.589E-12  0.000E+00  0.000E+00  1.257E+01  1.257E+01
  1.663E-12  1.663E-12  0.000E+00  0.000E+00  1.257E+01  1.257E+01
  1.740E-12  1.740E-12  0.000E+00  0.000E+00  1.257E+01  1.257E+01
  1.820E-12  1.820E-12  0.000E+00  0.000E+00  1.257E+01  1.257E+01
  1.905E-12  1.905E-12  0.000E+00  0.000E+00  1.257E+01  1.257E+01
  1.993E-12  1.993E-12  0.000E+00  0.000E+00  1.257E+01  1.257E+01
  2.086E-12  2.086E-12  0.000E+00  0.000E+00  1.257E+01  1.257E+01
  2.182E-12  2.182E-12  0.000E+00  0.000E+00  1.257E+01  1.257E+01
  2.284E-12  2.284E-12  0.000E+00  0.000E+00  1.257E+01  1.257E+01
  2.390E-12  2.390E-12  0.000E+00  0.000E+00  1.257E+01  1.257E+01
  2.500E-12  2.500E-12  0.000E+00  0.000E+00  1.257E+01  1.257E+01
  2.616E-12  2.616E-12  0.000E+00  0.000E+00  1.257E+01  1.257E+01
  2.738E-12  2.738E-12  0.000E+00  0.000E+00  1.257E+01  1.257E+01
  2.865E-12  2.865E-12  0.000E+00  0.000E+00  1.257E+01  1.257E+01
  2.998E-12  2.998E-12  0.000E+00  0.000E+00  1.257E+01  1.257E+01
  3.137E-12  3.137E-12  0.000E+00  0.000E+00  1.257E+01  1.257E+01
  3.282E-12  3.282E-12  0.000E+00  0.000E+00  1.257E+01  1.257E+01
  3.434E-12  3.434E-12  0.000E+00  0.000E+00  1.257E+01  1.257E+01
  3.594E-12  3.594E-12  0.000E+00  0.000E+00  1.257E+01  1.257E+01
  3.760E-12  3.760E-12  0.000E+00  0.000E+00  1.257E+01  1.257E+01
  3.935E-12  3.935E-12  0.000E+00  0.000E+00  1.257E+01  1.257E+01
  4.117E-12  4.117E-12  0.000E+00  0.000E+00  1.257E+01  1.257E+01
  4.308E-12  4.308E-12  0.000E+00  0.000E+00  1.257E+01  1.257E+01
  4.508E-12  4.508E-12  0.000E+00  0.000E+00  1.257E+01  1.257E+01
  4.717E-12  4.717E-12  0.000E+00  0.000E+00  1.257E+01  1.257E+01
  4.936E-12  4.936E-12  0.000E+00  0.000E+00  1.257E+01  1.257E+01
  5.165E-12  5.165E-12  0.000E+00  0.000E+00  1.257E+01  1.257E+01
  5.404E-12  5.404E-12  0.000E+00  0.000E+00  1.257E+01  1.257E+01
  5.655E-12  5.655E-12  0.000E+00  0.000E+00  1.257E+01  1.257E+01
  5.917E-12  5.917E-12  0.000E+00  0.000E+00  1.257E+01  1.257E+01
  6.192E-12  6.192E-12  0.000E+00  0.000E+00  1.257E+01  1.257E+01
  6.479E-12  6.479E-12  0.000E+00  0.000E+00  1.257E+01  1.257E+01
  6.779E-12  6.779E-12  0.000E+00  0.000E+00  1.257E+01  1.257E+01
  7.094E-12  7.094E-12  0.000E+00  0.000E+00  1.257E+01  1.257E+01
  7.423E-12  7.423E-12  0.000E+00  0.000E+00  1.257E+01  1.257E+01
  7.767E-12  7.767E-12  0.000E+00  0.000E+00  1.257E+01  1.257E+01
  8.127E-12  8.127E-12  0.000E+00  0.000E+00  1.257E+01  1.257E+01
  8.504E-12  8.504E-12  0.000E+00  0.000E+00  1.257E+01  1.257E+01
  8.899E-12  8.899E-12  0.000E+00  0.000E+00  1.257E+01  1.257E+01
  9.311E-12  9.311E-12  0.000E+00  0.000E+00  1.257E+01  1.257E+01
  9.743E-12  9.743E-12  0.000E+00  0.000E+00  1.257E+01  1.257E+01
  1.020E-11  1.020E-11  0.000E+00  0.000E+00  1.257E+01  1.257E+01
  1.067E-11  1.067E-11  0.000E+00  0.000E+00  1.257E+01  1.257E+01
  1.116E-11  1.116E-11  0.000E+00  0.000E+00  1.257E+01  1.257E+01
  1.168E-11  1.168E-11  0.000E+00  0.000E+00  1.257E+01  1.257E+01
  1.222E-11  1.222E-11  0.000E+00  0.000E+00  1.257E+01  1.257E+01
  1.279E-11  1.279E-11  0.000E+00  0.000E+00  1.257E+01  1.257E+01
  1.338E-11  1.338E-11  0.000E+00  0.000E+00  1.257E+01  1.257E+01
  1.400E-11  1.400E-11  0.000E+00  0.000E+00  1.257E+01  1.257E+01
  1.465E-11  1.465E-11  0.000E+00  0.000E+00  1.257E+01  1.257E+01
  1.533E-11  1.533E-11  0.000E+00  0.000E+00  1.257E+01  1.257E+01
  1.604E-11  1.604E-11  0.000E+00  0.000E+00  1.257E+01  1.257E+01
  1.679E-11  1.679E-11  0.000E+00  0.000E+00  1.257E+01  1.257E+01
  1.757E-11  1.757E-11  0.000E+00  0.000E+00  1.257E+01  1.257E+01
  1.838E-11  1.838E-11  0.000E+00  0.000E+00  1.257E+01  1.257E+01
  1.923E-11  1.923E-11  0.000E+00  0.000E+00  1.257E+01  1.257E+01
  2.013E-11  2.013E-11  0.000E+00  0.000E+00  1.257E+01  1.257E+01
  2.106E-11  2.106E-11  0.000E+00  0.000E+00  1.257E+01  1.257E+01
  2.204E-11  2.204E-11  0.000E+00  0.000E+00  1.257E+01  1.257E+01
  2.306E-11  2.306E-11  0.000E+00  0.000E+00  1.257E+01  1.257E+01
  2.413E-11  2.413E-11  0.000E+00  0.000E+00  1.257E+01  1.257E+01
  2.525E-11  2.525E-11  0.000E+00  0.000E+00  1.257E+01  1.257E+01
  2.642E-11  2.642E-11  0.000E+00  0.000E+00  1.257E+01  1.257E+01
  2.764E-11  2.764E-11  0.000E+00  0.000E+00  1.257E+01  1.257E+01
  2.893E-11  2.893E-11  0.000E+00  0.000E+00  1.257E+01  1.257E+01
  3.027E-11  3.027E-11  0.000E+00  0.000E+00  1.257E+01  1.257E+01
  3.167E-11  3.167E-11  0.000E+00  0.000E+00  1.257E+01  1.257E+01
  3.314E-11  3.314E-11  0.000E+00  0.000E+00  1.257E+01  1.257E+01
  3.468E-11  3.468E-11  0.000E+00  0.000E+00  1.257E+01  1.257E+01
  3.628E-11  3.628E-11  0.000E+00  0.000E+00  1.257E+01  1.257E+01
  3.797E-11  3.797E-11  0.000E+00  0.000E+00  1.257E+01  1.257E+01
  3.973E-11  3.973E-11  0.000E+00  0.000E+00  1.257E+01  1.257E+01
  4.157E-11  4.157E-11  0.000E+00  0.000E+00  1.257E+01  1.257E+01
  4.350E-11  4.350E-11  0.000E+00  0.000E+00  1.257E+01  1.257E+01
  4.552E-11  4.552E-11  0.000E+00  0.000E+00  1.257E+01  1.257E+01
  4.763E-11  4.763E-11  0.000E+00  0.000E+00  1.257E+01  1.257E+01
  4.984E-11  4.984E-11  0.000E+00  0.000E+00  1.257E+01  1.257E+01
  5.215E-11  5.215E-11  0.000E+00  0.000E+00  1.257E+01  1.257E+01
  5.457E-11  5.457E-11  0.000E+00  0.000E+00  1.257E+01  1.257E+01
  5.710E-11  5.710E-11  0.000E+00  0.000E+00  1.257E+01  1.257E+01
  5.975E-11  5.975E-11  0.000E+00  0.000E+00  1.257E+01  1.257E+01
  6.252E-11  6.252E-11  0.000E+00  0.000E+00  1.257E+01  1.257E+01
  6.542E-11  6.542E-11  0.000E+00  0.000E+00  1.257E+01  1.257E+01
  6.845E-11  6.845E-11  0.000E+00  0.000E+00  1.257E+01  1.257E+01
  7.163E-11  7.163E-11  0.000E+00  0.000E+00  1.257E+01  1.257E+01
  7.495E-11  7.495E-11  0.000E+00  0.000E+00  1.257E+01  1.257E+01
  7.843E-11  7.843E-11  0.000E+00  0.000E+00  1.257E+01  1.257E+01
  8.206E-11  8.206E-11  0.000E+00  0.000E+00  1.257E+01  1.257E+01
  8.587E-11  8.587E-11  0.000E+00  0.000E+00  1.257E+01  1.257E+01
  8.985E-11  8.985E-11  0.000E+00  0.000E+00  1.257E+01  1.257E+01
  9.402E-11  9.402E-11  0.000E+00  0.000E+00  1.257E+01  1.257E+01
  9.838E-11  9.838E-11  0.000E+00  0.000E+00  1.257E+01  1.257E+01
  1.029E-10  1.029E-10  0.000E+00  0.000E+00  1.257E+01  1.257E+01
  1.077E-10  1.077E-10  0.000E+00  0.000E+00  1.257E+01  1.257E+01
  1.127E-10  1.127E-10  0.000E+00  0.000E+00  1.257E+01  1.257E+01
  1.179E-10  1.179E-10  0.000E+00  0.000E+00  1.257E+01  1.257E+01
  1.234E-10  1.234E-10  0.000E+00  0.000E+00  1.257E+01  1.257E+01
  1.291E-10  1.291E-10  0.000E+00  0.000E+00  1.257E+01  1.257E+01
  1.351E-10  1.351E-10  0.000E+00  0.000E+00  1.257E+01  1.257E+01
  1.414E-10  1.414E-10  0.000E+00  0.000E+00  1.257E+01  1.257E+01
  1.480E-10  1.480E-10  0.000E+00  0.000E+00  1.257E+01  1.257E+01
  1.548E-10  1.548E-10  0.000E+00  0.000E+00  1.257E+01  1.257E+01
  1.620E-10  1.620E-10  0.000E+00  0.000E+00  1.257E+01  1.257E+01
  1.695E-10  1.695E-10  0.000E+00  0.000E+00  1.257E+01  1.257E+01
  1.774E-10  1.774E-10  0.000E+00  0.000E+00  1.257E+01  1.257E+01
  1.856E-10  1.856E-10  0.000E+00  0.000E+00  1.257E+01  1.257E+01
  1.942E-10  1.942E-10  0.000E+00  0.000E+00  1.257E+01  1.257E+01
  2.032E-10  2.032E-10  0.000E+00  0.000E+00  1.257E+01  1.257E+01
  2.126E-10  2.126E-10  0.000E+00  0.000E+00  1.257E+01  1.257E+01
  2.225E-10  2.225E-10  0.000E+00  0.000E+00  1.257E+01  1.257E+01
  2.328E-10  2.328E-10  0.000E+00  0.000E+00  1.257E+01  1.257E+01
  2.436E-10  2.436E-10  0.000E+00  0.000E+00  1.257E+01  1.257E+01
  2.549E-10  2.549E-10  0.000E+00  0.000E+00  1.257E+01  1.257E+01
  2.667E-10  2.667E-10  0.000E+00  0.000E+00  1.257E+01  1.257E+01
  2.791E-10  2.791E-10  0.000E+00  0.000E+00  1.257E+01  1.257E+01
  2.921E-10  2.921E-10  0.000E+00  0.000E+00  1.257E+01  1.257E+01
  3.056E-10  3.056E-10  0.000E+00  0.000E+00  1.257E+01  1.257E+01
  3.198E-10  3.198E-10  0.000E+00  0.000E+00  1.257E+01  1.257E+01
  3.346E-10  3.346E-10  0.000E+00  0.000E+00  1.257E+01  1.257E+01
  3.501E-10  3.501E-10  0.000E+00  0.000E+00  1.257E+01  1.257E+01
  3.664E-10  3.664E-10  0.000E+00  0.000E+00  1.257E+01  1.257E+01
  3.834E-10  3.834E-10  0.000E+00  0.000E+00  1.257E+01  1.257E+01
  4.011E-10  4.011E-10  0.000E+00  0.000E+00  1.257E+01  1.257E+01
  4.198E-10  4.198E-10  0.000E+00  0.000E+00  1.257E+01  1.257E+01
  4.392E-10  4.392E-10  0.000E+00  0.000E+00  1.257E+01  1.257E+01
  4.596E-10  4.596E-10  0.000E+00  0.000E+00  1.257E+01  1.257E+01
  4.809E-10  4.809E-10  0.000E+00  0.000E+00  1.257E+01  1.257E+01
  5.032E-10  5.032E-10  0.000E+00  0.000E+00  1.257E+01  1.257E+01
  5.266E-10  5.266E-10  0.000E+00  0.000E+00  1.257E+01  1.257E+01
  5.510E-10  5.510E-10  0.000E+00  0.000E+00  1.257E+01  1.257E+01
  5.765E-10  5.765E-10  0.000E+00  0.000E+00  1.257E+01  1.257E+01
  6.033E-10  6.033E-10  0.000E+00  0.000E+00  1.257E+01  1.257E+01
  6.313E-10  6.313E-10  0.000E+00  0.000E+00  1.257E+01  1.257E+01
  6.605E-10  6.605E-10  0.000E+00  0.000E+00  1.257E+01  1.257E+01
  6.912E-10  6.912E-10  0.000E+00  0.000E+00  1.257E+01  1.257E+01
  7.232E-10  7.232E-10  0.000E+00  0.000E+00  1.257E+01  1.257E+01
  7.568E-10  7.568E-10  0.000E+00  0.000E+00  1.257E+01  1.257E+01
  7.919E-10  7.919E-10  0.000E+00  0.000E+00  1.257E+01  1.257E+01
  8.286E-10  8.286E-10  0.000E+00  0.000E+00  1.257E+01  1.257E+01
  8.670E-10  8.670E-10  0.000E+00  0.000E+00  1.257E+01  1.257E+01
  9.073E-10  9.073E-10  0.000E+00  0.000E+00  1.257E+01  1.257E+01
  9.493E-10  9.493E-10  0.000E+00  0.000E+00  1.257E+01  1.257E+01
  9.934E-10  9.934E-10  0.000E+00  0.000E+00  1.257E+01  1.257E+01
  1.039E-09  1.039E-09  0.000E+00  0.000E+00  1.257E+01  1.257E+01
  1.088E-09  1.088E-09  0.000E+00  0.000E+00  1.257E+01  1.257E+01
  1.138E-09  1.138E-09  0.000E+00  0.000E+00  1.257E+01  1.257E+01
  1.191E-09  1.191E-09  0.000E+00  0.000E+00  1.257E+01  1.257E+01
  1.246E-09  1.246E-09  0.000E+00  0.000E+00  1.257E+01  1.257E+01
  1.304E-09  1.304E-09  0.000E+00  0.000E+00  1.257E+01  1.257E+01
  1.364E-09  1.364E-09  0.000E+00  0.000E+00  1.257E+01  1.257E+01
  1.428E-09  1.428E-09  0.000E+00  0.000E+00  1.257E+01  1.257E+01
  1.494E-09  1.494E-09  0.000E+00  0.000E+00  1.257E+01  1.257E+01
  1.563E-09  1.563E-09  0.000E+00  0.000E+00  1.257E+01  1.257E+01
  1.636E-09  1.636E-09  0.000E+00  0.000E+00  1.257E+01  1.257E+01
  1.712E-09  1.712E-09  0.000E+00  0.000E+00  1.257E+01  1.257E+01
  1.791E-09  1.791E-09  0.000E+00  0.000E+00  1.257E+01  1.257E+01
  1.874E-09  1.874E-09  0.000E+00  0.000E+00  1.257E+01  1.257E+01
  1.961E-09  1.961E-09  0.000E+00  0.000E+00  1.257E+01  1.257E+01
  2.052E-09  2.052E-09  0.000E+00  0.000E+00  1.257E+01  1.257E+01
  2.147E-09  2.147E-09  0.000E+00  0.000E+00  1.257E+01  1.257E+01
  2.247E-09  2.247E-09  0.000E+00  0.000E+00  1.257E+01  1.257E+01
  2.351E-09  2.351E-09  0.000E+00  0.000E+00  1.257E+01  1.257E+01
  2.460E-09  2.460E-09  0.000E+00  0.000E+00  1.257E+01  1.257E+01
  2.574E-09  2.574E-09  0.000E+00  0.000E+00  1.257E+01  1.257E+01
  2.693E-09  2.693E-09  0.000E+00  0.000E+00  1.257E+01  1.257E+01
  2.818E-09  2.818E-09  0.000E+00  0.000E+00  1.257E+01  1.257E+01
  2.949E-09  2.949E-09  0.000E+00  0.000E+00  1.257E+01  1.257E+01
  3.086E-09  3.086E-09  0.000E+00  0.000E+00  1.257E+01  1.257E+01
  3.229E-09  3.229E-09  0.000E+00  0.000E+00  1.257E+01  1.257E+01
  3.379E-09  3.379E-09  0.000E+00  0.000E+00  1.257E+01  1.257E+01
  3.535E-09  3.535E-09  0.000E+00  0.000E+00  1.257E+01  1.257E+01
  3.699E-09  3.699E-09  0.000E+00  0.000E+00  1.257E+01  1.257E+01
  3.871E-09  3.871E-09  0.000E+00  0.000E+00  1.257E+01  1.257E+01
  4.050E-09  4.050E-09  0.000E+00  0.000E+00  1.257E+01  1.257E+01
  4.238E-09  4.238E-09  0.000E+00  0.000E+00  1.257E+01  1.257E+01
  4.435E-09  4.435E-09  0.000E+00  0.000E+00  1.257E+01  1.257E+01
  4.641E-09  4.641E-09  0.000E+00  0.000E+00  1.257E+01  1.257E+01
  4.856E-09  4.856E-09  0.000E+00  0.000E+00  1.257E+01  1.257E+01
  5.081E-09  5.081E-09  0.000E+00  0.000E+00  1.257E+01  1.257E+01
  5.317E-09  5.317E-09  0.000E+00  0.000E+00  1.257E+01  1.257E+01
  5.563E-09  5.563E-09  0.000E+00  0.000E+00  1.257E+01  1.257E+01
  5.821E-09  5.821E-09  0.000E+00  0.000E+00  1.257E+01  1.257E+01
  6.091E-09  6.091E-09  0.000E+00  0.000E+00  1.257E+01  1.257E+01
  6.374E-09  6.374E-09  0.000E+00  0.000E+00  1.257E+01  1.257E+01
  6.670E-09  6.670E-09  0.000E+00  0.000E+00  1.257E+01  1.257E+01
  6.979E-09  6.979E-09  0.000E+00  0.000E+00  1.257E+01  1.257E+01
  7.303E-09  7.303E-09  0.000E+00  0.000E+00  1.257E+01  1.257E+01
  7.641E-09  7.641E-09  0.000E+00  0.000E+00  1.257E+01  1.257E+01
  7.996E-09  7.996E-09  0.000E+00  0.000E+00  1.257E+01  1.257E+01
  8.367E-09  8.367E-09  0.000E+00  0.000E+00  1.257E+01  1.257E+01
  8.755E-09  8.755E-09  0.000E+00  0.000E+00  1.257E+01  1.257E+01
  9.161E-09  9.161E-09  0.000E+00  0.000E+00  1.257E+01  1.257E+01
  9.586E-09  9.586E-09  0.000E+00  0.000E+00  1.257E+01  1.257E+01
  1.003E-08  1.003E-08  0.000E+00  0.000E+00  1.257E+01  1.257E+01
  1.050E-08  1.050E-08  0.000E+00  0.000E+00  1.257E+01  1.257E+01
  1.098E-08  1.098E-08  0.000E+00  0.000E+00  1.257E+01  1.257E+01
  1.149E-08  1.149E-08  0.000E+00  0.000E+00  1.257E+01  1.257E+01
  1.202E-08  1.202E-08  0.000E+00  0.000E+00  1.257E+01  1.257E+01
  1.258E-08  1.258E-08  0.000E+00  0.000E+00  1.257E+01  1.257E+01
  1.317E-08  1.317E-08  0.000E+00  0.000E+00  1.257E+01  1.257E+01
  1.378E-08  1.378E-08  0.000E+00  0.000E+00  1.257E+01  1.257E+01
  1.442E-08  1.442E-08  0.000E+00  0.000E+00  1.257E+01  1.257E+01
  1.508E-08  1.508E-08  0.000E+00  0.000E+00  1.257E+01  1.257E+01
  1.578E-08  1.578E-08  0.000E+00  0.000E+00  1.257E+01  1.257E+01
  1.652E-08  1.652E-08  0.000E+00  0.000E+00  1.257E+01  1.257E+01
  1.728E-08  1.728E-08  0.000E+00  0.000E+00  1.257E+01  1.257E+01
  1.808E-08  1.808E-08  0.000E+00  0.000E+00  1.257E+01  1.257E+01
  1.892E-08  1.892E-08  0.000E+00  0.000E+00  1.257E+01  1.257E+01
  1.980E-08  1.980E-08  0.000E+00  0.000E+00  1.257E+01  1.257E+01
  2.072E-08  2.072E-08  0.000E+00  0.000E+00  1.257E+01  1.257E+01
  2.168E-08  2.168E-08  0.000E+00  0.000E+00  1.257E+01  1.257E+01
  2.268E-08  2.268E-08  0.000E+00  0.000E+00  1.257E+01  1.257E+01
  2.374E-08  2.374E-08  0.000E+00  0.000E+00  1.257E+01  1.257E+01
  2.484E-08  2.484E-08  0.000E+00  0.000E+00  1.257E+01  1.257E+01
  2.599E-08  2.599E-08  0.000E+00  0.000E+00  1.257E+01  1.257E+01
  2.720E-08  2.720E-08  0.000E+00  0.000E+00  1.257E+01  1.257E+01
  2.846E-08  2.846E-08  0.000E+00  0.000E+00  1.257E+01  1.257E+01
  2.978E-08  2.978E-08  0.000E+00  0.000E+00  1.257E+01  1.257E+01
  3.116E-08  3.116E-08  0.000E+00  0.000E+00  1.257E+01  1.257E+01
  3.260E-08  3.260E-08  0.000E+00  0.000E+00  1.257E+01  1.257E+01
  3.411E-08  3.411E-08  0.000E+00  0.000E+00  1.257E+01  1.257E+01
  3.570E-08  3.570E-08  0.000E+00  0.000E+00  1.257E+01  1.257E+01
  3.735E-08  3.735E-08  0.000E+00  0.000E+00  1.257E+01  1.257E+01
  3.909E-08  3.909E-08  0.000E+00  0.000E+00  1.257E+01  1.257E+01
  4.090E-08  4.090E-08  0.000E+00  0.000E+00  1.257E+01  1.257E+01
  4.280E-08  4.280E-08  0.000E+00  0.000E+00  1.257E+01  1.257E+01
  4.478E-08  4.478E-08  0.000E+00  0.000E+00  1.257E+01  1.257E+01
  4.686E-08  4.686E-08  0.000E+00  0.000E+00  1.257E+01  1.257E+01
  4.903E-08  4.903E-08  0.000E+00  0.000E+00  1.257E+01  1.257E+01
  5.130E-08  5.130E-08  0.000E+00  0.000E+00  1.257E+01  1.257E+01
  5.368E-08  5.368E-08  0.000E+00  0.000E+00  1.257E+01  1.257E+01
  5.617E-08  5.617E-08  0.000E+00  0.000E+00  1.257E+01  1.257E+01
  5.878E-08  5.878E-08  0.000E+00  0.000E+00  1.257E+01  1.257E+01
  6.151E-08  6.151E-08  0.000E+00  0.000E+00  1.257E+01  1.257E+01
  6.436E-08  6.436E-08  0.000E+00  0.000E+00  1.257E+01  1.257E+01
  6.734E-08  6.734E-08  0.000E+00  0.000E+00  1.257E+01  1.257E+01
  7.047E-08  7.047E-08  0.000E+00  0.000E+00  1.257E+01  1.257E+01
  7.374E-08  7.374E-08  0.000E+00  0.000E+00  1.257E+01  1.257E+01
  7.716E-08  7.716E-08  0.000E+00  0.000E+00  1.257E+01  1.257E+01
  8.073E-08  8.073E-08  0.000E+00  0.000E+00  1.257E+01  1.257E+01
  8.448E-08  8.448E-08  0.000E+00  0.000E+00  1.257E+01  1.257E+01
  8.840E-08  8.840E-08  0.000E+00  0.000E+00  1.257E+01  1.257E+01
  9.250E-08  9.250E-08  0.000E+00  0.000E+00  1.257E+01  1.257E+01
  9.679E-08  9.679E-08  0.000E+00  0.000E+00  1.257E+01  1.257E+01
  1.013E-07  1.013E-07  0.000E+00  0.000E+00  1.257E+01  1.257E+01
  1.060E-07  1.060E-07  0.000E+00  0.000E+00  1.257E+01  1.257E+01
  1.109E-07  1.109E-07  0.000E+00  0.000E+00  1.257E+01  1.257E+01
  1.160E-07  1.160E-07  0.000E+00  0.000E+00  1.257E+01  1.257E+01
  1.214E-07  1.214E-07  0.000E+00  0.000E+00  1.257E+01  1.257E+01
  1.270E-07  1.270E-07  0.000E+00  0.000E+00  1.257E+01  1.257E+01
  1.329E-07  1.329E-07  0.000E+00  0.000E+00  1.257E+01  1.257E+01
  1.391E-07  1.391E-07  0.000E+00  0.000E+00  1.257E+01  1.257E+01
  1.456E-07  1.456E-07  0.000E+00  0.000E+00  1.257E+01  1.257E+01
  1.523E-07  1.523E-07  0.000E+00  0.000E+00  1.257E+01  1.257E+01
  1.594E-07  1.594E-07  0.000E+00  0.000E+00  1.257E+01  1.257E+01
  1.668E-07  1.668E-07  0.000E+00  0.000E+00  1.257E+01  1.257E+01
  1.745E-07  1.745E-07  0.000E+00  0.000E+00  1.257E+01  1.257E+01
  1.826E-07  1.826E-07  0.000E+00  0.000E+00  1.257E+01  1.257E+01
  1.911E-07  1.911E-07  0.000E+00  0.000E+00  1.257E+01  1.257E+01
  1.999E-07  1.999E-07  0.000E+00  0.000E+00  1.257E+01  1.257E+01
  2.092E-07  2.092E-07  0.000E+00  0.000E+00  1.257E+01  1.257E+01
  2.189E-07  2.189E-07  0.000E+00  0.000E+00  1.257E+01  1.257E+01
  2.291E-07  2.291E-07  0.000E+00  0.000E+00  1.257E+01  1.257E+01
  2.397E-07  2.397E-07  0.000E+00  0.000E+00  1.257E+01  1.257E+01
  2.508E-07  2.508E-07  0.000E+00  0.000E+00  1.257E+01  1.257E+01
  2.624E-07  2.624E-07  0.000E+00  0.000E+00  1.257E+01  1.257E+01
  2.746E-07  2.746E-07  0.000E+00  0.000E+00  1.257E+01  1.257E+01
  2.873E-07  2.873E-07  0.000E+00  0.000E+00  1.257E+01  1.257E+01
  3.007E-07  3.007E-07  0.000E+00  0.000E+00  1.257E+01  1.257E+01
  3.146E-07  3.146E-07  0.000E+00  0.000E+00  1.257E+01  1.257E+01
  3.292E-07  3.292E-07  0.000E+00  0.000E+00  1.257E+01  1.257E+01
  3.445E-07  3.445E-07  0.000E+00  0.000E+00  1.257E+01  1.257E+01
  3.604E-07  3.604E-07  0.000E+00  0.000E+00  1.257E+01  1.257E+01
  3.772E-07  3.772E-07  0.000E+00  0.000E+00  1.257E+01  1.257E+01
  3.947E-07  3.947E-07  0.000E+00  0.000E+00  1.257E+01  1.257E+01
  4.130E-07  4.130E-07  0.000E+00  0.000E+00  1.257E+01  1.257E+01
  4.321E-07  4.321E-07  0.000E+00  0.000E+00  1.257E+01  1.257E+01
  4.522E-07  4.522E-07  0.000E+00  0.000E+00  1.257E+01  1.257E+01
  4.731E-07  4.731E-07  0.000E+00  0.000E+00  1.257E+01  1.257E+01
  4.951E-07  4.951E-07  0.000E+00  0.000E+00  1.257E+01  1.257E+01
  5.180E-07  5.180E-07  0.000E+00  0.000E+00  1.257E+01  1.257E+01
  5.421E-07  5.421E-07  0.000E+00  0.000E+00  1.257E+01  1.257E+01
  5.672E-07  5.672E-07  0.000E+00  0.000E+00  1.257E+01  1.257E+01
  5.935E-07  5.935E-07  0.000E+00  0.000E+00  1.257E+01  1.257E+01
  6.210E-07  6.210E-07  0.000E+00  0.000E+00  1.257E+01  1.257E+01
  6.498E-07  6.498E-07  0.000E+00  0.000E+00  1.257E+01  1.257E+01
  6.800E-07  6.800E-07  0.000E+00  0.000E+00  1.257E+01  1.257E+01
  7.115E-07  7.115E-07  0.000E+00  0.000E+00  1.257E+01  1.257E+01
  7.445E-07  7.445E-07  0.000E+00  0.000E+00  1.257E+01  1.257E+01
  7.791E-07  7.791E-07  0.000E+00  0.000E+00  1.257E+01  1.257E+01
  8.152E-07  8.152E-07  0.000E+00  0.000E+00  1.257E+01  1.257E+01
  8.530E-07  8.530E-07  0.000E+00  0.000E+00  1.257E+01  1.257E+01
  8.926E-07  8.926E-07  0.000E+00  0.000E+00  1.257E+01  1.257E+01
  9.340E-07  9.340E-07  0.000E+00  0.000E+00  1.257E+01  1.257E+01
  9.773E-07  9.773E-07  0.000E+00  0.000E+00  1.257E+01  1.257E+01
  1.023E-06  1.023E-06  0.000E+00  0.000E+00  1.257E+01  1.257E+01
  1.070E-06  1.070E-06  0.000E+00  0.000E+00  1.257E+01  1.257E+01
  1.120E-06  1.120E-06  0.000E+00  0.000E+00  1.257E+01  1.257E+01
  1.172E-06  1.172E-06  0.000E+00  0.000E+00  1.257E+01  1.257E+01
  1.226E-06  1.226E-06  0.000E+00  0.000E+00  1.257E+01  1.257E+01
  1.283E-06  1.283E-06  0.000E+00  0.000E+00  1.257E+01  1.257E+01
  1.342E-06  1.342E-06  0.000E+00  0.000E+00  1.257E+01  1.257E+01
  1.405E-06  1.405E-06  0.000E+00  0.000E+00  1.257E+01  1.257E+01
  1.470E-06  1.470E-06  0.000E+00  0.000E+00  1.257E+01  1.257E+01
  1.538E-06  1.538E-06  0.000E+00  0.000E+00  1.257E+01  1.257E+01
  1.609E-06  1.609E-06  0.000E+00  0.000E+00  1.257E+01  1.257E+01
  1.684E-06  1.684E-06  0.000E+00  0.000E+00  1.257E+01  1.257E+01
  1.762E-06  1.762E-06  0.000E+00  0.000E+00  1.257E+01  1.257E+01
  1.844E-06  1.844E-06  0.000E+00  0.000E+00  1.257E+01  1.257E+01
  1.929E-06  1.929E-06  0.000E+00  0.000E+00  1.257E+01  1.257E+01
  2.019E-06  2.019E-06  0.000E+00  0.000E+00  1.257E+01  1.257E+01
  2.112E-06  2.112E-06  0.000E+00  0.000E+00  1.257E+01  1.257E+01
  2.210E-06  2.210E-06  0.000E+00  0.000E+00  1.257E+01  1.257E+01
  2.313E-06  2.313E-06  0.000E+00  0.000E+00  1.257E+01  1.257E+01
  2.420E-06  2.420E-06  0.000E+00  0.000E+00  1.257E+01  1.257E+01
  2.532E-06  2.532E-06  0.000E+00  0.000E+00  1.257E+01  1.257E+01
  2.650E-06  2.650E-06  0.000E+00  0.000E+00  1.257E+01  1.257E+01
  2.773E-06  2.773E-06  0.000E+00  0.000E+00  1.257E+01  1.257E+01
  2.901E-06  2.901E-06  0.000E+00  0.000E+00  1.257E+01  1.257E+01
  3.036E-06  3.036E-06  0.000E+00  0.000E+00  1.257E+01  1.257E+01
  3.177E-06  3.177E-06  0.000E+00  0.000E+00  1.257E+01  1.257E+01
  3.324E-06  3.324E-06  0.000E+00  0.000E+00  1.257E+01  1.257E+01
  3.478E-06  3.478E-06  0.000E+00  0.000E+00  1.257E+01  1.257E+01
  3.639E-06  3.639E-06  0.000E+00  0.000E+00  1.257E+01  1.257E+01
  3.808E-06  3.808E-06  0.000E+00  0.000E+00  1.257E+01  1.257E+01
  3.985E-06  3.985E-06  0.000E+00  0.000E+00  1.257E+01  1.257E+01
  4.170E-06  4.170E-06  0.000E+00  0.000E+00  1.257E+01  1.257E+01
  4.363E-06  4.363E-06  0.000E+00  0.000E+00  1.257E+01  1.257E+01
  4.565E-06  4.565E-06  0.000E+00  0.000E+00  1.257E+01  1.257E+01
  4.777E-06  4.777E-06  0.000E+00  0.000E+00  1.257E+01  1.257E+01
  4.999E-06  4.999E-06  0.000E+00  0.000E+00  1.257E+01  1.257E+01
  5.231E-06  5.231E-06  0.000E+00  0.000E+00  1.257E+01  1.257E+01
  5.473E-06  5.473E-06  0.000E+00  0.000E+00  1.257E+01  1.257E+01
  5.727E-06  5.727E-06  0.000E+00  0.000E+00  1.257E+01  1.257E+01
  5.993E-06  5.993E-06  0.000E+00  0.000E+00  1.257E+01  1.257E+01
  6.271E-06  6.271E-06  0.000E+00  0.000E+00  1.257E+01  1.257E+01
  6.562E-06  6.562E-06  0.000E+00  0.000E+00  1.257E+01  1.257E+01
  6.866E-06  6.866E-06  0.000E+00  0.000E+00  1.257E+01  1.257E+01
  7.184E-06  7.184E-06  0.000E+00  0.000E+00  1.257E+01  1.257E+01
  7.518E-06  7.518E-06  0.000E+00  0.000E+00  1.257E+01  1.257E+01
  7.866E-06  7.866E-06  0.000E+00  0.000E+00  1.257E+01  1.257E+01
  8.231E-06  8.231E-06  0.000E+00  0.000E+00  1.257E+01  1.257E+01
  8.613E-06  8.613E-06  0.000E+00  0.000E+00  1.257E+01  1.257E+01
  9.012E-06  9.012E-06  0.000E+00  0.000E+00  1.257E+01  1.257E+01
  9.430E-06  9.430E-06  0.000E+00  0.000E+00  1.257E+01  1.257E+01
  9.868E-06  9.868E-06  0.000E+00  0.000E+00  1.257E+01  1.257E+01
  1.033E-05  1.033E-05  0.000E+00  0.000E+00  1.257E+01  1.257E+01
  1.080E-05  1.080E-05  0.000E+00  0.000E+00  1.257E+01  1.257E+01
  1.131E-05  1.131E-05  0.000E+00  0.000E+00  1.257E+01  1.257E+01
  1.183E-05  1.183E-05  0.000E+00  0.000E+00  1.257E+01  1.257E+01
  1.238E-05  1.238E-05  0.000E+00  0.000E+00  1.257E+01  1.257E+01
  1.295E-05  1.295E-05  0.000E+00  0.000E+00  1.257E+01  1.257E+01
  1.355E-05  1.355E-05  0.000E+00  0.000E+00  1.257E+01  1.257E+01
  1.418E-05  1.418E-05  0.000E+00  0.000E+00  1.257E+01  1.257E+01
  1.484E-05  1.484E-05  0.000E+00  0.000E+00  1.257E+01  1.257E+01
  1.553E-05  1.553E-05  0.000E+00  0.000E+00  1.257E+01  1.257E+01
  1.625E-05  1.625E-05  0.000E+00  0.000E+00  1.257E+01  1.257E+01
  1.700E-05  1.700E-05  0.000E+00  0.000E+00  1.257E+01  1.257E+01
  1.779E-05  1.779E-05  0.000E+00  0.000E+00  1.257E+01  1.257E+01
  1.862E-05  1.862E-05  0.000E+00  0.000E+00  1.257E+01  1.257E+01
  1.948E-05  1.948E-05  0.000E+00  0.000E+00  1.257E+01  1.257E+01
  2.038E-05  2.038E-05  0.000E+00  0.000E+00  1.257E+01  1.257E+01
  2.133E-05  2.133E-05  0.000E+00  0.000E+00  1.257E+01  1.257E+01
  2.232E-05  2.232E-05  0.000E+00  0.000E+00  1.257E+01  1.257E+01
  2.335E-05  2.335E-05  0.000E+00  0.000E+00  1.257E+01  1.257E+01
  2.444E-05  2.444E-05  0.000E+00  0.000E+00  1.257E+01  1.257E+01
  2.557E-05  2.557E-05  0.000E+00  0.000E+00  1.257E+01  1.257E+01
  2.675E-05  2.675E-05  0.000E+00  0.000E+00  1.257E+01  1.257E+01
  2.800E-05  2.800E-05  0.000E+00  0.000E+00  1.257E+01  1.257E+01
  2.929E-05  2.929E-05  0.000E+00  0.000E+00  1.257E+01  1.257E+01
  3.065E-05  3.065E-05  0.000E+00  0.000E+00  1.257E+01  1.257E+01
  3.207E-05  3.207E-05  0.000E+00  0.000E+00  1.257E+01  1.257E+01
  3.356E-05  3.356E-05  0.000E+00  0.000E+00  1.257E+01  1.257E+01
  3.512E-05  3.512E-05  0.000E+00  0.000E+00  1.257E+01  1.257E+01
  3.675E-05  3.675E-05  0.000E+00  0.000E+00  1.257E+01  1.257E+01
  3.845E-05  3.845E-05  0.000E+00  0.000E+00  1.257E+01  1.257E+01
  4.024E-05  4.024E-05  0.000E+00  0.000E+00  1.257E+01  1.257E+01
  4.210E-05  4.210E-05  0.000E+00  0.000E+00  1.257E+01  1.257E+01
  4.405E-05  4.405E-05  0.000E+00  0.000E+00  1.257E+01  1.257E+01
  4.610E-05  4.610E-05  0.000E+00  0.000E+00  1.257E+01  1.257E+01
  4.824E-05  4.824E-05  0.000E+00  0.000E+00  1.257E+01  1.257E+01
  5.047E-05  5.047E-05  0.000E+00  0.000E+00  1.257E+01  1.257E+01
  5.281E-05  5.281E-05  0.000E+00  0.000E+00  1.257E+01  1.257E+01
  5.526E-05  5.526E-05  0.000E+00  0.000E+00  1.257E+01  1.257E+01
  5.783E-05  5.783E-05  0.000E+00  0.000E+00  1.257E+01  1.257E+01
  6.051E-05  6.051E-05  0.000E+00  0.000E+00  1.257E+01  1.257E+01
  6.332E-05  6.332E-05  0.000E+00  0.000E+00  1.257E+01  1.257E+01
  6.625E-05  6.625E-05  0.000E+00  0.000E+00  1.257E+01  1.257E+01
  6.933E-05  6.933E-05  0.000E+00  0.000E+00  1.257E+01  1.257E+01
  7.254E-05  7.254E-05  0.000E+00  0.000E+00  1.257E+01  1.257E+01
  7.591E-05  7.591E-05  0.000E+00  0.000E+00  1.257E+01  1.257E+01
  7.943E-05  7.943E-05  0.000E+00  0.000E+00  1.257E+01  1.257E+01
  8.311E-05  8.311E-05  0.000E+00  0.000E+00  1.257E+01  1.257E+01
  8.697E-05  8.697E-05  0.000E+00  0.000E+00  1.257E+01  1.257E+01
  9.100E-05  9.100E-05  0.000E+00  0.000E+00  1.257E+01  1.257E+01
  9.522E-05  9.522E-05  0.000E+00  0.000E+00  1.257E+01  1.257E+01
  9.964E-05  9.964E-05  0.000E+00  0.000E+00  1.257E+01  1.257E+01
  1.043E-04  1.043E-04  0.000E+00  0.000E+00  1.257E+01  1.257E+01
  1.091E-04  1.091E-04  0.000E+00  0.000E+00  1.257E+01  1.257E+01
  1.142E-04  1.142E-04  0.000E+00  0.000E+00  1.257E+01  1.257E+01
  1.194E-04  1.194E-04  0.000E+00  0.000E+00  1.257E+01  1.257E+01
  1.250E-04  1.250E-04  0.000E+00  0.000E+00  1.257E+01  1.257E+01
  1.308E-04  1.308E-04  0.000E+00  0.000E+00  1.257E+01  1.257E+01
  1.369E-04  1.369E-04  0.000E+00  0.000E+00  1.257E+01  1.257E+01
  1.432E-04  1.432E-04  0.000E+00  0.000E+00  1.257E+01  1.257E+01
  1.498E-04  1.498E-04  0.000E+00  0.000E+00  1.257E+01  1.257E+01
  1.568E-04  1.568E-04  0.000E+00  0.000E+00  1.257E+01  1.257E+01
  1.641E-04  1.641E-04  0.000E+00  0.000E+00  1.257E+01  1.257E+01
  1.717E-04  1.717E-04  0.000E+00  0.000E+00  1.257E+01  1.257E+01
  1.796E-04  1.796E-04  0.000E+00  0.000E+00  1.257E+01  1.257E+01
  1.880E-04  1.880E-04  0.000E+00  0.000E+00  1.257E+01  1.257E+01
  1.967E-04  1.967E-04  0.000E+00  0.000E+00  1.257E+01  1.257E+01
  2.058E-04  2.058E-04  0.000E+00  0.000E+00  1.257E+01  1.257E+01
  2.154E-04  2.154E-04  0.000E+00  0.000E+00  1.257E+01  1.257E+01
  2.253E-04  2.253E-04  0.000E+00  0.000E+00  1.257E+01  1.257E+01
  2.358E-04  2.358E-04  0.000E+00  0.000E+00  1.257E+01  1.257E+01
  2.467E-04  2.467E-04  0.000E+00  0.000E+00  1.257E+01  1.257E+01
  2.582E-04  2.582E-04  0.000E+00  0.000E+00  1.257E+01  1.257E+01
  2.701E-04  2.701E-04  0.000E+00  0.000E+00  1.257E+01  1.257E+01
  2.827E-04  2.827E-04  0.000E+00  0.000E+00  1.257E+01  1.257E+01
  2.958E-04  2.958E-04  0.000E+00  0.000E+00  1.257E+01  1.257E+01
  3.095E-04  3.095E-04  0.000E+00  0.000E+00  1.257E+01  1.257E+01
  3.239E-04  3.239E-04  0.000E+00  0.000E+00  1.257E+01  1.257E+01
  3.389E-04  3.389E-04  0.000E+00  0.000E+00  1.257E+01  1.257E+01
  3.546E-04  3.546E-04  0.000E+00  0.000E+00  1.257E+01  1.257E+01
  3.711E-04  3.711E-04  0.000E+00  0.000E+00  1.257E+01  1.257E+01
  3.883E-04  3.883E-04  0.000E+00  0.000E+00  1.257E+01  1.257E+01
  4.063E-04  4.063E-04  0.000E+00  0.000E+00  1.257E+01  1.257E+01
  4.251E-04  4.251E-04  0.000E+00  0.000E+00  1.257E+01  1.257E+01
  4.448E-04  4.448E-04  0.000E+00  0.000E+00  1.257E+01  1.257E+01
  4.655E-04  4.655E-04  0.000E+00  0.000E+00  1.257E+01  1.257E+01
  4.871E-04  4.871E-04  0.000E+00  0.000E+00  1.257E+01  1.257E+01
  5.096E-04  5.096E-04  0.000E+00  0.000E+00  1.257E+01  1.257E+01
  5.333E-04  5.333E-04  0.000E+00  0.000E+00  1.257E+01  1.257E+01
  5.580E-04  5.580E-04  0.000E+00  0.000E+00  1.257E+01  1.257E+01
  5.839E-04  5.839E-04  0.000E+00  0.000E+00  1.257E+01  1.257E+01
  6.110E-04  6.110E-04  0.000E+00  0.000E+00  1.257E+01  1.257E+01
  6.393E-04  6.393E-04  0.000E+00  0.000E+00  1.257E+01  1.257E+01
  6.690E-04  6.690E-04  0.000E+00  0.000E+00  1.257E+01  1.257E+01
  7.000E-04  7.000E-04  0.000E+00  0.000E+00  1.257E+01  1.257E+01
