  **** bnct_51.bnx ****

                                                                                  

  Total primaries run:        10000000
   Total weight of the primaries run:   10000000.0    


  Detector n:            1 (           1 )  I2_9      
     (Area:            1.00000000      cmq,
      distr. scored:           8    ,
      from reg.          10  to            2 ,
      two ways scoring,
      current scoring)

     Tot. resp. (Part/cmq/pr)  0.3327487      +/-  4.5759052E-02 %
     ( -->      (Part/pr)      0.3327487      +/-  4.5759052E-02 % )

  **** Different. Fluxes as a function of energy **** ****      (integrated over solid angle)        ****


  Energy boundaries (GeV):

  6.9999613E-04  6.6896819E-04  6.3931552E-04  6.1097735E-04  5.8389525E-04
  5.5801350E-04  5.3327909E-04  5.0964102E-04  4.8705068E-04  4.6546169E-04
  4.4482970E-04  4.2511217E-04  4.0626875E-04  3.8826044E-04  3.7105050E-04
  3.5460334E-04  3.3888521E-04  3.2386382E-04  3.0950824E-04  2.9578904E-04
  2.8267791E-04  2.7014790E-04  2.5817336E-04  2.4672961E-04  2.3579312E-04
  2.2534135E-04  2.1535291E-04  2.0580717E-04  1.9668456E-04  1.8796633E-04
  1.7963458E-04  1.7167212E-04  1.6406259E-04  1.5679035E-04  1.4984049E-04
  1.4319866E-04  1.3685126E-04  1.3078518E-04  1.2498802E-04  1.1944782E-04
  1.1415319E-04  1.0909323E-04  1.0425758E-04  9.9636272E-05  9.5219802E-05
  9.0999092E-05  8.6965476E-05  8.3110652E-05  7.9426696E-05  7.5906035E-05
  7.2541428E-05  6.9325972E-05  6.6253029E-05  6.3316285E-05  6.0509741E-05
  5.7827590E-05  5.5264340E-05  5.2814692E-05  5.0473631E-05  4.8236343E-05
  4.6098226E-05  4.4054876E-05  4.2102103E-05  4.0235889E-05  3.8452396E-05
  3.6747959E-05  3.5119072E-05  3.3562388E-05  3.2074702E-05  3.0652958E-05
  2.9294242E-05  2.7995748E-05  2.6754815E-05  2.5568879E-05  2.4435514E-05
  2.3352388E-05  2.2317274E-05  2.1328038E-05  2.0382655E-05  1.9479176E-05
  1.8615743E-05  1.7790582E-05  1.7001999E-05  1.6248370E-05  1.5528147E-05
  1.4839845E-05  1.4182054E-05  1.3553424E-05  1.2952657E-05  1.2378517E-05
  1.1829828E-05  1.1305460E-05  1.0804335E-05  1.0325423E-05  9.8677401E-06
  9.4303432E-06  9.0123340E-06  8.6128539E-06  8.2310817E-06  7.8662315E-06
  7.5175544E-06  7.1843301E-06  6.8658783E-06  6.5615427E-06  6.2706963E-06
  5.9927420E-06  5.7271081E-06  5.4732486E-06  5.2306423E-06  4.9987893E-06
  4.7772132E-06  4.5654588E-06  4.3630907E-06  4.1696921E-06  3.9848674E-06
  3.8082346E-06  3.6394310E-06  3.4781096E-06  3.3239392E-06  3.1766026E-06
  3.0357969E-06  2.9012324E-06  2.7726326E-06  2.6497330E-06  2.5322811E-06
  2.4200353E-06  2.3127652E-06  2.2102497E-06  2.1122783E-06  2.0186496E-06
  1.9291713E-06  1.8436592E-06  1.7619371E-06  1.6838376E-06  1.6092000E-06
  1.5378707E-06  1.4697033E-06  1.4045572E-06  1.3422990E-06  1.2828003E-06
  1.2259391E-06  1.1715981E-06  1.1196661E-06  1.0700358E-06  1.0226056E-06
  9.7727752E-07  9.3395880E-07  8.9256031E-07  8.5299678E-07  8.1518675E-07
  7.7905287E-07  7.4452066E-07  7.1151919E-07  6.7998036E-07  6.4983965E-07
  6.2103487E-07  5.9350691E-07  5.6719921E-07  5.4205759E-07  5.1803039E-07
  4.9506826E-07  4.7312383E-07  4.5215219E-07  4.3211014E-07  4.1295652E-07
  3.9465178E-07  3.7715850E-07  3.6044062E-07  3.4446376E-07  3.2919510E-07
  3.1460320E-07  3.0065814E-07  2.8733120E-07  2.7459495E-07  2.6242330E-07
  2.5079115E-07  2.3967459E-07  2.2905080E-07  2.1889790E-07  2.0919506E-07
  1.9992231E-07  1.9106052E-07  1.8259159E-07  1.7449807E-07  1.6676329E-07
  1.5937135E-07  1.5230707E-07  1.4555592E-07  1.3910402E-07  1.3293810E-07
  1.2704550E-07  1.2141410E-07  1.1603230E-07  1.1088906E-07  1.0597381E-07
  1.0127643E-07  9.6787254E-08  9.2497061E-08  8.8397051E-08  8.4478771E-08
  8.0734175E-08  7.7155555E-08  7.3735571E-08  7.0467166E-08  6.7343649E-08
  6.4358574E-08  6.1505823E-08  5.8779523E-08  5.6174066E-08  5.3684101E-08
  5.1304504E-08  4.9030383E-08  4.6857068E-08  4.4780077E-08  4.2795161E-08
  4.0898229E-08  3.9085382E-08  3.7352883E-08  3.5697184E-08  3.4114873E-08
  3.2602699E-08  3.1157551E-08  2.9776468E-08  2.8456599E-08  2.7195235E-08
  2.5989779E-08  2.4837759E-08  2.3736805E-08  2.2684649E-08  2.1679128E-08
  2.0718181E-08  1.9799829E-08  1.8922186E-08  1.8083442E-08  1.7281875E-08
  1.6515841E-08  1.5783762E-08  1.5084131E-08  1.4415514E-08  1.3776534E-08
  1.3165876E-08  1.2582285E-08  1.2024564E-08  1.1491565E-08  1.0982191E-08
  1.0495394E-08  1.0030176E-08  9.5855794E-09  9.1606909E-09  8.7546344E-09
  8.3665768E-09  7.9957205E-09  7.6413027E-09  7.3025945E-09  6.9789006E-09
  6.6695547E-09  6.3739205E-09  6.0913905E-09  5.8213843E-09  5.5633467E-09
  5.3167462E-09  5.0810760E-09  4.8558531E-09  4.6406128E-09  4.4349138E-09
  4.2383315E-09  4.0504635E-09  3.8709231E-09  3.6993413E-09  3.5353640E-09
  3.3786562E-09  3.2288940E-09  3.0857705E-09  2.9489908E-09  2.8182741E-09
  2.6933515E-09  2.5739664E-09  2.4598725E-09  2.3508364E-09  2.2466338E-09
  2.1470499E-09  2.0518796E-09  1.9609283E-09  1.8740081E-09  1.7909410E-09
  1.7115558E-09  1.6356897E-09  1.5631862E-09  1.4938967E-09  1.4276782E-09
  1.3643950E-09  1.3039171E-09  1.2461198E-09  1.1908842E-09  1.1380973E-09
  1.0876502E-09  1.0394391E-09  9.9336495E-10  9.4933306E-10  9.0725311E-10
  8.6703827E-10  8.2860596E-10  7.9187729E-10  7.5677659E-10  7.2323175E-10
  6.9117384E-10  6.6053690E-10  6.3125805E-10  6.0327693E-10  5.7653604E-10
  5.5098054E-10  5.2655785E-10  5.0321775E-10  4.8091214E-10  4.5959525E-10
  4.3922330E-10  4.1975434E-10  4.0114831E-10  3.8336703E-10  3.6637396E-10
  3.5013409E-10  3.3461406E-10  3.1978201E-10  3.0560740E-10  2.9206104E-10
  2.7911515E-10  2.6674313E-10  2.5491950E-10  2.4361999E-10  2.3282129E-10
  2.2250127E-10  2.1263870E-10  2.0321331E-10  1.9420568E-10  1.8559733E-10
  1.7737056E-10  1.6950846E-10  1.6199483E-10  1.5481427E-10  1.4795198E-10
  1.4139388E-10  1.3512644E-10  1.2913684E-10  1.2341274E-10  1.1794236E-10
  1.1271445E-10  1.0771829E-10  1.0294358E-10  9.8380505E-11  9.4019695E-11
  8.9852188E-11  8.5869416E-11  8.2063169E-11  7.8425641E-11  7.4949352E-11
  7.1627163E-11  6.8452223E-11  6.5418004E-11  6.2518289E-11  5.9747117E-11
  5.7098774E-11  5.4567816E-11  5.2149045E-11  4.9837492E-11  4.7628401E-11
  4.5517225E-11  4.3499634E-11  4.1571475E-11  3.9728779E-11  3.7967764E-11
  3.6284812E-11  3.4676456E-11  3.3139387E-11  3.1670451E-11  3.0266629E-11
  2.8925033E-11  2.7642907E-11  2.6417608E-11  2.5246624E-11  2.4127544E-11
  2.3058068E-11  2.2035996E-11  2.1059231E-11  2.0125762E-11  1.9233670E-11
  1.8381118E-11  1.7566360E-11  1.6787717E-11  1.6043585E-11  1.5332437E-11
  1.4652814E-11  1.4003314E-11  1.3382605E-11  1.2789408E-11  1.2222506E-11
  1.1680732E-11  1.1162973E-11  1.0668163E-11  1.0195288E-11  9.7433719E-12
  9.3114891E-12  8.8987481E-12  8.5043032E-12  8.1273417E-12  7.7670908E-12
  7.4228054E-12  7.0937835E-12  6.7793457E-12  6.4788452E-12  6.1916639E-12
  5.9172129E-12  5.6549270E-12  5.4042669E-12  5.1647176E-12  4.9357870E-12
  4.7170041E-12  4.5079183E-12  4.3081003E-12  4.1171402E-12  3.9346443E-12
  3.7602378E-12  3.5935612E-12  3.4342735E-12  3.2820465E-12  3.1365667E-12
  2.9975354E-12  2.8646668E-12  2.7376881E-12  2.6163375E-12  2.5003658E-12
  2.3895350E-12  2.2836167E-12  2.1823932E-12  2.0856565E-12  1.9932079E-12
  1.9048571E-12  1.8204227E-12  1.7397304E-12  1.6626154E-12  1.5889184E-12
  1.5184882E-12  1.4511799E-12  1.3868550E-12  1.3253813E-12  1.2666326E-12
  1.2104879E-12  1.1568319E-12  1.1055543E-12  1.0565496E-12  1.0097170E-12
  9.6496042E-13  9.2218778E-13  8.8131092E-13  8.4224592E-13  8.0491267E-13
  7.6923418E-13  7.3513721E-13  7.0255157E-13  6.7141030E-13  6.4164944E-13
  6.1320778E-13  5.8602672E-13  5.6005060E-13  5.3522584E-13  5.1150143E-13
  4.8882865E-13  4.6716087E-13  4.4645356E-13  4.2666410E-13  4.0775174E-13
  3.8967779E-13  3.7240499E-13  3.5589782E-13  3.4012230E-13  3.2504609E-13
  3.1063813E-13  2.9686878E-13  2.8370980E-13  2.7113411E-13  2.5911586E-13
  2.4763031E-13  2.3665385E-13  2.2616395E-13  2.1613905E-13  2.0655848E-13
  1.9740257E-13  1.8865252E-13  1.8029034E-13  1.7229881E-13  1.6466150E-13
  1.5736273E-13  1.5038749E-13  1.4372142E-13  1.3735084E-13  1.3126264E-13
  1.2544431E-13  1.1988387E-13  1.1456991E-13  1.0949149E-13  1.0463818E-13
  Lowest boundary   (GeV):  9.9999998E-14

  Flux (Part/GeV/cmq/pr):

   0.000000     +/-    0.000000     %    0.000000     +/-    0.000000     % 
   0.000000     +/-    0.000000     %    980.4011     +/-   0.2149259     % 
   223.5699     +/-   0.4171338     %    166.1398     +/-   0.5214552     % 
   145.0152     +/-   0.5208009     %    133.9859     +/-   0.5666987     % 
   127.5783     +/-   0.5665501     %    113.4541     +/-   0.6363081     % 
   99.82964     +/-   0.6666902     %    112.3618     +/-   0.6957523     % 
   120.4609     +/-   0.6539025     %    123.8575     +/-   0.6052683     % 
   125.2429     +/-   0.6603695     %    127.0501     +/-   0.7333478     % 
   127.0447     +/-   0.7687024     %    127.7059     +/-   0.6688216     % 
   127.9437     +/-   0.6737635     %    128.8060     +/-   0.7861562     % 
   129.6566     +/-   0.8366673     %    129.0897     +/-   0.8506185     % 
   130.3672     +/-   0.7871598     %    132.3449     +/-   0.8665295     % 
   134.3118     +/-   0.8761303     %    136.1564     +/-   0.8245050     % 
   140.5335     +/-   0.8425885     %    142.2176     +/-   0.8692461     % 
   141.9433     +/-   0.9037446     %    141.6616     +/-   0.9490011     % 
   147.1395     +/-   0.8927835     %    147.9848     +/-   0.9672674     % 
   152.7173     +/-    1.015386     %    151.7717     +/-   0.8115771     % 
   157.6669     +/-    1.020042     %    159.5760     +/-    1.146307     % 
   164.1585     +/-    1.037464     %    167.8395     +/-    1.046931     % 
   170.6245     +/-   0.9900225     %    173.5711     +/-    1.200844     % 
   180.0010     +/-    1.019221     %    178.2582     +/-    1.140951     % 
   185.4442     +/-    1.059043     %    189.6075     +/-    1.199422     % 
   198.8283     +/-    1.084972     %    201.2823     +/-    1.127588     % 
   204.5219     +/-    1.065754     %    211.2121     +/-    1.115575     % 
   219.3327     +/-    1.055693     %    226.6228     +/-    1.143831     % 
   226.9333     +/-    1.214623     %    235.4088     +/-    1.074770     % 
   244.2844     +/-    1.220129     %    252.6930     +/-    1.311249     % 
   252.0353     +/-    1.223472     %    266.9242     +/-    1.330034     % 
   266.2008     +/-   0.9962838     %    288.5431     +/-    1.323156     % 
   289.1430     +/-    1.047675     %    303.3023     +/-    1.227052     % 
   312.8676     +/-    1.284939     %    319.5952     +/-    1.424816     % 
   335.9726     +/-    1.217700     %    349.5371     +/-    1.258172     % 
   357.8288     +/-    1.231061     %    370.4352     +/-    1.440591     % 
   376.1821     +/-    1.270565     %    402.0324     +/-    1.246817     % 
   420.1168     +/-    1.240332     %    427.3116     +/-    1.297425     % 
   440.7391     +/-    1.328842     %    460.0533     +/-    1.369326     % 
   472.8749     +/-    1.372530     %    493.6607     +/-    1.324500     % 
   511.5721     +/-    1.363890     %    531.7252     +/-    1.203208     % 
   546.5821     +/-    1.378065     %    570.1354     +/-    1.325465     % 
   609.5292     +/-    1.169225     %    621.0070     +/-    1.359864     % 
   634.6619     +/-    1.257758     %    655.2220     +/-    1.385555     % 
   693.5739     +/-    1.325145     %    701.1675     +/-    1.187619     % 
   739.0645     +/-    1.399725     %    785.5056     +/-    1.501910     % 
   816.3712     +/-    1.481619     %    833.4294     +/-    1.424806     % 
   876.7880     +/-    1.337273     %    922.3759     +/-    1.433913     % 
   956.9571     +/-    1.466989     %    1014.912     +/-    1.395632     % 
   1043.402     +/-    1.323312     %    1104.906     +/-    1.322868     % 
   1099.912     +/-    1.497974     %    1179.875     +/-    1.329376     % 
   1190.042     +/-    1.546155     %    1281.123     +/-    1.502193     % 
   1332.047     +/-    1.596501     %    1396.124     +/-    1.483593     % 
   1487.588     +/-    1.347420     %    1473.370     +/-    1.399934     % 
   1609.396     +/-    1.479097     %    1606.683     +/-    1.437570     % 
   1676.167     +/-    1.334360     %    1800.215     +/-    1.671191     % 
   1882.924     +/-    1.487350     %    1964.899     +/-    1.414324     % 
   2028.863     +/-    1.265060     %    2134.699     +/-    1.512803     % 
   2202.542     +/-    1.319071     %    2258.745     +/-    1.304975     % 
   2397.636     +/-    1.543800     %    2542.928     +/-    1.371566     % 
   2623.509     +/-    1.524127     %    2671.142     +/-    1.469794     % 
   2865.081     +/-    1.507323     %    2945.429     +/-    1.495246     % 
   3146.521     +/-    1.475930     %    3241.329     +/-    1.446536     % 
   3373.833     +/-    1.355272     %    3587.860     +/-    1.486961     % 
   3757.526     +/-    1.616188     %    3753.863     +/-    1.646969     % 
   4143.571     +/-    1.680929     %    4168.890     +/-    1.388334     % 
   4451.018     +/-    1.406777     %    4593.160     +/-    1.515107     % 
   4849.989     +/-    1.474131     %    4909.538     +/-    1.466437     % 
   5316.172     +/-    1.424021     %    5556.628     +/-    1.312029     % 
   5559.553     +/-    1.639408     %    6055.899     +/-    1.587922     % 
   6294.725     +/-    1.440418     %    6646.832     +/-    1.534750     % 
   6930.564     +/-    1.463540     %    7107.458     +/-    1.582206     % 
   7786.701     +/-    1.418881     %    7745.130     +/-    1.626843     % 
   8203.735     +/-    1.698845     %    8459.077     +/-    1.554455     % 
   8913.887     +/-    1.467412     %    9202.937     +/-    1.629857     % 
   9887.904     +/-    1.371117     %    9924.075     +/-    1.403287     % 
   10807.09     +/-    1.390089     %    11050.53     +/-    1.613781     % 
   11489.02     +/-    1.633136     %    11869.69     +/-    1.537633     % 
   12365.21     +/-    1.479102     %    13120.54     +/-    1.681319     % 
   13830.55     +/-    1.357560     %    14684.38     +/-    1.516697     % 
   14976.64     +/-    1.591048     %    15747.57     +/-    1.655485     % 
   16964.52     +/-    1.540446     %    17643.98     +/-    1.489654     % 
   18358.29     +/-    1.511680     %    19327.36     +/-    1.510614     % 
   19995.96     +/-    1.425696     %    20990.16     +/-    1.463697     % 
   22467.66     +/-    1.515234     %    22491.68     +/-    1.411267     % 
   23485.71     +/-    1.544920     %    23946.21     +/-    1.609415     % 
   26169.46     +/-    1.449031     %    27733.75     +/-    1.502394     % 
   28803.97     +/-    1.628761     %    29845.27     +/-    1.622149     % 
   30763.43     +/-    1.588409     %    31860.14     +/-    1.511718     % 
   33392.83     +/-    1.366719     %    35672.86     +/-    1.516494     % 
   36510.73     +/-    1.530887     %    39004.77     +/-    1.524715     % 
   40493.85     +/-    1.600937     %    42362.18     +/-    1.492780     % 
   43945.69     +/-    1.453934     %    46728.08     +/-    1.571467     % 
   47834.68     +/-    1.547437     %    51116.04     +/-    1.562343     % 
   53585.74     +/-    1.694258     %    55308.36     +/-    1.496417     % 
   56642.60     +/-    1.543222     %    60855.23     +/-    1.541378     % 
   64062.92     +/-    1.560358     %    64941.88     +/-    1.763463     % 
   67970.22     +/-    1.612290     %    72463.46     +/-    1.573122     % 
   73693.55     +/-    1.552395     %    77836.26     +/-    1.410003     % 
   81932.52     +/-    1.386592     %    86912.70     +/-    1.540229     % 
   88069.95     +/-    1.497439     %    95540.70     +/-    1.573637     % 
   96568.95     +/-    1.337644     %    104340.7     +/-    1.335016     % 
   106245.2     +/-    1.384192     %    110478.7     +/-    1.530574     % 
   117084.0     +/-    1.382718     %    121900.5     +/-    1.582186     % 
   126147.0     +/-    1.389177     %    135391.6     +/-    1.474716     % 
   139761.8     +/-    1.452246     %    146068.9     +/-    1.460366     % 
   152733.8     +/-    1.512531     %    161890.5     +/-    1.506364     % 
   170644.2     +/-    1.547994     %    172213.5     +/-    1.593179     % 
   181872.0     +/-    1.386799     %    193988.6     +/-    1.491287     % 
   198701.1     +/-    1.686454     %    205750.9     +/-    1.619993     % 
   220249.3     +/-    1.518958     %    220370.3     +/-    1.620798     % 
   241962.3     +/-    1.542882     %    250406.7     +/-    1.509357     % 
   267708.9     +/-    1.578997     %    272057.9     +/-    1.641349     % 
   287236.8     +/-    1.416966     %    300269.7     +/-    1.518706     % 
   305408.1     +/-    1.821862     %    322982.4     +/-    1.623182     % 
   333566.3     +/-    1.626500     %    356416.0     +/-    1.615064     % 
   374582.2     +/-    1.722604     %    381406.2     +/-    1.724861     % 
   406157.6     +/-    1.663521     %    421249.7     +/-    1.376323     % 
   437303.5     +/-    1.688723     %    473880.0     +/-    1.562397     % 
   486321.3     +/-    1.764868     %    497899.3     +/-    1.674253     % 
   540443.6     +/-    1.596707     %    553899.6     +/-    1.453845     % 
   588023.6     +/-    1.496015     %    588974.2     +/-    1.622487     % 
   625994.9     +/-    1.551311     %    658304.9     +/-    1.514570     % 
   704260.0     +/-    1.366991     %    750193.1     +/-    1.488805     % 
   756845.9     +/-    1.655329     %    795876.2     +/-    1.291251     % 
   825806.0     +/-    1.757906     %    853575.8     +/-    1.672835     % 
   899688.9     +/-    1.646852     %    928473.7     +/-    1.514659     % 
   979911.2     +/-    1.489739     %    1058346.     +/-    1.472457     % 
   1040562.     +/-    1.714991     %    1107447.     +/-    1.517632     % 
   1177413.     +/-    1.686163     %    1201748.     +/-    1.637101     % 
   1275266.     +/-    1.523205     %    1323592.     +/-    1.660844     % 
   1411174.     +/-    1.449685     %    1520700.     +/-    1.489628     % 
   1521476.     +/-    1.605897     %    1570147.     +/-    1.419840     % 
   1687103.     +/-    1.547155     %    1699197.     +/-    1.595218     % 
   1803562.     +/-    1.453231     %    1945552.     +/-    1.440896     % 
   1990008.     +/-    1.488881     %    2066339.     +/-    1.760644     % 
   2219548.     +/-    1.461648     %    2286944.     +/-    1.710537     % 
   2438145.     +/-    1.562225     %    2519324.     +/-    1.744672     % 
   2604124.     +/-    1.531973     %    2706742.     +/-    1.762463     % 
   2866648.     +/-    1.628923     %    2979718.     +/-    1.502972     % 
   3184364.     +/-    1.665407     %    3296042.     +/-    1.681200     % 
   3469078.     +/-    1.458771     %    3655660.     +/-    1.435669     % 
   3670710.     +/-    1.484682     %    3960461.     +/-    1.514590     % 
   3969730.     +/-    1.619287     %    4384746.     +/-    1.773903     % 
   4557055.     +/-    1.597874     %    4643220.     +/-    1.655525     % 
   4917786.     +/-    1.722689     %    5166972.     +/-    1.634054     % 
   5417660.     +/-    1.533518     %    5677600.     +/-    1.535070     % 
   5886572.     +/-    1.597732     %    6259154.     +/-    1.603906     % 
   6481672.     +/-    1.572555     %    6856702.     +/-    1.298922     % 
   7252577.     +/-    1.591011     %    7566232.     +/-    1.595791     % 
   7651544.     +/-    1.674906     %    7975324.     +/-    1.664029     % 
   8544912.     +/-    1.639628     %    8750470.     +/-    1.549104     % 
   9199109.     +/-    1.603132     %    9946557.     +/-    1.553344     % 
  1.0374071E+07 +/-    1.606457     %   1.0868853E+07 +/-    1.472622     % 
  1.1489777E+07 +/-    1.409732     %   1.2076353E+07 +/-    1.489609     % 
  1.2193529E+07 +/-    1.485054     %   1.2657903E+07 +/-    1.687784     % 
  1.4003223E+07 +/-    1.566923     %   1.4127365E+07 +/-    1.461181     % 
  1.5040650E+07 +/-    1.517352     %   1.6137394E+07 +/-    1.680014     % 
  1.6709811E+07 +/-    1.483654     %   1.7660504E+07 +/-    1.605006     % 
  1.7923718E+07 +/-    1.688582     %   1.9308604E+07 +/-    1.442397     % 
  2.0292530E+07 +/-    1.429310     %   2.1007734E+07 +/-    1.491283     % 
  2.2444328E+07 +/-    1.491035     %   2.3400978E+07 +/-    1.410420     % 
  2.3956734E+07 +/-    1.486315     %   2.5037102E+07 +/-    1.670336     % 
  2.6771822E+07 +/-    1.611179     %   2.8060742E+07 +/-    1.533644     % 
  2.8677932E+07 +/-    1.445625     %   3.0849622E+07 +/-    1.394177     % 
  3.2234138E+07 +/-    1.550346     %   3.5329596E+07 +/-    1.438616     % 
  3.7230436E+07 +/-    1.657433     %   3.9992688E+07 +/-    1.423966     % 
  4.3755260E+07 +/-    1.507779     %   4.8061832E+07 +/-    1.522818     % 
  5.1994436E+07 +/-    1.394999     %   5.8999992E+07 +/-    1.430826     % 
  6.7065332E+07 +/-    1.218273     %   7.6321136E+07 +/-    1.242294     % 
  8.6522216E+07 +/-    1.242110     %   9.9095296E+07 +/-    1.083306     % 
  1.1119787E+08 +/-   0.9084020     %   1.3118710E+08 +/-    1.025131     % 
  1.4824480E+08 +/-    1.026785     %   1.7328136E+08 +/-   0.8855115     % 
  1.9261498E+08 +/-   0.8553742     %   2.2325304E+08 +/-   0.9809489     % 
  2.5389051E+08 +/-   0.8260577     %   2.8835219E+08 +/-   0.7826101     % 
  3.2460368E+08 +/-   0.7266279     %   3.6017507E+08 +/-   0.7959250     % 
  4.0639024E+08 +/-   0.6854987     %   4.5138400E+08 +/-   0.7040225     % 
  5.0382790E+08 +/-   0.7418205     %   5.4919987E+08 +/-   0.6169249     % 
  5.9729510E+08 +/-   0.5828049     %   6.4709402E+08 +/-   0.5943742     % 
  7.0734771E+08 +/-   0.5919117     %   7.4987878E+08 +/-   0.6003583     % 
  8.0497741E+08 +/-   0.5639520     %   8.6930630E+08 +/-   0.5495320     % 
  9.1809645E+08 +/-   0.5958794     %   9.7595680E+08 +/-   0.5704125     % 
  1.0162797E+09 +/-   0.6045387     %   1.0579038E+09 +/-   0.5711056     % 
  1.1016769E+09 +/-   0.5589170     %   1.1404544E+09 +/-   0.5798280     % 
  1.1664858E+09 +/-   0.5820016     %   1.1997665E+09 +/-   0.6038710     % 
  1.2264727E+09 +/-   0.5807553     %   1.2486641E+09 +/-   0.5815501     % 
  1.2573615E+09 +/-   0.6124513     %   1.2723200E+09 +/-   0.6514898     % 
  1.2690958E+09 +/-   0.6452705     %   1.2681832E+09 +/-   0.6872614     % 
  1.2808699E+09 +/-   0.6853502     %   1.2500422E+09 +/-   0.7778550     % 
  1.2546495E+09 +/-   0.7465805     %   1.2446003E+09 +/-   0.6991361     % 
  1.2133289E+09 +/-   0.8632675     %   1.2127469E+09 +/-   0.6834099     % 
  1.1893422E+09 +/-   0.8612082     %   1.1646589E+09 +/-   0.9105171     % 
  1.1356635E+09 +/-   0.9173437     %   1.1058674E+09 +/-   0.8540932     % 
  1.0913129E+09 +/-   0.9612557     %   1.0752817E+09 +/-   0.9111685     % 
  1.0196351E+09 +/-    1.058505     %   9.8958150E+08 +/-    1.023997     % 
  9.6099782E+08 +/-    1.285203     %   9.2309254E+08 +/-    1.164092     % 
  8.9296013E+08 +/-    1.283537     %   8.8022022E+08 +/-    1.292278     % 
  8.3526957E+08 +/-    1.340409     %   8.0838656E+08 +/-    1.367439     % 
  7.7875251E+08 +/-    1.516448     %   7.6009651E+08 +/-    1.524375     % 
  7.1021933E+08 +/-    1.609736     %   6.5990118E+08 +/-    1.509781     % 
  6.7998765E+08 +/-    1.483112     %   6.3794048E+08 +/-    1.755070     % 
  6.2145107E+08 +/-    1.720426     %   5.8450746E+08 +/-    1.950371     % 
  5.4722547E+08 +/-    1.994990     %   5.3810682E+08 +/-    2.108101     % 
  5.0685562E+08 +/-    2.347360     %   4.8625197E+08 +/-    2.248187     % 
  4.7723702E+08 +/-    2.242320     %   4.4774170E+08 +/-    2.531992     % 
  4.3220154E+08 +/-    2.560008     %   4.1425658E+08 +/-    2.948851     % 
  3.9530736E+08 +/-    2.598115     %   3.7770246E+08 +/-    3.078611     % 
  3.6597117E+08 +/-    3.070484     %   3.4323002E+08 +/-    3.212047     % 
  3.2521725E+08 +/-    3.384049     %   3.1716253E+08 +/-    3.134473     % 
  3.1434019E+08 +/-    3.462310     %   2.8087050E+08 +/-    3.974285     % 
  2.7698608E+08 +/-    3.632181     %   2.7070230E+08 +/-    3.785334     % 
  2.5172926E+08 +/-    4.289656     %   2.2412984E+08 +/-    5.145548     % 
  2.0274392E+08 +/-    4.926955     %   2.0698722E+08 +/-    5.147008     % 
  2.0938806E+08 +/-    5.866456     %   1.7452654E+08 +/-    5.797481     % 
  1.9707347E+08 +/-    5.802588     %   1.6565866E+08 +/-    6.905437     % 
  1.6614960E+08 +/-    6.759741     %   1.6632968E+08 +/-    6.472903     % 
  1.5356856E+08 +/-    8.128855     %   1.6151541E+08 +/-    6.952586     % 
  1.5693486E+08 +/-    8.092593     %   1.3263422E+08 +/-    8.286874     % 
  1.2934482E+08 +/-    8.843203     %   1.3336824E+08 +/-    8.577602     % 
  1.0854209E+08 +/-    10.69088     %   9.7351256E+07 +/-    10.53501     % 
  8.3756976E+07 +/-    10.62841     %   1.0303830E+08 +/-    10.28791     % 
  9.0467480E+07 +/-    11.65868     %   8.8179728E+07 +/-    11.98545     % 
  9.6340384E+07 +/-    12.70763     %   7.6671504E+07 +/-    14.03187     % 
  7.8741976E+07 +/-    14.55463     %   4.9747424E+07 +/-    17.13361     % 
  6.3441788E+07 +/-    16.25567     %   7.3192984E+07 +/-    14.87630     % 
  6.2338916E+07 +/-    18.77511     %   6.5230312E+07 +/-    18.77511     % 
  5.8504984E+07 +/-    16.75063     %   6.1218552E+07 +/-    18.65271     % 
  5.9787452E+07 +/-    19.04762     %   4.9154684E+07 +/-    22.91475     % 
  4.2082824E+07 +/-    21.45127     %   3.9141960E+07 +/-    26.23226     % 
  3.5837756E+07 +/-    24.90965     %   3.4821408E+07 +/-    25.99982     % 
  3.0830876E+07 +/-    31.37232     %   3.5193676E+07 +/-    27.21655     % 
  4.9101360E+07 +/-    26.23226     %   3.8534080E+07 +/-    29.68219     % 
  3.6961248E+07 +/-    31.37232     %   2.1095772E+07 +/-    39.78054     % 
  2.2074232E+07 +/-    39.78054     %   2.3098076E+07 +/-    39.78054     % 
  1.2084703E+07 +/-    57.14887     %   5.4795928E+07 +/-    32.16530     % 
   4410574.     +/-    99.00000     %   2.7690870E+07 +/-    39.78054     % 
   9658407.     +/-    70.35265     %   2.0212764E+07 +/-    49.23660     % 
   0.000000     +/-    0.000000     %   1.1065629E+07 +/-    70.35265     % 
  2.3157748E+07 +/-    49.23660     %   1.8173884E+07 +/-    57.14887     % 
   0.000000     +/-    0.000000     %   3.3164764E+07 +/-    52.22330     % 
   0.000000     +/-    0.000000     %   2.1787558E+07 +/-    57.14887     % 
   7599368.     +/-    99.00000     %   3.1807364E+07 +/-    49.23660     % 
   0.000000     +/-    0.000000     %    0.000000     +/-    0.000000     % 
   9110417.     +/-    99.00000     %    9532976.     +/-    99.00000     % 
   9975132.     +/-    99.00000     %   2.0875594E+07 +/-    70.35265     % 
  1.0921922E+07 +/-    99.00000     %   2.2857002E+07 +/-    70.35265     % 
   0.000000     +/-    0.000000     %    0.000000     +/-    0.000000     % 
   0.000000     +/-    0.000000     %    0.000000     +/-    0.000000     % 
  1.4336404E+07 +/-    99.00000     %   3.0002706E+07 +/-    70.35265     % 
   0.000000     +/-    0.000000     %    0.000000     +/-    0.000000     % 
  1.7187038E+07 +/-    99.00000     %    0.000000     +/-    0.000000     % 
  1.8818344E+07 +/-    99.00000     %    0.000000     +/-    0.000000     % 
   0.000000     +/-    0.000000     %   2.1560160E+07 +/-    99.00000     % 


  **** Cumulative Fluxes as a function of energy **** ****      (integrated over solid angle)        ****


  Energy boundaries (GeV):

  6.9999613E-04  6.6896819E-04  6.3931552E-04  6.1097735E-04  5.8389525E-04
  5.5801350E-04  5.3327909E-04  5.0964102E-04  4.8705068E-04  4.6546169E-04
  4.4482970E-04  4.2511217E-04  4.0626875E-04  3.8826044E-04  3.7105050E-04
  3.5460334E-04  3.3888521E-04  3.2386382E-04  3.0950824E-04  2.9578904E-04
  2.8267791E-04  2.7014790E-04  2.5817336E-04  2.4672961E-04  2.3579312E-04
  2.2534135E-04  2.1535291E-04  2.0580717E-04  1.9668456E-04  1.8796633E-04
  1.7963458E-04  1.7167212E-04  1.6406259E-04  1.5679035E-04  1.4984049E-04
  1.4319866E-04  1.3685126E-04  1.3078518E-04  1.2498802E-04  1.1944782E-04
  1.1415319E-04  1.0909323E-04  1.0425758E-04  9.9636272E-05  9.5219802E-05
  9.0999092E-05  8.6965476E-05  8.3110652E-05  7.9426696E-05  7.5906035E-05
  7.2541428E-05  6.9325972E-05  6.6253029E-05  6.3316285E-05  6.0509741E-05
  5.7827590E-05  5.5264340E-05  5.2814692E-05  5.0473631E-05  4.8236343E-05
  4.6098226E-05  4.4054876E-05  4.2102103E-05  4.0235889E-05  3.8452396E-05
  3.6747959E-05  3.5119072E-05  3.3562388E-05  3.2074702E-05  3.0652958E-05
  2.9294242E-05  2.7995748E-05  2.6754815E-05  2.5568879E-05  2.4435514E-05
  2.3352388E-05  2.2317274E-05  2.1328038E-05  2.0382655E-05  1.9479176E-05
  1.8615743E-05  1.7790582E-05  1.7001999E-05  1.6248370E-05  1.5528147E-05
  1.4839845E-05  1.4182054E-05  1.3553424E-05  1.2952657E-05  1.2378517E-05
  1.1829828E-05  1.1305460E-05  1.0804335E-05  1.0325423E-05  9.8677401E-06
  9.4303432E-06  9.0123340E-06  8.6128539E-06  8.2310817E-06  7.8662315E-06
  7.5175544E-06  7.1843301E-06  6.8658783E-06  6.5615427E-06  6.2706963E-06
  5.9927420E-06  5.7271081E-06  5.4732486E-06  5.2306423E-06  4.9987893E-06
  4.7772132E-06  4.5654588E-06  4.3630907E-06  4.1696921E-06  3.9848674E-06
  3.8082346E-06  3.6394310E-06  3.4781096E-06  3.3239392E-06  3.1766026E-06
  3.0357969E-06  2.9012324E-06  2.7726326E-06  2.6497330E-06  2.5322811E-06
  2.4200353E-06  2.3127652E-06  2.2102497E-06  2.1122783E-06  2.0186496E-06
  1.9291713E-06  1.8436592E-06  1.7619371E-06  1.6838376E-06  1.6092000E-06
  1.5378707E-06  1.4697033E-06  1.4045572E-06  1.3422990E-06  1.2828003E-06
  1.2259391E-06  1.1715981E-06  1.1196661E-06  1.0700358E-06  1.0226056E-06
  9.7727752E-07  9.3395880E-07  8.9256031E-07  8.5299678E-07  8.1518675E-07
  7.7905287E-07  7.4452066E-07  7.1151919E-07  6.7998036E-07  6.4983965E-07
  6.2103487E-07  5.9350691E-07  5.6719921E-07  5.4205759E-07  5.1803039E-07
  4.9506826E-07  4.7312383E-07  4.5215219E-07  4.3211014E-07  4.1295652E-07
  3.9465178E-07  3.7715850E-07  3.6044062E-07  3.4446376E-07  3.2919510E-07
  3.1460320E-07  3.0065814E-07  2.8733120E-07  2.7459495E-07  2.6242330E-07
  2.5079115E-07  2.3967459E-07  2.2905080E-07  2.1889790E-07  2.0919506E-07
  1.9992231E-07  1.9106052E-07  1.8259159E-07  1.7449807E-07  1.6676329E-07
  1.5937135E-07  1.5230707E-07  1.4555592E-07  1.3910402E-07  1.3293810E-07
  1.2704550E-07  1.2141410E-07  1.1603230E-07  1.1088906E-07  1.0597381E-07
  1.0127643E-07  9.6787254E-08  9.2497061E-08  8.8397051E-08  8.4478771E-08
  8.0734175E-08  7.7155555E-08  7.3735571E-08  7.0467166E-08  6.7343649E-08
  6.4358574E-08  6.1505823E-08  5.8779523E-08  5.6174066E-08  5.3684101E-08
  5.1304504E-08  4.9030383E-08  4.6857068E-08  4.4780077E-08  4.2795161E-08
  4.0898229E-08  3.9085382E-08  3.7352883E-08  3.5697184E-08  3.4114873E-08
  3.2602699E-08  3.1157551E-08  2.9776468E-08  2.8456599E-08  2.7195235E-08
  2.5989779E-08  2.4837759E-08  2.3736805E-08  2.2684649E-08  2.1679128E-08
  2.0718181E-08  1.9799829E-08  1.8922186E-08  1.8083442E-08  1.7281875E-08
  1.6515841E-08  1.5783762E-08  1.5084131E-08  1.4415514E-08  1.3776534E-08
  1.3165876E-08  1.2582285E-08  1.2024564E-08  1.1491565E-08  1.0982191E-08
  1.0495394E-08  1.0030176E-08  9.5855794E-09  9.1606909E-09  8.7546344E-09
  8.3665768E-09  7.9957205E-09  7.6413027E-09  7.3025945E-09  6.9789006E-09
  6.6695547E-09  6.3739205E-09  6.0913905E-09  5.8213843E-09  5.5633467E-09
  5.3167462E-09  5.0810760E-09  4.8558531E-09  4.6406128E-09  4.4349138E-09
  4.2383315E-09  4.0504635E-09  3.8709231E-09  3.6993413E-09  3.5353640E-09
  3.3786562E-09  3.2288940E-09  3.0857705E-09  2.9489908E-09  2.8182741E-09
  2.6933515E-09  2.5739664E-09  2.4598725E-09  2.3508364E-09  2.2466338E-09
  2.1470499E-09  2.0518796E-09  1.9609283E-09  1.8740081E-09  1.7909410E-09
  1.7115558E-09  1.6356897E-09  1.5631862E-09  1.4938967E-09  1.4276782E-09
  1.3643950E-09  1.3039171E-09  1.2461198E-09  1.1908842E-09  1.1380973E-09
  1.0876502E-09  1.0394391E-09  9.9336495E-10  9.4933306E-10  9.0725311E-10
  8.6703827E-10  8.2860596E-10  7.9187729E-10  7.5677659E-10  7.2323175E-10
  6.9117384E-10  6.6053690E-10  6.3125805E-10  6.0327693E-10  5.7653604E-10
  5.5098054E-10  5.2655785E-10  5.0321775E-10  4.8091214E-10  4.5959525E-10
  4.3922330E-10  4.1975434E-10  4.0114831E-10  3.8336703E-10  3.6637396E-10
  3.5013409E-10  3.3461406E-10  3.1978201E-10  3.0560740E-10  2.9206104E-10
  2.7911515E-10  2.6674313E-10  2.5491950E-10  2.4361999E-10  2.3282129E-10
  2.2250127E-10  2.1263870E-10  2.0321331E-10  1.9420568E-10  1.8559733E-10
  1.7737056E-10  1.6950846E-10  1.6199483E-10  1.5481427E-10  1.4795198E-10
  1.4139388E-10  1.3512644E-10  1.2913684E-10  1.2341274E-10  1.1794236E-10
  1.1271445E-10  1.0771829E-10  1.0294358E-10  9.8380505E-11  9.4019695E-11
  8.9852188E-11  8.5869416E-11  8.2063169E-11  7.8425641E-11  7.4949352E-11
  7.1627163E-11  6.8452223E-11  6.5418004E-11  6.2518289E-11  5.9747117E-11
  5.7098774E-11  5.4567816E-11  5.2149045E-11  4.9837492E-11  4.7628401E-11
  4.5517225E-11  4.3499634E-11  4.1571475E-11  3.9728779E-11  3.7967764E-11
  3.6284812E-11  3.4676456E-11  3.3139387E-11  3.1670451E-11  3.0266629E-11
  2.8925033E-11  2.7642907E-11  2.6417608E-11  2.5246624E-11  2.4127544E-11
  2.3058068E-11  2.2035996E-11  2.1059231E-11  2.0125762E-11  1.9233670E-11
  1.8381118E-11  1.7566360E-11  1.6787717E-11  1.6043585E-11  1.5332437E-11
  1.4652814E-11  1.4003314E-11  1.3382605E-11  1.2789408E-11  1.2222506E-11
  1.1680732E-11  1.1162973E-11  1.0668163E-11  1.0195288E-11  9.7433719E-12
  9.3114891E-12  8.8987481E-12  8.5043032E-12  8.1273417E-12  7.7670908E-12
  7.4228054E-12  7.0937835E-12  6.7793457E-12  6.4788452E-12  6.1916639E-12
  5.9172129E-12  5.6549270E-12  5.4042669E-12  5.1647176E-12  4.9357870E-12
  4.7170041E-12  4.5079183E-12  4.3081003E-12  4.1171402E-12  3.9346443E-12
  3.7602378E-12  3.5935612E-12  3.4342735E-12  3.2820465E-12  3.1365667E-12
  2.9975354E-12  2.8646668E-12  2.7376881E-12  2.6163375E-12  2.5003658E-12
  2.3895350E-12  2.2836167E-12  2.1823932E-12  2.0856565E-12  1.9932079E-12
  1.9048571E-12  1.8204227E-12  1.7397304E-12  1.6626154E-12  1.5889184E-12
  1.5184882E-12  1.4511799E-12  1.3868550E-12  1.3253813E-12  1.2666326E-12
  1.2104879E-12  1.1568319E-12  1.1055543E-12  1.0565496E-12  1.0097170E-12
  9.6496042E-13  9.2218778E-13  8.8131092E-13  8.4224592E-13  8.0491267E-13
  7.6923418E-13  7.3513721E-13  7.0255157E-13  6.7141030E-13  6.4164944E-13
  6.1320778E-13  5.8602672E-13  5.6005060E-13  5.3522584E-13  5.1150143E-13
  4.8882865E-13  4.6716087E-13  4.4645356E-13  4.2666410E-13  4.0775174E-13
  3.8967779E-13  3.7240499E-13  3.5589782E-13  3.4012230E-13  3.2504609E-13
  3.1063813E-13  2.9686878E-13  2.8370980E-13  2.7113411E-13  2.5911586E-13
  2.4763031E-13  2.3665385E-13  2.2616395E-13  2.1613905E-13  2.0655848E-13
  1.9740257E-13  1.8865252E-13  1.8029034E-13  1.7229881E-13  1.6466150E-13
  1.5736273E-13  1.5038749E-13  1.4372142E-13  1.3735084E-13  1.3126264E-13
  1.2544431E-13  1.1988387E-13  1.1456991E-13  1.0949149E-13  1.0463818E-13
  Lowest boundary   (GeV):  9.9999998E-14

  Cumul. Flux (Part/cmq/pr):

   0.000000     +/-    0.000000     %    0.000000     +/-    0.000000     % 
   0.000000     +/-    0.000000     %   2.6551325E-02 +/-   0.2149259     % 
  3.2337707E-02 +/-   0.1866605     %   3.6447074E-02 +/-   0.1649608     % 
  3.9874952E-02 +/-   0.1647005     %   4.2901739E-02 +/-   0.1600012     % 
  4.5656029E-02 +/-   0.1528116     %   4.7996812E-02 +/-   0.1483728     % 
  4.9965207E-02 +/-   0.1478212     %   5.2082486E-02 +/-   0.1452547     % 
  5.4251786E-02 +/-   0.1429849     %   5.6383364E-02 +/-   0.1407043     % 
  5.8443256E-02 +/-   0.1364450     %   6.0440246E-02 +/-   0.1367948     % 
  6.2348634E-02 +/-   0.1314997     %   6.4181924E-02 +/-   0.1281709     % 
  6.5937214E-02 +/-   0.1228918     %   6.7626007E-02 +/-   0.1243298     % 
  6.9250606E-02 +/-   0.1226183     %   7.0796393E-02 +/-   0.1229965     % 
  7.2288282E-02 +/-   0.1190827     %   7.3735669E-02 +/-   0.1152064     % 
  7.5139463E-02 +/-   0.1136187     %   7.6499455E-02 +/-   0.1119781     % 
  7.7840954E-02 +/-   0.1109579     %   7.9138346E-02 +/-   0.1088573     % 
  8.0375843E-02 +/-   0.1092979     %   8.1556134E-02 +/-   0.1107998     % 
  8.2727723E-02 +/-   0.1097808     %   8.3853818E-02 +/-   0.1092460     % 
  8.4964417E-02 +/-   0.1076759     %   8.6019211E-02 +/-   0.1073081     % 
  8.7066405E-02 +/-   0.1057726     %   8.8079296E-02 +/-   0.1066183     % 
  8.9075096E-02 +/-   0.1049304     %   9.0048090E-02 +/-   0.1039149     % 
  9.0993382E-02 +/-   0.1022861     %   9.1912374E-02 +/-   0.1006068     % 
  9.2823170E-02 +/-   9.9481784E-02 %   9.3685165E-02 +/-   9.8949447E-02 % 
  9.4542161E-02 +/-   9.9166729E-02 %   9.5379561E-02 +/-   9.9632390E-02 % 
  9.6218757E-02 +/-   0.1008339     %   9.7030647E-02 +/-   0.1019334     % 
  9.7819045E-02 +/-   0.1016192     %   9.8597139E-02 +/-   0.1002892     % 
  9.9369340E-02 +/-   9.9107705E-02 %   0.1001318     +/-   9.9059962E-02 % 
  0.1008615     +/-   0.1000414     %   0.1015849     +/-   9.9164195E-02 % 
  0.1023023     +/-   9.8921761E-02 %   0.1030115     +/-   9.8646931E-02 % 
  0.1036875     +/-   9.7302370E-02 %   0.1043717     +/-   9.8493658E-02 % 
  0.1050238     +/-   9.7209401E-02 %   0.1056993     +/-   9.7073972E-02 % 
  0.1063462     +/-   9.7161882E-02 %   0.1069947     +/-   9.6408710E-02 % 
  0.1076340     +/-   9.6057445E-02 %   0.1082581     +/-   9.6447505E-02 % 
  0.1088851     +/-   9.6001402E-02 %   0.1095085     +/-   9.5464416E-02 % 
  0.1101184     +/-   9.4093427E-02 %   0.1107218     +/-   9.3506716E-02 % 
  0.1113074     +/-   9.4036683E-02 %   0.1119055     +/-   9.4085403E-02 % 
  0.1125028     +/-   9.4421715E-02 %   0.1130834     +/-   9.3688279E-02 % 
  0.1136557     +/-   9.2686601E-02 %   0.1142266     +/-   9.3095966E-02 % 
  0.1147874     +/-   9.1970995E-02 %   0.1153469     +/-   9.1796912E-02 % 
  0.1159010     +/-   9.0535752E-02 %   0.1164514     +/-   9.0991326E-02 % 
  0.1169920     +/-   9.0479806E-02 %   0.1175310     +/-   9.1227077E-02 % 
  0.1180817     +/-   9.1275252E-02 %   0.1186179     +/-   9.1103062E-02 % 
  0.1191416     +/-   9.1263607E-02 %   0.1196583     +/-   9.1354892E-02 % 
  0.1201810     +/-   9.0654172E-02 %   0.1206860     +/-   9.0886720E-02 % 
  0.1211947     +/-   9.0244032E-02 %   0.1217114     +/-   8.9960031E-02 % 
  0.1222246     +/-   9.0758540E-02 %   0.1227253     +/-   9.0031981E-02 % 
  0.1232287     +/-   8.9092240E-02 %   0.1237348     +/-   9.0053484E-02 % 
  0.1242366     +/-   9.0470910E-02 %   0.1247452     +/-   8.9781135E-02 % 
  0.1252449     +/-   8.9557283E-02 %   0.1257506     +/-   8.9166574E-02 % 
  0.1262317     +/-   8.7795570E-02 %   0.1267249     +/-   8.8495582E-02 % 
  0.1272003     +/-   8.8775381E-02 %   0.1276894     +/-   8.9237444E-02 % 
  0.1281754     +/-   8.8685848E-02 %   0.1286622     +/-   8.8877030E-02 % 
  0.1291579     +/-   8.7965667E-02 %   0.1296271     +/-   8.7116010E-02 % 
  0.1301169     +/-   8.7533124E-02 %   0.1305842     +/-   8.8439286E-02 % 
  0.1310501     +/-   8.7839440E-02 %   0.1315283     +/-   8.7872677E-02 % 
  0.1320063     +/-   8.7949440E-02 %   0.1324830     +/-   8.7891288E-02 % 
  0.1329534     +/-   8.7825067E-02 %   0.1334264     +/-   8.7611072E-02 % 
  0.1338928     +/-   8.6926624E-02 %   0.1343499     +/-   8.6823963E-02 % 
  0.1348136     +/-   8.7466761E-02 %   0.1352836     +/-   8.6049713E-02 % 
  0.1357470     +/-   8.5382544E-02 %   0.1361979     +/-   8.5149072E-02 % 
  0.1366601     +/-   8.4437653E-02 %   0.1371142     +/-   8.3893217E-02 % 
  0.1375778     +/-   8.4277771E-02 %   0.1380342     +/-   8.3849669E-02 % 
  0.1384882     +/-   8.3250910E-02 %   0.1389495     +/-   8.3489053E-02 % 
  0.1394113     +/-   8.3578236E-02 %   0.1398522     +/-   8.2857653E-02 % 
  0.1403174     +/-   8.3139136E-02 %   0.1407645     +/-   8.2813218E-02 % 
  0.1412208     +/-   8.2464680E-02 %   0.1416708     +/-   8.2205810E-02 % 
  0.1421249     +/-   8.2250722E-02 %   0.1425642     +/-   8.1492990E-02 % 
  0.1430188     +/-   8.0834396E-02 %   0.1434729     +/-   8.1077024E-02 % 
  0.1439071     +/-   8.0751538E-02 %   0.1443591     +/-   8.1044376E-02 % 
  0.1448081     +/-   8.0513120E-02 %   0.1452612     +/-   8.0169611E-02 % 
  0.1457127     +/-   7.9903066E-02 %   0.1461552     +/-   7.9950392E-02 % 
  0.1466185     +/-   8.0050088E-02 %   0.1470589     +/-   8.0638900E-02 % 
  0.1475047     +/-   8.0138095E-02 %   0.1479440     +/-   7.9910368E-02 % 
  0.1483864     +/-   8.0401398E-02 %   0.1488229     +/-   7.9879008E-02 % 
  0.1492711     +/-   7.9735421E-02 %   0.1497010     +/-   7.9351790E-02 % 
  0.1501484     +/-   7.8548208E-02 %   0.1505856     +/-   7.8305587E-02 % 
  0.1510200     +/-   7.8109562E-02 %   0.1514489     +/-   7.7630371E-02 % 
  0.1518759     +/-   7.7717811E-02 %   0.1523089     +/-   7.8321680E-02 % 
  0.1527451     +/-   7.8355402E-02 %   0.1531877     +/-   7.7863581E-02 % 
  0.1536191     +/-   7.8428783E-02 %   0.1540526     +/-   7.7590503E-02 % 
  0.1544989     +/-   7.7787712E-02 %   0.1549425     +/-   7.7899925E-02 % 
  0.1553836     +/-   7.7912025E-02 %   0.1558274     +/-   7.7649057E-02 % 
  0.1562662     +/-   7.7725142E-02 %   0.1567064     +/-   7.7517875E-02 % 
  0.1571567     +/-   7.7444896E-02 %   0.1575875     +/-   7.7554852E-02 % 
  0.1580174     +/-   7.8073405E-02 %   0.1584363     +/-   7.8108661E-02 % 
  0.1588738     +/-   7.7558041E-02 %   0.1593169     +/-   7.7479415E-02 % 
  0.1597567     +/-   7.6567344E-02 %   0.1601922     +/-   7.6945685E-02 % 
  0.1606212     +/-   7.7229336E-02 %   0.1610458     +/-   7.7157035E-02 % 
  0.1614711     +/-   7.6941244E-02 %   0.1619053     +/-   7.7085927E-02 % 
  0.1623300     +/-   7.7061124E-02 %   0.1627636     +/-   7.7271968E-02 % 
  0.1631937     +/-   7.7021413E-02 %   0.1636239     +/-   7.7074461E-02 % 
  0.1640503     +/-   7.7097043E-02 %   0.1644835     +/-   7.6739609E-02 % 
  0.1649074     +/-   7.6358050E-02 %   0.1653403     +/-   7.6375812E-02 % 
  0.1657740     +/-   7.6290041E-02 %   0.1662018     +/-   7.6240256E-02 % 
  0.1666205     +/-   7.6759785E-02 %   0.1670504     +/-   7.5968921E-02 % 
  0.1674829     +/-   7.5377412E-02 %   0.1679019     +/-   7.5686514E-02 % 
  0.1683210     +/-   7.5702295E-02 %   0.1687480     +/-   7.5532310E-02 % 
  0.1691630     +/-   7.5262591E-02 %   0.1695819     +/-   7.4944399E-02 % 
  0.1700033     +/-   7.5097233E-02 %   0.1704305     +/-   7.4969545E-02 % 
  0.1708442     +/-   7.4671194E-02 %   0.1712731     +/-   7.4591540E-02 % 
  0.1716874     +/-   7.5186566E-02 %   0.1721152     +/-   7.5650528E-02 % 
  0.1725315     +/-   7.5185962E-02 %   0.1729452     +/-   7.4520424E-02 % 
  0.1733642     +/-   7.3661931E-02 %   0.1737811     +/-   7.3041126E-02 % 
  0.1741934     +/-   7.2772346E-02 %   0.1746163     +/-   7.2785228E-02 % 
  0.1750335     +/-   7.2704323E-02 %   0.1754502     +/-   7.2601624E-02 % 
  0.1758666     +/-   7.2424881E-02 %   0.1762884     +/-   7.2158903E-02 % 
  0.1767133     +/-   7.2024077E-02 %   0.1771231     +/-   7.1861774E-02 % 
  0.1775367     +/-   7.1668305E-02 %   0.1779583     +/-   7.1202882E-02 % 
  0.1783710     +/-   7.1189798E-02 %   0.1787794     +/-   7.1511827E-02 % 
  0.1791972     +/-   7.1555063E-02 %   0.1795967     +/-   7.1974613E-02 % 
  0.1800159     +/-   7.2331749E-02 %   0.1804305     +/-   7.2292790E-02 % 
  0.1808541     +/-   7.1976729E-02 %   0.1812655     +/-   7.2494425E-02 % 
  0.1816806     +/-   7.2365083E-02 %   0.1820953     +/-   7.2751321E-02 % 
  0.1824984     +/-   7.2545350E-02 %   0.1829058     +/-   7.2426334E-02 % 
  0.1833079     +/-   7.2266720E-02 %   0.1837185     +/-   7.1501307E-02 % 
  0.1841309     +/-   7.1961358E-02 %   0.1845322     +/-   7.1586050E-02 % 
  0.1849406     +/-   7.1205206E-02 %   0.1853454     +/-   7.0853315E-02 % 
  0.1857470     +/-   7.0895046E-02 %   0.1861629     +/-   7.0921525E-02 % 
  0.1865708     +/-   7.0938334E-02 %   0.1869699     +/-   7.1299240E-02 % 
  0.1873839     +/-   7.0911899E-02 %   0.1877894     +/-   7.0851423E-02 % 
  0.1882008     +/-   7.0302814E-02 %   0.1885946     +/-   7.0260383E-02 % 
  0.1889946     +/-   7.0265107E-02 %   0.1893966     +/-   7.0458822E-02 % 
  0.1898076     +/-   7.0189513E-02 %   0.1902260     +/-   7.0225842E-02 % 
  0.1906294     +/-   6.9823667E-02 %   0.1910348     +/-   6.9324233E-02 % 
  0.1914368     +/-   6.9551706E-02 %   0.1918339     +/-   6.9023222E-02 % 
  0.1922339     +/-   6.8913318E-02 %   0.1926284     +/-   6.8627626E-02 % 
  0.1930262     +/-   6.8629816E-02 %   0.1934370     +/-   6.8892017E-02 % 
  0.1938228     +/-   6.9252655E-02 %   0.1942153     +/-   6.9395080E-02 % 
  0.1946141     +/-   6.9446690E-02 %   0.1950032     +/-   6.9481961E-02 % 
  0.1953976     +/-   6.9076195E-02 %   0.1957889     +/-   6.8867907E-02 % 
  0.1961876     +/-   6.9345355E-02 %   0.1965982     +/-   6.9506191E-02 % 
  0.1969908     +/-   7.0016973E-02 %   0.1973780     +/-   6.9746293E-02 % 
  0.1977756     +/-   6.9570147E-02 %   0.1981583     +/-   6.9398955E-02 % 
  0.1985465     +/-   6.9659278E-02 %   0.1989467     +/-   6.9448940E-02 % 
  0.1993379     +/-   6.8774737E-02 %   0.1997261     +/-   6.8800889E-02 % 
  0.2001246     +/-   6.9037892E-02 %   0.2005170     +/-   6.9013163E-02 % 
  0.2009168     +/-   6.8562344E-02 %   0.2013116     +/-   6.8203546E-02 % 
  0.2017016     +/-   6.7831293E-02 %   0.2020890     +/-   6.7969479E-02 % 
  0.2024811     +/-   6.7213379E-02 %   0.2028706     +/-   6.7424931E-02 % 
  0.2032684     +/-   6.7038633E-02 %   0.2036619     +/-   6.6886880E-02 % 
  0.2040577     +/-   6.6999748E-02 %   0.2044563     +/-   6.6602938E-02 % 
  0.2048388     +/-   6.6596702E-02 %   0.2052332     +/-   6.6732407E-02 % 
  0.2056110     +/-   6.6730343E-02 %   0.2060098     +/-   6.6764615E-02 % 
  0.2064059     +/-   6.6658802E-02 %   0.2067916     +/-   6.6999197E-02 % 
  0.2071820     +/-   6.7366935E-02 %   0.2075740     +/-   6.7475580E-02 % 
  0.2079668     +/-   6.7496672E-02 %   0.2083602     +/-   6.7652822E-02 % 
  0.2087500     +/-   6.7054123E-02 %   0.2091461     +/-   6.6528842E-02 % 
  0.2095381     +/-   6.6275544E-02 %   0.2099344     +/-   6.5903299E-02 % 
  0.2103350     +/-   6.6348709E-02 %   0.2107344     +/-   6.6168547E-02 % 
  0.2111204     +/-   6.5895379E-02 %   0.2115049     +/-   6.5853290E-02 % 
  0.2118986     +/-   6.5820642E-02 %   0.2122839     +/-   6.5632112E-02 % 
  0.2126710     +/-   6.5793537E-02 %   0.2130710     +/-   6.6059574E-02 % 
  0.2134697     +/-   6.6124566E-02 %   0.2138689     +/-   6.6116080E-02 % 
  0.2142722     +/-   6.6134512E-02 %   0.2146773     +/-   6.5936670E-02 % 
  0.2150682     +/-   6.5910548E-02 %   0.2154560     +/-   6.5461509E-02 % 
  0.2158660     +/-   6.5378994E-02 %   0.2162613     +/-   6.5527648E-02 % 
  0.2166635     +/-   6.5855518E-02 %   0.2170759     +/-   6.5567516E-02 % 
  0.2174840     +/-   6.5368727E-02 %   0.2178962     +/-   6.5359563E-02 % 
  0.2182960     +/-   6.4827926E-02 %   0.2187076     +/-   6.4761661E-02 % 
  0.2191210     +/-   6.4859666E-02 %   0.2195300     +/-   6.4553261E-02 % 
  0.2199476     +/-   6.4176083E-02 %   0.2203637     +/-   6.3814685E-02 % 
  0.2207708     +/-   6.3967191E-02 %   0.2211774     +/-   6.3874446E-02 % 
  0.2215929     +/-   6.3698061E-02 %   0.2220091     +/-   6.3506939E-02 % 
  0.2224156     +/-   6.3402615E-02 %   0.2228335     +/-   6.3506380E-02 % 
  0.2232508     +/-   6.2949970E-02 %   0.2236879     +/-   6.2744565E-02 % 
  0.2241281     +/-   6.2358320E-02 %   0.2245800     +/-   6.2741682E-02 % 
  0.2250525     +/-   6.2744066E-02 %   0.2255485     +/-   6.2843472E-02 % 
  0.2260613     +/-   6.2786773E-02 %   0.2266174     +/-   6.2393766E-02 % 
  0.2272215     +/-   6.1993048E-02 %   0.2278785     +/-   6.1810728E-02 % 
  0.2285903     +/-   6.1927378E-02 %   0.2293694     +/-   6.2068593E-02 % 
  0.2302049     +/-   6.2393647E-02 %   0.2311469     +/-   6.2205974E-02 % 
  0.2321642     +/-   6.1910767E-02 %   0.2333006     +/-   6.1477102E-02 % 
  0.2345078     +/-   6.1134394E-02 %   0.2358450     +/-   6.0890120E-02 % 
  0.2372983     +/-   6.1793033E-02 %   0.2388756     +/-   6.1861604E-02 % 
  0.2405726     +/-   6.0721822E-02 %   0.2423721     +/-   6.0262155E-02 % 
  0.2443125     +/-   5.9828661E-02 %   0.2463722     +/-   5.9826471E-02 % 
  0.2485693     +/-   5.9096284E-02 %   0.2508581     +/-   5.8153857E-02 % 
  0.2532370     +/-   5.7011683E-02 %   0.2557000     +/-   5.4874767E-02 % 
  0.2582730     +/-   5.4660905E-02 %   0.2608798     +/-   5.4797299E-02 % 
  0.2635541     +/-   5.3624585E-02 %   0.2663141     +/-   5.2727472E-02 % 
  0.2690998     +/-   5.2440125E-02 %   0.2719298     +/-   5.1512320E-02 % 
  0.2747461     +/-   5.1598344E-02 %   0.2775478     +/-   5.1334940E-02 % 
  0.2803361     +/-   5.1567625E-02 %   0.2830946     +/-   5.2559815E-02 % 
  0.2857910     +/-   5.1226042E-02 %   0.2884414     +/-   4.9606055E-02 % 
  0.2910306     +/-   4.9401227E-02 %   0.2935500     +/-   4.8935995E-02 % 
  0.2959743     +/-   4.9168505E-02 %   0.2983188     +/-   4.9235150E-02 % 
  0.3005537     +/-   4.9663678E-02 %   0.3026880     +/-   4.9264871E-02 % 
  0.3047481     +/-   4.8261937E-02 %   0.3066695     +/-   4.8820544E-02 % 
  0.3085125     +/-   4.8911888E-02 %   0.3102597     +/-   4.8690040E-02 % 
  0.3118875     +/-   4.8989255E-02 %   0.3134424     +/-   4.7755972E-02 % 
  0.3148997     +/-   4.7880959E-02 %   0.3162635     +/-   4.8205420E-02 % 
  0.3175344     +/-   4.8243385E-02 %   0.3187171     +/-   4.8280504E-02 % 
  0.3198325     +/-   4.7929972E-02 %   0.3208828     +/-   4.8286151E-02 % 
  0.3218346     +/-   4.8120778E-02 %   0.3227174     +/-   4.7264811E-02 % 
  0.3235367     +/-   4.7121707E-02 %   0.3242888     +/-   4.7158495E-02 % 
  0.3249841     +/-   4.7212183E-02 %   0.3256391     +/-   4.7009077E-02 % 
  0.3262331     +/-   4.7036186E-02 %   0.3267825     +/-   4.7240850E-02 % 
  0.3272883     +/-   4.7319077E-02 %   0.3277601     +/-   4.7348771E-02 % 
  0.3281814     +/-   4.6962060E-02 %   0.3285555     +/-   4.6936557E-02 % 
  0.3289239     +/-   4.6899844E-02 %   0.3292542     +/-   4.6453178E-02 % 
  0.3295617     +/-   4.6438098E-02 %   0.3298381     +/-   4.6132620E-02 % 
  0.3300854     +/-   4.6171386E-02 %   0.3303178     +/-   4.6169132E-02 % 
  0.3305270     +/-   4.6287239E-02 %   0.3307188     +/-   4.6218146E-02 % 
  0.3308987     +/-   4.6062775E-02 %   0.3310600     +/-   4.5981336E-02 % 
  0.3312088     +/-   4.5891281E-02 %   0.3313451     +/-   4.5906339E-02 % 
  0.3314694     +/-   4.5789491E-02 %   0.3315829     +/-   4.5809999E-02 % 
  0.3316880     +/-   4.5799464E-02 %   0.3317822     +/-   4.5742940E-02 % 
  0.3318675     +/-   4.5796406E-02 %   0.3319470     +/-   4.5903325E-02 % 
  0.3320223     +/-   4.5921776E-02 %   0.3320866     +/-   4.5999307E-02 % 
  0.3321472     +/-   4.5936257E-02 %   0.3322038     +/-   4.5993187E-02 % 
  0.3322541     +/-   4.6038385E-02 %   0.3322969     +/-   4.6015069E-02 % 
  0.3323339     +/-   4.5953516E-02 %   0.3323700     +/-   4.6021771E-02 % 
  0.3324049     +/-   4.5961432E-02 %   0.3324327     +/-   4.5913436E-02 % 
  0.3324627     +/-   4.5919940E-02 %   0.3324868     +/-   4.5938160E-02 % 
  0.3325099     +/-   4.5899969E-02 %   0.3325320     +/-   4.5904480E-02 % 
  0.3325515     +/-   4.5836236E-02 %   0.3325711     +/-   4.5804515E-02 % 
  0.3325893     +/-   4.5831617E-02 %   0.3326040     +/-   4.5810144E-02 % 
  0.3326177     +/-   4.5847192E-02 %   0.3326312     +/-   4.5859214E-02 % 
  0.3326417     +/-   4.5922302E-02 %   0.3326507     +/-   4.5931641E-02 % 
  0.3326581     +/-   4.5926794E-02 %   0.3326668     +/-   4.5957673E-02 % 
  0.3326741     +/-   4.5937683E-02 %   0.3326809     +/-   4.5979023E-02 % 
  0.3326880     +/-   4.5954343E-02 %   0.3326934     +/-   4.5941476E-02 % 
  0.3326987     +/-   4.5964673E-02 %   0.3327019     +/-   4.5940664E-02 % 
  0.3327058     +/-   4.5947868E-02 %   0.3327101     +/-   4.5947596E-02 % 
  0.3327136     +/-   4.5942936E-02 %   0.3327171     +/-   4.5891415E-02 % 
  0.3327201     +/-   4.5887515E-02 %   0.3327231     +/-   4.5894708E-02 % 
  0.3327259     +/-   4.5873463E-02 %   0.3327281     +/-   4.5879859E-02 % 
  0.3327299     +/-   4.5852311E-02 %   0.3327315     +/-   4.5829959E-02 % 
  0.3327329     +/-   4.5811750E-02 %   0.3327342     +/-   4.5799848E-02 % 
  0.3327353     +/-   4.5807503E-02 %   0.3327365     +/-   4.5806989E-02 % 
  0.3327381     +/-   4.5784485E-02 %   0.3327393     +/-   4.5786452E-02 % 
  0.3327404     +/-   4.5791809E-02 %   0.3327410     +/-   4.5787539E-02 % 
  0.3327416     +/-   4.5784555E-02 %   0.3327422     +/-   4.5785014E-02 % 
  0.3327425     +/-   4.5789383E-02 %   0.3327438     +/-   4.5773499E-02 % 
  0.3327439     +/-   4.5770537E-02 %   0.3327445     +/-   4.5782268E-02 % 
  0.3327447     +/-   4.5782834E-02 %   0.3327451     +/-   4.5779921E-02 % 
  0.3327451     +/-   4.5779921E-02 %   0.3327453     +/-   4.5772355E-02 % 
  0.3327457     +/-   4.5767721E-02 %   0.3327460     +/-   4.5765895E-02 % 
  0.3327460     +/-   4.5765895E-02 %   0.3327465     +/-   4.5771461E-02 % 
  0.3327465     +/-   4.5771461E-02 %   0.3327468     +/-   4.5770049E-02 % 
  0.3327469     +/-   4.5765843E-02 %   0.3327473     +/-   4.5773733E-02 % 
  0.3327473     +/-   4.5773733E-02 %   0.3327473     +/-   4.5773733E-02 % 
  0.3327474     +/-   4.5777261E-02 %   0.3327475     +/-   4.5777816E-02 % 
  0.3327476     +/-   4.5781363E-02 %   0.3327478     +/-   4.5774743E-02 % 
  0.3327479     +/-   4.5773864E-02 %   0.3327481     +/-   4.5768399E-02 % 
  0.3327481     +/-   4.5768399E-02 %   0.3327481     +/-   4.5768399E-02 % 
  0.3327481     +/-   4.5768399E-02 %   0.3327481     +/-   4.5768399E-02 % 
  0.3327482     +/-   4.5768257E-02 %   0.3327484     +/-   4.5766041E-02 % 
  0.3327484     +/-   4.5766041E-02 %   0.3327484     +/-   4.5766041E-02 % 
  0.3327485     +/-   4.5760296E-02 %   0.3327485     +/-   4.5760296E-02 % 
  0.3327486     +/-   4.5759335E-02 %   0.3327486     +/-   4.5759335E-02 % 
  0.3327486     +/-   4.5759335E-02 %   0.3327487     +/-   4.5759052E-02 % 

  **** Double diff. Fluxes as a function of energy ****


  Solid angle minimum value (sr):   0.000000    

  Solid angle upper boundaries (sr):

  1.0000000E-03  0.1120998       12.56637    

  Angular minimum value (deg.):   0.000000    

  Angular upper boundaries (deg.):

   1.022241       10.83922       180.0000    


  Energy interval (GeV):  6.9999613E-04  6.6896819E-04

  Flux (Part/sr/GeV/cmq/pr):

   0.000000     +/-    0.000000     %    0.000000     +/-    0.000000     % 
   0.000000     +/-    0.000000     % 

  Flux (Part/deg/GeV/cmq/pr):

   0.000000     +/-    0.000000     %    0.000000     +/-    0.000000     % 
   0.000000     +/-    0.000000     % 

  Energy interval (GeV):  6.6896819E-04  6.3931552E-04

  Flux (Part/sr/GeV/cmq/pr):

   0.000000     +/-    0.000000     %    0.000000     +/-    0.000000     % 
   0.000000     +/-    0.000000     % 

  Flux (Part/deg/GeV/cmq/pr):

   0.000000     +/-    0.000000     %    0.000000     +/-    0.000000     % 
   0.000000     +/-    0.000000     % 

  Energy interval (GeV):  6.3931552E-04  6.1097735E-04

  Flux (Part/sr/GeV/cmq/pr):

   0.000000     +/-    0.000000     %    0.000000     +/-    0.000000     % 
   0.000000     +/-    0.000000     % 

  Flux (Part/deg/GeV/cmq/pr):

   0.000000     +/-    0.000000     %    0.000000     +/-    0.000000     % 
   0.000000     +/-    0.000000     % 

  Energy interval (GeV):  6.1097735E-04  5.8389525E-04

  Flux (Part/sr/GeV/cmq/pr):

   804954.2     +/-   0.2208630     %    624.3941     +/-   0.7242658     % 
   8.517298     +/-   0.5838569     % 

  Flux (Part/deg/GeV/cmq/pr):

   787.4406     +/-   0.2208630     %    7.066338     +/-   0.7242658     % 
  0.6270764     +/-   0.5838569     % 

  Energy interval (GeV):  5.8389525E-04  5.5801350E-04

  Flux (Part/sr/GeV/cmq/pr):

   42.50085     +/-    28.58782     %    197.3592     +/-    1.420855     % 
   16.18729     +/-   0.4211898     % 

  Flux (Part/deg/GeV/cmq/pr):

  4.1576140E-02 +/-    28.58782     %    2.233536     +/-    1.420855     % 
   1.191771     +/-   0.4211898     % 

  Energy interval (GeV):  5.5801350E-04  5.3327909E-04

  Flux (Part/sr/GeV/cmq/pr):

   40.42920     +/-    30.15113     %    41.08428     +/-    3.092205     % 
   12.97024     +/-   0.5494504     % 

  Flux (Part/deg/GeV/cmq/pr):

  3.9549563E-02 +/-    30.15113     %   0.4649554     +/-    3.092205     % 
  0.9549192     +/-   0.5494504     % 

  Energy interval (GeV):  5.3327909E-04  5.0964102E-04

  Flux (Part/sr/GeV/cmq/pr):

   16.92175     +/-    49.23660     %    42.91369     +/-    2.730818     % 
   11.25964     +/-   0.5424684     % 

  Flux (Part/deg/GeV/cmq/pr):

  1.6553577E-02 +/-    49.23660     %   0.4856590     +/-    2.730818     % 
  0.8289779     +/-   0.5424684     % 

  Energy interval (GeV):  5.0964102E-04  4.8705068E-04

  Flux (Part/sr/GeV/cmq/pr):

   30.98657     +/-    36.63320     %    41.51737     +/-    3.140808     % 
   10.38538     +/-   0.5705025     % 

  Flux (Part/deg/GeV/cmq/pr):

  3.0312384E-02 +/-    36.63320     %   0.4698567     +/-    3.140808     % 
  0.7646121     +/-   0.5705025     % 

  Energy interval (GeV):  4.8705068E-04  4.6546169E-04

  Flux (Part/sr/GeV/cmq/pr):

   64.84757     +/-    26.89911     %    39.27383     +/-    3.100240     % 
   9.888188     +/-   0.5856397     % 

  Flux (Part/deg/GeV/cmq/pr):

  6.3436657E-02 +/-    26.89911     %   0.4444663     +/-    3.100240     % 
  0.7280067     +/-   0.5856397     % 

  Energy interval (GeV):  4.6546169E-04  4.4482970E-04

  Flux (Part/sr/GeV/cmq/pr):

   53.31490     +/-    28.58782     %    40.35378     +/-    2.908871     % 
   8.745393     +/-   0.6468483     % 

  Flux (Part/deg/GeV/cmq/pr):

  5.2154902E-02 +/-    28.58782     %   0.4566883     +/-    2.908871     % 
  0.6438697     +/-   0.6468483     % 

  Energy interval (GeV):  4.4482970E-04  4.2511217E-04

  Flux (Part/sr/GeV/cmq/pr):

   55.78774     +/-    38.53698     %    35.19550     +/-    3.345304     % 
   7.697249     +/-   0.6577308     % 

  Flux (Part/deg/GeV/cmq/pr):

  5.4573946E-02 +/-    38.53698     %   0.3983114     +/-    3.345304     % 
  0.5667013     +/-   0.6577308     % 

  Energy interval (GeV):  4.2511217E-04  4.0626875E-04

  Flux (Part/sr/GeV/cmq/pr):

   42.45475     +/-    34.08249     %    41.22244     +/-    3.790384     % 
   8.650810     +/-   0.7106587     % 

  Flux (Part/deg/GeV/cmq/pr):

  4.1531045E-02 +/-    34.08249     %   0.4665190     +/-    3.790384     % 
  0.6369061     +/-   0.7106587     % 

  Energy interval (GeV):  4.0626875E-04  3.8826044E-04

  Flux (Part/sr/GeV/cmq/pr):

   44.42388     +/-    34.08249     %    42.93449     +/-    3.100392     % 
   9.285687     +/-   0.6780531     % 

  Flux (Part/deg/GeV/cmq/pr):

  4.3457329E-02 +/-    34.08249     %   0.4858944     +/-    3.100392     % 
  0.6836482     +/-   0.6780531     % 

  Energy interval (GeV):  3.8826044E-04  3.7105050E-04

  Flux (Part/sr/GeV/cmq/pr):

   58.10543     +/-    33.33333     %    36.81934     +/-    4.339185     % 
   9.611867     +/-   0.5879568     % 

  Flux (Part/deg/GeV/cmq/pr):

  5.6841202E-02 +/-    33.33333     %   0.4166886     +/-    4.339185     % 
  0.7076629     +/-   0.5879568     % 

  Energy interval (GeV):  3.7105050E-04  3.5460334E-04

  Flux (Part/sr/GeV/cmq/pr):

   42.56033     +/-    41.88409     %    41.64647     +/-    3.124714     % 
   9.681289     +/-   0.6933626     % 

  Flux (Part/deg/GeV/cmq/pr):

  4.1634321E-02 +/-    41.88409     %   0.4713177     +/-    3.124714     % 
  0.7127740     +/-   0.6933626     % 

  Energy interval (GeV):  3.5460334E-04  3.3888521E-04

  Flux (Part/sr/GeV/cmq/pr):

   50.89640     +/-    34.08249     %    40.54310     +/-    3.549884     % 
   9.835575     +/-   0.7564852     % 

  Flux (Part/deg/GeV/cmq/pr):

  4.9789026E-02 +/-    34.08249     %   0.4588308     +/-    3.549884     % 
  0.7241331     +/-   0.7564852     % 

  Energy interval (GeV):  3.3888521E-04  3.2386382E-04

  Flux (Part/sr/GeV/cmq/pr):

   46.59994     +/-    36.63320     %    40.98548     +/-    3.662907     % 
   9.831540     +/-   0.8024533     % 

  Flux (Part/deg/GeV/cmq/pr):

  4.5586042E-02 +/-    36.63320     %   0.4638372     +/-    3.662907     % 
  0.7238360     +/-   0.8024533     % 

  Energy interval (GeV):  3.2386382E-04  3.0950824E-04

  Flux (Part/sr/GeV/cmq/pr):

   41.79543     +/-    46.29966     %    40.12768     +/-    3.642450     % 
   9.892666     +/-   0.6961128     % 

  Flux (Part/deg/GeV/cmq/pr):

  4.0886063E-02 +/-    46.29966     %   0.4541295     +/-    3.642450     % 
  0.7283363     +/-   0.6961128     % 

  Energy interval (GeV):  3.0950824E-04  2.9578904E-04

  Flux (Part/sr/GeV/cmq/pr):

   51.02297     +/-    36.63320     %    41.00476     +/-    3.974057     % 
   9.903196     +/-   0.6930915     % 

  Flux (Part/deg/GeV/cmq/pr):

  4.9912840E-02 +/-    36.63320     %   0.4640555     +/-    3.974057     % 
  0.7291117     +/-   0.6930915     % 

  Energy interval (GeV):  2.9578904E-04  2.8267791E-04

  Flux (Part/sr/GeV/cmq/pr):

   45.76243     +/-    39.78054     %    41.39632     +/-    3.825897     % 
   9.969360     +/-   0.7812906     % 

  Flux (Part/deg/GeV/cmq/pr):

  4.4766761E-02 +/-    39.78054     %   0.4684868     +/-    3.825897     % 
  0.7339829     +/-   0.7812906     % 

  Energy interval (GeV):  2.8267791E-04  2.7014790E-04

  Flux (Part/sr/GeV/cmq/pr):

   39.90415     +/-    43.80858     %    43.74737     +/-    4.544166     % 
   10.01715     +/-   0.8344252     % 

  Flux (Part/deg/GeV/cmq/pr):

  3.9035939E-02 +/-    43.80858     %   0.4950939     +/-    4.544166     % 
  0.7375016     +/-   0.8344252     % 

  Energy interval (GeV):  2.7014790E-04  2.5817336E-04

  Flux (Part/sr/GeV/cmq/pr):

   33.40398     +/-    49.23660     %    47.20462     +/-    3.677947     % 
   9.941318     +/-   0.8713769     % 

  Flux (Part/deg/GeV/cmq/pr):

  3.2677196E-02 +/-    49.23660     %   0.5342200     +/-    3.677947     % 
  0.7319183     +/-   0.8713769     % 

  Energy interval (GeV):  2.5817336E-04  2.4672961E-04

  Flux (Part/sr/GeV/cmq/pr):

   78.64497     +/-    35.64733     %    45.61872     +/-    4.194722     % 
   10.05440     +/-   0.7847313     % 

  Flux (Part/deg/GeV/cmq/pr):

  7.6933861E-02 +/-    35.64733     %   0.5162721     +/-    4.194722     % 
  0.7402442     +/-   0.7847313     % 

  Energy interval (GeV):  2.4672961E-04  2.3579312E-04

  Flux (Part/sr/GeV/cmq/pr):

   45.71815     +/-    43.80858     %    48.80451     +/-    3.896317     % 
   10.18743     +/-   0.8821669     % 

  Flux (Part/deg/GeV/cmq/pr):

  4.4723440E-02 +/-    43.80858     %   0.5523261     +/-    3.896317     % 
  0.7500380     +/-   0.8821669     % 

  Energy interval (GeV):  2.3579312E-04  2.2534135E-04

  Flux (Part/sr/GeV/cmq/pr):

   76.54182     +/-    34.08249     %    50.98204     +/-    4.515241     % 
   10.32346     +/-   0.8430995     % 

  Flux (Part/deg/GeV/cmq/pr):

  7.4876472E-02 +/-    34.08249     %   0.5769694     +/-    4.515241     % 
  0.7600529     +/-   0.8430995     % 

  Energy interval (GeV):  2.2534135E-04  2.1535291E-04

  Flux (Part/sr/GeV/cmq/pr):

   80.09198     +/-    34.08249     %    53.16645     +/-    3.751468     % 
   10.45180     +/-   0.8471162     % 

  Flux (Part/deg/GeV/cmq/pr):

  7.8349382E-02 +/-    34.08249     %   0.6016906     +/-    3.751468     % 
  0.7695016     +/-   0.8471162     % 

  Energy interval (GeV):  2.1535291E-04  2.0580717E-04

  Flux (Part/sr/GeV/cmq/pr):

   73.33095     +/-    41.88409     %    54.12373     +/-    4.035672     % 
   10.79526     +/-   0.8555744     % 

  Flux (Part/deg/GeV/cmq/pr):

  7.1735457E-02 +/-    41.88409     %   0.6125243     +/-    4.035672     % 
  0.7947885     +/-   0.8555744     % 

  Energy interval (GeV):  2.0580717E-04  1.9668456E-04

  Flux (Part/sr/GeV/cmq/pr):

   54.80869     +/-    43.80858     %    51.40481     +/-    3.993610     % 
   10.95622     +/-   0.9089837     % 

  Flux (Part/deg/GeV/cmq/pr):

  5.3616196E-02 +/-    43.80858     %   0.5817540     +/-    3.993610     % 
  0.8066393     +/-   0.9089837     % 

  Energy interval (GeV):  1.9668456E-04  1.8796633E-04

  Flux (Part/sr/GeV/cmq/pr):

   68.82098     +/-    39.78054     %    57.91874     +/-    4.052896     % 
   10.87496     +/-   0.9377092     % 

  Flux (Part/deg/GeV/cmq/pr):

  6.7323618E-02 +/-    39.78054     %   0.6554729     +/-    4.052896     % 
  0.8006566     +/-   0.9377092     % 

  Energy interval (GeV):  1.8796633E-04  1.7963458E-04

  Flux (Part/sr/GeV/cmq/pr):

   24.00434     +/-    70.35265     %    49.69404     +/-    4.963059     % 
   10.92931     +/-   0.9567740     % 

  Flux (Part/deg/GeV/cmq/pr):

  2.3482071E-02 +/-    70.35265     %   0.5623930     +/-    4.963059     % 
  0.8046584     +/-   0.9567740     % 

  Energy interval (GeV):  1.7963458E-04  1.7167212E-04

  Flux (Part/sr/GeV/cmq/pr):

   62.79427     +/-    52.22330     %    59.23357     +/-    4.507285     % 
   11.28094     +/-   0.9185350     % 

  Flux (Part/deg/GeV/cmq/pr):

  6.1428029E-02 +/-    52.22330     %   0.6703530     +/-    4.507285     % 
  0.8305466     +/-   0.9185350     % 

  Energy interval (GeV):  1.7167212E-04  1.6406259E-04

  Flux (Part/sr/GeV/cmq/pr):

   131.4136     +/-    30.15113     %    56.06672     +/-    4.812922     % 
   11.37155     +/-   0.9940457     % 

  Flux (Part/deg/GeV/cmq/pr):

  0.1285544     +/-    30.15113     %   0.6345134     +/-    4.812922     % 
  0.8372178     +/-   0.9940457     % 

  Energy interval (GeV):  1.6406259E-04  1.5679035E-04

  Flux (Part/sr/GeV/cmq/pr):

   41.25263     +/-    57.14887     %    55.82048     +/-    5.086518     % 
   11.76097     +/-    1.013086     % 

  Flux (Part/deg/GeV/cmq/pr):

  4.0355083E-02 +/-    57.14887     %   0.6317266     +/-    5.086518     % 
  0.8658884     +/-    1.013086     % 

  Energy interval (GeV):  1.5679035E-04  1.4984049E-04

  Flux (Part/sr/GeV/cmq/pr):

   71.94334     +/-    43.80858     %    58.66856     +/-    4.845096     % 
   11.65718     +/-   0.8403103     % 

  Flux (Part/deg/GeV/cmq/pr):

  7.0378043E-02 +/-    43.80858     %   0.6639587     +/-    4.845096     % 
  0.8582466     +/-   0.8403103     % 

  Energy interval (GeV):  1.4984049E-04  1.4319866E-04

  Flux (Part/sr/GeV/cmq/pr):

   30.11208     +/-    70.35265     %    64.77767     +/-    4.104953     % 
   12.07939     +/-    1.040809     % 

  Flux (Part/deg/GeV/cmq/pr):

  2.9456921E-02 +/-    70.35265     %   0.7330961     +/-    4.104953     % 
  0.8893313     +/-    1.040809     % 

  Energy interval (GeV):  1.4319866E-04  1.3685126E-04

  Flux (Part/sr/GeV/cmq/pr):

   31.50874     +/-    70.35265     %    64.09528     +/-    4.815173     % 
   12.23865     +/-    1.136654     % 

  Flux (Part/deg/GeV/cmq/pr):

  3.0823190E-02 +/-    70.35265     %   0.7253734     +/-    4.815173     % 
  0.9010571     +/-    1.136654     % 

  Energy interval (GeV):  1.3685126E-04  1.3078518E-04

  Flux (Part/sr/GeV/cmq/pr):

   32.97017     +/-    70.35265     %    63.06186     +/-    5.417135     % 
   12.61570     +/-    1.040769     % 

  Flux (Part/deg/GeV/cmq/pr):

  3.2252826E-02 +/-    70.35265     %   0.7136781     +/-    5.417135     % 
  0.9288167     +/-    1.040769     % 

  Energy interval (GeV):  1.3078518E-04  1.2498802E-04

  Flux (Part/sr/GeV/cmq/pr):

   51.74908     +/-    57.14887     %    70.79993     +/-    4.367318     % 
   12.84073     +/-    1.080189     % 

  Flux (Part/deg/GeV/cmq/pr):

  5.0623156E-02 +/-    57.14887     %   0.8012508     +/-    4.367318     % 
  0.9453841     +/-    1.080189     % 

  Energy interval (GeV):  1.2498802E-04  1.1944782E-04

  Flux (Part/sr/GeV/cmq/pr):

   54.14930     +/-    57.14887     %    67.26026     +/-    4.682490     % 
   13.09572     +/-    1.005906     % 

  Flux (Part/deg/GeV/cmq/pr):

  5.2971151E-02 +/-    57.14887     %   0.7611919     +/-    4.682490     % 
  0.9641579     +/-    1.005906     % 

  Energy interval (GeV):  1.1944782E-04  1.1415319E-04

  Flux (Part/sr/GeV/cmq/pr):

   75.54779     +/-    49.23660     %    64.93992     +/-    4.577921     % 
   13.35130     +/-    1.227378     % 

  Flux (Part/deg/GeV/cmq/pr):

  7.3904067E-02 +/-    49.23660     %   0.7349324     +/-    4.577921     % 
  0.9829743     +/-    1.227378     % 

  Energy interval (GeV):  1.1415319E-04  1.0909323E-04

  Flux (Part/sr/GeV/cmq/pr):

   59.28888     +/-    57.14887     %    72.75484     +/-    4.816506     % 
   13.79918     +/-    1.023854     % 

  Flux (Part/deg/GeV/cmq/pr):

  5.7998903E-02 +/-    57.14887     %   0.8233747     +/-    4.816506     % 
   1.015949     +/-    1.023854     % 

  Energy interval (GeV):  1.0909323E-04  1.0425758E-04

  Flux (Part/sr/GeV/cmq/pr):

   82.71841     +/-    49.23660     %    74.45413     +/-    4.859127     % 
   13.64220     +/-    1.139640     % 

  Flux (Part/deg/GeV/cmq/pr):

  8.0918670E-02 +/-    49.23660     %   0.8426057     +/-    4.859127     % 
   1.004391     +/-    1.139640     % 

  Energy interval (GeV):  1.0425758E-04  9.9636272E-05

  Flux (Part/sr/GeV/cmq/pr):

   64.91628     +/-    57.14887     %    72.84347     +/-    4.786354     % 
   14.23499     +/-    1.092834     % 

  Flux (Part/deg/GeV/cmq/pr):

  6.3503869E-02 +/-    57.14887     %   0.8243777     +/-    4.786354     % 
   1.048035     +/-    1.092834     % 

  Energy interval (GeV):  9.9636272E-05  9.5219802E-05

  Flux (Part/sr/GeV/cmq/pr):

   158.4968     +/-    36.63320     %    72.75744     +/-    4.613116     % 
   14.56253     +/-    1.262172     % 

  Flux (Part/deg/GeV/cmq/pr):

  0.1550484     +/-    36.63320     %   0.8234041     +/-    4.613116     % 
   1.072150     +/-    1.262172     % 

  Energy interval (GeV):  9.5219802E-05  9.0999092E-05

  Flux (Part/sr/GeV/cmq/pr):

   142.1556     +/-    39.78054     %    82.31646     +/-    5.062488     % 
   15.21894     +/-    1.137903     % 

  Flux (Part/deg/GeV/cmq/pr):

  0.1390627     +/-    39.78054     %   0.9315846     +/-    5.062488     % 
   1.120477     +/-    1.137903     % 

  Energy interval (GeV):  9.0999092E-05  8.6965476E-05

  Flux (Part/sr/GeV/cmq/pr):

   49.58302     +/-    70.35265     %    78.32433     +/-    5.588974     % 
   15.45902     +/-    1.120053     % 

  Flux (Part/deg/GeV/cmq/pr):

  4.8504218E-02 +/-    70.35265     %   0.8864052     +/-    5.588974     % 
   1.138153     +/-    1.120053     % 

  Energy interval (GeV):  8.6965476E-05  8.3110652E-05

  Flux (Part/sr/GeV/cmq/pr):

   0.000000     +/-    0.000000     %    84.52562     +/-    4.931906     % 
   15.66781     +/-    1.106262     % 

  Flux (Part/deg/GeV/cmq/pr):

   0.000000     +/-    0.000000     %   0.9565859     +/-    4.931906     % 
   1.153525     +/-    1.106262     % 

  Energy interval (GeV):  8.3110652E-05  7.9426696E-05

  Flux (Part/sr/GeV/cmq/pr):

   108.5784     +/-    49.23660     %    77.45139     +/-    6.099420     % 
   16.25938     +/-    1.101113     % 

  Flux (Part/deg/GeV/cmq/pr):

  0.1062160     +/-    49.23660     %   0.8765261     +/-    6.099420     % 
   1.197078     +/-    1.101113     % 

  Energy interval (GeV):  7.9426696E-05  7.5906035E-05

  Flux (Part/sr/GeV/cmq/pr):

   113.6144     +/-    49.23660     %    93.05968     +/-    5.202591     % 
   16.77177     +/-    1.082235     % 

  Flux (Part/deg/GeV/cmq/pr):

  0.1111425     +/-    49.23660     %    1.053167     +/-    5.202591     % 
   1.234802     +/-    1.082235     % 

  Energy interval (GeV):  7.5906035E-05  7.2541428E-05

  Flux (Part/sr/GeV/cmq/pr):

   118.8841     +/-    49.23660     %    95.50335     +/-    5.759266     % 
   17.33490     +/-    1.177516     % 

  Flux (Part/deg/GeV/cmq/pr):

  0.1162975     +/-    49.23660     %    1.080822     +/-    5.759266     % 
   1.276262     +/-    1.177516     % 

  Energy interval (GeV):  7.2541428E-05  6.9325972E-05

  Flux (Part/sr/GeV/cmq/pr):

   62.19908     +/-    70.35265     %    84.53713     +/-    5.508318     % 
   17.46221     +/-    1.267719     % 

  Flux (Part/deg/GeV/cmq/pr):

  6.0845785E-02 +/-    70.35265     %   0.9567162     +/-    5.508318     % 
   1.285635     +/-    1.267719     % 

  Energy interval (GeV):  6.9325972E-05  6.6253029E-05

  Flux (Part/sr/GeV/cmq/pr):

   130.1680     +/-    78.81701     %    99.00280     +/-    5.495399     % 
   18.00823     +/-    1.108222     % 

  Flux (Part/deg/GeV/cmq/pr):

  0.1273358     +/-    78.81701     %    1.120426     +/-    5.495399     % 
   1.325836     +/-    1.108222     % 

  Energy interval (GeV):  6.6253029E-05  6.3316285E-05

  Flux (Part/sr/GeV/cmq/pr):

   0.000000     +/-    0.000000     %    97.77135     +/-    6.232992     % 
   18.74233     +/-    1.230923     % 

  Flux (Part/deg/GeV/cmq/pr):

   0.000000     +/-    0.000000     %    1.106489     +/-    6.232992     % 
   1.379883     +/-    1.230923     % 

  Energy interval (GeV):  6.3316285E-05  6.0509741E-05

  Flux (Part/sr/GeV/cmq/pr):

   71.26143     +/-    70.35265     %    98.77837     +/-    5.831388     % 
   19.40278     +/-    1.334613     % 

  Flux (Part/deg/GeV/cmq/pr):

  6.9710962E-02 +/-    70.35265     %    1.117886     +/-    5.831388     % 
   1.428508     +/-    1.334613     % 

  Energy interval (GeV):  6.0509741E-05  5.7827590E-05

  Flux (Part/sr/GeV/cmq/pr):

   74.56667     +/-    70.35265     %    102.0176     +/-    6.058639     % 
   19.32081     +/-    1.228817     % 

  Flux (Part/deg/GeV/cmq/pr):

  7.2944283E-02 +/-    70.35265     %    1.154544     +/-    6.058639     % 
   1.422473     +/-    1.228817     % 

  Energy interval (GeV):  5.7827590E-05  5.5264340E-05

  Flux (Part/sr/GeV/cmq/pr):

   156.0504     +/-    49.23660     %    108.1539     +/-    6.185810     % 
   20.45502     +/-    1.357996     % 

  Flux (Part/deg/GeV/cmq/pr):

  0.1526552     +/-    49.23660     %    1.223990     +/-    6.185810     % 
   1.505977     +/-    1.357996     % 

  Energy interval (GeV):  5.5264340E-05  5.2814692E-05

  Flux (Part/sr/GeV/cmq/pr):

   40.82208     +/-    99.00000     %    105.4541     +/-    5.682431     % 
   20.43026     +/-    1.058103     % 

  Flux (Part/deg/GeV/cmq/pr):

  3.9933894E-02 +/-    99.00000     %    1.193436     +/-    5.682431     % 
   1.504155     +/-    1.058103     % 

  Energy interval (GeV):  5.2814692E-05  5.0473631E-05

  Flux (Part/sr/GeV/cmq/pr):

   213.5774     +/-    52.22330     %    115.7280     +/-    6.000818     % 
   22.11869     +/-    1.353690     % 

  Flux (Part/deg/GeV/cmq/pr):

  0.2089305     +/-    52.22330     %    1.309707     +/-    6.000818     % 
   1.628464     +/-    1.353690     % 

  Energy interval (GeV):  5.0473631E-05  4.8236343E-05

  Flux (Part/sr/GeV/cmq/pr):

   89.39341     +/-    70.35265     %    110.2333     +/-    5.406320     % 
   22.22585     +/-    1.130018     % 

  Flux (Part/deg/GeV/cmq/pr):

  8.7448440E-02 +/-    70.35265     %    1.247522     +/-    5.406320     % 
   1.636353     +/-    1.130018     % 

  Energy interval (GeV):  4.8236343E-05  4.6098226E-05

  Flux (Part/sr/GeV/cmq/pr):

   0.000000     +/-    0.000000     %    121.6607     +/-    5.012990     % 
   23.26799     +/-    1.235745     % 

  Flux (Part/deg/GeV/cmq/pr):

   0.000000     +/-    0.000000     %    1.376847     +/-    5.012990     % 
   1.713079     +/-    1.235745     % 

  Energy interval (GeV):  4.6098226E-05  4.4054876E-05

  Flux (Part/sr/GeV/cmq/pr):

   48.93909     +/-    99.00000     %    125.5415     +/-    5.887691     % 
   23.99747     +/-    1.346322     % 

  Flux (Part/deg/GeV/cmq/pr):

  4.7874305E-02 +/-    99.00000     %    1.420767     +/-    5.887691     % 
   1.766787     +/-    1.346322     % 

  Energy interval (GeV):  4.4054876E-05  4.2102103E-05

  Flux (Part/sr/GeV/cmq/pr):

   51.20897     +/-    99.00000     %    135.0518     +/-    6.005333     % 
   24.45264     +/-    1.447969     % 

  Flux (Part/deg/GeV/cmq/pr):

  5.0094798E-02 +/-    99.00000     %    1.528396     +/-    6.005333     % 
   1.800298     +/-    1.447969     % 

  Energy interval (GeV):  4.2102103E-05  4.0235889E-05

  Flux (Part/sr/GeV/cmq/pr):

   214.3366     +/-    49.23660     %    123.9527     +/-    7.342349     % 
   25.85355     +/-    1.281245     % 

  Flux (Part/deg/GeV/cmq/pr):

  0.2096732     +/-    49.23660     %    1.402787     +/-    7.342349     % 
   1.903438     +/-    1.281245     % 

  Energy interval (GeV):  4.0235889E-05  3.8452396E-05

  Flux (Part/sr/GeV/cmq/pr):

   392.4863     +/-    41.88409     %    125.6645     +/-    6.239832     % 
   26.91312     +/-    1.289969     % 

  Flux (Part/deg/GeV/cmq/pr):

  0.3839468     +/-    41.88409     %    1.422159     +/-    6.239832     % 
   1.981448     +/-    1.289969     % 

  Energy interval (GeV):  3.8452396E-05  3.6747959E-05

  Flux (Part/sr/GeV/cmq/pr):

   234.6803     +/-    49.23660     %    138.3581     +/-    6.459570     % 
   27.47833     +/-    1.244172     % 

  Flux (Part/deg/GeV/cmq/pr):

  0.2295743     +/-    49.23660     %    1.565814     +/-    6.459570     % 
   2.023061     +/-    1.244172     % 

  Energy interval (GeV):  3.6747959E-05  3.5119072E-05

  Flux (Part/sr/GeV/cmq/pr):

   245.5652     +/-    60.71959     %    160.2476     +/-    6.529780     % 
   28.29440     +/-    1.490252     % 

  Flux (Part/deg/GeV/cmq/pr):

  0.2402224     +/-    60.71959     %    1.813540     +/-    6.529780     % 
   2.083143     +/-    1.490252     % 

  Energy interval (GeV):  3.5119072E-05  3.3562388E-05

  Flux (Part/sr/GeV/cmq/pr):

   128.4775     +/-    70.35265     %    152.6468     +/-    6.561240     % 
   28.83305     +/-    1.306558     % 

  Flux (Part/deg/GeV/cmq/pr):

  0.1256822     +/-    70.35265     %    1.727521     +/-    6.561240     % 
   2.122801     +/-    1.306558     % 

  Energy interval (GeV):  3.3562388E-05  3.2074702E-05

  Flux (Part/sr/GeV/cmq/pr):

   134.4365     +/-    70.35265     %    160.3318     +/-    6.217428     % 
   30.83963     +/-    1.254882     % 

  Flux (Part/deg/GeV/cmq/pr):

  0.1315115     +/-    70.35265     %    1.814493     +/-    6.217428     % 
   2.270533     +/-    1.254882     % 

  Energy interval (GeV):  3.2074702E-05  3.0652958E-05

  Flux (Part/sr/GeV/cmq/pr):

   211.0079     +/-    57.14887     %    164.6029     +/-    6.445127     % 
   32.24744     +/-    1.255879     % 

  Flux (Part/deg/GeV/cmq/pr):

  0.2064169     +/-    57.14887     %    1.862829     +/-    6.445127     % 
   2.374182     +/-    1.255879     % 

  Energy interval (GeV):  3.0652958E-05  2.9294242E-05

  Flux (Part/sr/GeV/cmq/pr):

   147.1966     +/-    70.35265     %    188.1363     +/-    5.313486     % 
   32.62033     +/-    1.331493     % 

  Flux (Part/deg/GeV/cmq/pr):

  0.1439939     +/-    70.35265     %    2.129160     +/-    5.313486     % 
   2.401635     +/-    1.331493     % 

  Energy interval (GeV):  2.9294242E-05  2.7995748E-05

  Flux (Part/sr/GeV/cmq/pr):

   231.0357     +/-    57.14887     %    176.0671     +/-    6.583595     % 
   33.79942     +/-    1.364668     % 

  Flux (Part/deg/GeV/cmq/pr):

  0.2260090     +/-    57.14887     %    1.992571     +/-    6.583595     % 
   2.488444     +/-    1.364668     % 

  Energy interval (GeV):  2.7995748E-05  2.6754815E-05

  Flux (Part/sr/GeV/cmq/pr):

   0.000000     +/-    0.000000     %    173.3535     +/-    7.008786     % 
   35.39297     +/-    1.423334     % 

  Flux (Part/deg/GeV/cmq/pr):

   0.000000     +/-    0.000000     %    1.961861     +/-    7.008786     % 
   2.605768     +/-    1.423334     % 

  Energy interval (GeV):  2.6754815E-05  2.5568879E-05

  Flux (Part/sr/GeV/cmq/pr):

   168.6430     +/-    70.35265     %    177.5991     +/-    5.607281     % 
   36.37106     +/-    1.391282     % 

  Flux (Part/deg/GeV/cmq/pr):

  0.1649737     +/-    70.35265     %    2.009909     +/-    5.607281     % 
   2.677778     +/-    1.391282     % 

  Energy interval (GeV):  2.5568879E-05  2.4435514E-05

  Flux (Part/sr/GeV/cmq/pr):

   529.3948     +/-    39.78054     %    212.0442     +/-    7.123269     % 
   37.70379     +/-    1.365339     % 

  Flux (Part/deg/GeV/cmq/pr):

  0.5178766     +/-    39.78054     %    2.399728     +/-    7.123269     % 
   2.775899     +/-    1.365339     % 

  Energy interval (GeV):  2.4435514E-05  2.3352388E-05

  Flux (Part/sr/GeV/cmq/pr):

   276.9745     +/-    57.14887     %    218.5551     +/-    5.607364     % 
   39.10415     +/-    1.397595     % 

  Flux (Part/deg/GeV/cmq/pr):

  0.2709483     +/-    57.14887     %    2.473413     +/-    5.607364     % 
   2.878999     +/-    1.397595     % 

  Energy interval (GeV):  2.3352388E-05  2.2317274E-05

  Flux (Part/sr/GeV/cmq/pr):

   289.8212     +/-    57.14887     %    206.9533     +/-    6.142176     % 
   40.82478     +/-    1.217875     % 

  Flux (Part/deg/GeV/cmq/pr):

  0.2835154     +/-    57.14887     %    2.342114     +/-    6.142176     % 
   3.005679     +/-    1.217875     % 

  Energy interval (GeV):  2.2317274E-05  2.1328038E-05

  Flux (Part/sr/GeV/cmq/pr):

   505.4394     +/-    43.80858     %    226.5609     +/-    6.054310     % 
   41.82547     +/-    1.419226     % 

  Flux (Part/deg/GeV/cmq/pr):

  0.4944423     +/-    43.80858     %    2.564015     +/-    6.054310     % 
   3.079353     +/-    1.419226     % 

  Energy interval (GeV):  2.1328038E-05  2.0382655E-05

  Flux (Part/sr/GeV/cmq/pr):

   105.7765     +/-    99.00000     %    231.3567     +/-    5.678627     % 
   43.70596     +/-    1.368365     % 

  Flux (Part/deg/GeV/cmq/pr):

  0.1034751     +/-    99.00000     %    2.618290     +/-    5.678627     % 
   3.217802     +/-    1.368365     % 

  Energy interval (GeV):  2.0382655E-05  1.9479176E-05

  Flux (Part/sr/GeV/cmq/pr):

   221.3652     +/-    70.35265     %    250.0574     +/-    6.318291     % 
   46.69294     +/-    1.188285     % 

  Flux (Part/deg/GeV/cmq/pr):

  0.2165489     +/-    70.35265     %    2.829928     +/-    6.318291     % 
   3.437715     +/-    1.188285     % 

  Energy interval (GeV):  1.9479176E-05  1.8615743E-05

  Flux (Part/sr/GeV/cmq/pr):

   115.8163     +/-    99.00000     %    253.3159     +/-    6.777294     % 
   47.59393     +/-    1.377521     % 

  Flux (Part/deg/GeV/cmq/pr):

  0.1132964     +/-    99.00000     %    2.866805     +/-    6.777294     % 
   3.504050     +/-    1.377521     % 

  Energy interval (GeV):  1.8615743E-05  1.7790582E-05

  Flux (Part/sr/GeV/cmq/pr):

   121.1881     +/-    99.00000     %    215.9790     +/-    7.284649     % 
   49.02298     +/-    1.264146     % 

  Flux (Part/deg/GeV/cmq/pr):

  0.1185513     +/-    99.00000     %    2.444259     +/-    7.284649     % 
   3.609261     +/-    1.264146     % 

  Energy interval (GeV):  1.7790582E-05  1.7001999E-05

  Flux (Part/sr/GeV/cmq/pr):

   126.8090     +/-    99.00000     %    285.3492     +/-    6.444793     % 
   50.05455     +/-    1.407750     % 

  Flux (Part/deg/GeV/cmq/pr):

  0.1240499     +/-    99.00000     %    3.229329     +/-    6.444793     % 
   3.685210     +/-    1.407750     % 

  Energy interval (GeV):  1.7001999E-05  1.6248370E-05

  Flux (Part/sr/GeV/cmq/pr):

   132.6906     +/-    99.00000     %    274.6975     +/-    6.641414     % 
   53.22851     +/-    1.351253     % 

  Flux (Part/deg/GeV/cmq/pr):

  0.1298036     +/-    99.00000     %    3.108782     +/-    6.641414     % 
   3.918889     +/-    1.351253     % 

  Energy interval (GeV):  1.6248370E-05  1.5528147E-05

  Flux (Part/sr/GeV/cmq/pr):

   138.8450     +/-    99.00000     %    282.4395     +/-    6.339844     % 
   53.76868     +/-    1.208937     % 

  Flux (Part/deg/GeV/cmq/pr):

  0.1358241     +/-    99.00000     %    3.196400     +/-    6.339844     % 
   3.958658     +/-    1.208937     % 

  Energy interval (GeV):  1.5528147E-05  1.4839845E-05

  Flux (Part/sr/GeV/cmq/pr):

   581.1398     +/-    49.23660     %    296.8473     +/-    6.681094     % 
   56.64753     +/-    1.442056     % 

  Flux (Part/deg/GeV/cmq/pr):

  0.5684957     +/-    49.23660     %    3.359454     +/-    6.681094     % 
   4.170610     +/-    1.442056     % 

  Energy interval (GeV):  1.4839845E-05  1.4182054E-05

  Flux (Part/sr/GeV/cmq/pr):

   304.0471     +/-    70.35265     %    339.3510     +/-    6.521493     % 
   60.01955     +/-    1.514788     % 

  Flux (Part/deg/GeV/cmq/pr):

  0.2974318     +/-    70.35265     %    3.840473     +/-    6.521493     % 
   4.418871     +/-    1.514788     % 

  Energy interval (GeV):  1.4182054E-05  1.3553424E-05

  Flux (Part/sr/GeV/cmq/pr):

   318.1493     +/-    70.35265     %    294.9544     +/-    6.241083     % 
   62.89277     +/-    1.498262     % 

  Flux (Part/deg/GeV/cmq/pr):

  0.3112272     +/-    70.35265     %    3.338032     +/-    6.241083     % 
   4.630409     +/-    1.498262     % 

  Energy interval (GeV):  1.3553424E-05  1.2952657E-05

  Flux (Part/sr/GeV/cmq/pr):

   166.4528     +/-    99.00000     %    326.6136     +/-    7.968694     % 
   63.99220     +/-    1.474526     % 

  Flux (Part/deg/GeV/cmq/pr):

  0.1628312     +/-    99.00000     %    3.696323     +/-    7.968694     % 
   4.711353     +/-    1.474526     % 

  Energy interval (GeV):  1.2952657E-05  1.2378517E-05

  Flux (Part/sr/GeV/cmq/pr):

   696.6929     +/-    49.23660     %    363.7106     +/-    6.451134     % 
   67.10013     +/-    1.398903     % 

  Flux (Part/deg/GeV/cmq/pr):

  0.6815346     +/-    49.23660     %    4.116154     +/-    6.451134     % 
   4.940171     +/-    1.398903     % 

  Energy interval (GeV):  1.2378517E-05  1.1829828E-05

  Flux (Part/sr/GeV/cmq/pr):

   546.7551     +/-    57.14887     %    349.4120     +/-    6.423212     % 
   70.90013     +/-    1.484125     % 

  Flux (Part/deg/GeV/cmq/pr):

  0.5348591     +/-    57.14887     %    3.954335     +/-    6.423212     % 
   5.219943     +/-    1.484125     % 

  Energy interval (GeV):  1.1829828E-05  1.1305460E-05

  Flux (Part/sr/GeV/cmq/pr):

   762.8195     +/-    49.23660     %    381.0670     +/-    6.702087     % 
   73.37706     +/-    1.496814     % 

  Flux (Part/deg/GeV/cmq/pr):

  0.7462225     +/-    49.23660     %    4.312578     +/-    6.702087     % 
   5.402303     +/-    1.496814     % 

  Energy interval (GeV):  1.1305460E-05  1.0804335E-05

  Flux (Part/sr/GeV/cmq/pr):

   199.5501     +/-    99.00000     %    368.2073     +/-    6.368695     % 
   78.19041     +/-    1.422102     % 

  Flux (Part/deg/GeV/cmq/pr):

  0.1952084     +/-    99.00000     %    4.167044     +/-    6.368695     % 
   5.756681     +/-    1.422102     % 

  Energy interval (GeV):  1.0804335E-05  1.0325423E-05

  Flux (Part/sr/GeV/cmq/pr):

   208.8056     +/-    99.00000     %    404.0799     +/-    7.100923     % 
   80.15721     +/-    1.333729     % 

  Flux (Part/deg/GeV/cmq/pr):

  0.2042625     +/-    99.00000     %    4.573018     +/-    7.100923     % 
   5.901484     +/-    1.333729     % 

  Energy interval (GeV):  1.0325423E-05  9.8677401E-06

  Flux (Part/sr/GeV/cmq/pr):

   873.9617     +/-    49.23660     %    426.7551     +/-    6.745330     % 
   84.83994     +/-    1.350864     % 

  Flux (Part/deg/GeV/cmq/pr):

  0.8549465     +/-    49.23660     %    4.829635     +/-    6.745330     % 
   6.246245     +/-    1.350864     % 

  Energy interval (GeV):  9.8677401E-06  9.4303432E-06

  Flux (Part/sr/GeV/cmq/pr):

   0.000000     +/-    0.000000     %    458.8958     +/-    7.429000     % 
   84.22241     +/-    1.518082     % 

  Flux (Part/deg/GeV/cmq/pr):

   0.000000     +/-    0.000000     %    5.193375     +/-    7.429000     % 
   6.200780     +/-    1.518082     % 

  Energy interval (GeV):  9.4303432E-06  9.0123340E-06

  Flux (Part/sr/GeV/cmq/pr):

   717.6852     +/-    57.14887     %    450.0344     +/-    7.904434     % 
   90.66433     +/-    1.331121     % 

  Flux (Part/deg/GeV/cmq/pr):

  0.7020703     +/-    57.14887     %    5.093089     +/-    7.904434     % 
   6.675059     +/-    1.331121     % 

  Energy interval (GeV):  9.0123340E-06  8.6128539E-06

  Flux (Part/sr/GeV/cmq/pr):

   500.6486     +/-    70.35265     %    495.6924     +/-    6.714081     % 
   91.09081     +/-    1.501752     % 

  Flux (Part/deg/GeV/cmq/pr):

  0.4897557     +/-    70.35265     %    5.609807     +/-    6.714081     % 
   6.706458     +/-    1.501752     % 

  Energy interval (GeV):  8.6128539E-06  8.2310817E-06

  Flux (Part/sr/GeV/cmq/pr):

   523.8695     +/-    70.35265     %    499.8223     +/-    6.370262     % 
   98.36537     +/-    1.520972     % 

  Flux (Part/deg/GeV/cmq/pr):

  0.5124715     +/-    70.35265     %    5.656545     +/-    6.370262     % 
   7.242039     +/-    1.520972     % 

  Energy interval (GeV):  8.2310817E-06  7.8662315E-06

  Flux (Part/sr/GeV/cmq/pr):

   548.1676     +/-    70.35265     %    456.3959     +/-    7.463700     % 
   102.8397     +/-    1.589174     % 

  Flux (Part/deg/GeV/cmq/pr):

  0.5362409     +/-    70.35265     %    5.165083     +/-    7.463700     % 
   7.571457     +/-    1.589174     % 

  Energy interval (GeV):  7.8662315E-06  7.5175544E-06

  Flux (Part/sr/GeV/cmq/pr):

   573.5926     +/-    70.35265     %    518.8672     +/-    6.461473     % 
   107.4254     +/-    1.515885     % 

  Flux (Part/deg/GeV/cmq/pr):

  0.5611127     +/-    70.35265     %    5.872078     +/-    6.461473     % 
   7.909072     +/-    1.515885     % 

  Energy interval (GeV):  7.5175544E-06  7.1843301E-06

  Flux (Part/sr/GeV/cmq/pr):

   900.2953     +/-    57.14887     %    548.3355     +/-    6.510231     % 
   114.4802     +/-    1.401137     % 

  Flux (Part/deg/GeV/cmq/pr):

  0.8807072     +/-    57.14887     %    6.205575     +/-    6.510231     % 
   8.428477     +/-    1.401137     % 

  Energy interval (GeV):  7.1843301E-06  6.8658783E-06

  Flux (Part/sr/GeV/cmq/pr):

   314.0175     +/-    99.00000     %    539.8510     +/-    6.274564     % 
   113.4614     +/-    1.458064     % 

  Flux (Part/deg/GeV/cmq/pr):

  0.3071854     +/-    99.00000     %    6.109555     +/-    6.274564     % 
   8.353468     +/-    1.458064     % 

  Energy interval (GeV):  6.8658783E-06  6.5615427E-06

  Flux (Part/sr/GeV/cmq/pr):

   1314.329     +/-    49.23660     %    570.8054     +/-    7.906240     % 
   124.0270     +/-    1.523035     % 

  Flux (Part/deg/GeV/cmq/pr):

   1.285733     +/-    49.23660     %    6.459868     +/-    7.906240     % 
   9.131345     +/-    1.523035     % 

  Energy interval (GeV):  6.5615427E-06  6.2706963E-06

  Flux (Part/sr/GeV/cmq/pr):

   687.6451     +/-    70.35265     %    683.9325     +/-    6.376331     % 
   122.8503     +/-    1.509490     % 

  Flux (Part/deg/GeV/cmq/pr):

  0.6726837     +/-    70.35265     %    7.740140     +/-    6.376331     % 
   9.044711     +/-    1.509490     % 

  Energy interval (GeV):  6.2706963E-06  5.9927420E-06

  Flux (Part/sr/GeV/cmq/pr):

   0.000000     +/-    0.000000     %    628.2216     +/-    7.246186     % 
   128.9816     +/-    1.411951     % 

  Flux (Part/deg/GeV/cmq/pr):

   0.000000     +/-    0.000000     %    7.109654     +/-    7.246186     % 
   9.496123     +/-    1.411951     % 

  Energy interval (GeV):  5.9927420E-06  5.7271081E-06

  Flux (Part/sr/GeV/cmq/pr):

   376.4565     +/-    99.00000     %    653.9713     +/-    7.591276     % 
   138.6819     +/-    1.674692     % 

  Flux (Part/deg/GeV/cmq/pr):

  0.3682657     +/-    99.00000     %    7.401066     +/-    7.591276     % 
   10.21030     +/-    1.674692     % 

  Energy interval (GeV):  5.7271081E-06  5.4732486E-06

  Flux (Part/sr/GeV/cmq/pr):

   1181.752     +/-    57.14887     %    730.3966     +/-    6.086615     % 
   144.5765     +/-    1.491993     % 

  Flux (Part/deg/GeV/cmq/pr):

   1.156040     +/-    57.14887     %    8.265980     +/-    6.086615     % 
   10.64429     +/-    1.491993     % 

  Energy interval (GeV):  5.4732486E-06  5.2306423E-06

  Flux (Part/sr/GeV/cmq/pr):

   1648.751     +/-    49.23660     %    719.7530     +/-    7.816367     % 
   151.2161     +/-    1.506970     % 

  Flux (Part/deg/GeV/cmq/pr):

   1.612879     +/-    49.23660     %    8.145525     +/-    7.816367     % 
   11.13311     +/-    1.506970     % 

  Energy interval (GeV):  5.2306423E-06  4.9987893E-06

  Flux (Part/sr/GeV/cmq/pr):

   431.3058     +/-    99.00000     %    772.5472     +/-    6.680915     % 
   155.9787     +/-    1.272864     % 

  Flux (Part/deg/GeV/cmq/pr):

  0.4219217     +/-    99.00000     %    8.743003     +/-    6.680915     % 
   11.48376     +/-    1.272864     % 

  Energy interval (GeV):  4.9987893E-06  4.7772132E-06

  Flux (Part/sr/GeV/cmq/pr):

   902.6212     +/-    70.35265     %    877.4369     +/-    6.437912     % 
   163.5032     +/-    1.551988     % 

  Flux (Part/deg/GeV/cmq/pr):

  0.8829825     +/-    70.35265     %    9.930051     +/-    6.437912     % 
   12.03774     +/-    1.551988     % 

  Energy interval (GeV):  4.7772132E-06  4.5654588E-06

  Flux (Part/sr/GeV/cmq/pr):

   472.2432     +/-    99.00000     %    926.6353     +/-    7.888270     % 
   168.5463     +/-    1.284777     % 

  Flux (Part/deg/GeV/cmq/pr):

  0.4619684     +/-    99.00000     %    10.48683     +/-    7.888270     % 
   12.40903     +/-    1.284777     % 

  Energy interval (GeV):  4.5654588E-06  4.3630907E-06

  Flux (Part/sr/GeV/cmq/pr):

   0.000000     +/-    0.000000     %    822.8378     +/-    7.581400     % 
   174.0228     +/-    1.340859     % 

  Flux (Part/deg/GeV/cmq/pr):

   0.000000     +/-    0.000000     %    9.312148     +/-    7.581400     % 
   12.81223     +/-    1.340859     % 

  Energy interval (GeV):  4.3630907E-06  4.1696921E-06

  Flux (Part/sr/GeV/cmq/pr):

   1034.132     +/-    70.35265     %    888.9270     +/-    7.180046     % 
   184.5023     +/-    1.582550     % 

  Flux (Part/deg/GeV/cmq/pr):

   1.011632     +/-    70.35265     %    10.06009     +/-    7.180046     % 
   13.58378     +/-    1.582550     % 

  Energy interval (GeV):  4.1696921E-06  3.9848674E-06

  Flux (Part/sr/GeV/cmq/pr):

   541.0486     +/-    99.00000     %    993.4662     +/-    7.204381     % 
   195.2755     +/-    1.379164     % 

  Flux (Part/deg/GeV/cmq/pr):

  0.5292768     +/-    99.00000     %    11.24317     +/-    7.204381     % 
   14.37694     +/-    1.379164     % 

  Energy interval (GeV):  3.9848674E-06  3.8082346E-06

  Flux (Part/sr/GeV/cmq/pr):

   1698.430     +/-    57.14887     %    1014.066     +/-    7.052377     % 
   201.4689     +/-    1.588312     % 

  Flux (Part/deg/GeV/cmq/pr):

   1.661477     +/-    57.14887     %    11.47630     +/-    7.052377     % 
   14.83292     +/-    1.588312     % 

  Energy interval (GeV):  3.8082346E-06  3.6394310E-06

  Flux (Part/sr/GeV/cmq/pr):

   592.4022     +/-    99.00000     %    1045.104     +/-    7.568244     % 
   205.1054     +/-    1.479376     % 

  Flux (Part/deg/GeV/cmq/pr):

  0.5795131     +/-    99.00000     %    11.82756     +/-    7.568244     % 
   15.10065     +/-    1.479376     % 

  Energy interval (GeV):  3.6394310E-06  3.4781096E-06

  Flux (Part/sr/GeV/cmq/pr):

   1859.637     +/-    57.14887     %    1216.326     +/-    7.473182     % 
   219.0483     +/-    1.581998     % 

  Flux (Part/deg/GeV/cmq/pr):

   1.819176     +/-    57.14887     %    13.76530     +/-    7.473182     % 
   16.12719     +/-    1.581998     % 

  Energy interval (GeV):  3.4781096E-06  3.3239392E-06

  Flux (Part/sr/GeV/cmq/pr):

   1945.890     +/-    57.14887     %    1132.623     +/-    7.283131     % 
   226.2396     +/-    1.541755     % 

  Flux (Part/deg/GeV/cmq/pr):

   1.903553     +/-    57.14887     %    12.81802     +/-    7.283131     % 
   16.65663     +/-    1.541755     % 

  Energy interval (GeV):  3.3239392E-06  3.1766026E-06

  Flux (Part/sr/GeV/cmq/pr):

   2036.144     +/-    57.14887     %    1374.537     +/-    6.843884     % 
   240.2208     +/-    1.496743     % 

  Flux (Part/deg/GeV/cmq/pr):

   1.991843     +/-    57.14887     %    15.55579     +/-    6.843884     % 
   17.68598     +/-    1.496743     % 

  Energy interval (GeV):  3.1766026E-06  3.0357969E-06

  Flux (Part/sr/GeV/cmq/pr):

   0.000000     +/-    0.000000     %    1201.772     +/-    7.418355     % 
   249.5379     +/-    1.530412     % 

  Flux (Part/deg/GeV/cmq/pr):

   0.000000     +/-    0.000000     %    13.60058     +/-    7.418355     % 
   18.37194     +/-    1.530412     % 

  Energy interval (GeV):  3.0357969E-06  2.9012324E-06

  Flux (Part/sr/GeV/cmq/pr):

   2229.405     +/-    57.14887     %    1324.401     +/-    6.539114     % 
   258.9041     +/-    1.337000     % 

  Flux (Part/deg/GeV/cmq/pr):

   2.180899     +/-    57.14887     %    14.98839     +/-    6.539114     % 
   19.06153     +/-    1.337000     % 

  Energy interval (GeV):  2.9012324E-06  2.7726326E-06

  Flux (Part/sr/GeV/cmq/pr):

   0.000000     +/-    0.000000     %    1371.831     +/-    7.175911     % 
   275.8451     +/-    1.542349     % 

  Flux (Part/deg/GeV/cmq/pr):

   0.000000     +/-    0.000000     %    15.52516     +/-    7.175911     % 
   20.30878     +/-    1.542349     % 

  Energy interval (GeV):  2.7726326E-06  2.6497330E-06

  Flux (Part/sr/GeV/cmq/pr):

   4068.348     +/-    43.80858     %    1457.430     +/-    7.160058     % 
   288.3780     +/-    1.598406     % 

  Flux (Part/deg/GeV/cmq/pr):

   3.979831     +/-    43.80858     %    16.49390     +/-    7.160058     % 
   21.23150     +/-    1.598406     % 

  Energy interval (GeV):  2.6497330E-06  2.5322811E-06

  Flux (Part/sr/GeV/cmq/pr):

   3405.636     +/-    49.23660     %    1540.355     +/-    7.088814     % 
   287.3973     +/-    1.714936     % 

  Flux (Part/deg/GeV/cmq/pr):

   3.331538     +/-    49.23660     %    17.43237     +/-    7.088814     % 
   21.15930     +/-    1.714936     % 

  Energy interval (GeV):  2.5322811E-06  2.4200353E-06

  Flux (Part/sr/GeV/cmq/pr):

   1781.798     +/-    70.35265     %    1507.554     +/-    7.608541     % 
   319.1115     +/-    1.677465     % 

  Flux (Part/deg/GeV/cmq/pr):

   1.743031     +/-    70.35265     %    17.06116     +/-    7.608541     % 
   23.49422     +/-    1.677465     % 

  Energy interval (GeV):  2.4200353E-06  2.3127652E-06

  Flux (Part/sr/GeV/cmq/pr):

   3728.882     +/-    49.23660     %    1644.604     +/-    7.498438     % 
   319.7655     +/-    1.414735     % 

  Flux (Part/deg/GeV/cmq/pr):

   3.647751     +/-    49.23660     %    18.61217     +/-    7.498438     % 
   23.54237     +/-    1.414735     % 

  Energy interval (GeV):  2.3127652E-06  2.2102497E-06

  Flux (Part/sr/GeV/cmq/pr):

   1950.917     +/-    70.35265     %    1852.584     +/-    7.677347     % 
   340.7060     +/-    1.426306     % 

  Flux (Part/deg/GeV/cmq/pr):

   1.908470     +/-    70.35265     %    20.96590     +/-    7.677347     % 
   25.08410     +/-    1.426306     % 

  Energy interval (GeV):  2.2102497E-06  2.1122783E-06

  Flux (Part/sr/GeV/cmq/pr):

   6124.213     +/-    39.78054     %    1791.514     +/-    6.852160     % 
   352.3288     +/-    1.569141     % 

  Flux (Part/deg/GeV/cmq/pr):

   5.990966     +/-    39.78054     %    20.27477     +/-    6.852160     % 
   25.93981     +/-    1.569141     % 

  Energy interval (GeV):  2.1122783E-06  2.0186496E-06

  Flux (Part/sr/GeV/cmq/pr):

   0.000000     +/-    0.000000     %    1701.567     +/-    8.300831     % 
   374.2447     +/-    1.484160     % 

  Flux (Part/deg/GeV/cmq/pr):

   0.000000     +/-    0.000000     %    19.25683     +/-    8.300831     % 
   27.55334     +/-    1.484160     % 

  Energy interval (GeV):  2.0186496E-06  1.9291713E-06

  Flux (Part/sr/GeV/cmq/pr):

   0.000000     +/-    0.000000     %    2021.911     +/-    6.383617     % 
   376.1685     +/-    1.512024     % 

  Flux (Part/deg/GeV/cmq/pr):

   0.000000     +/-    0.000000     %    22.88220     +/-    6.383617     % 
   27.69498     +/-    1.512024     % 

  Energy interval (GeV):  1.9291713E-06  1.8436592E-06

  Flux (Part/sr/GeV/cmq/pr):

   4677.670     +/-    49.23660     %    2273.579     +/-    6.056708     % 
   406.1981     +/-    1.449983     % 

  Flux (Part/deg/GeV/cmq/pr):

   4.575896     +/-    49.23660     %    25.73034     +/-    6.056708     % 
   29.90587     +/-    1.449983     % 

  Energy interval (GeV):  1.8436592E-06  1.7619371E-06

  Flux (Part/sr/GeV/cmq/pr):

   1223.657     +/-    99.00000     %    2334.975     +/-    6.440437     % 
   425.2348     +/-    1.345292     % 

  Flux (Part/deg/GeV/cmq/pr):

   1.197034     +/-    99.00000     %    26.42518     +/-    6.440437     % 
   31.30743     +/-    1.345292     % 

  Energy interval (GeV):  1.7619371E-06  1.6838376E-06

  Flux (Part/sr/GeV/cmq/pr):

   1280.413     +/-    99.00000     %    2097.529     +/-    7.863251     % 
   427.5832     +/-    1.646119     % 

  Flux (Part/deg/GeV/cmq/pr):

   1.252554     +/-    99.00000     %    23.73797     +/-    7.863251     % 
   31.48033     +/-    1.646119     % 

  Energy interval (GeV):  1.6838376E-06  1.6092000E-06

  Flux (Part/sr/GeV/cmq/pr):

   2679.602     +/-    70.35265     %    2363.649     +/-    6.482896     % 
   464.9504     +/-    1.670596     % 

  Flux (Part/deg/GeV/cmq/pr):

   2.621300     +/-    70.35265     %    26.74968     +/-    6.482896     % 
   34.23145     +/-    1.670596     % 

  Energy interval (GeV):  1.6092000E-06  1.5378707E-06

  Flux (Part/sr/GeV/cmq/pr):

   2803.886     +/-    70.35265     %    2536.373     +/-    6.652130     % 
   482.5758     +/-    1.449981     % 

  Flux (Part/deg/GeV/cmq/pr):

   2.742881     +/-    70.35265     %    28.70442     +/-    6.652130     % 
   35.52910     +/-    1.449981     % 

  Energy interval (GeV):  1.5378707E-06  1.4697033E-06

  Flux (Part/sr/GeV/cmq/pr):

   1466.968     +/-    99.00000     %    2548.382     +/-    7.447017     % 
   510.8480     +/-    1.588583     % 

  Flux (Part/deg/GeV/cmq/pr):

   1.435050     +/-    99.00000     %    28.84032     +/-    7.447017     % 
   37.61061     +/-    1.588583     % 

  Energy interval (GeV):  1.4697033E-06  1.4045572E-06

  Flux (Part/sr/GeV/cmq/pr):

   4605.026     +/-    57.14887     %    2777.113     +/-    6.689609     % 
   531.3376     +/-    1.498920     % 

  Flux (Part/deg/GeV/cmq/pr):

   4.504832     +/-    57.14887     %    31.42889     +/-    6.689609     % 
   39.11913     +/-    1.498920     % 

  Energy interval (GeV):  1.4045572E-06  1.3422990E-06

  Flux (Part/sr/GeV/cmq/pr):

   4818.615     +/-    57.14887     %    2414.372     +/-    8.341438     % 
   548.7598     +/-    1.648130     % 

  Flux (Part/deg/GeV/cmq/pr):

   4.713775     +/-    57.14887     %    27.32371     +/-    8.341438     % 
   40.40182     +/-    1.648130     % 

  Energy interval (GeV):  1.3422990E-06  1.2828003E-06

  Flux (Part/sr/GeV/cmq/pr):

   5042.112     +/-    57.14887     %    3509.666     +/-    7.399584     % 
   593.5101     +/-    1.466453     % 

  Flux (Part/deg/GeV/cmq/pr):

   4.932408     +/-    57.14887     %    39.71928     +/-    7.399584     % 
   43.69651     +/-    1.466453     % 

  Energy interval (GeV):  1.2828003E-06  1.2259391E-06

  Flux (Part/sr/GeV/cmq/pr):

   1758.658     +/-    99.00000     %    2912.634     +/-    7.557548     % 
   595.7617     +/-    1.656832     % 

  Flux (Part/deg/GeV/cmq/pr):

   1.720394     +/-    99.00000     %    32.96260     +/-    7.557548     % 
   43.86229     +/-    1.656832     % 

  Energy interval (GeV):  1.2259391E-06  1.1715981E-06

  Flux (Part/sr/GeV/cmq/pr):

   1840.228     +/-    99.00000     %    3246.492     +/-    7.285007     % 
   629.6002     +/-    1.739331     % 

  Flux (Part/deg/GeV/cmq/pr):

   1.800189     +/-    99.00000     %    36.74091     +/-    7.285007     % 
   46.35360     +/-    1.739331     % 

  Energy interval (GeV):  1.1715981E-06  1.1196661E-06

  Flux (Part/sr/GeV/cmq/pr):

   0.000000     +/-    0.000000     %    3171.754     +/-    7.769011     % 
   650.9169     +/-    1.546939     % 

  Flux (Part/deg/GeV/cmq/pr):

   0.000000     +/-    0.000000     %    35.89509     +/-    7.769011     % 
   47.92303     +/-    1.546939     % 

  Energy interval (GeV):  1.1196661E-06  1.0700358E-06

  Flux (Part/sr/GeV/cmq/pr):

   2014.893     +/-    99.00000     %    3663.448     +/-    7.243659     % 
   682.8873     +/-    1.486310     % 

  Flux (Part/deg/GeV/cmq/pr):

   1.971054     +/-    99.00000     %    41.45964     +/-    7.243659     % 
   50.27681     +/-    1.486310     % 

  Energy interval (GeV):  1.0700358E-06  1.0226056E-06

  Flux (Part/sr/GeV/cmq/pr):

   4216.695     +/-    70.35265     %    3681.549     +/-    6.943560     % 
   705.7579     +/-    1.730937     % 

  Flux (Part/deg/GeV/cmq/pr):

   4.124950     +/-    70.35265     %    41.66450     +/-    6.943560     % 
   51.96063     +/-    1.730937     % 

  Energy interval (GeV):  1.0226056E-06  9.7727752E-07

  Flux (Part/sr/GeV/cmq/pr):

   2206.136     +/-    99.00000     %    3991.306     +/-    7.399434     % 
   758.1547     +/-    1.430295     % 

  Flux (Part/deg/GeV/cmq/pr):

   2.158137     +/-    99.00000     %    45.17006     +/-    7.399434     % 
   55.81828     +/-    1.430295     % 

  Energy interval (GeV):  9.7727752E-07  9.3395880E-07

  Flux (Part/sr/GeV/cmq/pr):

   2308.461     +/-    99.00000     %    3594.639     +/-    7.433167     % 
   764.5893     +/-    1.445282     % 

  Flux (Part/deg/GeV/cmq/pr):

   2.258235     +/-    99.00000     %    40.68093     +/-    7.433167     % 
   56.29202     +/-    1.445282     % 

  Energy interval (GeV):  9.3395880E-07  8.9256031E-07

  Flux (Part/sr/GeV/cmq/pr):

   7246.596     +/-    57.14887     %    4283.173     +/-    7.852499     % 
   828.9512     +/-    1.500414     % 

  Flux (Part/deg/GeV/cmq/pr):

   7.088928     +/-    57.14887     %    48.47315     +/-    7.852499     % 
   61.03060     +/-    1.500414     % 

  Energy interval (GeV):  8.9256031E-07  8.5299678E-07

  Flux (Part/sr/GeV/cmq/pr):

   0.000000     +/-    0.000000     %    3822.072     +/-    7.840326     % 
   853.1932     +/-    1.611503     % 

  Flux (Part/deg/GeV/cmq/pr):

   0.000000     +/-    0.000000     %    43.25482     +/-    7.840326     % 
   62.81538     +/-    1.611503     % 

  Energy interval (GeV):  8.5299678E-07  8.1518675E-07

  Flux (Part/sr/GeV/cmq/pr):

   0.000000     +/-    0.000000     %    4665.904     +/-    7.602907     % 
   880.8736     +/-    1.624812     % 

  Flux (Part/deg/GeV/cmq/pr):

   0.000000     +/-    0.000000     %    52.80456     +/-    7.602907     % 
   64.85332     +/-    1.624812     % 

  Energy interval (GeV):  8.1518675E-07  7.7905287E-07

  Flux (Part/sr/GeV/cmq/pr):

   5534.946     +/-    70.35265     %    5031.776     +/-    5.715473     % 
   907.7309     +/-    1.562783     % 

  Flux (Part/deg/GeV/cmq/pr):

   5.414519     +/-    70.35265     %    56.94518     +/-    5.715473     % 
   66.83066     +/-    1.562783     % 

  Energy interval (GeV):  7.7905287E-07  7.4452066E-07

  Flux (Part/sr/GeV/cmq/pr):

   0.000000     +/-    0.000000     %    4613.531     +/-    7.611938     % 
   951.6932     +/-    1.487661     % 

  Flux (Part/deg/GeV/cmq/pr):

   0.000000     +/-    0.000000     %    52.21185     +/-    7.611938     % 
   70.06734     +/-    1.487661     % 

  Energy interval (GeV):  7.4452066E-07  7.1151919E-07

  Flux (Part/sr/GeV/cmq/pr):

   12120.59     +/-    49.23660     %    5072.982     +/-    7.831059     % 
   1007.270     +/-    1.679455     % 

  Flux (Part/deg/GeV/cmq/pr):

   11.85688     +/-    49.23660     %    57.41150     +/-    7.831059     % 
   74.15910     +/-    1.679455     % 

  Energy interval (GeV):  7.1151919E-07  6.7998036E-07

  Flux (Part/sr/GeV/cmq/pr):

   0.000000     +/-    0.000000     %    5764.902     +/-    7.739320     % 
   1059.080     +/-    1.353798     % 

  Flux (Part/deg/GeV/cmq/pr):

   0.000000     +/-    0.000000     %    65.24204     +/-    7.739320     % 
   77.97360     +/-    1.353798     % 

  Energy interval (GeV):  6.7998036E-07  6.4983965E-07

  Flux (Part/sr/GeV/cmq/pr):

   0.000000     +/-    0.000000     %    5494.758     +/-    8.309670     % 
   1130.047     +/-    1.601721     % 

  Flux (Part/deg/GeV/cmq/pr):

   0.000000     +/-    0.000000     %    62.18479     +/-    8.309670     % 
   83.19843     +/-    1.601721     % 

  Energy interval (GeV):  6.4983965E-07  6.2103487E-07

  Flux (Part/sr/GeV/cmq/pr):

   6943.274     +/-    70.35265     %    6062.094     +/-    6.208953     % 
   1147.896     +/-    1.640611     % 

  Flux (Part/deg/GeV/cmq/pr):

   6.792207     +/-    70.35265     %    68.60540     +/-    6.208953     % 
   84.51251     +/-    1.640611     % 

  Energy interval (GeV):  6.2103487E-07  5.9350691E-07

  Flux (Part/sr/GeV/cmq/pr):

   3632.658     +/-    99.00000     %    6604.843     +/-    6.929264     % 
   1205.221     +/-    1.704324     % 

  Flux (Part/deg/GeV/cmq/pr):

   3.553621     +/-    99.00000     %    74.74775     +/-    6.929264     % 
   88.73300     +/-    1.704324     % 

  Energy interval (GeV):  5.9350691E-07  5.6719921E-07

  Flux (Part/sr/GeV/cmq/pr):

   0.000000     +/-    0.000000     %    7013.830     +/-    6.980861     % 
   1299.577     +/-    1.546050     % 

  Flux (Part/deg/GeV/cmq/pr):

   0.000000     +/-    0.000000     %    79.37630     +/-    6.980861     % 
   95.67990     +/-    1.546050     % 

  Energy interval (GeV):  5.6719921E-07  5.4205759E-07

  Flux (Part/sr/GeV/cmq/pr):

   3977.452     +/-    99.00000     %    6658.931     +/-    7.004478     % 
   1356.980     +/-    1.504741     % 

  Flux (Part/deg/GeV/cmq/pr):

   3.890913     +/-    99.00000     %    75.35986     +/-    7.004478     % 
   99.90610     +/-    1.504741     % 

  Energy interval (GeV):  5.4205759E-07  5.1803039E-07

  Flux (Part/sr/GeV/cmq/pr):

   0.000000     +/-    0.000000     %    8353.849     +/-    6.207585     % 
   1399.534     +/-    1.528839     % 

  Flux (Part/deg/GeV/cmq/pr):

   0.000000     +/-    0.000000     %    94.54144     +/-    6.207585     % 
   103.0391     +/-    1.528839     % 

  Energy interval (GeV):  5.1803039E-07  4.9506826E-07

  Flux (Part/sr/GeV/cmq/pr):

   8709.943     +/-    70.35265     %    6820.578     +/-    7.469701     % 
   1490.323     +/-    1.569456     % 

  Flux (Part/deg/GeV/cmq/pr):

   8.520437     +/-    70.35265     %    77.18925     +/-    7.469701     % 
   109.7234     +/-    1.569456     % 

  Energy interval (GeV):  4.9506826E-07  4.7312383E-07

  Flux (Part/sr/GeV/cmq/pr):

   9113.926     +/-    70.35265     %    8859.637     +/-    7.139516     % 
   1525.785     +/-    1.497213     % 

  Flux (Part/deg/GeV/cmq/pr):

   8.915630     +/-    70.35265     %    100.2655     +/-    7.139516     % 
   112.3342     +/-    1.497213     % 

  Energy interval (GeV):  4.7312383E-07  4.5215219E-07

  Flux (Part/sr/GeV/cmq/pr):

   4768.323     +/-    99.00000     %    7940.065     +/-    8.839520     % 
   1614.165     +/-    1.448763     % 

  Flux (Part/deg/GeV/cmq/pr):

   4.664577     +/-    99.00000     %    89.85860     +/-    8.839520     % 
   118.8411     +/-    1.448763     % 

  Energy interval (GeV):  4.5215219E-07  4.3211014E-07

  Flux (Part/sr/GeV/cmq/pr):

   4989.487     +/-    99.00000     %    8667.619     +/-    7.483343     % 
   1726.291     +/-    1.531633     % 

  Flux (Part/deg/GeV/cmq/pr):

   4.880929     +/-    99.00000     %    98.09242     +/-    7.483343     % 
   127.0963     +/-    1.531633     % 

  Energy interval (GeV):  4.3211014E-07  4.1295652E-07

  Flux (Part/sr/GeV/cmq/pr):

   5220.909     +/-    99.00000     %    10573.41     +/-    7.240545     % 
   1711.200     +/-    1.482344     % 

  Flux (Part/deg/GeV/cmq/pr):

   5.107315     +/-    99.00000     %    119.6605     +/-    7.240545     % 
   125.9852     +/-    1.482344     % 

  Energy interval (GeV):  4.1295652E-07  3.9465178E-07

  Flux (Part/sr/GeV/cmq/pr):

   21852.26     +/-    49.23660     %    9342.789     +/-    7.683693     % 
   1800.658     +/-    1.635942     % 

  Flux (Part/deg/GeV/cmq/pr):

   21.37681     +/-    49.23660     %    105.7334     +/-    7.683693     % 
   132.5714     +/-    1.635942     % 

  Energy interval (GeV):  3.9465178E-07  3.7715850E-07

  Flux (Part/sr/GeV/cmq/pr):

   0.000000     +/-    0.000000     %    9518.857     +/-    6.625813     % 
   1837.817     +/-    1.618925     % 

  Flux (Part/deg/GeV/cmq/pr):

   0.000000     +/-    0.000000     %    107.7260     +/-    6.625813     % 
   135.3072     +/-    1.618925     % 

  Energy interval (GeV):  3.7715850E-07  3.6044062E-07

  Flux (Part/sr/GeV/cmq/pr):

   23926.36     +/-    49.23660     %    7699.089     +/-    8.507070     % 
   2030.642     +/-    1.466145     % 

  Flux (Part/deg/GeV/cmq/pr):

   23.40579     +/-    49.23660     %    87.13145     +/-    8.507070     % 
   149.5037     +/-    1.466145     % 

  Energy interval (GeV):  3.6044062E-07  3.4446376E-07

  Flux (Part/sr/GeV/cmq/pr):

   12518.05     +/-    70.35265     %    11211.06     +/-    7.541748     % 
   2125.832     +/-    1.515977     % 

  Flux (Part/deg/GeV/cmq/pr):

   12.24569     +/-    70.35265     %    126.8768     +/-    7.541748     % 
   156.5120     +/-    1.515977     % 

  Energy interval (GeV):  3.4446376E-07  3.2919510E-07

  Flux (Part/sr/GeV/cmq/pr):

   6549.333     +/-    99.00000     %    11082.60     +/-    8.011074     % 
   2213.389     +/-    1.642610     % 

  Flux (Part/deg/GeV/cmq/pr):

   6.406837     +/-    99.00000     %    125.4230     +/-    8.011074     % 
   162.9583     +/-    1.642610     % 

  Energy interval (GeV):  3.2919510E-07  3.1460320E-07

  Flux (Part/sr/GeV/cmq/pr):

   0.000000     +/-    0.000000     %    12275.15     +/-    7.052377     % 
   2286.886     +/-    1.684249     % 

  Flux (Part/deg/GeV/cmq/pr):

   0.000000     +/-    0.000000     %    138.9193     +/-    7.052377     % 
   168.3694     +/-    1.684249     % 

  Energy interval (GeV):  3.1460320E-07  3.0065814E-07

  Flux (Part/sr/GeV/cmq/pr):

   7170.962     +/-    99.00000     %    12199.05     +/-    7.364336     % 
   2360.712     +/-    1.651318     % 

  Flux (Part/deg/GeV/cmq/pr):

   7.014941     +/-    99.00000     %    138.0580     +/-    7.364336     % 
   173.8048     +/-    1.651318     % 

  Energy interval (GeV):  3.0065814E-07  2.8733120E-07

  Flux (Part/sr/GeV/cmq/pr):

   7503.565     +/-    99.00000     %    11481.62     +/-    8.041172     % 
   2455.144     +/-    1.542357     % 

  Flux (Part/deg/GeV/cmq/pr):

   7.340307     +/-    99.00000     %    129.9388     +/-    8.041172     % 
   180.7572     +/-    1.542357     % 

  Energy interval (GeV):  2.8733120E-07  2.7459495E-07

  Flux (Part/sr/GeV/cmq/pr):

   23554.78     +/-    57.14887     %    12508.86     +/-    7.220671     % 
   2567.757     +/-    1.410554     % 

  Flux (Part/deg/GeV/cmq/pr):

   23.04229     +/-    57.14887     %    141.5642     +/-    7.220671     % 
   189.0482     +/-    1.410554     % 

  Energy interval (GeV):  2.7459495E-07  2.6242330E-07

  Flux (Part/sr/GeV/cmq/pr):

   0.000000     +/-    0.000000     %    14494.08     +/-    7.027816     % 
   2735.011     +/-    1.534072     % 

  Flux (Part/deg/GeV/cmq/pr):

   0.000000     +/-    0.000000     %    164.0312     +/-    7.027816     % 
   201.3621     +/-    1.534072     % 

  Energy interval (GeV):  2.6242330E-07  2.5079115E-07

  Flux (Part/sr/GeV/cmq/pr):

   34387.31     +/-    49.23660     %    15243.73     +/-    7.158962     % 
   2792.839     +/-    1.556208     % 

  Flux (Part/deg/GeV/cmq/pr):

   33.63913     +/-    49.23660     %    172.5149     +/-    7.158962     % 
   205.6196     +/-    1.556208     % 

  Energy interval (GeV):  2.5079115E-07  2.3967459E-07

  Flux (Part/sr/GeV/cmq/pr):

   17991.13     +/-    70.35265     %    15141.07     +/-    7.236885     % 
   2995.327     +/-    1.549337     % 

  Flux (Part/deg/GeV/cmq/pr):

   17.59969     +/-    70.35265     %    171.3532     +/-    7.236885     % 
   220.5275     +/-    1.549337     % 

  Energy interval (GeV):  2.3967459E-07  2.2905080E-07

  Flux (Part/sr/GeV/cmq/pr):

   18825.59     +/-    70.35265     %    16012.79     +/-    6.594542     % 
   3107.047     +/-    1.595993     % 

  Flux (Part/deg/GeV/cmq/pr):

   18.41599     +/-    70.35265     %    181.2186     +/-    6.594542     % 
   228.7528     +/-    1.595993     % 

  Energy interval (GeV):  2.2905080E-07  2.1889790E-07

  Flux (Part/sr/GeV/cmq/pr):

   19698.76     +/-    70.35265     %    16489.54     +/-    7.831058     % 
   3252.739     +/-    1.542992     % 

  Flux (Part/deg/GeV/cmq/pr):

   19.27016     +/-    70.35265     %    186.6139     +/-    7.831058     % 
   239.4792     +/-    1.542992     % 

  Energy interval (GeV):  2.1889790E-07  2.0919506E-07

  Flux (Part/sr/GeV/cmq/pr):

   20612.42     +/-    70.35265     %    17161.58     +/-    8.180584     % 
   3373.816     +/-    1.523949     % 

  Flux (Part/deg/GeV/cmq/pr):

   20.16395     +/-    70.35265     %    194.2196     +/-    8.180584     % 
   248.3934     +/-    1.523949     % 

  Energy interval (GeV):  2.0919506E-07  1.9992231E-07

  Flux (Part/sr/GeV/cmq/pr):

   10784.23     +/-    99.00000     %    19219.45     +/-    7.032708     % 
   3579.657     +/-    1.637094     % 

  Flux (Part/deg/GeV/cmq/pr):

   10.54960     +/-    99.00000     %    217.5087     +/-    7.032708     % 
   263.5482     +/-    1.637094     % 

  Energy interval (GeV):  1.9992231E-07  1.9106052E-07

  Flux (Part/sr/GeV/cmq/pr):

   0.000000     +/-    0.000000     %    20212.46     +/-    7.124345     % 
   3660.518     +/-    1.552384     % 

  Flux (Part/deg/GeV/cmq/pr):

   0.000000     +/-    0.000000     %    228.7466     +/-    7.124345     % 
   269.5015     +/-    1.552384     % 

  Energy interval (GeV):  1.9106052E-07  1.8259159E-07

  Flux (Part/sr/GeV/cmq/pr):

   23615.63     +/-    70.35265     %    17536.39     +/-    7.226411     % 
   3945.967     +/-    1.554416     % 

  Flux (Part/deg/GeV/cmq/pr):

   23.10182     +/-    70.35265     %    198.4613     +/-    7.226411     % 
   290.5173     +/-    1.554416     % 

  Energy interval (GeV):  1.8259159E-07  1.7449807E-07

  Flux (Part/sr/GeV/cmq/pr):

   12355.49     +/-    99.00000     %    19906.71     +/-    7.503397     % 
   4124.027     +/-    1.741837     % 

  Flux (Part/deg/GeV/cmq/pr):

   12.08666     +/-    99.00000     %    225.2865     +/-    7.503397     % 
   303.6269     +/-    1.741837     % 

  Energy interval (GeV):  1.7449807E-07  1.6676329E-07

  Flux (Part/sr/GeV/cmq/pr):

   0.000000     +/-    0.000000     %    21644.60     +/-    7.487991     % 
   4247.832     +/-    1.521469     % 

  Flux (Part/deg/GeV/cmq/pr):

   0.000000     +/-    0.000000     %    244.9544     +/-    7.487991     % 
   312.7419     +/-    1.521469     % 

  Energy interval (GeV):  1.6676329E-07  1.5937135E-07

  Flux (Part/sr/GeV/cmq/pr):

   54112.82     +/-    49.23660     %    19847.89     +/-    7.381303     % 
   4366.646     +/-    1.594974     % 

  Flux (Part/deg/GeV/cmq/pr):

   52.93547     +/-    49.23660     %    224.6208     +/-    7.381303     % 
   321.4893     +/-    1.594974     % 

  Energy interval (GeV):  1.5937135E-07  1.5230707E-07

  Flux (Part/sr/GeV/cmq/pr):

   42467.01     +/-    57.14887     %    22934.51     +/-    6.838416     % 
   4678.293     +/-    1.604428     % 

  Flux (Part/deg/GeV/cmq/pr):

   41.54303     +/-    57.14887     %    259.5525     +/-    6.838416     % 
   344.4341     +/-    1.604428     % 

  Energy interval (GeV):  1.5230707E-07  1.4555592E-07

  Flux (Part/sr/GeV/cmq/pr):

   14812.24     +/-    99.00000     %    26398.08     +/-    6.215913     % 
   4907.175     +/-    1.615263     % 

  Flux (Part/deg/GeV/cmq/pr):

   14.48996     +/-    99.00000     %    298.7501     +/-    6.215913     % 
   361.2852     +/-    1.615263     % 

  Energy interval (GeV):  1.4555592E-07  1.3910402E-07

  Flux (Part/sr/GeV/cmq/pr):

   30998.51     +/-    70.35265     %    27482.97     +/-    7.302940     % 
   4966.772     +/-    1.808278     % 

  Flux (Part/deg/GeV/cmq/pr):

   30.32406     +/-    70.35265     %    311.0278     +/-    7.302940     % 
   365.6730     +/-    1.808278     % 

  Energy interval (GeV):  1.3910402E-07  1.3293810E-07

  Flux (Part/sr/GeV/cmq/pr):

   32436.28     +/-    70.35265     %    24670.29     +/-    7.694147     % 
   5234.904     +/-    1.655357     % 

  Flux (Part/deg/GeV/cmq/pr):

   31.73055     +/-    70.35265     %    279.1965     +/-    7.694147     % 
   385.4139     +/-    1.655357     % 

  Energy interval (GeV):  1.3293810E-07  1.2704550E-07

  Flux (Part/sr/GeV/cmq/pr):

   50911.09     +/-    57.14887     %    26120.05     +/-    7.494337     % 
   5581.268     +/-    1.626094     % 

  Flux (Part/deg/GeV/cmq/pr):

   49.80340     +/-    57.14887     %    295.6035     +/-    7.494337     % 
   410.9145     +/-    1.626094     % 

  Energy interval (GeV):  1.2704550E-07  1.2141410E-07

  Flux (Part/sr/GeV/cmq/pr):

   35514.96     +/-    70.35265     %    31007.71     +/-    7.356462     % 
   5637.671     +/-    1.569943     % 

  Flux (Part/deg/GeV/cmq/pr):

   34.74225     +/-    70.35265     %    350.9178     +/-    7.356462     % 
   415.0672     +/-    1.569943     % 

  Energy interval (GeV):  1.2141410E-07  1.1603230E-07

  Flux (Part/sr/GeV/cmq/pr):

   18581.11     +/-    99.00000     %    31442.43     +/-    7.143592     % 
   5967.787     +/-    1.472818     % 

  Flux (Part/deg/GeV/cmq/pr):

   18.17683     +/-    99.00000     %    355.8375     +/-    7.143592     % 
   439.3716     +/-    1.472818     % 

  Energy interval (GeV):  1.1603230E-07  1.1088906E-07

  Flux (Part/sr/GeV/cmq/pr):

   38885.86     +/-    70.35265     %    33250.79     +/-    6.997579     % 
   6278.929     +/-    1.499552     % 

  Flux (Part/deg/GeV/cmq/pr):

   38.03981     +/-    70.35265     %    376.3029     +/-    6.997579     % 
   462.2790     +/-    1.499552     % 

  Energy interval (GeV):  1.1088906E-07  1.0597381E-07

  Flux (Part/sr/GeV/cmq/pr):

   81378.93     +/-    49.23660     %    34426.79     +/-    6.515916     % 
   6664.903     +/-    1.615312     % 

  Flux (Part/deg/GeV/cmq/pr):

   79.60834     +/-    49.23660     %    389.6118     +/-    6.515916     % 
   490.6960     +/-    1.615312     % 

  Energy interval (GeV):  1.0597381E-07  1.0127643E-07

  Flux (Part/sr/GeV/cmq/pr):

   21288.36     +/-    99.00000     %    35448.72     +/-    7.303816     % 
   6753.531     +/-    1.496928     % 

  Flux (Part/deg/GeV/cmq/pr):

   20.82518     +/-    99.00000     %    401.1771     +/-    7.303816     % 
   497.2211     +/-    1.496928     % 

  Energy interval (GeV):  1.0127643E-07  9.6787254E-08

  Flux (Part/sr/GeV/cmq/pr):

   0.000000     +/-    0.000000     %    39899.92     +/-    6.794486     % 
   7315.388     +/-    1.575936     % 

  Flux (Part/deg/GeV/cmq/pr):

   0.000000     +/-    0.000000     %    451.5519     +/-    6.794486     % 
   538.5872     +/-    1.575936     % 

  Energy interval (GeV):  9.6787254E-08  9.2497061E-08

  Flux (Part/sr/GeV/cmq/pr):

   23308.94     +/-    99.00000     %    41330.95     +/-    7.684984     % 
   7383.312     +/-    1.388105     % 

  Flux (Part/deg/GeV/cmq/pr):

   22.80180     +/-    99.00000     %    467.7470     +/-    7.684984     % 
   543.5881     +/-    1.388105     % 

  Energy interval (GeV):  9.2497061E-08  8.8397051E-08

  Flux (Part/sr/GeV/cmq/pr):

   24390.05     +/-    99.00000     %    40833.10     +/-    6.749746     % 
   8011.687     +/-    1.327119     % 

  Flux (Part/deg/GeV/cmq/pr):

   23.85939     +/-    99.00000     %    462.1127     +/-    6.749746     % 
   589.8514     +/-    1.327119     % 

  Energy interval (GeV):  8.8397051E-08  8.4478771E-08

  Flux (Part/sr/GeV/cmq/pr):

   51042.62     +/-    70.35265     %    44564.73     +/-    6.667504     % 
   8129.182     +/-    1.393678     % 

  Flux (Part/deg/GeV/cmq/pr):

   49.93206     +/-    70.35265     %    504.3441     +/-    6.667504     % 
   598.5018     +/-    1.393678     % 

  Energy interval (GeV):  8.4478771E-08  8.0734175E-08

  Flux (Part/sr/GeV/cmq/pr):

   26705.04     +/-    99.00000     %    45670.25     +/-    6.997579     % 
   8461.199     +/-    1.649617     % 

  Flux (Part/deg/GeV/cmq/pr):

   26.12400     +/-    99.00000     %    516.8553     +/-    6.997579     % 
   622.9462     +/-    1.649617     % 

  Energy interval (GeV):  8.0734175E-08  7.7155555E-08

  Flux (Part/sr/GeV/cmq/pr):

   27943.66     +/-    99.00000     %    42255.11     +/-    7.321011     % 
   9021.923     +/-    1.414929     % 

  Flux (Part/deg/GeV/cmq/pr):

   27.33568     +/-    99.00000     %    478.2058     +/-    7.321011     % 
   664.2289     +/-    1.414929     % 

  Energy interval (GeV):  7.7155555E-08  7.3735571E-08

  Flux (Part/sr/GeV/cmq/pr):

   29239.74     +/-    99.00000     %    48689.12     +/-    7.998163     % 
   9351.161     +/-    1.573408     % 

  Flux (Part/deg/GeV/cmq/pr):

   28.60356     +/-    99.00000     %    551.0202     +/-    7.998163     % 
   688.4687     +/-    1.573408     % 

  Energy interval (GeV):  7.3735571E-08  7.0467166E-08

  Flux (Part/sr/GeV/cmq/pr):

   61191.87     +/-    70.35265     %    53150.54     +/-    6.514726     % 
   9649.769     +/-    1.405666     % 

  Flux (Part/deg/GeV/cmq/pr):

   59.86049     +/-    70.35265     %    601.5106     +/-    6.514726     % 
   710.4534     +/-    1.405666     % 

  Energy interval (GeV):  7.0467166E-08  6.7343649E-08

  Flux (Part/sr/GeV/cmq/pr):

   64030.07     +/-    70.35265     %    54751.27     +/-    6.236432     % 
   10377.54     +/-    1.551403     % 

  Flux (Part/deg/GeV/cmq/pr):

   62.63694     +/-    70.35265     %    619.6262     +/-    6.236432     % 
   764.0346     +/-    1.551403     % 

  Energy interval (GeV):  6.7343649E-08  6.4358574E-08

  Flux (Part/sr/GeV/cmq/pr):

   0.000000     +/-    0.000000     %    58195.32     +/-    7.111745     % 
   10702.86     +/-    1.409642     % 

  Flux (Part/deg/GeV/cmq/pr):

   0.000000     +/-    0.000000     %    658.6030     +/-    7.111745     % 
   787.9858     +/-    1.409642     % 

  Energy interval (GeV):  6.4358574E-08  6.1505823E-08

  Flux (Part/sr/GeV/cmq/pr):

   35053.74     +/-    99.00000     %    58054.89     +/-    7.275960     % 
   11207.72     +/-    1.495058     % 

  Flux (Part/deg/GeV/cmq/pr):

   34.29106     +/-    99.00000     %    657.0136     +/-    7.275960     % 
   825.1558     +/-    1.495058     % 

  Energy interval (GeV):  6.1505823E-08  5.8779523E-08

  Flux (Part/sr/GeV/cmq/pr):

   36679.59     +/-    99.00000     %    66029.98     +/-    6.741999     % 
   11671.60     +/-    1.562363     % 

  Flux (Part/deg/GeV/cmq/pr):

   35.88154     +/-    99.00000     %    747.2686     +/-    6.741999     % 
   859.3082     +/-    1.562363     % 

  Energy interval (GeV):  5.8779523E-08  5.6174066E-08

  Flux (Part/sr/GeV/cmq/pr):

   38380.86     +/-    99.00000     %    63910.62     +/-    7.263295     % 
   12425.59     +/-    1.528417     % 

  Flux (Part/deg/GeV/cmq/pr):

   37.54580     +/-    99.00000     %    723.2837     +/-    7.263295     % 
   914.8199     +/-    1.528417     % 

  Energy interval (GeV):  5.6174066E-08  5.3684101E-08

  Flux (Part/sr/GeV/cmq/pr):

   120483.1     +/-    57.14887     %    67959.38     +/-    6.857830     % 
   13085.75     +/-    1.593637     % 

  Flux (Part/deg/GeV/cmq/pr):

   117.8617     +/-    57.14887     %    769.1039     +/-    6.857830     % 
   963.4236     +/-    1.593637     % 

  Energy interval (GeV):  5.3684101E-08  5.1304504E-08

  Flux (Part/sr/GeV/cmq/pr):

   84047.56     +/-    70.35265     %    69976.70     +/-    7.222547     % 
   13196.68     +/-    1.597355     % 

  Flux (Part/deg/GeV/cmq/pr):

   82.21890     +/-    70.35265     %    791.9342     +/-    7.222547     % 
   971.5905     +/-    1.597355     % 

  Energy interval (GeV):  5.1304504E-08  4.9030383E-08

  Flux (Part/sr/GeV/cmq/pr):

   87945.84     +/-    70.35265     %    67681.20     +/-    7.212476     % 
   13992.36     +/-    1.426360     % 

  Flux (Part/deg/GeV/cmq/pr):

   86.03236     +/-    70.35265     %    765.9557     +/-    7.212476     % 
   1030.172     +/-    1.426360     % 

  Energy interval (GeV):  4.9030383E-08  4.6857068E-08

  Flux (Part/sr/GeV/cmq/pr):

   0.000000     +/-    0.000000     %    77032.70     +/-    6.835711     % 
   14888.89     +/-    1.567981     % 

  Flux (Part/deg/GeV/cmq/pr):

   0.000000     +/-    0.000000     %    871.7876     +/-    6.835711     % 
   1096.177     +/-    1.567981     % 

  Energy interval (GeV):  4.6857068E-08  4.4780077E-08

  Flux (Part/sr/GeV/cmq/pr):

   48146.61     +/-    99.00000     %    66737.98     +/-    8.629429     % 
   15355.24     +/-    1.725840     % 

  Flux (Part/deg/GeV/cmq/pr):

   47.09906     +/-    99.00000     %    755.2812     +/-    8.629429     % 
   1130.512     +/-    1.725840     % 

  Energy interval (GeV):  4.4780077E-08  4.2795161E-08

  Flux (Part/sr/GeV/cmq/pr):

   201518.9     +/-    49.23660     %    87518.49     +/-    6.839624     % 
   15723.61     +/-    1.656688     % 

  Flux (Part/deg/GeV/cmq/pr):

   197.1344     +/-    49.23660     %    990.4566     +/-    6.839624     % 
   1157.633     +/-    1.656688     % 

  Energy interval (GeV):  4.2795161E-08  4.0898229E-08

  Flux (Part/sr/GeV/cmq/pr):

   52716.44     +/-    99.00000     %    102965.7     +/-    5.636569     % 
   16761.89     +/-    1.498480     % 

  Flux (Part/deg/GeV/cmq/pr):

   51.56947     +/-    99.00000     %    1165.274     +/-    5.636569     % 
   1234.075     +/-    1.498480     % 

  Energy interval (GeV):  4.0898229E-08  3.9085382E-08

  Flux (Part/sr/GeV/cmq/pr):

   165484.6     +/-    57.14887     %    96321.81     +/-    8.119517     % 
   16821.82     +/-    1.650017     % 

  Flux (Part/deg/GeV/cmq/pr):

   161.8841     +/-    57.14887     %    1090.085     +/-    8.119517     % 
   1238.487     +/-    1.650017     % 

  Energy interval (GeV):  3.9085382E-08  3.7352883E-08

  Flux (Part/sr/GeV/cmq/pr):

   173160.1     +/-    57.14887     %    95594.06     +/-    7.478177     % 
   18561.40     +/-    1.573722     % 

  Flux (Part/deg/GeV/cmq/pr):

   169.3925     +/-    57.14887     %    1081.849     +/-    7.478177     % 
   1366.562     +/-    1.573722     % 

  Energy interval (GeV):  3.7352883E-08  3.5697184E-08

  Flux (Part/sr/GeV/cmq/pr):

   0.000000     +/-    0.000000     %    100571.5     +/-    6.801652     % 
   19208.93     +/-    1.518545     % 

  Flux (Part/deg/GeV/cmq/pr):

   0.000000     +/-    0.000000     %    1138.179     +/-    6.801652     % 
   1414.236     +/-    1.518545     % 

  Energy interval (GeV):  3.5697184E-08  3.4114873E-08

  Flux (Part/sr/GeV/cmq/pr):

   63198.52     +/-    99.00000     %    112062.4     +/-    7.651042     % 
   20490.61     +/-    1.612939     % 

  Flux (Part/deg/GeV/cmq/pr):

   61.82348     +/-    99.00000     %    1268.222     +/-    7.651042     % 
   1508.598     +/-    1.612939     % 

  Energy interval (GeV):  3.4114873E-08  3.2602699E-08

  Flux (Part/sr/GeV/cmq/pr):

   66129.78     +/-    99.00000     %    103569.8     +/-    7.424902     % 
   20915.33     +/-    1.653917     % 

  Flux (Part/deg/GeV/cmq/pr):

   64.69096     +/-    99.00000     %    1172.110     +/-    7.424902     % 
   1539.868     +/-    1.653917     % 

  Energy interval (GeV):  3.2602699E-08  3.1157551E-08

  Flux (Part/sr/GeV/cmq/pr):

   69197.00     +/-    99.00000     %    103390.8     +/-    6.967611     % 
   22135.45     +/-    1.485054     % 

  Flux (Part/deg/GeV/cmq/pr):

   67.69145     +/-    99.00000     %    1170.085     +/-    6.967611     % 
   1629.697     +/-    1.485054     % 

  Energy interval (GeV):  3.1157551E-08  2.9776468E-08

  Flux (Part/sr/GeV/cmq/pr):

   72406.48     +/-    99.00000     %    126434.6     +/-    7.572198     % 
   22976.09     +/-    1.558361     % 

  Flux (Part/deg/GeV/cmq/pr):

   70.83111     +/-    99.00000     %    1430.874     +/-    7.572198     % 
   1691.589     +/-    1.558361     % 

  Energy interval (GeV):  2.9776468E-08  2.8456599E-08

  Flux (Part/sr/GeV/cmq/pr):

   151529.7     +/-    70.35265     %    117295.9     +/-    6.768080     % 
   23463.84     +/-    1.861700     % 

  Flux (Part/deg/GeV/cmq/pr):

   148.2328     +/-    70.35265     %    1327.450     +/-    6.768080     % 
   1727.498     +/-    1.861700     % 

  Energy interval (GeV):  2.8456599E-08  2.7195235E-08

  Flux (Part/sr/GeV/cmq/pr):

   79278.95     +/-    99.00000     %    110605.4     +/-    8.620460     % 
   24940.43     +/-    1.666531     % 

  Flux (Part/deg/GeV/cmq/pr):

   77.55404     +/-    99.00000     %    1251.733     +/-    8.620460     % 
   1836.211     +/-    1.666531     % 

  Energy interval (GeV):  2.7195235E-08  2.5989779E-08

  Flux (Part/sr/GeV/cmq/pr):

   331824.2     +/-    49.23660     %    133655.8     +/-    7.115224     % 
   25564.35     +/-    1.668464     % 

  Flux (Part/deg/GeV/cmq/pr):

   324.6046     +/-    49.23660     %    1512.597     +/-    7.115224     % 
   1882.146     +/-    1.668464     % 

  Energy interval (GeV):  2.5989779E-08  2.4837759E-08

  Flux (Part/sr/GeV/cmq/pr):

   173607.4     +/-    70.35265     %    142198.9     +/-    5.967028     % 
   27335.53     +/-    1.674741     % 

  Flux (Part/deg/GeV/cmq/pr):

   169.8302     +/-    70.35265     %    1609.281     +/-    5.967028     % 
   2012.548     +/-    1.674741     % 

  Energy interval (GeV):  2.4837759E-08  2.3736805E-08

  Flux (Part/sr/GeV/cmq/pr):

   272489.5     +/-    57.14887     %    157787.4     +/-    7.262666     % 
   28647.16     +/-    1.745172     % 

  Flux (Part/deg/GeV/cmq/pr):

   266.5608     +/-    57.14887     %    1785.698     +/-    7.262666     % 
   2109.115     +/-    1.745172     % 

  Energy interval (GeV):  2.3736805E-08  2.2684649E-08

  Flux (Part/sr/GeV/cmq/pr):

   190085.3     +/-    70.35265     %    165961.4     +/-    7.209053     % 
   29128.79     +/-    1.693387     % 

  Flux (Part/deg/GeV/cmq/pr):

   185.9496     +/-    70.35265     %    1878.203     +/-    7.209053     % 
   2144.574     +/-    1.693387     % 

  Energy interval (GeV):  2.2684649E-08  2.1679128E-08

  Flux (Part/sr/GeV/cmq/pr):

   298352.8     +/-    57.14887     %    165602.6     +/-    7.463699     % 
   31110.68     +/-    1.705672     % 

  Flux (Part/deg/GeV/cmq/pr):

   291.8614     +/-    57.14887     %    1874.143     +/-    7.463699     % 
   2290.489     +/-    1.705672     % 

  Energy interval (GeV):  2.1679128E-08  2.0718181E-08

  Flux (Part/sr/GeV/cmq/pr):

   104063.6     +/-    99.00000     %    146120.2     +/-    8.216209     % 
   32511.87     +/-    1.425607     % 

  Flux (Part/deg/GeV/cmq/pr):

   101.7995     +/-    99.00000     %    1653.659     +/-    8.216209     % 
   2393.650     +/-    1.425607     % 

  Energy interval (GeV):  2.0718181E-08  1.9799829E-08

  Flux (Part/sr/GeV/cmq/pr):

   0.000000     +/-    0.000000     %    186221.3     +/-    7.037452     % 
   33451.52     +/-    1.710336     % 

  Flux (Part/deg/GeV/cmq/pr):

   0.000000     +/-    0.000000     %    2107.488     +/-    7.037452     % 
   2462.831     +/-    1.710336     % 

  Energy interval (GeV):  1.9799829E-08  1.8922186E-08

  Flux (Part/sr/GeV/cmq/pr):

   113940.8     +/-    99.00000     %    207165.5     +/-    7.035624     % 
   36192.40     +/-    1.605300     % 

  Flux (Part/deg/GeV/cmq/pr):

   111.4618     +/-    99.00000     %    2344.515     +/-    7.035624     % 
   2664.625     +/-    1.605300     % 

  Energy interval (GeV):  1.8922186E-08  1.8083442E-08

  Flux (Part/sr/GeV/cmq/pr):

   119225.6     +/-    99.00000     %    197457.7     +/-    6.853653     % 
   37277.54     +/-    1.870754     % 

  Flux (Part/deg/GeV/cmq/pr):

   116.6316     +/-    99.00000     %    2234.651     +/-    6.853653     % 
   2744.517     +/-    1.870754     % 

  Energy interval (GeV):  1.8083442E-08  1.7281875E-08

  Flux (Part/sr/GeV/cmq/pr):

   374266.6     +/-    57.14887     %    204370.3     +/-    7.546628     % 
   38125.04     +/-    1.679605     % 

  Flux (Part/deg/GeV/cmq/pr):

   366.1235     +/-    57.14887     %    2312.882     +/-    7.546628     % 
   2806.913     +/-    1.679605     % 

  Energy interval (GeV):  1.7281875E-08  1.6515841E-08

  Flux (Part/sr/GeV/cmq/pr):

   130541.9     +/-    99.00000     %    207974.4     +/-    7.353407     % 
   41528.49     +/-    1.676821     % 

  Flux (Part/deg/GeV/cmq/pr):

   127.7017     +/-    99.00000     %    2353.670     +/-    7.353407     % 
   3057.489     +/-    1.676821     % 

  Energy interval (GeV):  1.6515841E-08  1.5783762E-08

  Flux (Part/sr/GeV/cmq/pr):

   409790.1     +/-    57.14887     %    202866.7     +/-    8.800589     % 
   42632.07     +/-    1.512833     % 

  Flux (Part/deg/GeV/cmq/pr):

   400.8741     +/-    57.14887     %    2295.865     +/-    8.800589     % 
   3138.738     +/-    1.512833     % 

  Energy interval (GeV):  1.5783762E-08  1.5084131E-08

  Flux (Part/sr/GeV/cmq/pr):

   142932.3     +/-    99.00000     %    218708.7     +/-    9.624018     % 
   45252.11     +/-    1.532005     % 

  Flux (Part/deg/GeV/cmq/pr):

   139.8225     +/-    99.00000     %    2475.150     +/-    9.624018     % 
   3331.636     +/-    1.532005     % 

  Energy interval (GeV):  1.5084131E-08  1.4415514E-08

  Flux (Part/sr/GeV/cmq/pr):

   0.000000     +/-    0.000000     %    243660.9     +/-    7.269367     % 
   45117.34     +/-    1.665136     % 

  Flux (Part/deg/GeV/cmq/pr):

   0.000000     +/-    0.000000     %    2757.537     +/-    7.269367     % 
   3321.713     +/-    1.665136     % 

  Energy interval (GeV):  1.4415514E-08  1.3776534E-08

  Flux (Part/sr/GeV/cmq/pr):

   156498.7     +/-    99.00000     %    260596.8     +/-    7.886684     % 
   47926.22     +/-    1.585033     % 

  Flux (Part/deg/GeV/cmq/pr):

   153.0937     +/-    99.00000     %    2949.204     +/-    7.886684     % 
   3528.514     +/-    1.585033     % 

  Energy interval (GeV):  1.3776534E-08  1.3165876E-08

  Flux (Part/sr/GeV/cmq/pr):

   818787.1     +/-    43.80858     %    222569.0     +/-    8.804649     % 
   50806.56     +/-    1.548222     % 

  Flux (Part/deg/GeV/cmq/pr):

   800.9724     +/-    43.80858     %    2518.838     +/-    8.804649     % 
   3740.576     +/-    1.548222     % 

  Energy interval (GeV):  1.3165876E-08  1.2582285E-08

  Flux (Part/sr/GeV/cmq/pr):

   685411.2     +/-    49.23660     %    289958.4     +/-    8.152524     % 
   53906.03     +/-    1.357550     % 

  Flux (Part/deg/GeV/cmq/pr):

   670.4984     +/-    49.23660     %    3281.491     +/-    8.152524     % 
   3968.770     +/-    1.357550     % 

  Energy interval (GeV):  1.2582285E-08  1.2024564E-08

  Flux (Part/sr/GeV/cmq/pr):

   179300.5     +/-    99.00000     %    301793.3     +/-    7.663377     % 
   57529.23     +/-    1.490049     % 

  Flux (Part/deg/GeV/cmq/pr):

   175.3994     +/-    99.00000     %    3415.429     +/-    7.663377     % 
   4235.525     +/-    1.490049     % 

  Energy interval (GeV):  1.2024564E-08  1.1491565E-08

  Flux (Part/sr/GeV/cmq/pr):

   0.000000     +/-    0.000000     %    309036.2     +/-    7.807738     % 
   58013.20     +/-    1.759056     % 

  Flux (Part/deg/GeV/cmq/pr):

   0.000000     +/-    0.000000     %    3497.397     +/-    7.807738     % 
   4271.156     +/-    1.759056     % 

  Energy interval (GeV):  1.1491565E-08  1.0982191E-08

  Flux (Part/sr/GeV/cmq/pr):

   588956.2     +/-    74.23383     %    277426.6     +/-    8.260435     % 
   61381.77     +/-    1.338547     % 

  Flux (Part/deg/GeV/cmq/pr):

   576.1420     +/-    74.23383     %    3139.668     +/-    8.260435     % 
   4519.164     +/-    1.338547     % 

  Energy interval (GeV):  1.0982191E-08  1.0495394E-08

  Flux (Part/sr/GeV/cmq/pr):

   410848.8     +/-    70.35265     %    334670.3     +/-    7.721841     % 
   63288.60     +/-    1.773292     % 

  Flux (Part/deg/GeV/cmq/pr):

   401.9098     +/-    70.35265     %    3787.501     +/-    7.721841     % 
   4659.552     +/-    1.773292     % 

  Energy interval (GeV):  1.0495394E-08  1.0030176E-08

  Flux (Part/sr/GeV/cmq/pr):

   214952.3     +/-    99.00000     %    317301.9     +/-    6.852721     % 
   65689.00     +/-    1.707195     % 

  Flux (Part/deg/GeV/cmq/pr):

   210.2755     +/-    99.00000     %    3590.941     +/-    6.852721     % 
   4836.278     +/-    1.707195     % 

  Energy interval (GeV):  1.0030176E-08  9.5855794E-09

  Flux (Part/sr/GeV/cmq/pr):

   0.000000     +/-    0.000000     %    354288.5     +/-    7.097983     % 
   69078.91     +/-    1.703810     % 

  Flux (Part/deg/GeV/cmq/pr):

   0.000000     +/-    0.000000     %    4009.522     +/-    7.097983     % 
   5085.857     +/-    1.703810     % 

  Energy interval (GeV):  9.5855794E-09  9.1606909E-09

  Flux (Part/sr/GeV/cmq/pr):

   470709.1     +/-    70.35265     %    345300.2     +/-    8.617019     % 
   71432.53     +/-    1.564423     % 

  Flux (Part/deg/GeV/cmq/pr):

   460.4677     +/-    70.35265     %    3907.801     +/-    8.617019     % 
   5259.140     +/-    1.564423     % 

  Energy interval (GeV):  9.1606909E-09  8.7546344E-09

  Flux (Part/sr/GeV/cmq/pr):

   246270.7     +/-    99.00000     %    363532.5     +/-    7.967706     % 
   75418.02     +/-    1.547348     % 

  Flux (Part/deg/GeV/cmq/pr):

   240.9125     +/-    99.00000     %    4114.138     +/-    7.967706     % 
   5552.567     +/-    1.547348     % 

  Energy interval (GeV):  8.7546344E-09  8.3665768E-09

  Flux (Part/sr/GeV/cmq/pr):

   1030773.     +/-    60.71959     %    449978.0     +/-    6.982106     % 
   80881.71     +/-    1.500552     % 

  Flux (Part/deg/GeV/cmq/pr):

   1008.346     +/-    60.71959     %    5092.452     +/-    6.982106     % 
   5954.825     +/-    1.500552     % 

  Energy interval (GeV):  8.3665768E-09  7.9957205E-09

  Flux (Part/sr/GeV/cmq/pr):

   1078582.     +/-    49.23660     %    417453.6     +/-    8.941499     % 
   79740.06     +/-    1.735799     % 

  Flux (Part/deg/GeV/cmq/pr):

   1055.115     +/-    49.23660     %    4724.369     +/-    8.941499     % 
   5870.772     +/-    1.735799     % 

  Energy interval (GeV):  7.9957205E-09  7.6413027E-09

  Flux (Part/sr/GeV/cmq/pr):

   1128608.     +/-    60.71959     %    441895.1     +/-    6.566465     % 
   84888.48     +/-    1.592023     % 

  Flux (Part/deg/GeV/cmq/pr):

   1104.053     +/-    60.71959     %    5000.977     +/-    6.566465     % 
   6249.818     +/-    1.592023     % 

  Energy interval (GeV):  7.6413027E-09  7.3025945E-09

  Flux (Part/sr/GeV/cmq/pr):

   885716.6     +/-    57.14887     %    534141.4     +/-    7.159005     % 
   89702.88     +/-    1.776446     % 

  Flux (Part/deg/GeV/cmq/pr):

   866.4457     +/-    57.14887     %    6044.938     +/-    7.159005     % 
   6604.273     +/-    1.776446     % 

  Energy interval (GeV):  7.3025945E-09  6.9789006E-09

  Flux (Part/sr/GeV/cmq/pr):

   0.000000     +/-    0.000000     %    472714.9     +/-    7.909699     % 
   92275.92     +/-    1.684189     % 

  Flux (Part/deg/GeV/cmq/pr):

   0.000000     +/-    0.000000     %    5349.768     +/-    7.909699     % 
   6793.710     +/-    1.684189     % 

  Energy interval (GeV):  6.9789006E-09  6.6695547E-09

  Flux (Part/sr/GeV/cmq/pr):

   0.000000     +/-    0.000000     %    517917.5     +/-    7.472740     % 
   97775.77     +/-    1.589225     % 

  Flux (Part/deg/GeV/cmq/pr):

   0.000000     +/-    0.000000     %    5861.330     +/-    7.472740     % 
   7198.631     +/-    1.589225     % 

  Energy interval (GeV):  6.6695547E-09  6.3739205E-09

  Flux (Part/sr/GeV/cmq/pr):

   676509.8     +/-    70.35265     %    493225.8     +/-    7.329053     % 
   101821.9     +/-    1.689337     % 

  Flux (Part/deg/GeV/cmq/pr):

   661.7907     +/-    70.35265     %    5581.892     +/-    7.329053     % 
   7496.524     +/-    1.689337     % 

  Energy interval (GeV):  6.3739205E-09  6.0913905E-09

  Flux (Part/sr/GeV/cmq/pr):

   1415775.     +/-    49.23660     %    586190.5     +/-    7.316851     % 
   107965.6     +/-    1.518128     % 

  Flux (Part/deg/GeV/cmq/pr):

   1384.972     +/-    49.23660     %    6633.983     +/-    7.316851     % 
   7948.844     +/-    1.518128     % 

  Energy interval (GeV):  6.0913905E-09  5.8213843E-09

  Flux (Part/sr/GeV/cmq/pr):

   370360.4     +/-    99.00000     %    600044.8     +/-    6.928995     % 
   116720.2     +/-    1.550119     % 

  Flux (Part/deg/GeV/cmq/pr):

   362.3023     +/-    99.00000     %    6790.774     +/-    6.928995     % 
   8593.391     +/-    1.550119     % 

  Energy interval (GeV):  5.8213843E-09  5.5633467E-09

  Flux (Part/sr/GeV/cmq/pr):

   387538.4     +/-    99.00000     %    638340.6     +/-    8.685540     % 
   116439.5     +/-    1.637335     % 

  Flux (Part/deg/GeV/cmq/pr):

   379.1066     +/-    99.00000     %    7224.171     +/-    8.685540     % 
   8572.725     +/-    1.637335     % 

  Energy interval (GeV):  5.5633467E-09  5.3167462E-09

  Flux (Part/sr/GeV/cmq/pr):

   405513.1     +/-    99.00000     %    660648.0     +/-    7.097682     % 
   120147.0     +/-    1.474062     % 

  Flux (Part/deg/GeV/cmq/pr):

   396.6902     +/-    99.00000     %    7476.627     +/-    7.097682     % 
   8845.688     +/-    1.474062     % 

  Energy interval (GeV):  5.3167462E-09  5.0810760E-09

  Flux (Part/sr/GeV/cmq/pr):

   0.000000     +/-    0.000000     %    660735.8     +/-    6.767717     % 
   129569.6     +/-    1.584529     % 

  Flux (Part/deg/GeV/cmq/pr):

   0.000000     +/-    0.000000     %    7477.621     +/-    6.767717     % 
   9539.416     +/-    1.584529     % 

  Energy interval (GeV):  5.0810760E-09  4.8558531E-09

  Flux (Part/sr/GeV/cmq/pr):

   888004.8     +/-    70.35265     %    647421.2     +/-    7.836631     % 
   130588.2     +/-    1.614698     % 

  Flux (Part/deg/GeV/cmq/pr):

   868.6841     +/-    70.35265     %    7326.939     +/-    7.836631     % 
   9614.408     +/-    1.614698     % 

  Energy interval (GeV):  4.8558531E-09  4.6406128E-09

  Flux (Part/sr/GeV/cmq/pr):

   0.000000     +/-    0.000000     %    627268.4     +/-    7.309112     % 
   139219.1     +/-    1.484774     % 

  Flux (Part/deg/GeV/cmq/pr):

   0.000000     +/-    0.000000     %    7098.866     +/-    7.309112     % 
   10249.85     +/-    1.484774     % 

  Energy interval (GeV):  4.6406128E-09  4.4349138E-09

  Flux (Part/sr/GeV/cmq/pr):

   0.000000     +/-    0.000000     %    717622.7     +/-    7.015207     % 
   149814.0     +/-    1.435144     % 

  Flux (Part/deg/GeV/cmq/pr):

   0.000000     +/-    0.000000     %    8121.417     +/-    7.015207     % 
   11029.89     +/-    1.435144     % 

  Energy interval (GeV):  4.4349138E-09  4.2383315E-09

  Flux (Part/sr/GeV/cmq/pr):

   1017386.     +/-    70.35265     %    750907.4     +/-    7.920431     % 
   153004.9     +/-    1.483860     % 

  Flux (Part/deg/GeV/cmq/pr):

   995.2506     +/-    70.35265     %    8498.103     +/-    7.920431     % 
   11264.81     +/-    1.483860     % 

  Energy interval (GeV):  4.2383315E-09  4.0504635E-09

  Flux (Part/sr/GeV/cmq/pr):

   0.000000     +/-    0.000000     %    752198.3     +/-    8.309896     % 
   159204.0     +/-    1.756609     % 

  Flux (Part/deg/GeV/cmq/pr):

   0.000000     +/-    0.000000     %    8512.713     +/-    8.309896     % 
   11721.22     +/-    1.756609     % 

  Energy interval (GeV):  4.0504635E-09  3.8709231E-09

  Flux (Part/sr/GeV/cmq/pr):

   1113952.     +/-    70.35265     %    787086.7     +/-    7.905547     % 
   171105.1     +/-    1.464754     % 

  Flux (Part/deg/GeV/cmq/pr):

   1089.715     +/-    70.35265     %    8907.548     +/-    7.905547     % 
   12597.42     +/-    1.464754     % 

  Energy interval (GeV):  3.8709231E-09  3.6993413E-09

  Flux (Part/sr/GeV/cmq/pr):

   0.000000     +/-    0.000000     %    781626.7     +/-    8.065828     % 
   176654.7     +/-    1.703645     % 

  Flux (Part/deg/GeV/cmq/pr):

   0.000000     +/-    0.000000     %    8845.757     +/-    8.065828     % 
   13006.00     +/-    1.703645     % 

  Energy interval (GeV):  3.6993413E-09  3.5353640E-09

  Flux (Part/sr/GeV/cmq/pr):

   1219682.     +/-    70.35265     %    1119782.     +/-    7.370910     % 
   185680.7     +/-    1.579025     % 

  Flux (Part/deg/GeV/cmq/pr):

   1193.145     +/-    70.35265     %    12672.70     +/-    7.370910     % 
   13670.53     +/-    1.579025     % 

  Energy interval (GeV):  3.5353640E-09  3.3786562E-09

  Flux (Part/sr/GeV/cmq/pr):

   1276253.     +/-    70.35265     %    941970.6     +/-    7.872871     % 
   193780.5     +/-    1.759279     % 

  Flux (Part/deg/GeV/cmq/pr):

   1248.485     +/-    70.35265     %    10660.39     +/-    7.872871     % 
   14266.87     +/-    1.759279     % 

  Energy interval (GeV):  3.3786562E-09  3.2288940E-09

  Flux (Part/sr/GeV/cmq/pr):

   0.000000     +/-    0.000000     %    1009701.     +/-    8.412834     % 
   200087.7     +/-    1.626054     % 

  Flux (Part/deg/GeV/cmq/pr):

   0.000000     +/-    0.000000     %    11426.90     +/-    8.412834     % 
   14731.23     +/-    1.626054     % 

  Energy interval (GeV):  3.2288940E-09  3.0857705E-09

  Flux (Part/sr/GeV/cmq/pr):

   0.000000     +/-    0.000000     %    930755.5     +/-    8.232283     % 
   209031.5     +/-    1.812909     % 

  Flux (Part/deg/GeV/cmq/pr):

   0.000000     +/-    0.000000     %    10533.46     +/-    8.232283     % 
   15389.71     +/-    1.812909     % 

  Energy interval (GeV):  3.0857705E-09  2.9489908E-09

  Flux (Part/sr/GeV/cmq/pr):

   0.000000     +/-    0.000000     %    1164762.     +/-    7.039798     % 
   219783.5     +/-    1.646181     % 

  Flux (Part/deg/GeV/cmq/pr):

   0.000000     +/-    0.000000     %    13181.75     +/-    7.039798     % 
   16181.31     +/-    1.646181     % 

  Energy interval (GeV):  2.9489908E-09  2.8182741E-09

  Flux (Part/sr/GeV/cmq/pr):

   1530022.     +/-    70.35265     %    1342731.     +/-    7.963784     % 
   227151.8     +/-    1.500445     % 

  Flux (Part/deg/GeV/cmq/pr):

   1496.733     +/-    70.35265     %    15195.83     +/-    7.963784     % 
   16723.80     +/-    1.500445     % 

  Energy interval (GeV):  2.8182741E-09  2.6933515E-09

  Flux (Part/sr/GeV/cmq/pr):

   2401481.     +/-    57.14887     %    1455445.     +/-    7.243659     % 
   242508.2     +/-    1.706828     % 

  Flux (Part/deg/GeV/cmq/pr):

   2349.231     +/-    57.14887     %    16471.44     +/-    7.243659     % 
   17854.39     +/-    1.706828     % 

  Energy interval (GeV):  2.6933515E-09  2.5739664E-09

  Flux (Part/sr/GeV/cmq/pr):

   1675244.     +/-    70.35265     %    1274152.     +/-    7.268695     % 
   253150.8     +/-    1.704088     % 

  Flux (Part/deg/GeV/cmq/pr):

   1638.795     +/-    70.35265     %    14419.73     +/-    7.268695     % 
   18637.95     +/-    1.704088     % 

  Energy interval (GeV):  2.5739664E-09  2.4598725E-09

  Flux (Part/sr/GeV/cmq/pr):

   876472.4     +/-    99.00000     %    1285916.     +/-    8.117207     % 
   267003.7     +/-    1.504503     % 

  Flux (Part/deg/GeV/cmq/pr):

   857.4026     +/-    99.00000     %    14552.85     +/-    8.117207     % 
   19657.85     +/-    1.504503     % 

  Energy interval (GeV):  2.4598725E-09  2.3508364E-09

  Flux (Part/sr/GeV/cmq/pr):

   917124.8     +/-    99.00000     %    1395088.     +/-    6.764661     % 
   281007.9     +/-    1.462960     % 

  Flux (Part/deg/GeV/cmq/pr):

   897.1705     +/-    99.00000     %    15788.37     +/-    6.764661     % 
   20688.89     +/-    1.462960     % 

  Energy interval (GeV):  2.3508364E-09  2.2466338E-09

  Flux (Part/sr/GeV/cmq/pr):

   1919326.     +/-    70.35265     %    1433882.     +/-    8.355134     % 
   281789.8     +/-    1.594110     % 

  Flux (Part/deg/GeV/cmq/pr):

   1877.566     +/-    70.35265     %    16227.40     +/-    8.355134     % 
   20746.46     +/-    1.594110     % 

  Energy interval (GeV):  2.2466338E-09  2.1470499E-09

  Flux (Part/sr/GeV/cmq/pr):

   3012521.     +/-    57.14887     %    1590773.     +/-    7.623815     % 
   303567.7     +/-    1.569464     % 

  Flux (Part/deg/GeV/cmq/pr):

   2946.976     +/-    57.14887     %    18002.95     +/-    7.623815     % 
   22349.83     +/-    1.569464     % 

  Energy interval (GeV):  2.1470499E-09  2.0518796E-09

  Flux (Part/sr/GeV/cmq/pr):

   5253746.     +/-    43.80858     %    1674013.     +/-    7.984054     % 
   303389.4     +/-    1.715572     % 

  Flux (Part/deg/GeV/cmq/pr):

   5139.438     +/-    43.80858     %    18945.00     +/-    7.984054     % 
   22336.70     +/-    1.715572     % 

  Energy interval (GeV):  2.0518796E-09  1.9609283E-09

  Flux (Part/sr/GeV/cmq/pr):

   1099485.     +/-    99.00000     %    1613108.     +/-    7.534236     % 
   337589.4     +/-    1.788020     % 

  Flux (Part/deg/GeV/cmq/pr):

   1075.563     +/-    99.00000     %    18255.72     +/-    7.534236     % 
   24854.64     +/-    1.788020     % 

  Energy interval (GeV):  1.9609283E-09  1.8740081E-09

  Flux (Part/sr/GeV/cmq/pr):

   2300962.     +/-    70.35265     %    1781125.     +/-    7.577314     % 
   349829.5     +/-    1.666547     % 

  Flux (Part/deg/GeV/cmq/pr):

   2250.899     +/-    70.35265     %    20157.20     +/-    7.577314     % 
   25755.80     +/-    1.666547     % 

  Energy interval (GeV):  1.8740081E-09  1.7909410E-09

  Flux (Part/sr/GeV/cmq/pr):

   1203842.     +/-    99.00000     %    1712038.     +/-    8.636915     % 
   357452.4     +/-    1.666950     % 

  Flux (Part/deg/GeV/cmq/pr):

   1177.650     +/-    99.00000     %    19375.32     +/-    8.636915     % 
   26317.03     +/-    1.666950     % 

  Energy interval (GeV):  1.7909410E-09  1.7115558E-09

  Flux (Part/sr/GeV/cmq/pr):

   3779036.     +/-    57.14887     %    1746092.     +/-    7.854272     % 
   378987.8     +/-    1.775337     % 

  Flux (Part/deg/GeV/cmq/pr):

   3696.814     +/-    57.14887     %    19760.72     +/-    7.854272     % 
   27902.55     +/-    1.775337     % 

  Energy interval (GeV):  1.7115558E-09  1.6356897E-09

  Flux (Part/sr/GeV/cmq/pr):

   3954315.     +/-    57.14887     %    2028770.     +/-    7.494337     % 
   396460.1     +/-    1.645783     % 

  Flux (Part/deg/GeV/cmq/pr):

   3868.280     +/-    57.14887     %    22959.81     +/-    7.494337     % 
   29188.93     +/-    1.645783     % 

  Energy interval (GeV):  1.6356897E-09  1.5631862E-09

  Flux (Part/sr/GeV/cmq/pr):

   2758482.     +/-    70.35265     %    2296670.     +/-    7.057202     % 
   414294.9     +/-    1.603892     % 

  Flux (Part/deg/GeV/cmq/pr):

   2698.465     +/-    70.35265     %    25991.67     +/-    7.057202     % 
   30502.00     +/-    1.603892     % 

  Energy interval (GeV):  1.5631862E-09  1.4938967E-09

  Flux (Part/sr/GeV/cmq/pr):

   0.000000     +/-    0.000000     %    2273291.     +/-    7.931889     % 
   435596.6     +/-    1.541997     % 

  Flux (Part/deg/GeV/cmq/pr):

   0.000000     +/-    0.000000     %    25727.09     +/-    7.931889     % 
   32070.30     +/-    1.541997     % 

  Energy interval (GeV):  1.4938967E-09  1.4276782E-09

  Flux (Part/sr/GeV/cmq/pr):

   0.000000     +/-    0.000000     %    2242803.     +/-    7.070707     % 
   452647.7     +/-    1.590993     % 

  Flux (Part/deg/GeV/cmq/pr):

   0.000000     +/-    0.000000     %    25382.06     +/-    7.070707     % 
   33325.67     +/-    1.590993     % 

  Energy interval (GeV):  1.4276782E-09  1.3643950E-09

  Flux (Part/sr/GeV/cmq/pr):

   0.000000     +/-    0.000000     %    2361052.     +/-    7.426018     % 
   481508.8     +/-    1.647236     % 

  Flux (Part/deg/GeV/cmq/pr):

   0.000000     +/-    0.000000     %    26720.29     +/-    7.426018     % 
   35450.55     +/-    1.647236     % 

  Energy interval (GeV):  1.3643950E-09  1.3039171E-09

  Flux (Part/sr/GeV/cmq/pr):

   4960464.     +/-    57.14887     %    2574742.     +/-    7.387623     % 
   497071.1     +/-    1.586894     % 

  Flux (Part/deg/GeV/cmq/pr):

   4852.537     +/-    57.14887     %    29138.64     +/-    7.387623     % 
   36596.30     +/-    1.586894     % 

  Energy interval (GeV):  1.3039171E-09  1.2461198E-09

  Flux (Part/sr/GeV/cmq/pr):

   1730180.     +/-    99.00000     %    3114640.     +/-    6.435382     % 
   522626.8     +/-    1.373593     % 

  Flux (Part/deg/GeV/cmq/pr):

   1692.535     +/-    99.00000     %    35248.73     +/-    6.435382     % 
   38477.81     +/-    1.373593     % 

  Energy interval (GeV):  1.2461198E-09  1.1908842E-09

  Flux (Part/sr/GeV/cmq/pr):

   1810428.     +/-    99.00000     %    2949488.     +/-    7.641565     % 
   555879.9     +/-    1.672236     % 

  Flux (Part/deg/GeV/cmq/pr):

   1771.038     +/-    99.00000     %    33379.68     +/-    7.641565     % 
   40926.03     +/-    1.672236     % 

  Energy interval (GeV):  1.1908842E-09  1.1380973E-09

  Flux (Part/sr/GeV/cmq/pr):

   3788799.     +/-    70.35265     %    2745264.     +/-    6.945433     % 
   582727.4     +/-    1.591322     % 

  Flux (Part/deg/GeV/cmq/pr):

   3706.365     +/-    70.35265     %    31068.46     +/-    6.945433     % 
   42902.64     +/-    1.591322     % 

  Energy interval (GeV):  1.1380973E-09  1.0876502E-09

  Flux (Part/sr/GeV/cmq/pr):

   1982265.     +/-    99.00000     %    3211596.     +/-    7.935706     % 
   585562.5     +/-    1.647403     % 

  Flux (Part/deg/GeV/cmq/pr):

   1939.136     +/-    99.00000     %    36345.99     +/-    7.935706     % 
   43111.38     +/-    1.647403     % 

  Energy interval (GeV):  1.0876502E-09  1.0394391E-09

  Flux (Part/sr/GeV/cmq/pr):

   2074206.     +/-    99.00000     %    3005830.     +/-    8.229414     % 
   613388.2     +/-    1.746065     % 

  Flux (Part/deg/GeV/cmq/pr):

   2029.077     +/-    99.00000     %    34017.32     +/-    8.229414     % 
   45160.01     +/-    1.746065     % 

  Energy interval (GeV):  1.0394391E-09  9.9336495E-10

  Flux (Part/sr/GeV/cmq/pr):

   6511236.     +/-    57.14887     %    3047568.     +/-    9.080111     % 
   658393.9     +/-    1.599057     % 

  Flux (Part/deg/GeV/cmq/pr):

   6369.568     +/-    57.14887     %    34489.67     +/-    9.080111     % 
   48473.51     +/-    1.599057     % 

  Energy interval (GeV):  9.9336495E-10  9.4933306E-10

  Flux (Part/sr/GeV/cmq/pr):

   2271080.     +/-    99.00000     %    3904382.     +/-    7.983480     % 
   667596.1     +/-    1.610084     % 

  Flux (Part/deg/GeV/cmq/pr):

   2221.667     +/-    99.00000     %    44186.34     +/-    7.983480     % 
   49151.01     +/-    1.610084     % 

  Energy interval (GeV):  9.4933306E-10  9.0725311E-10

  Flux (Part/sr/GeV/cmq/pr):

   4752833.     +/-    70.35265     %    3721846.     +/-    6.912980     % 
   705048.1     +/-    1.677324     % 

  Flux (Part/deg/GeV/cmq/pr):

   4649.424     +/-    70.35265     %    42120.55     +/-    6.912980     % 
   51908.37     +/-    1.677324     % 

  Energy interval (GeV):  9.0725311E-10  8.6703827E-10

  Flux (Part/sr/GeV/cmq/pr):

   7459917.     +/-    57.14887     %    3245394.     +/-    7.424902     % 
   769096.3     +/-    1.605191     % 

  Flux (Part/deg/GeV/cmq/pr):

   7297.608     +/-    57.14887     %    36728.48     +/-    7.424902     % 
   56623.85     +/-    1.605191     % 

  Energy interval (GeV):  8.6703827E-10  8.2860596E-10

  Flux (Part/sr/GeV/cmq/pr):

   5203948.     +/-    70.35265     %    3630122.     +/-    8.717458     % 
   800172.1     +/-    1.608009     % 

  Flux (Part/deg/GeV/cmq/pr):

   5090.724     +/-    70.35265     %    41082.50     +/-    8.717458     % 
   58911.77     +/-    1.608009     % 

  Energy interval (GeV):  8.2860596E-10  7.9187729E-10

  Flux (Part/sr/GeV/cmq/pr):

   5445316.     +/-    70.35265     %    4166090.     +/-    7.865387     % 
   835099.5     +/-    1.505882     % 

  Flux (Part/deg/GeV/cmq/pr):

   5326.840     +/-    70.35265     %    47148.11     +/-    7.865387     % 
   61483.26     +/-    1.505882     % 

  Energy interval (GeV):  7.9187729E-10  7.5677659E-10

  Flux (Part/sr/GeV/cmq/pr):

   2848940.     +/-    99.00000     %    4538823.     +/-    8.643338     % 
   881839.2     +/-    1.536809     % 

  Flux (Part/deg/GeV/cmq/pr):

   2786.955     +/-    99.00000     %    51366.37     +/-    8.643338     % 
   64924.42     +/-    1.536809     % 

  Energy interval (GeV):  7.5677659E-10  7.2323175E-10

  Flux (Part/sr/GeV/cmq/pr):

   2981079.     +/-    99.00000     %    4346856.     +/-    8.030684     % 
   930639.5     +/-    1.520650     % 

  Flux (Part/deg/GeV/cmq/pr):

   2916.219     +/-    99.00000     %    49193.85     +/-    8.030684     % 
   68517.28     +/-    1.520650     % 

  Energy interval (GeV):  7.2323175E-10  6.9117384E-10

  Flux (Part/sr/GeV/cmq/pr):

   0.000000     +/-    0.000000     %    4351932.     +/-    8.169727     % 
   940242.1     +/-    1.503277     % 

  Flux (Part/deg/GeV/cmq/pr):

   0.000000     +/-    0.000000     %    49251.30     +/-    8.169727     % 
   69224.27     +/-    1.503277     % 

  Energy interval (GeV):  6.9117384E-10  6.6053690E-10

  Flux (Part/sr/GeV/cmq/pr):

   9792085.     +/-    74.23383     %    4641920.     +/-    8.495209     % 
   974155.3     +/-    1.646073     % 

  Flux (Part/deg/GeV/cmq/pr):

   9579.035     +/-    74.23383     %    52533.12     +/-    8.495209     % 
   71721.09     +/-    1.646073     % 

  Energy interval (GeV):  6.6053690E-10  6.3125805E-10

  Flux (Part/sr/GeV/cmq/pr):

   6830840.     +/-    70.35265     %    4887963.     +/-    8.000239     % 
   1080219.     +/-    1.608418     % 

  Flux (Part/deg/GeV/cmq/pr):

   6682.219     +/-    70.35265     %    55317.62     +/-    8.000239     % 
   79529.91     +/-    1.608418     % 

  Energy interval (GeV):  6.3125805E-10  6.0327693E-10

  Flux (Part/sr/GeV/cmq/pr):

   3573834.     +/-    99.00000     %    5983205.     +/-    7.290425     % 
   1080678.     +/-    1.511171     % 

  Flux (Part/deg/GeV/cmq/pr):

   3496.076     +/-    99.00000     %    67712.60     +/-    7.290425     % 
   79563.70     +/-    1.511171     % 

  Energy interval (GeV):  6.0327693E-10  5.7653604E-10

  Flux (Part/sr/GeV/cmq/pr):

   3739594.     +/-    99.00000     %    6563655.     +/-    6.734854     % 
   1148818.     +/-    1.669917     % 

  Flux (Part/deg/GeV/cmq/pr):

   3658.231     +/-    99.00000     %    74281.62     +/-    6.734854     % 
   84580.42     +/-    1.669917     % 

  Energy interval (GeV):  5.7653604E-10  5.5098054E-10

  Flux (Part/sr/GeV/cmq/pr):

   3913044.     +/-    99.00000     %    6234112.     +/-    7.440582     % 
   1239805.     +/-    1.677305     % 

  Flux (Part/deg/GeV/cmq/pr):

   3827.906     +/-    99.00000     %    70552.14     +/-    7.440582     % 
   91279.27     +/-    1.677305     % 

  Energy interval (GeV):  5.5098054E-10  5.2655785E-10

  Flux (Part/sr/GeV/cmq/pr):

   8189076.     +/-    70.35265     %    6670680.     +/-    7.054109     % 
   1281529.     +/-    1.518808     % 

  Flux (Part/deg/GeV/cmq/pr):

   8010.903     +/-    70.35265     %    75492.84     +/-    7.054109     % 
   94351.12     +/-    1.518808     % 

  Energy interval (GeV):  5.2655785E-10  5.0321775E-10

  Flux (Part/sr/GeV/cmq/pr):

   4284450.     +/-    99.00000     %    7095770.     +/-    7.357514     % 
   1354385.     +/-    1.650719     % 

  Flux (Part/deg/GeV/cmq/pr):

   4191.231     +/-    99.00000     %    80303.62     +/-    7.357514     % 
   99715.09     +/-    1.650719     % 

  Energy interval (GeV):  5.0321775E-10  4.8091214E-10

  Flux (Part/sr/GeV/cmq/pr):

   8966342.     +/-    70.35265     %    6981006.     +/-    7.700777     % 
   1376168.     +/-    1.770520     % 

  Flux (Part/deg/GeV/cmq/pr):

   8771.258     +/-    70.35265     %    79004.83     +/-    7.700777     % 
   101318.8     +/-    1.770520     % 

  Energy interval (GeV):  4.8091214E-10  4.5959525E-10

  Flux (Part/sr/GeV/cmq/pr):

   9382218.     +/-    70.35265     %    7473696.     +/-    7.440582     % 
   1482937.     +/-    1.486623     % 

  Flux (Part/deg/GeV/cmq/pr):

   9178.085     +/-    70.35265     %    84580.65     +/-    7.440582     % 
   109179.5     +/-    1.486623     % 

  Energy interval (GeV):  4.5959525E-10  4.3922330E-10

  Flux (Part/sr/GeV/cmq/pr):

  1.9634764E+07 +/-    49.23660     %    7422695.     +/-    7.655561     % 
   1561572.     +/-    1.453142     % 

  Flux (Part/deg/GeV/cmq/pr):

   19207.56     +/-    49.23660     %    84003.47     +/-    7.655561     % 
   114968.9     +/-    1.453142     % 

  Energy interval (GeV):  4.3922330E-10  4.1975434E-10

  Flux (Part/sr/GeV/cmq/pr):

  1.0272730E+07 +/-    70.35265     %    7304654.     +/-    8.399409     % 
   1620803.     +/-    1.547354     % 

  Flux (Part/deg/GeV/cmq/pr):

   10049.22     +/-    70.35265     %    82667.58     +/-    8.399409     % 
   119329.8     +/-    1.547354     % 

  Energy interval (GeV):  4.1975434E-10  4.0114831E-10

  Flux (Part/sr/GeV/cmq/pr):

   0.000000     +/-    0.000000     %    7595080.     +/-    8.059555     % 
   1734386.     +/-    1.504465     % 

  Flux (Part/deg/GeV/cmq/pr):

   0.000000     +/-    0.000000     %    85954.38     +/-    8.059555     % 
   127692.2     +/-    1.504465     % 

  Energy interval (GeV):  4.0114831E-10  3.8336703E-10

  Flux (Part/sr/GeV/cmq/pr):

  1.1247766E+07 +/-    70.35265     %    9162236.     +/-    7.184037     % 
   1796316.     +/-    1.395565     % 

  Flux (Part/deg/GeV/cmq/pr):

   11003.04     +/-    70.35265     %    103690.1     +/-    7.184037     % 
   132251.8     +/-    1.395565     % 

  Energy interval (GeV):  3.8336703E-10  3.6637396E-10

  Flux (Part/sr/GeV/cmq/pr):

  2.3538916E+07 +/-    49.23660     %    8739711.     +/-    8.587209     % 
   1843722.     +/-    1.558236     % 

  Flux (Part/deg/GeV/cmq/pr):

   23026.77     +/-    49.23660     %    98908.28     +/-    8.587209     % 
   135742.0     +/-    1.558236     % 

  Energy interval (GeV):  3.6637396E-10  3.5013409E-10

  Flux (Part/sr/GeV/cmq/pr):

   6157674.     +/-    99.00000     %    9145075.     +/-    8.279244     % 
   1928248.     +/-    1.724487     % 

  Flux (Part/deg/GeV/cmq/pr):

   6023.699     +/-    99.00000     %    103495.8     +/-    8.279244     % 
   141965.1     +/-    1.724487     % 

  Energy interval (GeV):  3.5013409E-10  3.3461406E-10

  Flux (Part/sr/GeV/cmq/pr):

  1.9329834E+07 +/-    57.14887     %   1.0323180E+07 +/-    6.941940     % 
   2055968.     +/-    1.691475     % 

  Flux (Part/deg/GeV/cmq/pr):

   18909.27     +/-    57.14887     %    116828.6     +/-    6.941940     % 
   151368.3     +/-    1.691475     % 

  Energy interval (GeV):  3.3461406E-10  3.1978201E-10

  Flux (Part/sr/GeV/cmq/pr):

   6742130.     +/-    99.00000     %    9466911.     +/-    8.011590     % 
   2168110.     +/-    1.548307     % 

  Flux (Part/deg/GeV/cmq/pr):

   6595.438     +/-    99.00000     %    107138.1     +/-    8.011590     % 
   159624.6     +/-    1.548307     % 

  Energy interval (GeV):  3.1978201E-10  3.0560740E-10

  Flux (Part/sr/GeV/cmq/pr):

  2.1164524E+07 +/-    57.14887     %   1.1557005E+07 +/-    8.278860     % 
   2197863.     +/-    1.437093     % 

  Flux (Part/deg/GeV/cmq/pr):

   20704.04     +/-    57.14887     %    130791.9     +/-    8.278860     % 
   161815.2     +/-    1.437093     % 

  Energy interval (GeV):  3.0560740E-10  2.9206104E-10

  Flux (Part/sr/GeV/cmq/pr):

   7382058.     +/-    99.00000     %   1.1029916E+07 +/-    8.042162     % 
   2378045.     +/-    1.433501     % 

  Flux (Part/deg/GeV/cmq/pr):

   7221.444     +/-    99.00000     %    124826.8     +/-    8.042162     % 
   175080.9     +/-    1.433501     % 

  Energy interval (GeV):  2.9206104E-10  2.7911515E-10

  Flux (Part/sr/GeV/cmq/pr):

  1.5448904E+07 +/-    70.35265     %   1.2653937E+07 +/-    7.216125     % 
   2474078.     +/-    1.606537     % 

  Flux (Part/deg/GeV/cmq/pr):

   15112.78     +/-    70.35265     %    143206.0     +/-    7.216125     % 
   182151.2     +/-    1.606537     % 

  Energy interval (GeV):  2.7911515E-10  2.6674313E-10

  Flux (Part/sr/GeV/cmq/pr):

   8082726.     +/-    99.00000     %   1.2295075E+07 +/-    8.439460     % 
   2726417.     +/-    1.454241     % 

  Flux (Part/deg/GeV/cmq/pr):

   7906.867     +/-    99.00000     %    139144.8     +/-    8.439460     % 
   200729.4     +/-    1.454241     % 

  Energy interval (GeV):  2.6674313E-10  2.5491950E-10

  Flux (Part/sr/GeV/cmq/pr):

  1.6915236E+07 +/-    70.35265     %   1.4616249E+07 +/-    7.278879     % 
   2857626.     +/-    1.658408     % 

  Flux (Part/deg/GeV/cmq/pr):

   16547.20     +/-    70.35265     %    165413.7     +/-    7.278879     % 
   210389.5     +/-    1.658408     % 

  Energy interval (GeV):  2.5491950E-10  2.4361999E-10

  Flux (Part/sr/GeV/cmq/pr):

   0.000000     +/-    0.000000     %   1.4656920E+07 +/-    7.438173     % 
   3080414.     +/-    1.444279     % 

  Flux (Part/deg/GeV/cmq/pr):

   0.000000     +/-    0.000000     %    165874.0     +/-    7.438173     % 
   226792.0     +/-    1.444279     % 

  Energy interval (GeV):  2.4361999E-10  2.3282129E-10

  Flux (Part/sr/GeV/cmq/pr):

   9260372.     +/-    99.00000     %   1.6753716E+07 +/-    7.193844     % 
   3363076.     +/-    1.592104     % 

  Flux (Part/deg/GeV/cmq/pr):

   9058.891     +/-    99.00000     %    189603.7     +/-    7.193844     % 
   247602.7     +/-    1.592104     % 

  Energy interval (GeV):  2.3282129E-10  2.2250127E-10

  Flux (Part/sr/GeV/cmq/pr):

  2.9069656E+07 +/-    57.14887     %   1.8751834E+07 +/-    6.319353     % 
   3689452.     +/-    1.587226     % 

  Flux (Part/deg/GeV/cmq/pr):

   28437.18     +/-    57.14887     %    212216.6     +/-    6.319353     % 
   271631.8     +/-    1.587226     % 

  Energy interval (GeV):  2.2250127E-10  2.1263870E-10

  Flux (Part/sr/GeV/cmq/pr):

   0.000000     +/-    0.000000     %   2.0990524E+07 +/-    7.351023     % 
   3987579.     +/-    1.366650     % 

  Flux (Part/deg/GeV/cmq/pr):

   0.000000     +/-    0.000000     %    237552.1     +/-    7.351023     % 
   293581.0     +/-    1.366650     % 

  Energy interval (GeV):  2.1263870E-10  2.0321331E-10

  Flux (Part/sr/GeV/cmq/pr):

  2.1219202E+07 +/-    70.35265     %   2.3110058E+07 +/-    6.384899     % 
   4529470.     +/-    1.421591     % 

  Flux (Part/deg/GeV/cmq/pr):

   20757.53     +/-    70.35265     %    261539.1     +/-    6.384899     % 
   333477.1     +/-    1.421591     % 

  Energy interval (GeV):  2.0321331E-10  1.9420568E-10

  Flux (Part/sr/GeV/cmq/pr):

   0.000000     +/-    0.000000     %   2.6380304E+07 +/-    5.786582     % 
   5149598.     +/-    1.221244     % 

  Flux (Part/deg/GeV/cmq/pr):

   0.000000     +/-    0.000000     %    298548.8     +/-    5.786582     % 
   379133.3     +/-    1.221244     % 

  Energy interval (GeV):  1.9420568E-10  1.8559733E-10

  Flux (Part/sr/GeV/cmq/pr):

  5.8083052E+07 +/-    43.80858     %   3.0740674E+07 +/-    5.550610     % 
   5849220.     +/-    1.261804     % 

  Flux (Part/deg/GeV/cmq/pr):

   56819.32     +/-    43.80858     %    347895.7     +/-    5.550610     % 
   430642.2     +/-    1.261804     % 

  Energy interval (GeV):  1.8559733E-10  1.7737056E-10

  Flux (Part/sr/GeV/cmq/pr):

  2.4310820E+07 +/-    70.35265     %   3.5995828E+07 +/-    5.383692     % 
   6624135.     +/-    1.247004     % 

  Flux (Part/deg/GeV/cmq/pr):

   23781.88     +/-    70.35265     %    407368.8     +/-    5.383692     % 
   487694.5     +/-    1.247004     % 

  Energy interval (GeV):  1.7737056E-10  1.6950846E-10

  Flux (Part/sr/GeV/cmq/pr):

  1.2719201E+07 +/-    99.00000     %   3.8123316E+07 +/-    5.314911     % 
   7615627.     +/-    1.141601     % 

  Flux (Part/deg/GeV/cmq/pr):

   12442.46     +/-    99.00000     %    431445.8     +/-    5.314911     % 
   560691.9     +/-    1.141601     % 

  Energy interval (GeV):  1.6950846E-10  1.6199483E-10

  Flux (Part/sr/GeV/cmq/pr):

  1.3309140E+07 +/-    99.00000     %   4.1329080E+07 +/-    5.393269     % 
   8558743.     +/-   0.9525721     % 

  Flux (Part/deg/GeV/cmq/pr):

   13019.57     +/-    99.00000     %    467725.8     +/-    5.393269     % 
   630127.8     +/-   0.9525721     % 

  Energy interval (GeV):  1.6199483E-10  1.5481427E-10

  Flux (Part/sr/GeV/cmq/pr):

  5.5705776E+07 +/-    49.23660     %   4.6881168E+07 +/-    4.617410     % 
  1.0110821E+07 +/-    1.044379     % 

  Flux (Part/deg/GeV/cmq/pr):

   54493.76     +/-    49.23660     %    530559.4     +/-    4.617410     % 
   744397.8     +/-    1.044379     % 

  Energy interval (GeV):  1.5481427E-10  1.4795198E-10

  Flux (Part/sr/GeV/cmq/pr):

  5.8289512E+07 +/-    49.23660     %   5.8105972E+07 +/-    4.983470     % 
  1.1380108E+07 +/-    1.037335     % 

  Flux (Part/deg/GeV/cmq/pr):

   57021.28     +/-    49.23660     %    657591.8     +/-    4.983470     % 
   837847.6     +/-    1.037335     % 

  Energy interval (GeV):  1.4795198E-10  1.4139388E-10

  Flux (Part/sr/GeV/cmq/pr):

  3.0496542E+07 +/-    70.35265     %   6.3408752E+07 +/-    4.359289     % 
  1.3345314E+07 +/-   0.8954839     % 

  Flux (Part/deg/GeV/cmq/pr):

   29833.02     +/-    70.35265     %    717603.9     +/-    4.359289     % 
   982533.7     +/-   0.8954839     % 

  Energy interval (GeV):  1.4139388E-10  1.3512644E-10

  Flux (Part/sr/GeV/cmq/pr):

  1.2764411E+08 +/-    34.08249     %   7.4104936E+07 +/-    4.344132     % 
  1.4794465E+07 +/-   0.8906567     % 

  Flux (Part/deg/GeV/cmq/pr):

   124866.9     +/-    34.08249     %    838653.8     +/-    4.344132     % 
   1089226.     +/-   0.8906567     % 

  Energy interval (GeV):  1.3512644E-10  1.2913684E-10

  Flux (Part/sr/GeV/cmq/pr):

  3.3391120E+07 +/-    70.35265     %   8.0096736E+07 +/-    4.619241     % 
  1.7208628E+07 +/-   0.9875169     % 

  Flux (Part/deg/GeV/cmq/pr):

   32664.62     +/-    70.35265     %    906463.8     +/-    4.619241     % 
   1266966.     +/-   0.9875169     % 

  Energy interval (GeV):  1.2913684E-10  1.2341274E-10

  Flux (Part/sr/GeV/cmq/pr):

  6.9879728E+07 +/-    49.23660     %   1.0236673E+08 +/-    4.174045     % 
  1.9467034E+07 +/-   0.8605790     % 

  Flux (Part/deg/GeV/cmq/pr):

   68359.32     +/-    49.23660     %    1158496.     +/-    4.174045     % 
   1433238.     +/-   0.8605790     % 

  Energy interval (GeV):  1.2341274E-10  1.1794236E-10

  Flux (Part/sr/GeV/cmq/pr):

  1.8280219E+08 +/-    33.33333     %   1.1830331E+08 +/-    3.540092     % 
  2.2082858E+07 +/-   0.7916755     % 

  Flux (Part/deg/GeV/cmq/pr):

   178824.9     +/-    33.33333     %    1338852.     +/-    3.540092     % 
   1625826.     +/-   0.7916755     % 

  Energy interval (GeV):  1.1794236E-10  1.1271445E-10

  Flux (Part/sr/GeV/cmq/pr):

  2.1040899E+08 +/-    31.37232     %   1.1948618E+08 +/-    3.927856     % 
  2.4980858E+07 +/-   0.7466480     % 

  Flux (Part/deg/GeV/cmq/pr):

   205831.0     +/-    31.37232     %    1352238.     +/-    3.927856     % 
   1839188.     +/-   0.7466480     % 

  Energy interval (GeV):  1.1271445E-10  1.0771829E-10

  Flux (Part/sr/GeV/cmq/pr):

  1.6012227E+08 +/-    34.08249     %   1.4862859E+08 +/-    3.377700     % 
  2.7581086E+07 +/-   0.7922000     % 

  Flux (Part/deg/GeV/cmq/pr):

   156638.4     +/-    34.08249     %    1682046.     +/-    3.377700     % 
   2030626.     +/-   0.7922000     % 

  Energy interval (GeV):  1.0771829E-10  1.0294358E-10

  Flux (Part/sr/GeV/cmq/pr):

  2.0943632E+08 +/-    30.15113     %   1.6607891E+08 +/-    3.436398     % 
  3.1132248E+07 +/-   0.7245253     % 

  Flux (Part/deg/GeV/cmq/pr):

   204879.5     +/-    30.15113     %    1879534.     +/-    3.436398     % 
   2292076.     +/-   0.7245253     % 

  Energy interval (GeV):  1.0294358E-10  9.8380505E-11

  Flux (Part/sr/GeV/cmq/pr):

  1.5340525E+08 +/-    36.63320     %   1.8186944E+08 +/-    3.400506     % 
  3.4608604E+07 +/-   0.7184936     % 

  Flux (Part/deg/GeV/cmq/pr):

   150067.5     +/-    36.63320     %    2058237.     +/-    3.400506     % 
   2548019.     +/-   0.7184936     % 

  Energy interval (GeV):  9.8380505E-11  9.4019695E-11

  Flux (Part/sr/GeV/cmq/pr):

  1.8345195E+08 +/-    34.08249     %   1.9587779E+08 +/-    3.146981     % 
  3.8692144E+07 +/-   0.7647253     % 

  Flux (Part/deg/GeV/cmq/pr):

   179460.5     +/-    34.08249     %    2216771.     +/-    3.146981     % 
   2848666.     +/-   0.7647253     % 

  Energy interval (GeV):  9.4019695E-11  8.9852188E-11

  Flux (Part/sr/GeV/cmq/pr):

  1.4397061E+08 +/-    39.78054     %   2.0647482E+08 +/-    3.308891     % 
  4.2243868E+07 +/-   0.6409949     % 

  Flux (Part/deg/GeV/cmq/pr):

   140838.2     +/-    39.78054     %    2336698.     +/-    3.308891     % 
   3110157.     +/-   0.6409949     % 

  Energy interval (GeV):  8.9852188E-11  8.5869416E-11

  Flux (Part/sr/GeV/cmq/pr):

  3.2640448E+08 +/-    25.99982     %   2.5198475E+08 +/-    2.899514     % 
  4.5684988E+07 +/-   0.6133245     % 

  Flux (Part/deg/GeV/cmq/pr):

   319302.8     +/-    25.99982     %    2851740.     +/-    2.899514     % 
   3363506.     +/-   0.6133245     % 

  Energy interval (GeV):  8.5869416E-11  8.2063169E-11

  Flux (Part/sr/GeV/cmq/pr):

  2.3645334E+08 +/-    38.98897     %   2.6012510E+08 +/-    3.141221     % 
  4.9618136E+07 +/-   0.5863833     % 

  Flux (Part/deg/GeV/cmq/pr):

   231308.7     +/-    38.98897     %    2943865.     +/-    3.141221     % 
   3653079.     +/-   0.5863833     % 

  Energy interval (GeV):  8.2063169E-11  7.8425641E-11

  Flux (Part/sr/GeV/cmq/pr):

  3.0240285E+08 +/-    28.58782     %   2.7392230E+08 +/-    3.122031     % 
  5.4327756E+07 +/-   0.6183621     % 

  Flux (Part/deg/GeV/cmq/pr):

   295823.3     +/-    28.58782     %    3100009.     +/-    3.122031     % 
   3999820.     +/-   0.6183621     % 

  Energy interval (GeV):  7.8425641E-11  7.4949352E-11

  Flux (Part/sr/GeV/cmq/pr):

  1.7259754E+08 +/-    39.78054     %   2.9517178E+08 +/-    3.251225     % 
  5.7563600E+07 +/-   0.6160871     % 

  Flux (Part/deg/GeV/cmq/pr):

   168842.3     +/-    39.78054     %    3340492.     +/-    3.251225     % 
   4238055.     +/-   0.6160871     % 

  Energy interval (GeV):  7.4949352E-11  7.1627163E-11

  Flux (Part/sr/GeV/cmq/pr):

  9.0301464E+07 +/-    57.14887     %   3.1238451E+08 +/-    3.260228     % 
  6.1840732E+07 +/-   0.5758303     % 

  Flux (Part/deg/GeV/cmq/pr):

   88336.73     +/-    57.14887     %    3535290.     +/-    3.260228     % 
   4552954.     +/-   0.5758303     % 

  Energy interval (GeV):  7.1627163E-11  6.8452223E-11

  Flux (Part/sr/GeV/cmq/pr):

  2.8346944E+08 +/-    31.95817     %   3.6231075E+08 +/-    2.810439     % 
  6.6545056E+07 +/-   0.5903311     % 

  Flux (Part/deg/GeV/cmq/pr):

   277301.9     +/-    31.95817     %    4100311.     +/-    2.810439     % 
   4899305.     +/-   0.5903311     % 

  Energy interval (GeV):  6.8452223E-11  6.5418004E-11

  Flux (Part/sr/GeV/cmq/pr):

  4.9436214E+08 +/-    23.92468     %   3.6042659E+08 +/-    3.102520     % 
  7.0462472E+07 +/-   0.6146272     % 

  Flux (Part/deg/GeV/cmq/pr):

   483606.1     +/-    23.92468     %    4078988.     +/-    3.102520     % 
   5187720.     +/-   0.6146272     % 

  Energy interval (GeV):  6.5418004E-11  6.2518289E-11

  Flux (Part/sr/GeV/cmq/pr):

  3.4486102E+08 +/-    33.33333     %   3.7497101E+08 +/-    2.845048     % 
  7.4990552E+07 +/-   0.5920879     % 

  Flux (Part/deg/GeV/cmq/pr):

   337357.8     +/-    33.33333     %    4243589.     +/-    2.845048     % 
   5521095.     +/-   0.5920879     % 

  Energy interval (GeV):  6.2518289E-11  5.9747117E-11

  Flux (Part/sr/GeV/cmq/pr):

  5.0519885E+08 +/-    26.89911     %   4.0503021E+08 +/-    2.575192     % 
  7.7947216E+07 +/-   0.6410560     % 

  Flux (Part/deg/GeV/cmq/pr):

   494207.0     +/-    26.89911     %    4583772.     +/-    2.575192     % 
   5738776.     +/-   0.6410560     % 

  Energy interval (GeV):  5.9747117E-11  5.7098774E-11

  Flux (Part/sr/GeV/cmq/pr):

  3.7759354E+08 +/-    33.33333     %   4.1939795E+08 +/-    2.652225     % 
  8.1171448E+07 +/-   0.5908311     % 

  Flux (Part/deg/GeV/cmq/pr):

   369378.1     +/-    33.33333     %    4746374.     +/-    2.652225     % 
   5976156.     +/-   0.5908311     % 

  Energy interval (GeV):  5.7098774E-11  5.4567816E-11

  Flux (Part/sr/GeV/cmq/pr):

  3.9510701E+08 +/-    30.15113     %   4.3280467E+08 +/-    2.601188     % 
  8.4565144E+07 +/-   0.5731832     % 

  Flux (Part/deg/GeV/cmq/pr):

   386510.5     +/-    30.15113     %    4898099.     +/-    2.601188     % 
   6226014.     +/-   0.5731832     % 

  Energy interval (GeV):  5.4567816E-11  5.2149045E-11

  Flux (Part/sr/GeV/cmq/pr):

  4.1343277E+08 +/-    33.33333     %   4.3203981E+08 +/-    2.645299     % 
  8.7684088E+07 +/-   0.5963943     % 

  Flux (Part/deg/GeV/cmq/pr):

   404437.6     +/-    33.33333     %    4889443.     +/-    2.645299     % 
   6455642.     +/-   0.5963943     % 

  Energy interval (GeV):  5.2149045E-11  4.9837492E-11

  Flux (Part/sr/GeV/cmq/pr):

  4.3260858E+08 +/-    30.15113     %   4.5830880E+08 +/-    2.753354     % 
  8.9538368E+07 +/-   0.5927938     % 

  Flux (Part/deg/GeV/cmq/pr):

   423196.1     +/-    30.15113     %    5186732.     +/-    2.753354     % 
   6592162.     +/-   0.5927938     % 

  Energy interval (GeV):  4.9837492E-11  4.7628401E-11

  Flux (Part/sr/GeV/cmq/pr):

  4.5267373E+08 +/-    30.15113     %   4.6082342E+08 +/-    3.190891     % 
  9.2186560E+07 +/-   0.6080167     % 

  Flux (Part/deg/GeV/cmq/pr):

   442824.7     +/-    30.15113     %    5215190.     +/-    3.190891     % 
   6787132.     +/-   0.6080167     % 

  Energy interval (GeV):  4.7628401E-11  4.5517225E-11

  Flux (Part/sr/GeV/cmq/pr):

  4.2630262E+08 +/-    31.95817     %   4.8304995E+08 +/-    3.003071     % 
  9.4134744E+07 +/-   0.5740680     % 

  Flux (Part/deg/GeV/cmq/pr):

   417027.4     +/-    31.95817     %    5466730.     +/-    3.003071     % 
   6930564.     +/-   0.5740680     % 

  Energy interval (GeV):  4.5517225E-11  4.3499634E-11

  Flux (Part/sr/GeV/cmq/pr):

  6.9389491E+08 +/-    26.89911     %   4.8002582E+08 +/-    2.833484     % 
  9.5922064E+07 +/-   0.6053039     % 

  Flux (Part/deg/GeV/cmq/pr):

   678797.6     +/-    26.89911     %    5432506.     +/-    2.833484     % 
   7062154.     +/-   0.6053039     % 

  Energy interval (GeV):  4.3499634E-11  4.1571475E-11

  Flux (Part/sr/GeV/cmq/pr):

  3.6303955E+08 +/-    36.63320     %   4.8735229E+08 +/-    3.482507     % 
  9.6581632E+07 +/-   0.6289283     % 

  Flux (Part/deg/GeV/cmq/pr):

   355140.8     +/-    36.63320     %    5515420.     +/-    3.482507     % 
   7110714.     +/-   0.6289283     % 

  Energy interval (GeV):  4.1571475E-11  3.9728779E-11

  Flux (Part/sr/GeV/cmq/pr):

  5.9695110E+08 +/-    31.37232     %   4.9188342E+08 +/-    2.827341     % 
  9.7723488E+07 +/-   0.6557479     % 

  Flux (Part/deg/GeV/cmq/pr):

   583963.0     +/-    31.37232     %    5566700.     +/-    2.827341     % 
   7194782.     +/-   0.6557479     % 

  Energy interval (GeV):  3.9728779E-11  3.7967764E-11

  Flux (Part/sr/GeV/cmq/pr):

  3.9749744E+08 +/-    36.63320     %   4.9118637E+08 +/-    3.404622     % 
  9.7486840E+07 +/-   0.6735731     % 

  Flux (Part/deg/GeV/cmq/pr):

   388848.9     +/-    36.63320     %    5558811.     +/-    3.404622     % 
   7177358.     +/-   0.6735731     % 

  Energy interval (GeV):  3.7967764E-11  3.6284812E-11

  Flux (Part/sr/GeV/cmq/pr):

  5.9419155E+08 +/-    30.15113     %   4.9204061E+08 +/-    3.233305     % 
  9.7390144E+07 +/-   0.6910717     % 

  Flux (Part/deg/GeV/cmq/pr):

   581263.5     +/-    30.15113     %    5568478.     +/-    3.233305     % 
   7170240.     +/-   0.6910717     % 

  Energy interval (GeV):  3.6284812E-11  3.4676456E-11

  Flux (Part/sr/GeV/cmq/pr):

  6.2175130E+08 +/-    36.23715     %   5.0926602E+08 +/-    3.315151     % 
  9.8252936E+07 +/-   0.6831339     % 

  Flux (Part/deg/GeV/cmq/pr):

   608223.6     +/-    36.23715     %    5763420.     +/-    3.315151     % 
   7233762.     +/-   0.6831339     % 

  Energy interval (GeV):  3.4676456E-11  3.3139387E-11

  Flux (Part/sr/GeV/cmq/pr):

  7.1564813E+08 +/-    31.37232     %   5.1824698E+08 +/-    3.354935     % 
  9.5690016E+07 +/-   0.7871476     % 

  Flux (Part/deg/GeV/cmq/pr):

   700077.5     +/-    31.37232     %    5865059.     +/-    3.354935     % 
   7045070.     +/-   0.7871476     % 

  Energy interval (GeV):  3.3139387E-11  3.1670451E-11

  Flux (Part/sr/GeV/cmq/pr):

  7.4884128E+08 +/-    28.58782     %   5.1471046E+08 +/-    3.115430     % 
  9.6088840E+07 +/-   0.7846326     % 

  Flux (Part/deg/GeV/cmq/pr):

   732548.4     +/-    28.58782     %    5825036.     +/-    3.115430     % 
   7074432.     +/-   0.7846326     % 

  Energy interval (GeV):  3.1670451E-11  3.0266629E-11

  Flux (Part/sr/GeV/cmq/pr):

  4.2740394E+08 +/-    39.78054     %   4.6741370E+08 +/-    3.586061     % 
  9.5729672E+07 +/-   0.7098301     % 

  Flux (Part/deg/GeV/cmq/pr):

   418104.8     +/-    39.78054     %    5289773.     +/-    3.586061     % 
   7047989.     +/-   0.7098301     % 

  Energy interval (GeV):  3.0266629E-11  2.8925033E-11

  Flux (Part/sr/GeV/cmq/pr):

  5.9630362E+08 +/-    34.08249     %   4.7433318E+08 +/-    3.454432     % 
  9.3143488E+07 +/-   0.8848293     % 

  Flux (Part/deg/GeV/cmq/pr):

   583329.6     +/-    34.08249     %    5368082.     +/-    3.454432     % 
   6857584.     +/-   0.8848293     % 

  Energy interval (GeV):  2.8925033E-11  2.7642907E-11

  Flux (Part/sr/GeV/cmq/pr):

  6.2396128E+08 +/-    38.43531     %   4.9212147E+08 +/-    3.572783     % 
  9.2935848E+07 +/-   0.6990446     % 

  Flux (Part/deg/GeV/cmq/pr):

   610385.5     +/-    38.43531     %    5569394.     +/-    3.572783     % 
   6842297.     +/-   0.6990446     % 

  Energy interval (GeV):  2.7642907E-11  2.6417608E-11

  Flux (Part/sr/GeV/cmq/pr):

  4.8967635E+08 +/-    39.78054     %   4.6426032E+08 +/-    4.722158     % 
  9.1315928E+07 +/-   0.8572891     % 

  Flux (Part/deg/GeV/cmq/pr):

   479022.2     +/-    39.78054     %    5254086.     +/-    4.722158     % 
   6723032.     +/-   0.8572891     % 

  Energy interval (GeV):  2.6417608E-11  2.5246624E-11

  Flux (Part/sr/GeV/cmq/pr):

  4.2699034E+08 +/-    43.80858     %   4.7426368E+08 +/-    4.023475     % 
  8.9249808E+07 +/-   0.9358527     % 

  Flux (Part/deg/GeV/cmq/pr):

   417700.1     +/-    43.80858     %    5367295.     +/-    4.023475     % 
   6570916.     +/-   0.9358527     % 

  Energy interval (GeV):  2.5246624E-11  2.4127544E-11

  Flux (Part/sr/GeV/cmq/pr):

  5.3615395E+08 +/-    39.78054     %   4.4880643E+08 +/-    4.442511     % 
  8.7139984E+07 +/-   0.9172084     % 

  Flux (Part/deg/GeV/cmq/pr):

   524488.6     +/-    39.78054     %    5079192.     +/-    4.442511     % 
   6415583.     +/-   0.9172084     % 

  Energy interval (GeV):  2.4127544E-11  2.3058068E-11

  Flux (Part/sr/GeV/cmq/pr):

  2.8051085E+08 +/-    57.14887     %   4.4269114E+08 +/-    4.574724     % 
  8.4822624E+07 +/-   0.8888577     % 

  Flux (Part/deg/GeV/cmq/pr):

   274407.7     +/-    57.14887     %    5009985.     +/-    4.574724     % 
   6244970.     +/-   0.8888577     % 

  Energy interval (GeV):  2.3058068E-11  2.2035996E-11

  Flux (Part/sr/GeV/cmq/pr):

  2.9352150E+08 +/-    57.14887     %   3.9717491E+08 +/-    4.484644     % 
  8.4058976E+07 +/-   0.9825326     % 

  Flux (Part/deg/GeV/cmq/pr):

   287135.2     +/-    57.14887     %    4494873.     +/-    4.484644     % 
   6188748.     +/-   0.9825326     % 

  Energy interval (GeV):  2.2035996E-11  2.1059231E-11

  Flux (Part/sr/GeV/cmq/pr):

  4.0951408E+08 +/-    49.23660     %   4.1191062E+08 +/-    4.951143     % 
  8.2631000E+07 +/-   0.9308149     % 

  Flux (Part/deg/GeV/cmq/pr):

   400604.1     +/-    49.23660     %    4661638.     +/-    4.951143     % 
   6083614.     +/-   0.9308149     % 

  Energy interval (GeV):  2.1059231E-11  2.0125762E-11

  Flux (Part/sr/GeV/cmq/pr):

  5.3563510E+08 +/-    43.80858     %   4.1462368E+08 +/-    4.703720     % 
  7.8128600E+07 +/-    1.111919     % 

  Flux (Part/deg/GeV/cmq/pr):

   523981.1     +/-    43.80858     %    4692342.     +/-    4.703720     % 
   5752130.     +/-    1.111919     % 

  Energy interval (GeV):  2.0125762E-11  1.9233670E-11

  Flux (Part/sr/GeV/cmq/pr):

  3.3628733E+08 +/-    57.14887     %   3.8037958E+08 +/-    4.521875     % 
  7.6036976E+07 +/-    1.037201     % 

  Flux (Part/deg/GeV/cmq/pr):

   328970.6     +/-    57.14887     %    4304798.     +/-    4.521875     % 
   5598136.     +/-    1.037201     % 

  Energy interval (GeV):  1.9233670E-11  1.8381118E-11

  Flux (Part/sr/GeV/cmq/pr):

  5.8647488E+08 +/-    43.80858     %   3.8324163E+08 +/-    5.174654     % 
  7.3696264E+07 +/-    1.282256     % 

  Flux (Part/deg/GeV/cmq/pr):

   573714.8     +/-    43.80858     %    4337188.     +/-    5.174654     % 
   5425804.     +/-    1.282256     % 

  Energy interval (GeV):  1.8381118E-11  1.7566360E-11

  Flux (Part/sr/GeV/cmq/pr):

  8.5914739E+08 +/-    36.63320     %   3.5240896E+08 +/-    5.972755     % 
  7.0905856E+07 +/-    1.180715     % 

  Flux (Part/deg/GeV/cmq/pr):

   840454.6     +/-    36.63320     %    3988252.     +/-    5.972755     % 
   5220364.     +/-    1.180715     % 

  Energy interval (GeV):  1.7566360E-11  1.6787717E-11

  Flux (Part/sr/GeV/cmq/pr):

  5.1371213E+08 +/-    49.23660     %   3.2367152E+08 +/-    6.070261     % 
  6.8770512E+07 +/-    1.299317     % 

  Flux (Part/deg/GeV/cmq/pr):

   502535.1     +/-    49.23660     %    3663027.     +/-    6.070261     % 
   5063151.     +/-    1.299317     % 

  Energy interval (GeV):  1.6787717E-11  1.6043585E-11

  Flux (Part/sr/GeV/cmq/pr):

  4.0315430E+08 +/-    57.14887     %   3.4110317E+08 +/-    5.198503     % 
  6.7600944E+07 +/-    1.316504     % 

  Flux (Part/deg/GeV/cmq/pr):

   394382.7     +/-    57.14887     %    3860303.     +/-    5.198503     % 
   4977044.     +/-    1.316504     % 

  Energy interval (GeV):  1.6043585E-11  1.5332437E-11

  Flux (Part/sr/GeV/cmq/pr):

  1.4061778E+08 +/-    99.00000     %   3.1135936E+08 +/-    6.180353     % 
  6.4278108E+07 +/-    1.389456     % 

  Flux (Part/deg/GeV/cmq/pr):

   137558.3     +/-    99.00000     %    3523689.     +/-    6.180353     % 
   4732403.     +/-    1.389456     % 

  Energy interval (GeV):  1.5332437E-11  1.4652814E-11

  Flux (Part/sr/GeV/cmq/pr):

  1.4713989E+08 +/-    99.00000     %   3.0725930E+08 +/-    6.900904     % 
  6.2155620E+07 +/-    1.354304     % 

  Flux (Part/deg/GeV/cmq/pr):

   143938.5     +/-    99.00000     %    3477288.     +/-    6.900904     % 
   4576138.     +/-    1.354304     % 

  Energy interval (GeV):  1.4652814E-11  1.4003314E-11

  Flux (Part/sr/GeV/cmq/pr):

  3.0792899E+08 +/-    70.35265     %   2.9656576E+08 +/-    6.440117     % 
  5.9858672E+07 +/-    1.506019     % 

  Flux (Part/deg/GeV/cmq/pr):

   301229.3     +/-    70.35265     %    3356268.     +/-    6.440117     % 
   4407027.     +/-    1.506019     % 

  Energy interval (GeV):  1.4003314E-11  1.3382605E-11

  Flux (Part/sr/GeV/cmq/pr):

  3.2221133E+08 +/-    70.35265     %   2.7551866E+08 +/-    7.536623     % 
  5.8547324E+07 +/-    1.546339     % 

  Flux (Part/deg/GeV/cmq/pr):

   315200.8     +/-    70.35265     %    3118076.     +/-    7.536623     % 
   4310480.     +/-    1.546339     % 

  Energy interval (GeV):  1.3382605E-11  1.2789408E-11

  Flux (Part/sr/GeV/cmq/pr):

  1.6857803E+08 +/-    99.00000     %   2.8526301E+08 +/-    6.816029     % 
  5.4467904E+07 +/-    1.635551     % 

  Flux (Part/deg/GeV/cmq/pr):

   164910.2     +/-    99.00000     %    3228354.     +/-    6.816029     % 
   4010138.     +/-    1.635551     % 

  Energy interval (GeV):  1.2789408E-11  1.2222506E-11

  Flux (Part/sr/GeV/cmq/pr):

  5.2919101E+08 +/-    57.14887     %   2.4768654E+08 +/-    7.076255     % 
  5.0733924E+07 +/-    1.567426     % 

  Flux (Part/deg/GeV/cmq/pr):

   517677.2     +/-    57.14887     %    2803096.     +/-    7.076255     % 
   3735228.     +/-    1.567426     % 

  Energy interval (GeV):  1.2222506E-11  1.1680732E-11

  Flux (Part/sr/GeV/cmq/pr):

  5.5373587E+08 +/-    57.14887     %   2.4920645E+08 +/-    8.501667     % 
  5.2331212E+07 +/-    1.491917     % 

  Flux (Part/deg/GeV/cmq/pr):

   541688.0     +/-    57.14887     %    2820297.     +/-    8.501667     % 
   3852826.     +/-    1.491917     % 

  Energy interval (GeV):  1.1680732E-11  1.1162973E-11

  Flux (Part/sr/GeV/cmq/pr):

  3.8627942E+08 +/-    70.35265     %   2.3816547E+08 +/-    8.212109     % 
  4.9067028E+07 +/-    1.834410     % 

  Flux (Part/deg/GeV/cmq/pr):

   377875.0     +/-    70.35265     %    2695345.     +/-    8.212109     % 
   3612504.     +/-    1.834410     % 

  Energy interval (GeV):  1.1162973E-11  1.0668163E-11

  Flux (Part/sr/GeV/cmq/pr):

  4.0419578E+08 +/-    70.35265     %   2.5648827E+08 +/-    9.188947     % 
  4.7578140E+07 +/-    1.840125     % 

  Flux (Part/deg/GeV/cmq/pr):

   395401.5     +/-    70.35265     %    2902706.     +/-    9.188947     % 
   3502887.     +/-    1.840125     % 

  Energy interval (GeV):  1.0668163E-11  1.0195288E-11

  Flux (Part/sr/GeV/cmq/pr):

  2.1147157E+08 +/-    99.00000     %   1.7892312E+08 +/-    10.88474     % 
  4.5319200E+07 +/-    2.001580     % 

  Flux (Part/deg/GeV/cmq/pr):

   206870.5     +/-    99.00000     %    2024893.     +/-    10.88474     % 
   3336575.     +/-    2.001580     % 

  Energy interval (GeV):  1.0195288E-11  9.7433719E-12

  Flux (Part/sr/GeV/cmq/pr):

  2.2128002E+08 +/-    99.00000     %   2.0713914E+08 +/-    9.558887     % 
  4.2073204E+07 +/-    2.049475     % 

  Flux (Part/deg/GeV/cmq/pr):

   216465.5     +/-    99.00000     %    2344217.     +/-    9.558887     % 
   3097592.     +/-    2.049475     % 

  Energy interval (GeV):  9.7433719E-12  9.3114891E-12

  Flux (Part/sr/GeV/cmq/pr):

  6.9463014E+08 +/-    57.14887     %   2.0632611E+08 +/-    9.894324     % 
  4.1310276E+07 +/-    2.148916     % 

  Flux (Part/deg/GeV/cmq/pr):

   679516.8     +/-    57.14887     %    2335016.     +/-    9.894324     % 
   3041422.     +/-    2.148916     % 

  Energy interval (GeV):  9.3114891E-12  8.8987481E-12

  Flux (Part/sr/GeV/cmq/pr):

  4.8456557E+08 +/-    70.35265     %   2.3552280E+08 +/-    9.642283     % 
  3.8557416E+07 +/-    2.405710     % 

  Flux (Part/deg/GeV/cmq/pr):

   474022.7     +/-    70.35265     %    2665438.     +/-    9.642283     % 
   2838746.     +/-    2.405710     % 

  Energy interval (GeV):  8.8987481E-12  8.5043032E-12

  Flux (Part/sr/GeV/cmq/pr):

  2.5352030E+08 +/-    99.00000     %   2.0537230E+08 +/-    10.76915     % 
  3.7190584E+07 +/-    2.320697     % 

  Flux (Part/deg/GeV/cmq/pr):

   248004.4     +/-    99.00000     %    2324222.     +/-    10.76915     % 
   2738115.     +/-    2.320697     % 

  Energy interval (GeV):  8.5043032E-12  8.1273417E-12

  Flux (Part/sr/GeV/cmq/pr):

  5.3055811E+08 +/-    70.35265     %   1.7430605E+08 +/-    11.32885     % 
  3.6721628E+07 +/-    2.278982     % 

  Flux (Part/deg/GeV/cmq/pr):

   519014.5     +/-    70.35265     %    1972641.     +/-    11.32885     % 
   2703588.     +/-    2.278982     % 

  Energy interval (GeV):  8.1273417E-12  7.7670908E-12

  Flux (Part/sr/GeV/cmq/pr):

   0.000000     +/-    0.000000     %   1.8239067E+08 +/-    11.49495     % 
  3.4323816E+07 +/-    2.608856     % 

  Flux (Part/deg/GeV/cmq/pr):

   0.000000     +/-    0.000000     %    2064136.     +/-    11.49495     % 
   2527052.     +/-    2.608856     % 

  Energy interval (GeV):  7.7670908E-12  7.4228054E-12

  Flux (Part/sr/GeV/cmq/pr):

  2.9045802E+08 +/-    99.00000     %   1.8562152E+08 +/-    13.91202     % 
  3.3023896E+07 +/-    2.597651     % 

  Flux (Part/deg/GeV/cmq/pr):

   284138.4     +/-    99.00000     %    2100700.     +/-    13.91202     % 
   2431347.     +/-    2.597651     % 

  Energy interval (GeV):  7.4228054E-12  7.0937835E-12

  Flux (Part/sr/GeV/cmq/pr):

   0.000000     +/-    0.000000     %   1.5046062E+08 +/-    13.76584     % 
  3.1920008E+07 +/-    2.975279     % 

  Flux (Part/deg/GeV/cmq/pr):

   0.000000     +/-    0.000000     %    1702780.     +/-    13.76584     % 
   2350074.     +/-    2.975279     % 

  Energy interval (GeV):  7.0937835E-12  6.7793457E-12

  Flux (Part/sr/GeV/cmq/pr):

   0.000000     +/-    0.000000     %   1.4598914E+08 +/-    14.87687     % 
  3.0438390E+07 +/-    2.597895     % 

  Flux (Part/deg/GeV/cmq/pr):

   0.000000     +/-    0.000000     %    1652175.     +/-    14.87687     % 
   2240992.     +/-    2.597895     % 

  Energy interval (GeV):  6.7793457E-12  6.4788452E-12

  Flux (Part/sr/GeV/cmq/pr):

   0.000000     +/-    0.000000     %   1.3179328E+08 +/-    15.93039     % 
  2.9151466E+07 +/-    3.231050     % 

  Flux (Part/deg/GeV/cmq/pr):

   0.000000     +/-    0.000000     %    1491519.     +/-    15.93039     % 
   2146244.     +/-    3.231050     % 

  Energy interval (GeV):  6.4788452E-12  6.1916639E-12

  Flux (Part/sr/GeV/cmq/pr):

  3.4821232E+08 +/-    99.00000     %   1.5044299E+08 +/-    14.34846     % 
  2.8015188E+07 +/-    3.149520     % 

  Flux (Part/deg/GeV/cmq/pr):

   340636.1     +/-    99.00000     %    1702580.     +/-    14.34846     % 
   2062587.     +/-    3.149520     % 

  Energy interval (GeV):  6.1916639E-12  5.9172129E-12

  Flux (Part/sr/GeV/cmq/pr):

   0.000000     +/-    0.000000     %   1.1478602E+08 +/-    16.43312     % 
  2.6535258E+07 +/-    3.409084     % 

  Flux (Part/deg/GeV/cmq/pr):

   0.000000     +/-    0.000000     %    1299046.     +/-    16.43312     % 
   1953628.     +/-    3.409084     % 

  Energy interval (GeV):  5.9172129E-12  5.6549270E-12

  Flux (Part/sr/GeV/cmq/pr):

   0.000000     +/-    0.000000     %   1.3040515E+08 +/-    16.63516     % 
  2.4949614E+07 +/-    3.498286     % 

  Flux (Part/deg/GeV/cmq/pr):

   0.000000     +/-    0.000000     %    1475810.     +/-    16.63516     % 
   1836887.     +/-    3.498286     % 

  Energy interval (GeV):  5.6549270E-12  5.4042669E-12

  Flux (Part/sr/GeV/cmq/pr):

   0.000000     +/-    0.000000     %   1.1849917E+08 +/-    17.78727     % 
  2.4409080E+07 +/-    3.288281     % 

  Flux (Part/deg/GeV/cmq/pr):

   0.000000     +/-    0.000000     %    1341068.     +/-    17.78727     % 
   1797091.     +/-    3.288281     % 

  Energy interval (GeV):  5.4042669E-12  5.1647176E-12

  Flux (Part/sr/GeV/cmq/pr):

  4.1745043E+08 +/-    99.00000     %   1.6156973E+08 +/-    13.73050     % 
  2.3764728E+07 +/-    3.718693     % 

  Flux (Part/deg/GeV/cmq/pr):

   408367.8     +/-    99.00000     %    1828503.     +/-    13.73050     % 
   1749651.     +/-    3.718693     % 

  Energy interval (GeV):  5.1647176E-12  4.9357870E-12

  Flux (Part/sr/GeV/cmq/pr):

   0.000000     +/-    0.000000     %   1.1008794E+08 +/-    18.35876     % 
  2.1570088E+07 +/-    4.032058     % 

  Flux (Part/deg/GeV/cmq/pr):

   0.000000     +/-    0.000000     %    1245878.     +/-    18.35876     % 
   1588073.     +/-    4.032058     % 

  Energy interval (GeV):  4.9357870E-12  4.7170041E-12

  Flux (Part/sr/GeV/cmq/pr):

  4.5707274E+08 +/-    99.00000     %   1.2753624E+08 +/-    18.16420     % 
  2.1065846E+07 +/-    3.768543     % 

  Flux (Part/deg/GeV/cmq/pr):

   447128.0     +/-    99.00000     %    1443342.     +/-    18.16420     % 
   1550949.     +/-    3.768543     % 

  Energy interval (GeV):  4.7170041E-12  4.5079183E-12

  Flux (Part/sr/GeV/cmq/pr):

   0.000000     +/-    0.000000     %   1.2053694E+08 +/-    19.04762     % 
  2.0660436E+07 +/-    4.039418     % 

  Flux (Part/deg/GeV/cmq/pr):

   0.000000     +/-    0.000000     %    1364130.     +/-    19.04762     % 
   1521101.     +/-    4.039418     % 

  Energy interval (GeV):  4.5079183E-12  4.3081003E-12

  Flux (Part/sr/GeV/cmq/pr):

   0.000000     +/-    0.000000     %   9.4595744E+07 +/-    19.49334     % 
  1.9368432E+07 +/-    4.246526     % 

  Flux (Part/deg/GeV/cmq/pr):

   0.000000     +/-    0.000000     %    1070551.     +/-    19.49334     % 
   1425979.     +/-    4.246526     % 

  Energy interval (GeV):  4.3081003E-12  4.1171402E-12

  Flux (Part/sr/GeV/cmq/pr):

   0.000000     +/-    0.000000     %   8.0129320E+07 +/-    22.20736     % 
  1.7281420E+07 +/-    5.311472     % 

  Flux (Part/deg/GeV/cmq/pr):

   0.000000     +/-    0.000000     %    906832.4     +/-    22.20736     % 
   1272325.     +/-    5.311472     % 

  Energy interval (GeV):  4.1171402E-12  3.9346443E-12

  Flux (Part/sr/GeV/cmq/pr):

   0.000000     +/-    0.000000     %   1.2823486E+08 +/-    18.63490     % 
  1.5135133E+07 +/-    5.116092     % 

  Flux (Part/deg/GeV/cmq/pr):

   0.000000     +/-    0.000000     %    1451248.     +/-    18.63490     % 
   1114307.     +/-    5.116092     % 

  Energy interval (GeV):  3.9346443E-12  3.7602378E-12

  Flux (Part/sr/GeV/cmq/pr):

   0.000000     +/-    0.000000     %   5.6769572E+07 +/-    28.58782     % 
  1.6113357E+07 +/-    5.176736     % 

  Flux (Part/deg/GeV/cmq/pr):

   0.000000     +/-    0.000000     %    642467.6     +/-    28.58782     % 
   1186328.     +/-    5.176736     % 

  Energy interval (GeV):  3.7602378E-12  3.5935612E-12

  Flux (Part/sr/GeV/cmq/pr):

   0.000000     +/-    0.000000     %   1.1880530E+08 +/-    21.01443     % 
  1.5752734E+07 +/-    5.796725     % 

  Flux (Part/deg/GeV/cmq/pr):

   0.000000     +/-    0.000000     %    1344533.     +/-    21.01443     % 
   1159777.     +/-    5.796725     % 

  Energy interval (GeV):  3.5935612E-12  3.4342735E-12

  Flux (Part/sr/GeV/cmq/pr):

   0.000000     +/-    0.000000     %   8.4760704E+07 +/-    25.73281     % 
  1.3257271E+07 +/-    6.153699     % 

  Flux (Part/deg/GeV/cmq/pr):

   0.000000     +/-    0.000000     %    959246.4     +/-    25.73281     % 
   976051.6     +/-    6.153699     % 

  Energy interval (GeV):  3.4342735E-12  3.2820465E-12

  Flux (Part/sr/GeV/cmq/pr):

   0.000000     +/-    0.000000     %   3.5476828E+07 +/-    39.78054     % 
  1.5507290E+07 +/-    5.877825     % 

  Flux (Part/deg/GeV/cmq/pr):

   0.000000     +/-    0.000000     %    401495.2     +/-    39.78054     % 
   1141707.     +/-    5.877825     % 

  Energy interval (GeV):  3.2820465E-12  3.1365667E-12

  Flux (Part/sr/GeV/cmq/pr):

   0.000000     +/-    0.000000     %   6.1870508E+07 +/-    30.15113     % 
  1.2749430E+07 +/-    7.114478     % 

  Flux (Part/deg/GeV/cmq/pr):

   0.000000     +/-    0.000000     %    700195.4     +/-    30.15113     % 
   938662.4     +/-    7.114478     % 

  Energy interval (GeV):  3.1365667E-12  2.9975354E-12

  Flux (Part/sr/GeV/cmq/pr):

   0.000000     +/-    0.000000     %   4.5318124E+07 +/-    36.63320     % 
  1.2936506E+07 +/-    6.837587     % 

  Flux (Part/deg/GeV/cmq/pr):

   0.000000     +/-    0.000000     %    512870.3     +/-    36.63320     % 
   952435.7     +/-    6.837587     % 

  Energy interval (GeV):  2.9975354E-12  2.8646668E-12

  Flux (Part/sr/GeV/cmq/pr):

   0.000000     +/-    0.000000     %   4.7420064E+07 +/-    36.63320     % 
  1.2932216E+07 +/-    6.609142     % 

  Flux (Part/deg/GeV/cmq/pr):

   0.000000     +/-    0.000000     %    536658.2     +/-    36.63320     % 
   952119.8     +/-    6.609142     % 

  Energy interval (GeV):  2.8646668E-12  2.7376881E-12

  Flux (Part/sr/GeV/cmq/pr):

   0.000000     +/-    0.000000     %   8.5061992E+07 +/-    27.21655     % 
  1.1571787E+07 +/-    8.650743     % 

  Flux (Part/deg/GeV/cmq/pr):

   0.000000     +/-    0.000000     %    962656.1     +/-    27.21655     % 
   851959.8     +/-    8.650743     % 

  Energy interval (GeV):  2.7376881E-12  2.6163375E-12

  Flux (Part/sr/GeV/cmq/pr):

   0.000000     +/-    0.000000     %   7.4172768E+07 +/-    30.15113     % 
  1.2307008E+07 +/-    7.330365     % 

  Flux (Part/deg/GeV/cmq/pr):

   0.000000     +/-    0.000000     %    839421.5     +/-    30.15113     % 
   906089.6     +/-    7.330365     % 

  Energy interval (GeV):  2.6163375E-12  2.5003658E-12

  Flux (Part/sr/GeV/cmq/pr):

   0.000000     +/-    0.000000     %   6.2090428E+07 +/-    34.08249     % 
  1.2047002E+07 +/-    8.234509     % 

  Flux (Part/deg/GeV/cmq/pr):

   0.000000     +/-    0.000000     %    702684.3     +/-    34.08249     % 
   886946.9     +/-    8.234509     % 

  Energy interval (GeV):  2.5003658E-12  2.3895350E-12

  Flux (Part/sr/GeV/cmq/pr):

   0.000000     +/-    0.000000     %   6.4970300E+07 +/-    34.08249     % 
  1.0070122E+07 +/-    8.487434     % 

  Flux (Part/deg/GeV/cmq/pr):

   0.000000     +/-    0.000000     %    735276.2     +/-    34.08249     % 
   741401.4     +/-    8.487434     % 

  Energy interval (GeV):  2.3895350E-12  2.2836167E-12

  Flux (Part/sr/GeV/cmq/pr):

   0.000000     +/-    0.000000     %   4.2489836E+07 +/-    43.80858     % 
  1.0006543E+07 +/-    9.129090     % 

  Flux (Part/deg/GeV/cmq/pr):

   0.000000     +/-    0.000000     %    480862.2     +/-    43.80858     % 
   736720.4     +/-    9.129090     % 

  Energy interval (GeV):  2.2836167E-12  2.1823932E-12

  Flux (Part/sr/GeV/cmq/pr):

   0.000000     +/-    0.000000     %   3.5568476E+07 +/-    49.23660     % 
  1.0391342E+07 +/-    9.057887     % 

  Flux (Part/deg/GeV/cmq/pr):

   0.000000     +/-    0.000000     %    402532.4     +/-    49.23660     % 
   765050.8     +/-    9.057887     % 

  Energy interval (GeV):  2.1823932E-12  2.0856565E-12

  Flux (Part/sr/GeV/cmq/pr):

  1.0337341E+09 +/-    99.00000     %   4.6522760E+07 +/-    52.22330     % 
   8217236.     +/-    10.30255     % 

  Flux (Part/deg/GeV/cmq/pr):

   1011243.     +/-    99.00000     %    526503.2     +/-    52.22330     % 
   604984.7     +/-    10.30255     % 

  Energy interval (GeV):  2.0856565E-12  1.9932079E-12

  Flux (Part/sr/GeV/cmq/pr):

   0.000000     +/-    0.000000     %   3.8944460E+07 +/-    49.23660     % 
   7469288.     +/-    10.58514     % 

  Flux (Part/deg/GeV/cmq/pr):

   0.000000     +/-    0.000000     %    440738.8     +/-    49.23660     % 
   549917.9     +/-    10.58514     % 

  Energy interval (GeV):  1.9932079E-12  1.9048571E-12

  Flux (Part/sr/GeV/cmq/pr):

   0.000000     +/-    0.000000     %   1.0187693E+07 +/-    99.00000     % 
   6634280.     +/-    10.81527     % 

  Flux (Part/deg/GeV/cmq/pr):

   0.000000     +/-    0.000000     %    115295.3     +/-    99.00000     % 
   488441.4     +/-    10.81527     % 

  Energy interval (GeV):  1.9048571E-12  1.8204227E-12

  Flux (Part/sr/GeV/cmq/pr):

   0.000000     +/-    0.000000     %   8.5281736E+07 +/-    38.43531     % 
   7512564.     +/-    10.98742     % 

  Flux (Part/deg/GeV/cmq/pr):

   0.000000     +/-    0.000000     %    965142.9     +/-    38.43531     % 
   553104.1     +/-    10.98742     % 

  Energy interval (GeV):  1.8204227E-12  1.7397304E-12

  Flux (Part/sr/GeV/cmq/pr):

   0.000000     +/-    0.000000     %   3.3463972E+07 +/-    57.14887     % 
   6965453.     +/-    12.09800     % 

  Flux (Part/deg/GeV/cmq/pr):

   0.000000     +/-    0.000000     %    378715.5     +/-    57.14887     % 
   512823.6     +/-    12.09800     % 

  Energy interval (GeV):  1.7397304E-12  1.6626154E-12

  Flux (Part/sr/GeV/cmq/pr):

   0.000000     +/-    0.000000     %   2.3344064E+07 +/-    70.35265     % 
   6872036.     +/-    12.03289     % 

  Flux (Part/deg/GeV/cmq/pr):

   0.000000     +/-    0.000000     %    264187.4     +/-    70.35265     % 
   505945.9     +/-    12.03289     % 

  Energy interval (GeV):  1.6626154E-12  1.5889184E-12

  Flux (Part/sr/GeV/cmq/pr):

   0.000000     +/-    0.000000     %   3.6640204E+07 +/-    57.14887     % 
   7408676.     +/-    12.69357     % 

  Flux (Part/deg/GeV/cmq/pr):

   0.000000     +/-    0.000000     %    414661.3     +/-    57.14887     % 
   545455.4     +/-    12.69357     % 

  Energy interval (GeV):  1.5889184E-12  1.5184882E-12

  Flux (Part/sr/GeV/cmq/pr):

   0.000000     +/-    0.000000     %    0.000000     +/-    0.000000     % 
   6156242.     +/-    14.03187     % 

  Flux (Part/deg/GeV/cmq/pr):

   0.000000     +/-    0.000000     %    0.000000     +/-    0.000000     % 
   453246.4     +/-    14.03187     % 

  Energy interval (GeV):  1.5184882E-12  1.4511799E-12

  Flux (Part/sr/GeV/cmq/pr):

   0.000000     +/-    0.000000     %   2.6745272E+07 +/-    70.35265     % 
   6083903.     +/-    14.07196     % 

  Flux (Part/deg/GeV/cmq/pr):

   0.000000     +/-    0.000000     %    302679.2     +/-    70.35265     % 
   447920.5     +/-    14.07196     % 

  Energy interval (GeV):  1.4511799E-12  1.3868550E-12

  Flux (Part/sr/GeV/cmq/pr):

   0.000000     +/-    0.000000     %   4.1978652E+07 +/-    57.14887     % 
   3619931.     +/-    18.53069     % 

  Flux (Part/deg/GeV/cmq/pr):

   0.000000     +/-    0.000000     %    475077.1     +/-    57.14887     % 
   266513.3     +/-    18.53069     % 

  Energy interval (GeV):  1.3868550E-12  1.3253813E-12

  Flux (Part/sr/GeV/cmq/pr):

   0.000000     +/-    0.000000     %   2.9283800E+07 +/-    70.35265     % 
   4832748.     +/-    16.59179     % 

  Flux (Part/deg/GeV/cmq/pr):

   0.000000     +/-    0.000000     %    331408.0     +/-    70.35265     % 
   355805.7     +/-    16.59179     % 

  Energy interval (GeV):  1.3253813E-12  1.2666326E-12

  Flux (Part/sr/GeV/cmq/pr):

   0.000000     +/-    0.000000     %   4.5963052E+07 +/-    57.14887     % 
   5466920.     +/-    15.89104     % 

  Flux (Part/deg/GeV/cmq/pr):

   0.000000     +/-    0.000000     %    520169.0     +/-    57.14887     % 
   402495.8     +/-    15.89104     % 

  Energy interval (GeV):  1.2666326E-12  1.2104879E-12

  Flux (Part/sr/GeV/cmq/pr):

   0.000000     +/-    0.000000     %   1.6031635E+07 +/-    99.00000     % 
   4862412.     +/-    19.25711     % 

  Flux (Part/deg/GeV/cmq/pr):

   0.000000     +/-    0.000000     %    181431.8     +/-    99.00000     % 
   357989.6     +/-    19.25711     % 

  Energy interval (GeV):  1.2104879E-12  1.1568319E-12

  Flux (Part/sr/GeV/cmq/pr):

   0.000000     +/-    0.000000     %    0.000000     +/-    0.000000     % 
   5237586.     +/-    18.77511     % 

  Flux (Part/deg/GeV/cmq/pr):

   0.000000     +/-    0.000000     %    0.000000     +/-    0.000000     % 
   385611.3     +/-    18.77511     % 

  Energy interval (GeV):  1.1568319E-12  1.1055543E-12

  Flux (Part/sr/GeV/cmq/pr):

   0.000000     +/-    0.000000     %   7.0213112E+07 +/-    49.23660     % 
   4071240.     +/-    18.63490     % 

  Flux (Part/deg/GeV/cmq/pr):

   0.000000     +/-    0.000000     %    794609.6     +/-    49.23660     % 
   299740.4     +/-    18.63490     % 

  Energy interval (GeV):  1.1055543E-12  1.0565496E-12

  Flux (Part/sr/GeV/cmq/pr):

   0.000000     +/-    0.000000     %   1.8367430E+07 +/-    99.00000     % 
   4751618.     +/-    19.16788     % 

  Flux (Part/deg/GeV/cmq/pr):

   0.000000     +/-    0.000000     %    207866.3     +/-    99.00000     % 
   349832.5     +/-    19.16788     % 

  Energy interval (GeV):  1.0565496E-12  1.0097170E-12

  Flux (Part/sr/GeV/cmq/pr):

   0.000000     +/-    0.000000     %    0.000000     +/-    0.000000     % 
   4800558.     +/-    19.04762     % 

  Flux (Part/deg/GeV/cmq/pr):

   0.000000     +/-    0.000000     %    0.000000     +/-    0.000000     % 
   353435.7     +/-    19.04762     % 

  Energy interval (GeV):  1.0097170E-12  9.6496042E-13

  Flux (Part/sr/GeV/cmq/pr):

   0.000000     +/-    0.000000     %   4.0221552E+07 +/-    70.35265     % 
   3588012.     +/-    23.57023     % 

  Flux (Part/deg/GeV/cmq/pr):

   0.000000     +/-    0.000000     %    455191.8     +/-    70.35265     % 
   264163.3     +/-    23.57023     % 

  Energy interval (GeV):  9.6496042E-13  9.2218778E-13

  Flux (Part/sr/GeV/cmq/pr):

   0.000000     +/-    0.000000     %   2.1043550E+07 +/-    99.00000     % 
   3191266.     +/-    22.20736     % 

  Flux (Part/deg/GeV/cmq/pr):

   0.000000     +/-    0.000000     %    238152.2     +/-    99.00000     % 
   234953.3     +/-    22.20736     % 

  Energy interval (GeV):  9.2218778E-13  8.8131092E-13

  Flux (Part/sr/GeV/cmq/pr):

   0.000000     +/-    0.000000     %    0.000000     +/-    0.000000     % 
   3142854.     +/-    26.23226     % 

  Flux (Part/deg/GeV/cmq/pr):

   0.000000     +/-    0.000000     %    0.000000     +/-    0.000000     % 
   231389.1     +/-    26.23226     % 

  Energy interval (GeV):  8.8131092E-13  8.4224592E-13

  Flux (Part/sr/GeV/cmq/pr):

   0.000000     +/-    0.000000     %   2.3040898E+07 +/-    99.00000     % 
   2672008.     +/-    25.99982     % 

  Flux (Part/deg/GeV/cmq/pr):

   0.000000     +/-    0.000000     %    260756.4     +/-    99.00000     % 
   196723.6     +/-    25.99982     % 

  Energy interval (GeV):  8.4224592E-13  8.0491267E-13

  Flux (Part/sr/GeV/cmq/pr):

   0.000000     +/-    0.000000     %    0.000000     +/-    0.000000     % 
   2795941.     +/-    25.99982     % 

  Flux (Part/deg/GeV/cmq/pr):

   0.000000     +/-    0.000000     %    0.000000     +/-    0.000000     % 
   205848.0     +/-    25.99982     % 

  Energy interval (GeV):  8.0491267E-13  7.6923418E-13

  Flux (Part/sr/GeV/cmq/pr):

   0.000000     +/-    0.000000     %   2.5227822E+07 +/-    99.00000     % 
   2250478.     +/-    30.15113     % 

  Flux (Part/deg/GeV/cmq/pr):

   0.000000     +/-    0.000000     %    285506.1     +/-    99.00000     % 
   165688.9     +/-    30.15113     % 

  Energy interval (GeV):  7.6923418E-13  7.3513721E-13

  Flux (Part/sr/GeV/cmq/pr):

   0.000000     +/-    0.000000     %    0.000000     +/-    0.000000     % 
   2825832.     +/-    27.21655     % 

  Flux (Part/deg/GeV/cmq/pr):

   0.000000     +/-    0.000000     %    0.000000     +/-    0.000000     % 
   208048.7     +/-    27.21655     % 

  Energy interval (GeV):  7.3513721E-13  7.0255157E-13

  Flux (Part/sr/GeV/cmq/pr):

   0.000000     +/-    0.000000     %   2.7622320E+07 +/-    99.00000     % 
   3696124.     +/-    25.73281     % 

  Flux (Part/deg/GeV/cmq/pr):

   0.000000     +/-    0.000000     %    312604.9     +/-    99.00000     % 
   272122.9     +/-    25.73281     % 

  Energy interval (GeV):  7.0255157E-13  6.7141030E-13

  Flux (Part/sr/GeV/cmq/pr):

   0.000000     +/-    0.000000     %   2.8903496E+07 +/-    99.00000     % 
   2836208.     +/-    31.37232     % 

  Flux (Part/deg/GeV/cmq/pr):

   0.000000     +/-    0.000000     %    327104.1     +/-    99.00000     % 
   208812.6     +/-    31.37232     % 

  Energy interval (GeV):  6.7141030E-13  6.4164944E-13

  Flux (Part/sr/GeV/cmq/pr):

   0.000000     +/-    0.000000     %    0.000000     +/-    0.000000     % 
   2967757.     +/-    31.37232     % 

  Flux (Part/deg/GeV/cmq/pr):

   0.000000     +/-    0.000000     %    0.000000     +/-    0.000000     % 
   218497.8     +/-    31.37232     % 

  Energy interval (GeV):  6.4164944E-13  6.1320778E-13

  Flux (Part/sr/GeV/cmq/pr):

   0.000000     +/-    0.000000     %   3.1646872E+07 +/-    99.00000     % 
   1411549.     +/-    43.80858     % 

  Flux (Part/deg/GeV/cmq/pr):

   0.000000     +/-    0.000000     %    358151.2     +/-    99.00000     % 
   103923.7     +/-    43.80858     % 

  Energy interval (GeV):  6.1320778E-13  5.8602672E-13

  Flux (Part/sr/GeV/cmq/pr):

   0.000000     +/-    0.000000     %   3.3114712E+07 +/-    99.00000     % 
   1477019.     +/-    43.80858     % 

  Flux (Part/deg/GeV/cmq/pr):

   0.000000     +/-    0.000000     %    374762.9     +/-    99.00000     % 
   108743.8     +/-    43.80858     % 

  Energy interval (GeV):  5.8602672E-13  5.6005060E-13

  Flux (Part/sr/GeV/cmq/pr):

   0.000000     +/-    0.000000     %   3.4650632E+07 +/-    99.00000     % 
   1545526.     +/-    43.80858     % 

  Flux (Part/deg/GeV/cmq/pr):

   0.000000     +/-    0.000000     %    392145.1     +/-    99.00000     % 
   113787.6     +/-    43.80858     % 

  Energy interval (GeV):  5.6005060E-13  5.3522584E-13

  Flux (Part/sr/GeV/cmq/pr):

   0.000000     +/-    0.000000     %    0.000000     +/-    0.000000     % 
   970326.0     +/-    57.14887     % 

  Flux (Part/deg/GeV/cmq/pr):

   0.000000     +/-    0.000000     %    0.000000     +/-    0.000000     % 
   71439.16     +/-    57.14887     % 

  Energy interval (GeV):  5.3522584E-13  5.1150143E-13

  Flux (Part/sr/GeV/cmq/pr):

   0.000000     +/-    0.000000     %    0.000000     +/-    0.000000     % 
   4399770.     +/-    32.16530     % 

  Flux (Part/deg/GeV/cmq/pr):

   0.000000     +/-    0.000000     %    0.000000     +/-    0.000000     % 
   323928.1     +/-    32.16530     % 

  Energy interval (GeV):  5.1150143E-13  4.8882865E-13

  Flux (Part/sr/GeV/cmq/pr):

   0.000000     +/-    0.000000     %    0.000000     +/-    0.000000     % 
   354141.5     +/-    99.00000     % 

  Flux (Part/deg/GeV/cmq/pr):

   0.000000     +/-    0.000000     %    0.000000     +/-    0.000000     % 
   26073.27     +/-    99.00000     % 

  Energy interval (GeV):  4.8882865E-13  4.6716087E-13

  Flux (Part/sr/GeV/cmq/pr):

   0.000000     +/-    0.000000     %   4.1540520E+07 +/-    99.00000     % 
   1852836.     +/-    43.80858     % 

  Flux (Part/deg/GeV/cmq/pr):

   0.000000     +/-    0.000000     %    470118.7     +/-    99.00000     % 
   136413.0     +/-    43.80858     % 

  Energy interval (GeV):  4.6716087E-13  4.4645356E-13

  Flux (Part/sr/GeV/cmq/pr):

   0.000000     +/-    0.000000     %    0.000000     +/-    0.000000     % 
   775509.6     +/-    70.35265     % 

  Flux (Part/deg/GeV/cmq/pr):

   0.000000     +/-    0.000000     %    0.000000     +/-    0.000000     % 
   57096.02     +/-    70.35265     % 

  Energy interval (GeV):  4.4645356E-13  4.2666410E-13

  Flux (Part/sr/GeV/cmq/pr):

   0.000000     +/-    0.000000     %    0.000000     +/-    0.000000     % 
   1622958.     +/-    49.23660     % 

  Flux (Part/deg/GeV/cmq/pr):

   0.000000     +/-    0.000000     %    0.000000     +/-    0.000000     % 
   119488.5     +/-    49.23660     % 

  Energy interval (GeV):  4.2666410E-13  4.0775174E-13

  Flux (Part/sr/GeV/cmq/pr):

   0.000000     +/-    0.000000     %    0.000000     +/-    0.000000     % 
   0.000000     +/-    0.000000     % 

  Flux (Part/deg/GeV/cmq/pr):

   0.000000     +/-    0.000000     %    0.000000     +/-    0.000000     % 
   0.000000     +/-    0.000000     % 

  Energy interval (GeV):  4.0775174E-13  3.8967779E-13

  Flux (Part/sr/GeV/cmq/pr):

   0.000000     +/-    0.000000     %    0.000000     +/-    0.000000     % 
   888500.8     +/-    70.35265     % 

  Flux (Part/deg/GeV/cmq/pr):

   0.000000     +/-    0.000000     %    0.000000     +/-    0.000000     % 
   65414.86     +/-    70.35265     % 

  Energy interval (GeV):  3.8967779E-13  3.7240499E-13

  Flux (Part/sr/GeV/cmq/pr):

   0.000000     +/-    0.000000     %    0.000000     +/-    0.000000     % 
   1859422.     +/-    49.23660     % 

  Flux (Part/deg/GeV/cmq/pr):

   0.000000     +/-    0.000000     %    0.000000     +/-    0.000000     % 
   136897.9     +/-    49.23660     % 

  Energy interval (GeV):  3.7240499E-13  3.5589782E-13

  Flux (Part/sr/GeV/cmq/pr):

   0.000000     +/-    0.000000     %    0.000000     +/-    0.000000     % 
   1459249.     +/-    57.14887     % 

  Flux (Part/deg/GeV/cmq/pr):

   0.000000     +/-    0.000000     %    0.000000     +/-    0.000000     % 
   107435.6     +/-    57.14887     % 

  Energy interval (GeV):  3.5589782E-13  3.4012230E-13

  Flux (Part/sr/GeV/cmq/pr):

   0.000000     +/-    0.000000     %    0.000000     +/-    0.000000     % 
   0.000000     +/-    0.000000     % 

  Flux (Part/deg/GeV/cmq/pr):

   0.000000     +/-    0.000000     %    0.000000     +/-    0.000000     % 
   0.000000     +/-    0.000000     % 

  Energy interval (GeV):  3.4012230E-13  3.2504609E-13

  Flux (Part/sr/GeV/cmq/pr):

   0.000000     +/-    0.000000     %    0.000000     +/-    0.000000     % 
   2662923.     +/-    52.22330     % 

  Flux (Part/deg/GeV/cmq/pr):

   0.000000     +/-    0.000000     %    0.000000     +/-    0.000000     % 
   196054.7     +/-    52.22330     % 

  Energy interval (GeV):  3.2504609E-13  3.1063813E-13

  Flux (Part/sr/GeV/cmq/pr):

   0.000000     +/-    0.000000     %    0.000000     +/-    0.000000     % 
   0.000000     +/-    0.000000     % 

  Flux (Part/deg/GeV/cmq/pr):

   0.000000     +/-    0.000000     %    0.000000     +/-    0.000000     % 
   0.000000     +/-    0.000000     % 

  Energy interval (GeV):  3.1063813E-13  2.9686878E-13

  Flux (Part/sr/GeV/cmq/pr):

   0.000000     +/-    0.000000     %    0.000000     +/-    0.000000     % 
   1749404.     +/-    57.14887     % 

  Flux (Part/deg/GeV/cmq/pr):

   0.000000     +/-    0.000000     %    0.000000     +/-    0.000000     % 
   128797.9     +/-    57.14887     % 

  Energy interval (GeV):  2.9686878E-13  2.8370980E-13

  Flux (Part/sr/GeV/cmq/pr):

   0.000000     +/-    0.000000     %    0.000000     +/-    0.000000     % 
   610181.7     +/-    99.00000     % 

  Flux (Part/deg/GeV/cmq/pr):

   0.000000     +/-    0.000000     %    0.000000     +/-    0.000000     % 
   44923.94     +/-    99.00000     % 

  Energy interval (GeV):  2.8370980E-13  2.7113411E-13

  Flux (Part/sr/GeV/cmq/pr):

   0.000000     +/-    0.000000     %    0.000000     +/-    0.000000     % 
   2553932.     +/-    49.23660     % 

  Flux (Part/deg/GeV/cmq/pr):

   0.000000     +/-    0.000000     %    0.000000     +/-    0.000000     % 
   188030.4     +/-    49.23660     % 

  Energy interval (GeV):  2.7113411E-13  2.5911586E-13

  Flux (Part/sr/GeV/cmq/pr):

   0.000000     +/-    0.000000     %    0.000000     +/-    0.000000     % 
   0.000000     +/-    0.000000     % 

  Flux (Part/deg/GeV/cmq/pr):

   0.000000     +/-    0.000000     %    0.000000     +/-    0.000000     % 
   0.000000     +/-    0.000000     % 

  Energy interval (GeV):  2.5911586E-13  2.4763031E-13

  Flux (Part/sr/GeV/cmq/pr):

   0.000000     +/-    0.000000     %    0.000000     +/-    0.000000     % 
   0.000000     +/-    0.000000     % 

  Flux (Part/deg/GeV/cmq/pr):

   0.000000     +/-    0.000000     %    0.000000     +/-    0.000000     % 
   0.000000     +/-    0.000000     % 

  Energy interval (GeV):  2.4763031E-13  2.3665385E-13

  Flux (Part/sr/GeV/cmq/pr):

   0.000000     +/-    0.000000     %    0.000000     +/-    0.000000     % 
   731509.4     +/-    99.00000     % 

  Flux (Part/deg/GeV/cmq/pr):

   0.000000     +/-    0.000000     %    0.000000     +/-    0.000000     % 
   53856.56     +/-    99.00000     % 

  Energy interval (GeV):  2.3665385E-13  2.2616395E-13

  Flux (Part/sr/GeV/cmq/pr):

   0.000000     +/-    0.000000     %    0.000000     +/-    0.000000     % 
   765438.2     +/-    99.00000     % 

  Flux (Part/deg/GeV/cmq/pr):

   0.000000     +/-    0.000000     %    0.000000     +/-    0.000000     % 
   56354.53     +/-    99.00000     % 

  Energy interval (GeV):  2.2616395E-13  2.1613905E-13

  Flux (Part/sr/GeV/cmq/pr):

   0.000000     +/-    0.000000     %    0.000000     +/-    0.000000     % 
   800940.6     +/-    99.00000     % 

  Flux (Part/deg/GeV/cmq/pr):

   0.000000     +/-    0.000000     %    0.000000     +/-    0.000000     % 
   58968.35     +/-    99.00000     % 

  Energy interval (GeV):  2.1613905E-13  2.0655848E-13

  Flux (Part/sr/GeV/cmq/pr):

   0.000000     +/-    0.000000     %    0.000000     +/-    0.000000     % 
   1676180.     +/-    70.35265     % 

  Flux (Part/deg/GeV/cmq/pr):

   0.000000     +/-    0.000000     %    0.000000     +/-    0.000000     % 
   123406.8     +/-    70.35265     % 

  Energy interval (GeV):  2.0655848E-13  1.9740257E-13

  Flux (Part/sr/GeV/cmq/pr):

   0.000000     +/-    0.000000     %    0.000000     +/-    0.000000     % 
   876961.9     +/-    99.00000     % 

  Flux (Part/deg/GeV/cmq/pr):

   0.000000     +/-    0.000000     %    0.000000     +/-    0.000000     % 
   64565.33     +/-    99.00000     % 

  Energy interval (GeV):  1.9740257E-13  1.8865252E-13

  Flux (Part/sr/GeV/cmq/pr):

   0.000000     +/-    0.000000     %    0.000000     +/-    0.000000     % 
   1835274.     +/-    70.35265     % 

  Flux (Part/deg/GeV/cmq/pr):

   0.000000     +/-    0.000000     %    0.000000     +/-    0.000000     % 
   135120.0     +/-    70.35265     % 

  Energy interval (GeV):  1.8865252E-13  1.8029034E-13

  Flux (Part/sr/GeV/cmq/pr):

   0.000000     +/-    0.000000     %    0.000000     +/-    0.000000     % 
   0.000000     +/-    0.000000     % 

  Flux (Part/deg/GeV/cmq/pr):

   0.000000     +/-    0.000000     %    0.000000     +/-    0.000000     % 
   0.000000     +/-    0.000000     % 

  Energy interval (GeV):  1.8029034E-13  1.7229881E-13

  Flux (Part/sr/GeV/cmq/pr):

   0.000000     +/-    0.000000     %    0.000000     +/-    0.000000     % 
   0.000000     +/-    0.000000     % 

  Flux (Part/deg/GeV/cmq/pr):

   0.000000     +/-    0.000000     %    0.000000     +/-    0.000000     % 
   0.000000     +/-    0.000000     % 

  Energy interval (GeV):  1.7229881E-13  1.6466150E-13

  Flux (Part/sr/GeV/cmq/pr):

   0.000000     +/-    0.000000     %    0.000000     +/-    0.000000     % 
   0.000000     +/-    0.000000     % 

  Flux (Part/deg/GeV/cmq/pr):

   0.000000     +/-    0.000000     %    0.000000     +/-    0.000000     % 
   0.000000     +/-    0.000000     % 

  Energy interval (GeV):  1.6466150E-13  1.5736273E-13

  Flux (Part/sr/GeV/cmq/pr):

   0.000000     +/-    0.000000     %    0.000000     +/-    0.000000     % 
   0.000000     +/-    0.000000     % 

  Flux (Part/deg/GeV/cmq/pr):

   0.000000     +/-    0.000000     %    0.000000     +/-    0.000000     % 
   0.000000     +/-    0.000000     % 

  Energy interval (GeV):  1.5736273E-13  1.5038749E-13

  Flux (Part/sr/GeV/cmq/pr):

   0.000000     +/-    0.000000     %    0.000000     +/-    0.000000     % 
   1151124.     +/-    99.00000     % 

  Flux (Part/deg/GeV/cmq/pr):

   0.000000     +/-    0.000000     %    0.000000     +/-    0.000000     % 
   84750.16     +/-    99.00000     % 

  Energy interval (GeV):  1.5038749E-13  1.4372142E-13

  Flux (Part/sr/GeV/cmq/pr):

   0.000000     +/-    0.000000     %    0.000000     +/-    0.000000     % 
   2409030.     +/-    70.35265     % 

  Flux (Part/deg/GeV/cmq/pr):

   0.000000     +/-    0.000000     %    0.000000     +/-    0.000000     % 
   177362.1     +/-    70.35265     % 

  Energy interval (GeV):  1.4372142E-13  1.3735084E-13

  Flux (Part/sr/GeV/cmq/pr):

   0.000000     +/-    0.000000     %    0.000000     +/-    0.000000     % 
   0.000000     +/-    0.000000     % 

  Flux (Part/deg/GeV/cmq/pr):

   0.000000     +/-    0.000000     %    0.000000     +/-    0.000000     % 
   0.000000     +/-    0.000000     % 

  Energy interval (GeV):  1.3735084E-13  1.3126264E-13

  Flux (Part/sr/GeV/cmq/pr):

   0.000000     +/-    0.000000     %    0.000000     +/-    0.000000     % 
   0.000000     +/-    0.000000     % 

  Flux (Part/deg/GeV/cmq/pr):

   0.000000     +/-    0.000000     %    0.000000     +/-    0.000000     % 
   0.000000     +/-    0.000000     % 

  Energy interval (GeV):  1.3126264E-13  1.2544431E-13

  Flux (Part/sr/GeV/cmq/pr):

   0.000000     +/-    0.000000     %    0.000000     +/-    0.000000     % 
   1380012.     +/-    99.00000     % 

  Flux (Part/deg/GeV/cmq/pr):

   0.000000     +/-    0.000000     %    0.000000     +/-    0.000000     % 
   101601.8     +/-    99.00000     % 

  Energy interval (GeV):  1.2544431E-13  1.1988387E-13

  Flux (Part/sr/GeV/cmq/pr):

   0.000000     +/-    0.000000     %    0.000000     +/-    0.000000     % 
   0.000000     +/-    0.000000     % 

  Flux (Part/deg/GeV/cmq/pr):

   0.000000     +/-    0.000000     %    0.000000     +/-    0.000000     % 
   0.000000     +/-    0.000000     % 

  Energy interval (GeV):  1.1988387E-13  1.1456991E-13

  Flux (Part/sr/GeV/cmq/pr):

   0.000000     +/-    0.000000     %    0.000000     +/-    0.000000     % 
   1510995.     +/-    99.00000     % 

  Flux (Part/deg/GeV/cmq/pr):

   0.000000     +/-    0.000000     %    0.000000     +/-    0.000000     % 
   111245.3     +/-    99.00000     % 

  Energy interval (GeV):  1.1456991E-13  1.0949149E-13

  Flux (Part/sr/GeV/cmq/pr):

   0.000000     +/-    0.000000     %    0.000000     +/-    0.000000     % 
   0.000000     +/-    0.000000     % 

  Flux (Part/deg/GeV/cmq/pr):

   0.000000     +/-    0.000000     %    0.000000     +/-    0.000000     % 
   0.000000     +/-    0.000000     % 

  Energy interval (GeV):  1.0949149E-13  1.0463818E-13

  Flux (Part/sr/GeV/cmq/pr):

   0.000000     +/-    0.000000     %    0.000000     +/-    0.000000     % 
   0.000000     +/-    0.000000     % 

  Flux (Part/deg/GeV/cmq/pr):

   0.000000     +/-    0.000000     %    0.000000     +/-    0.000000     % 
   0.000000     +/-    0.000000     % 

  Energy interval (GeV):  1.0463818E-13  9.9999998E-14

  Flux (Part/sr/GeV/cmq/pr):

   0.000000     +/-    0.000000     %    0.000000     +/-    0.000000     % 
   1731146.     +/-    99.00000     % 

  Flux (Part/deg/GeV/cmq/pr):

   0.000000     +/-    0.000000     %    0.000000     +/-    0.000000     % 
   127453.7     +/-    99.00000     % 
