  **** bnct_42.bnx ****

                                                                                  

  Total primaries run:      1000000000
   Total weight of the primaries run:   1.00000000E+09


  Detector n:            1 (           1 )  I1_9      
     (Area:            1.00000000      cmq,
      distr. scored:           8    ,
      from reg.          10  to            2 ,
      one way scoring,
      current scoring)

     Tot. resp. (Part/cmq/pr)  0.3328353      +/-  4.4524651E-03 %
     ( -->      (Part/pr)      0.3328353      +/-  4.4524651E-03 % )

  **** Different. Fluxes as a function of energy **** ****      (integrated over solid angle)        ****


  Energy boundaries (GeV):

  6.9999613E-04  6.6896819E-04  6.3931552E-04  6.1097735E-04  5.8389525E-04
  5.5801350E-04  5.3327909E-04  5.0964102E-04  4.8705068E-04  4.6546169E-04
  4.4482970E-04  4.2511217E-04  4.0626875E-04  3.8826044E-04  3.7105050E-04
  3.5460334E-04  3.3888521E-04  3.2386382E-04  3.0950824E-04  2.9578904E-04
  2.8267791E-04  2.7014790E-04  2.5817336E-04  2.4672961E-04  2.3579312E-04
  2.2534135E-04  2.1535291E-04  2.0580717E-04  1.9668456E-04  1.8796633E-04
  1.7963458E-04  1.7167212E-04  1.6406259E-04  1.5679035E-04  1.4984049E-04
  1.4319866E-04  1.3685126E-04  1.3078518E-04  1.2498802E-04  1.1944782E-04
  1.1415319E-04  1.0909323E-04  1.0425758E-04  9.9636272E-05  9.5219802E-05
  9.0999092E-05  8.6965476E-05  8.3110652E-05  7.9426696E-05  7.5906035E-05
  7.2541428E-05  6.9325972E-05  6.6253029E-05  6.3316285E-05  6.0509741E-05
  5.7827590E-05  5.5264340E-05  5.2814692E-05  5.0473631E-05  4.8236343E-05
  4.6098226E-05  4.4054876E-05  4.2102103E-05  4.0235889E-05  3.8452396E-05
  3.6747959E-05  3.5119072E-05  3.3562388E-05  3.2074702E-05  3.0652958E-05
  2.9294242E-05  2.7995748E-05  2.6754815E-05  2.5568879E-05  2.4435514E-05
  2.3352388E-05  2.2317274E-05  2.1328038E-05  2.0382655E-05  1.9479176E-05
  1.8615743E-05  1.7790582E-05  1.7001999E-05  1.6248370E-05  1.5528147E-05
  1.4839845E-05  1.4182054E-05  1.3553424E-05  1.2952657E-05  1.2378517E-05
  1.1829828E-05  1.1305460E-05  1.0804335E-05  1.0325423E-05  9.8677401E-06
  9.4303432E-06  9.0123340E-06  8.6128539E-06  8.2310817E-06  7.8662315E-06
  7.5175544E-06  7.1843301E-06  6.8658783E-06  6.5615427E-06  6.2706963E-06
  5.9927420E-06  5.7271081E-06  5.4732486E-06  5.2306423E-06  4.9987893E-06
  4.7772132E-06  4.5654588E-06  4.3630907E-06  4.1696921E-06  3.9848674E-06
  3.8082346E-06  3.6394310E-06  3.4781096E-06  3.3239392E-06  3.1766026E-06
  3.0357969E-06  2.9012324E-06  2.7726326E-06  2.6497330E-06  2.5322811E-06
  2.4200353E-06  2.3127652E-06  2.2102497E-06  2.1122783E-06  2.0186496E-06
  1.9291713E-06  1.8436592E-06  1.7619371E-06  1.6838376E-06  1.6092000E-06
  1.5378707E-06  1.4697033E-06  1.4045572E-06  1.3422990E-06  1.2828003E-06
  1.2259391E-06  1.1715981E-06  1.1196661E-06  1.0700358E-06  1.0226056E-06
  9.7727752E-07  9.3395880E-07  8.9256031E-07  8.5299678E-07  8.1518675E-07
  7.7905287E-07  7.4452066E-07  7.1151919E-07  6.7998036E-07  6.4983965E-07
  6.2103487E-07  5.9350691E-07  5.6719921E-07  5.4205759E-07  5.1803039E-07
  4.9506826E-07  4.7312383E-07  4.5215219E-07  4.3211014E-07  4.1295652E-07
  3.9465178E-07  3.7715850E-07  3.6044062E-07  3.4446376E-07  3.2919510E-07
  3.1460320E-07  3.0065814E-07  2.8733120E-07  2.7459495E-07  2.6242330E-07
  2.5079115E-07  2.3967459E-07  2.2905080E-07  2.1889790E-07  2.0919506E-07
  1.9992231E-07  1.9106052E-07  1.8259159E-07  1.7449807E-07  1.6676329E-07
  1.5937135E-07  1.5230707E-07  1.4555592E-07  1.3910402E-07  1.3293810E-07
  1.2704550E-07  1.2141410E-07  1.1603230E-07  1.1088906E-07  1.0597381E-07
  1.0127643E-07  9.6787254E-08  9.2497061E-08  8.8397051E-08  8.4478771E-08
  8.0734175E-08  7.7155555E-08  7.3735571E-08  7.0467166E-08  6.7343649E-08
  6.4358574E-08  6.1505823E-08  5.8779523E-08  5.6174066E-08  5.3684101E-08
  5.1304504E-08  4.9030383E-08  4.6857068E-08  4.4780077E-08  4.2795161E-08
  4.0898229E-08  3.9085382E-08  3.7352883E-08  3.5697184E-08  3.4114873E-08
  3.2602699E-08  3.1157551E-08  2.9776468E-08  2.8456599E-08  2.7195235E-08
  2.5989779E-08  2.4837759E-08  2.3736805E-08  2.2684649E-08  2.1679128E-08
  2.0718181E-08  1.9799829E-08  1.8922186E-08  1.8083442E-08  1.7281875E-08
  1.6515841E-08  1.5783762E-08  1.5084131E-08  1.4415514E-08  1.3776534E-08
  1.3165876E-08  1.2582285E-08  1.2024564E-08  1.1491565E-08  1.0982191E-08
  1.0495394E-08  1.0030176E-08  9.5855794E-09  9.1606909E-09  8.7546344E-09
  8.3665768E-09  7.9957205E-09  7.6413027E-09  7.3025945E-09  6.9789006E-09
  6.6695547E-09  6.3739205E-09  6.0913905E-09  5.8213843E-09  5.5633467E-09
  5.3167462E-09  5.0810760E-09  4.8558531E-09  4.6406128E-09  4.4349138E-09
  4.2383315E-09  4.0504635E-09  3.8709231E-09  3.6993413E-09  3.5353640E-09
  3.3786562E-09  3.2288940E-09  3.0857705E-09  2.9489908E-09  2.8182741E-09
  2.6933515E-09  2.5739664E-09  2.4598725E-09  2.3508364E-09  2.2466338E-09
  2.1470499E-09  2.0518796E-09  1.9609283E-09  1.8740081E-09  1.7909410E-09
  1.7115558E-09  1.6356897E-09  1.5631862E-09  1.4938967E-09  1.4276782E-09
  1.3643950E-09  1.3039171E-09  1.2461198E-09  1.1908842E-09  1.1380973E-09
  1.0876502E-09  1.0394391E-09  9.9336495E-10  9.4933306E-10  9.0725311E-10
  8.6703827E-10  8.2860596E-10  7.9187729E-10  7.5677659E-10  7.2323175E-10
  6.9117384E-10  6.6053690E-10  6.3125805E-10  6.0327693E-10  5.7653604E-10
  5.5098054E-10  5.2655785E-10  5.0321775E-10  4.8091214E-10  4.5959525E-10
  4.3922330E-10  4.1975434E-10  4.0114831E-10  3.8336703E-10  3.6637396E-10
  3.5013409E-10  3.3461406E-10  3.1978201E-10  3.0560740E-10  2.9206104E-10
  2.7911515E-10  2.6674313E-10  2.5491950E-10  2.4361999E-10  2.3282129E-10
  2.2250127E-10  2.1263870E-10  2.0321331E-10  1.9420568E-10  1.8559733E-10
  1.7737056E-10  1.6950846E-10  1.6199483E-10  1.5481427E-10  1.4795198E-10
  1.4139388E-10  1.3512644E-10  1.2913684E-10  1.2341274E-10  1.1794236E-10
  1.1271445E-10  1.0771829E-10  1.0294358E-10  9.8380505E-11  9.4019695E-11
  8.9852188E-11  8.5869416E-11  8.2063169E-11  7.8425641E-11  7.4949352E-11
  7.1627163E-11  6.8452223E-11  6.5418004E-11  6.2518289E-11  5.9747117E-11
  5.7098774E-11  5.4567816E-11  5.2149045E-11  4.9837492E-11  4.7628401E-11
  4.5517225E-11  4.3499634E-11  4.1571475E-11  3.9728779E-11  3.7967764E-11
  3.6284812E-11  3.4676456E-11  3.3139387E-11  3.1670451E-11  3.0266629E-11
  2.8925033E-11  2.7642907E-11  2.6417608E-11  2.5246624E-11  2.4127544E-11
  2.3058068E-11  2.2035996E-11  2.1059231E-11  2.0125762E-11  1.9233670E-11
  1.8381118E-11  1.7566360E-11  1.6787717E-11  1.6043585E-11  1.5332437E-11
  1.4652814E-11  1.4003314E-11  1.3382605E-11  1.2789408E-11  1.2222506E-11
  1.1680732E-11  1.1162973E-11  1.0668163E-11  1.0195288E-11  9.7433719E-12
  9.3114891E-12  8.8987481E-12  8.5043032E-12  8.1273417E-12  7.7670908E-12
  7.4228054E-12  7.0937835E-12  6.7793457E-12  6.4788452E-12  6.1916639E-12
  5.9172129E-12  5.6549270E-12  5.4042669E-12  5.1647176E-12  4.9357870E-12
  4.7170041E-12  4.5079183E-12  4.3081003E-12  4.1171402E-12  3.9346443E-12
  3.7602378E-12  3.5935612E-12  3.4342735E-12  3.2820465E-12  3.1365667E-12
  2.9975354E-12  2.8646668E-12  2.7376881E-12  2.6163375E-12  2.5003658E-12
  2.3895350E-12  2.2836167E-12  2.1823932E-12  2.0856565E-12  1.9932079E-12
  1.9048571E-12  1.8204227E-12  1.7397304E-12  1.6626154E-12  1.5889184E-12
  1.5184882E-12  1.4511799E-12  1.3868550E-12  1.3253813E-12  1.2666326E-12
  1.2104879E-12  1.1568319E-12  1.1055543E-12  1.0565496E-12  1.0097170E-12
  9.6496042E-13  9.2218778E-13  8.8131092E-13  8.4224592E-13  8.0491267E-13
  7.6923418E-13  7.3513721E-13  7.0255157E-13  6.7141030E-13  6.4164944E-13
  6.1320778E-13  5.8602672E-13  5.6005060E-13  5.3522584E-13  5.1150143E-13
  4.8882865E-13  4.6716087E-13  4.4645356E-13  4.2666410E-13  4.0775174E-13
  3.8967779E-13  3.7240499E-13  3.5589782E-13  3.4012230E-13  3.2504609E-13
  3.1063813E-13  2.9686878E-13  2.8370980E-13  2.7113411E-13  2.5911586E-13
  2.4763031E-13  2.3665385E-13  2.2616395E-13  2.1613905E-13  2.0655848E-13
  1.9740257E-13  1.8865252E-13  1.8029034E-13  1.7229881E-13  1.6466150E-13
  1.5736273E-13  1.5038749E-13  1.4372142E-13  1.3735084E-13  1.3126264E-13
  1.2544431E-13  1.1988387E-13  1.1456991E-13  1.0949149E-13  1.0463818E-13
  Lowest boundary   (GeV):  9.9999998E-14

  Flux (Part/GeV/cmq/pr):

   0.000000     +/-    0.000000     %    0.000000     +/-    0.000000     % 
   0.000000     +/-    0.000000     %    980.9421     +/-   1.9583227E-02 % 
   223.0207     +/-   4.2187102E-02 %    167.9730     +/-   4.9420215E-02 % 
   144.1657     +/-   5.6492630E-02 %    134.9421     +/-   5.5014312E-02 % 
   127.6322     +/-   5.7425104E-02 %    112.7898     +/-   7.5322278E-02 % 
   99.53828     +/-   7.1219593E-02 %    112.0794     +/-   7.4542373E-02 % 
   121.0399     +/-   7.1182579E-02 %    122.5889     +/-   7.2323330E-02 % 
   124.2598     +/-   7.4362792E-02 %    126.6171     +/-   7.3398113E-02 % 
   127.4940     +/-   6.8852708E-02 %    127.7976     +/-   7.4015424E-02 % 
   128.4627     +/-   7.3059872E-02 %    128.6898     +/-   7.3958948E-02 % 
   129.3571     +/-   8.0289930E-02 %    129.9972     +/-   9.1209859E-02 % 
   131.1084     +/-   8.5399583E-02 %    132.6684     +/-   8.6698443E-02 % 
   134.1350     +/-   7.9547353E-02 %    136.1369     +/-   8.4775269E-02 % 
   138.2713     +/-   8.8243537E-02 %    140.4952     +/-   8.4030956E-02 % 
   142.3585     +/-   8.7490745E-02 %    144.3211     +/-   8.9265347E-02 % 
   146.7384     +/-   9.9096082E-02 %    149.0411     +/-   9.0752900E-02 % 
   151.6305     +/-   9.1646202E-02 %    152.2785     +/-   0.1060033     % 
   157.2819     +/-   0.1027703     %    160.2465     +/-   0.1050219     % 
   163.5345     +/-   0.1052549     %    166.5927     +/-   9.9932365E-02 % 
   170.2952     +/-   0.1179262     %    174.1738     +/-   0.1086380     % 
   178.3678     +/-   0.1019734     %    182.6745     +/-   0.1074399     % 
   187.3452     +/-   0.1155765     %    191.9875     +/-   0.1140106     % 
   197.4167     +/-   0.1054875     %    201.7451     +/-   0.1202481     % 
   206.9804     +/-   0.1160785     %    212.9993     +/-   0.1187253     % 
   218.8584     +/-   0.1092400     %    224.4698     +/-   0.1093748     % 
   230.6171     +/-   0.1292077     %    237.4225     +/-   0.1117021     % 
   244.6420     +/-   0.1315950     %    251.8497     +/-   0.1319931     % 
   260.2668     +/-   0.1371330     %    267.8040     +/-   0.1282093     % 
   276.0161     +/-   0.1153597     %    284.7487     +/-   0.1137750     % 
   293.5640     +/-   0.1193815     %    303.8626     +/-   0.1297774     % 
   312.6954     +/-   0.1282612     %    323.2039     +/-   0.1393260     % 
   335.2310     +/-   0.1342376     %    346.8458     +/-   0.1180725     % 
   358.4144     +/-   0.1307572     %    370.0503     +/-   0.1351269     % 
   383.0538     +/-   0.1154297     %    396.0715     +/-   0.1345365     % 
   411.1813     +/-   0.1172030     %    425.0699     +/-   0.1159516     % 
   442.5674     +/-   0.1193447     %    457.7260     +/-   0.1398987     % 
   475.3152     +/-   0.1408513     %    491.7531     +/-   0.1316104     % 
   511.3524     +/-   0.1465421     %    531.3987     +/-   0.1186963     % 
   551.5223     +/-   0.1232953     %    573.3013     +/-   0.1402409     % 
   597.2911     +/-   0.1211368     %    618.2205     +/-   0.1284530     % 
   643.3196     +/-   0.1415683     %    667.8624     +/-   0.1406694     % 
   695.6412     +/-   0.1411618     %    721.3043     +/-   0.1469791     % 
   753.3926     +/-   0.1245510     %    783.6905     +/-   0.1523543     % 
   815.8002     +/-   0.1482566     %    849.4355     +/-   0.1422877     % 
   883.1716     +/-   0.1368947     %    918.3737     +/-   0.1346804     % 
   953.5931     +/-   0.1421806     %    997.8046     +/-   0.1382936     % 
   1038.482     +/-   0.1313319     %    1083.538     +/-   0.1325966     % 
   1127.551     +/-   0.1351301     %    1175.557     +/-   0.1304030     % 
   1221.350     +/-   0.1327476     %    1276.901     +/-   0.1369597     % 
   1331.288     +/-   0.1405523     %    1388.846     +/-   0.1531415     % 
   1447.423     +/-   0.1519704     %    1507.573     +/-   0.1422270     % 
   1579.249     +/-   0.1376763     %    1637.407     +/-   0.1294797     % 
   1710.162     +/-   0.1408780     %    1783.195     +/-   0.1588885     % 
   1867.152     +/-   0.1346123     %    1945.411     +/-   0.1355093     % 
   2029.600     +/-   0.1409635     %    2113.528     +/-   0.1298999     % 
   2205.437     +/-   0.1352182     %    2311.717     +/-   0.1385946     % 
   2410.562     +/-   0.1551526     %    2511.597     +/-   0.1414462     % 
   2626.606     +/-   0.1525823     %    2733.925     +/-   0.1429293     % 
   2862.297     +/-   0.1499916     %    2987.986     +/-   0.1506560     % 
   3115.084     +/-   0.1282649     %    3247.891     +/-   0.1495658     % 
   3402.027     +/-   0.1578254     %    3546.422     +/-   0.1433054     % 
   3700.618     +/-   0.1592895     %    3875.725     +/-   0.1454149     % 
   4045.180     +/-   0.1589819     %    4225.047     +/-   0.1575355     % 
   4404.128     +/-   0.1421399     %    4602.571     +/-   0.1432045     % 
   4816.794     +/-   0.1547955     %    5035.736     +/-   0.1512819     % 
   5265.490     +/-   0.1295714     %    5483.221     +/-   0.1636565     % 
   5743.689     +/-   0.1187814     %    6006.676     +/-   0.1568197     % 
   6289.833     +/-   0.1553746     %    6550.643     +/-   0.1606073     % 
   6873.416     +/-   0.1573076     %    7178.549     +/-   0.1411705     % 
   7488.915     +/-   0.1535656     %    7817.675     +/-   0.1346819     % 
   8165.110     +/-   0.1577215     %    8545.229     +/-   0.1429005     % 
   8935.245     +/-   0.1507019     %    9327.056     +/-   0.1519203     % 
   9725.334     +/-   0.1469577     %    10181.77     +/-   0.1548175     % 
   10697.23     +/-   0.1698454     %    11125.52     +/-   0.1492660     % 
   11623.56     +/-   0.1286875     %    12147.57     +/-   0.1776019     % 
   12670.81     +/-   0.1367087     %    13262.47     +/-   0.1309473     % 
   13885.85     +/-   0.1386437     %    14525.16     +/-   0.1276293     % 
   15174.63     +/-   0.1419207     %    15824.26     +/-   0.1614744     % 
   16561.75     +/-   0.1550736     %    17302.04     +/-   0.1537094     % 
   18131.01     +/-   0.1497073     %    18963.99     +/-   0.1632988     % 
   19779.36     +/-   0.1564111     %    20697.01     +/-   0.1505689     % 
   21640.01     +/-   0.1567461     %    22620.21     +/-   0.1404998     % 
   23682.99     +/-   0.1518444     %    24654.14     +/-   0.1640799     % 
   25789.21     +/-   0.1600579     %    26978.98     +/-   0.1351313     % 
   28314.80     +/-   0.1347849     %    29506.72     +/-   0.1702562     % 
   30818.08     +/-   0.1342672     %    32226.92     +/-   0.1647081     % 
   33693.24     +/-   0.1647369     %    35350.23     +/-   0.1572060     % 
   36950.98     +/-   0.1457518     %    38598.00     +/-   0.1575470     % 
   40352.00     +/-   0.1524633     %    42059.21     +/-   0.1539109     % 
   44015.98     +/-   0.1500430     %    46214.11     +/-   0.1541788     % 
   48000.68     +/-   0.1708448     %    50199.64     +/-   0.1821196     % 
   52719.88     +/-   0.1597812     %    54978.43     +/-   0.1477762     % 
   57333.22     +/-   0.1631430     %    60034.77     +/-   0.1514131     % 
   62942.68     +/-   0.1591343     %    65606.49     +/-   0.1687196     % 
   68688.20     +/-   0.1628475     %    71776.34     +/-   0.1462299     % 
   74896.98     +/-   0.1379768     %    78264.93     +/-   0.1571842     % 
   81885.28     +/-   0.1495300     %    85592.95     +/-   0.1536474     % 
   89555.66     +/-   0.1768657     %    93604.05     +/-   0.1789836     % 
   97983.34     +/-   0.1337813     %    102300.7     +/-   0.1569868     % 
   106962.6     +/-   0.1462074     %    111737.4     +/-   0.1375123     % 
   116856.2     +/-   0.1545040     %    122312.5     +/-   0.1539546     % 
   127723.4     +/-   0.1646426     %    134041.5     +/-   0.1565010     % 
   139347.1     +/-   0.1498298     %    146151.0     +/-   0.1303278     % 
   152181.8     +/-   0.1378029     %    159474.8     +/-   0.1588435     % 
   166655.1     +/-   0.1521557     %    174377.3     +/-   0.1390809     % 
   182309.1     +/-   0.1732756     %    190765.9     +/-   0.1534013     % 
   198656.3     +/-   0.1617663     %    208435.6     +/-   0.1709777     % 
   217884.5     +/-   0.1465750     %    227791.8     +/-   0.1594766     % 
   238343.9     +/-   0.1648902     %    248654.0     +/-   0.1630920     % 
   259840.7     +/-   0.1562038     %    271119.6     +/-   0.1459134     % 
   283836.4     +/-   0.1612786     %    296569.8     +/-   0.1662232     % 
   310713.9     +/-   0.1440673     %    323862.4     +/-   0.1593095     % 
   339138.5     +/-   0.1452591     %    354416.9     +/-   0.1464552     % 
   370564.8     +/-   0.1574453     %    386807.6     +/-   0.1794661     % 
   405358.0     +/-   0.1786582     %    422425.6     +/-   0.1549011     % 
   443987.2     +/-   0.1785718     %    462677.3     +/-   0.1569356     % 
   484623.6     +/-   0.1611403     %    503856.5     +/-   0.1763536     % 
   528197.5     +/-   0.1600432     %    552816.4     +/-   0.1472986     % 
   577766.8     +/-   0.1585404     %    603952.9     +/-   0.1567215     % 
   631303.4     +/-   0.1568694     %    659664.1     +/-   0.1658856     % 
   688495.6     +/-   0.1765863     %    720449.0     +/-   0.1577308     % 
   751716.6     +/-   0.1547656     %    786953.6     +/-   0.1435962     % 
   822619.9     +/-   0.1294469     %    859815.9     +/-   0.1791759     % 
   897424.0     +/-   0.1500260     %    941095.8     +/-   0.1592367     % 
   980842.1     +/-   0.1656621     %    1025276.     +/-   0.1687150     % 
   1071121.     +/-   0.1426530     %    1119492.     +/-   0.1454140     % 
   1171886.     +/-   0.1771372     %    1229119.     +/-   0.1616761     % 
   1282223.     +/-   0.1481586     %    1340142.     +/-   0.1573760     % 
   1398227.     +/-   0.1632479     %    1463676.     +/-   0.1761919     % 
   1525774.     +/-   0.1575996     %    1593740.     +/-   0.1561266     % 
   1669451.     +/-   0.1433708     %    1743074.     +/-   0.1555518     % 
   1823916.     +/-   0.1751107     %    1905187.     +/-   0.1710406     % 
   1993976.     +/-   0.1388431     %    2083772.     +/-   0.1472304     % 
   2203458.     +/-   0.1521849     %    2307238.     +/-   0.1713943     % 
   2405628.     +/-   0.1537218     %    2520696.     +/-   0.1498377     % 
   2632396.     +/-   0.1529378     %    2748042.     +/-   0.1373596     % 
   2876240.     +/-   0.1776219     %    3002400.     +/-   0.1531355     % 
   3136902.     +/-   0.1470288     %    3288395.     +/-   0.1526597     % 
   3437736.     +/-   0.1741733     %    3588095.     +/-   0.1913183     % 
   3753932.     +/-   0.1520022     %    3925546.     +/-   0.1498628     % 
   4117771.     +/-   0.1557558     %    4300030.     +/-   0.1345024     % 
   4498162.     +/-   0.1507146     %    4684248.     +/-   0.1627419     % 
   4934818.     +/-   0.1543416     %    5150390.     +/-   0.1638827     % 
   5395744.     +/-   0.1637796     %    5647726.     +/-   0.1636341     % 
   5902565.     +/-   0.1584177     %    6202094.     +/-   0.1624366     % 
   6477390.     +/-   0.1748241     %    6810940.     +/-   0.1641145     % 
   7104792.     +/-   0.1589382     %    7441335.     +/-   0.1661680     % 
   7798629.     +/-   0.1521837     %    8160530.     +/-   0.1555890     % 
   8551315.     +/-   0.1641213     %    8953483.     +/-   0.1715066     % 
   9376081.     +/-   0.1733876     %    9844108.     +/-   0.1447850     % 
  1.0309777E+07 +/-   0.1688134     %   1.0820880E+07 +/-   0.1741174     % 
  1.1352886E+07 +/-   0.1782042     %   1.1933799E+07 +/-   0.1719463     % 
  1.2524680E+07 +/-   0.1721111     %   1.3114574E+07 +/-   0.1468104     % 
  1.3845944E+07 +/-   0.1600727     %   1.4440398E+07 +/-   0.1393198     % 
  1.5219030E+07 +/-   0.1681384     %   1.5947730E+07 +/-   0.1565486     % 
  1.6672388E+07 +/-   0.1551987     %   1.7581072E+07 +/-   0.1584642     % 
  1.8365850E+07 +/-   0.1519217     %   1.9205496E+07 +/-   0.1561566     % 
  2.0111892E+07 +/-   0.1396036     %   2.1094746E+07 +/-   0.1474126     % 
  2.2068752E+07 +/-   0.1643111     %   2.3007420E+07 +/-   0.1682312     % 
  2.4139926E+07 +/-   0.1513107     %   2.5318880E+07 +/-   0.1631047     % 
  2.6522404E+07 +/-   0.1705578     %   2.7809534E+07 +/-   0.1505906     % 
  2.9255090E+07 +/-   0.1596577     %   3.1009372E+07 +/-   0.1554753     % 
  3.2816950E+07 +/-   0.1712172     %   3.4873816E+07 +/-   0.1627440     % 
  3.7382504E+07 +/-   0.1469119     %   4.0229160E+07 +/-   0.1636291     % 
  4.3775728E+07 +/-   0.1466314     %   4.8110480E+07 +/-   0.1501286     % 
  5.3096988E+07 +/-   0.1381365     %   5.9252396E+07 +/-   0.1435823     % 
  6.6695652E+07 +/-   0.1208891     %   7.5564784E+07 +/-   0.1344193     % 
  8.5633176E+07 +/-   0.1219781     %   9.7972704E+07 +/-   0.1135095     % 
  1.1257365E+08 +/-   0.1097088     %   1.2923978E+08 +/-   0.1038656     % 
  1.4860547E+08 +/-   9.6957266E-02 %   1.7019222E+08 +/-   8.9230753E-02 % 
  1.9531434E+08 +/-   9.6513495E-02 %   2.2308459E+08 +/-   8.8074774E-02 % 
  2.5387936E+08 +/-   7.3937282E-02 %   2.8764493E+08 +/-   8.1599422E-02 % 
  3.2430608E+08 +/-   7.6246463E-02 %   3.6450259E+08 +/-   7.0622139E-02 % 
  4.0688202E+08 +/-   6.1564624E-02 %   4.5155277E+08 +/-   7.0598550E-02 % 
  4.9924118E+08 +/-   6.1352551E-02 %   5.4782042E+08 +/-   6.5853916E-02 % 
  5.9939219E+08 +/-   6.5908171E-02 %   6.5163898E+08 +/-   6.2239602E-02 % 
  7.0547590E+08 +/-   7.4159712E-02 %   7.5840576E+08 +/-   6.5545410E-02 % 
  8.1273523E+08 +/-   6.2700212E-02 %   8.6566317E+08 +/-   6.2551118E-02 % 
  9.1930867E+08 +/-   5.8430836E-02 %   9.6772602E+08 +/-   6.0617711E-02 % 
  1.0147480E+09 +/-   6.4013578E-02 %   1.0598356E+09 +/-   6.1461955E-02 % 
  1.1009046E+09 +/-   5.4126892E-02 %   1.1375402E+09 +/-   6.4704679E-02 % 
  1.1714738E+09 +/-   6.3812755E-02 %   1.1986607E+09 +/-   6.2638924E-02 % 
  1.2227877E+09 +/-   6.1305478E-02 %   1.2425078E+09 +/-   6.3907817E-02 % 
  1.2589741E+09 +/-   5.3892944E-02 %   1.2673475E+09 +/-   6.1779432E-02 % 
  1.2723956E+09 +/-   6.6170305E-02 %   1.2761002E+09 +/-   6.7454249E-02 % 
  1.2725229E+09 +/-   7.3402822E-02 %   1.2660650E+09 +/-   6.6422887E-02 % 
  1.2577512E+09 +/-   5.9426066E-02 %   1.2437071E+09 +/-   8.0357119E-02 % 
  1.2275813E+09 +/-   8.3040148E-02 %   1.2042758E+09 +/-   7.5295389E-02 % 
  1.1851866E+09 +/-   8.4410869E-02 %   1.1642303E+09 +/-   8.6991102E-02 % 
  1.1383237E+09 +/-   8.8404551E-02 %   1.1104248E+09 +/-   8.5095793E-02 % 
  1.0832303E+09 +/-   8.6719312E-02 %   1.0573286E+09 +/-   0.1004765     % 
  1.0259545E+09 +/-   0.1147124     %   9.9557869E+08 +/-   0.1074940     % 
  9.6441466E+08 +/-   0.1138969     %   9.3587667E+08 +/-   0.1165321     % 
  9.0295443E+08 +/-   0.1156852     %   8.7012256E+08 +/-   0.1213847     % 
  8.3830701E+08 +/-   0.1342938     %   8.0592346E+08 +/-   0.1341822     % 
  7.7781338E+08 +/-   0.1578999     %   7.4482701E+08 +/-   0.1444504     % 
  7.1557338E+08 +/-   0.1561615     %   6.8723750E+08 +/-   0.1661399     % 
  6.6026547E+08 +/-   0.1671228     %   6.3382669E+08 +/-   0.1865522     % 
  6.0713850E+08 +/-   0.1934248     %   5.8341837E+08 +/-   0.1850755     % 
  5.5571162E+08 +/-   0.1947517     %   5.3341811E+08 +/-   0.2181983     % 
  5.1011194E+08 +/-   0.2255343     %   4.8834102E+08 +/-   0.2425222     % 
  4.6732890E+08 +/-   0.2283098     %   4.4798323E+08 +/-   0.2424612     % 
  4.2640982E+08 +/-   0.2593891     %   4.0800477E+08 +/-   0.2770430     % 
  3.8839347E+08 +/-   0.3115969     %   3.7262096E+08 +/-   0.3168894     % 
  3.5656598E+08 +/-   0.3125570     %   3.4074144E+08 +/-   0.3151198     % 
  3.2511434E+08 +/-   0.2945910     %   3.1289382E+08 +/-   0.3819590     % 
  3.0092752E+08 +/-   0.4402085     %   2.8549635E+08 +/-   0.3824385     % 
  2.7235597E+08 +/-   0.4284458     %   2.5872637E+08 +/-   0.5397378     % 
  2.4655957E+08 +/-   0.4601329     %   2.3478650E+08 +/-   0.4909069     % 
  2.2495261E+08 +/-   0.5402197     %   2.1498003E+08 +/-   0.4458845     % 
  2.0455835E+08 +/-   0.5255674     %   1.9447782E+08 +/-   0.5151402     % 
  1.8715411E+08 +/-   0.5370315     %   1.7546758E+08 +/-   0.5736871     % 
  1.6669624E+08 +/-   0.6048547     %   1.5749390E+08 +/-   0.8101152     % 
  1.5141072E+08 +/-   0.7203181     %   1.4418547E+08 +/-   0.8626977     % 
  1.3886150E+08 +/-   0.7129918     %   1.3050486E+08 +/-   0.8253587     % 
  1.2646525E+08 +/-   0.9208562     %   1.1948807E+08 +/-   0.9905697     % 
  1.1406223E+08 +/-   0.9684427     %   1.0787602E+08 +/-    1.086872     % 
  1.0474150E+08 +/-    1.042323     %   9.8715440E+07 +/-   0.9980352     % 
  9.3615264E+07 +/-    1.189328     %   8.8477984E+07 +/-    1.285302     % 
  8.6095744E+07 +/-    1.396311     %   8.0576080E+07 +/-    1.350925     % 
  7.7984272E+07 +/-    1.243684     %   7.5616088E+07 +/-    1.301434     % 
  7.3478608E+07 +/-    1.697745     %   6.8478000E+07 +/-    1.486753     % 
  6.4707800E+07 +/-    1.865250     %   6.3031120E+07 +/-    1.744168     % 
  5.7081364E+07 +/-    2.052097     %   5.5606856E+07 +/-    1.995984     % 
  5.2057788E+07 +/-    1.996512     %   4.8529076E+07 +/-    2.200819     % 
  4.8886220E+07 +/-    2.206903     %   4.5918416E+07 +/-    2.771801     % 
  4.3952452E+07 +/-    2.383520     %   4.2696404E+07 +/-    2.307747     % 
  3.9799860E+07 +/-    2.866263     %   3.6953360E+07 +/-    3.174603     % 
  3.5322296E+07 +/-    2.975235     %   3.4102664E+07 +/-    2.570139     % 
  3.1685874E+07 +/-    2.784359     %   3.0448232E+07 +/-    3.435782     % 
  2.7004146E+07 +/-    3.582235     %   2.8141156E+07 +/-    3.269182     % 
  2.5740420E+07 +/-    3.871173     %   2.3730854E+07 +/-    3.883711     % 
  2.3640680E+07 +/-    4.850021     %   2.0814304E+07 +/-    4.626360     % 
  2.0813870E+07 +/-    5.094972     %   1.9151596E+07 +/-    5.173350     % 
  1.9511124E+07 +/-    5.248934     %   1.8479602E+07 +/-    5.728673     % 
  1.7715678E+07 +/-    5.999292     %   1.6477656E+07 +/-    5.867480     % 
  1.5530406E+07 +/-    5.812247     %   1.5653769E+07 +/-    6.186611     % 
  1.3187143E+07 +/-    6.711843     %   1.3871413E+07 +/-    7.407811     % 
  1.2158990E+07 +/-    8.141737     %   1.3120538E+07 +/-    7.722785     % 
  1.2064961E+07 +/-    8.396600     %   1.2711621E+07 +/-    7.752784     % 
   9839251.     +/-    10.25171     %    8579678.     +/-    9.276079     % 
   9177122.     +/-    10.88931     %   1.0020286E+07 +/-    9.117176     % 
   9283634.     +/-    11.38729     %    8457091.     +/-    10.97003     % 
   7055560.     +/-    13.85883     %    7633074.     +/-    12.73992     % 
   7463366.     +/-    12.28070     %    5891400.     +/-    16.61126     % 
   7454930.     +/-    14.32856     %    6150555.     +/-    15.14863     % 
   5964915.     +/-    19.71424     %    5584570.     +/-    16.83619     % 
   5327982.     +/-    17.57602     %    5215420.     +/-    19.16788     % 
   4140036.     +/-    21.98513     %    5513529.     +/-    18.35876     % 
   4120898.     +/-    22.47333     %    7761658.     +/-    15.55395     % 


  **** Cumulative Fluxes as a function of energy **** ****      (integrated over solid angle)        ****


  Energy boundaries (GeV):

  6.9999613E-04  6.6896819E-04  6.3931552E-04  6.1097735E-04  5.8389525E-04
  5.5801350E-04  5.3327909E-04  5.0964102E-04  4.8705068E-04  4.6546169E-04
  4.4482970E-04  4.2511217E-04  4.0626875E-04  3.8826044E-04  3.7105050E-04
  3.5460334E-04  3.3888521E-04  3.2386382E-04  3.0950824E-04  2.9578904E-04
  2.8267791E-04  2.7014790E-04  2.5817336E-04  2.4672961E-04  2.3579312E-04
  2.2534135E-04  2.1535291E-04  2.0580717E-04  1.9668456E-04  1.8796633E-04
  1.7963458E-04  1.7167212E-04  1.6406259E-04  1.5679035E-04  1.4984049E-04
  1.4319866E-04  1.3685126E-04  1.3078518E-04  1.2498802E-04  1.1944782E-04
  1.1415319E-04  1.0909323E-04  1.0425758E-04  9.9636272E-05  9.5219802E-05
  9.0999092E-05  8.6965476E-05  8.3110652E-05  7.9426696E-05  7.5906035E-05
  7.2541428E-05  6.9325972E-05  6.6253029E-05  6.3316285E-05  6.0509741E-05
  5.7827590E-05  5.5264340E-05  5.2814692E-05  5.0473631E-05  4.8236343E-05
  4.6098226E-05  4.4054876E-05  4.2102103E-05  4.0235889E-05  3.8452396E-05
  3.6747959E-05  3.5119072E-05  3.3562388E-05  3.2074702E-05  3.0652958E-05
  2.9294242E-05  2.7995748E-05  2.6754815E-05  2.5568879E-05  2.4435514E-05
  2.3352388E-05  2.2317274E-05  2.1328038E-05  2.0382655E-05  1.9479176E-05
  1.8615743E-05  1.7790582E-05  1.7001999E-05  1.6248370E-05  1.5528147E-05
  1.4839845E-05  1.4182054E-05  1.3553424E-05  1.2952657E-05  1.2378517E-05
  1.1829828E-05  1.1305460E-05  1.0804335E-05  1.0325423E-05  9.8677401E-06
  9.4303432E-06  9.0123340E-06  8.6128539E-06  8.2310817E-06  7.8662315E-06
  7.5175544E-06  7.1843301E-06  6.8658783E-06  6.5615427E-06  6.2706963E-06
  5.9927420E-06  5.7271081E-06  5.4732486E-06  5.2306423E-06  4.9987893E-06
  4.7772132E-06  4.5654588E-06  4.3630907E-06  4.1696921E-06  3.9848674E-06
  3.8082346E-06  3.6394310E-06  3.4781096E-06  3.3239392E-06  3.1766026E-06
  3.0357969E-06  2.9012324E-06  2.7726326E-06  2.6497330E-06  2.5322811E-06
  2.4200353E-06  2.3127652E-06  2.2102497E-06  2.1122783E-06  2.0186496E-06
  1.9291713E-06  1.8436592E-06  1.7619371E-06  1.6838376E-06  1.6092000E-06
  1.5378707E-06  1.4697033E-06  1.4045572E-06  1.3422990E-06  1.2828003E-06
  1.2259391E-06  1.1715981E-06  1.1196661E-06  1.0700358E-06  1.0226056E-06
  9.7727752E-07  9.3395880E-07  8.9256031E-07  8.5299678E-07  8.1518675E-07
  7.7905287E-07  7.4452066E-07  7.1151919E-07  6.7998036E-07  6.4983965E-07
  6.2103487E-07  5.9350691E-07  5.6719921E-07  5.4205759E-07  5.1803039E-07
  4.9506826E-07  4.7312383E-07  4.5215219E-07  4.3211014E-07  4.1295652E-07
  3.9465178E-07  3.7715850E-07  3.6044062E-07  3.4446376E-07  3.2919510E-07
  3.1460320E-07  3.0065814E-07  2.8733120E-07  2.7459495E-07  2.6242330E-07
  2.5079115E-07  2.3967459E-07  2.2905080E-07  2.1889790E-07  2.0919506E-07
  1.9992231E-07  1.9106052E-07  1.8259159E-07  1.7449807E-07  1.6676329E-07
  1.5937135E-07  1.5230707E-07  1.4555592E-07  1.3910402E-07  1.3293810E-07
  1.2704550E-07  1.2141410E-07  1.1603230E-07  1.1088906E-07  1.0597381E-07
  1.0127643E-07  9.6787254E-08  9.2497061E-08  8.8397051E-08  8.4478771E-08
  8.0734175E-08  7.7155555E-08  7.3735571E-08  7.0467166E-08  6.7343649E-08
  6.4358574E-08  6.1505823E-08  5.8779523E-08  5.6174066E-08  5.3684101E-08
  5.1304504E-08  4.9030383E-08  4.6857068E-08  4.4780077E-08  4.2795161E-08
  4.0898229E-08  3.9085382E-08  3.7352883E-08  3.5697184E-08  3.4114873E-08
  3.2602699E-08  3.1157551E-08  2.9776468E-08  2.8456599E-08  2.7195235E-08
  2.5989779E-08  2.4837759E-08  2.3736805E-08  2.2684649E-08  2.1679128E-08
  2.0718181E-08  1.9799829E-08  1.8922186E-08  1.8083442E-08  1.7281875E-08
  1.6515841E-08  1.5783762E-08  1.5084131E-08  1.4415514E-08  1.3776534E-08
  1.3165876E-08  1.2582285E-08  1.2024564E-08  1.1491565E-08  1.0982191E-08
  1.0495394E-08  1.0030176E-08  9.5855794E-09  9.1606909E-09  8.7546344E-09
  8.3665768E-09  7.9957205E-09  7.6413027E-09  7.3025945E-09  6.9789006E-09
  6.6695547E-09  6.3739205E-09  6.0913905E-09  5.8213843E-09  5.5633467E-09
  5.3167462E-09  5.0810760E-09  4.8558531E-09  4.6406128E-09  4.4349138E-09
  4.2383315E-09  4.0504635E-09  3.8709231E-09  3.6993413E-09  3.5353640E-09
  3.3786562E-09  3.2288940E-09  3.0857705E-09  2.9489908E-09  2.8182741E-09
  2.6933515E-09  2.5739664E-09  2.4598725E-09  2.3508364E-09  2.2466338E-09
  2.1470499E-09  2.0518796E-09  1.9609283E-09  1.8740081E-09  1.7909410E-09
  1.7115558E-09  1.6356897E-09  1.5631862E-09  1.4938967E-09  1.4276782E-09
  1.3643950E-09  1.3039171E-09  1.2461198E-09  1.1908842E-09  1.1380973E-09
  1.0876502E-09  1.0394391E-09  9.9336495E-10  9.4933306E-10  9.0725311E-10
  8.6703827E-10  8.2860596E-10  7.9187729E-10  7.5677659E-10  7.2323175E-10
  6.9117384E-10  6.6053690E-10  6.3125805E-10  6.0327693E-10  5.7653604E-10
  5.5098054E-10  5.2655785E-10  5.0321775E-10  4.8091214E-10  4.5959525E-10
  4.3922330E-10  4.1975434E-10  4.0114831E-10  3.8336703E-10  3.6637396E-10
  3.5013409E-10  3.3461406E-10  3.1978201E-10  3.0560740E-10  2.9206104E-10
  2.7911515E-10  2.6674313E-10  2.5491950E-10  2.4361999E-10  2.3282129E-10
  2.2250127E-10  2.1263870E-10  2.0321331E-10  1.9420568E-10  1.8559733E-10
  1.7737056E-10  1.6950846E-10  1.6199483E-10  1.5481427E-10  1.4795198E-10
  1.4139388E-10  1.3512644E-10  1.2913684E-10  1.2341274E-10  1.1794236E-10
  1.1271445E-10  1.0771829E-10  1.0294358E-10  9.8380505E-11  9.4019695E-11
  8.9852188E-11  8.5869416E-11  8.2063169E-11  7.8425641E-11  7.4949352E-11
  7.1627163E-11  6.8452223E-11  6.5418004E-11  6.2518289E-11  5.9747117E-11
  5.7098774E-11  5.4567816E-11  5.2149045E-11  4.9837492E-11  4.7628401E-11
  4.5517225E-11  4.3499634E-11  4.1571475E-11  3.9728779E-11  3.7967764E-11
  3.6284812E-11  3.4676456E-11  3.3139387E-11  3.1670451E-11  3.0266629E-11
  2.8925033E-11  2.7642907E-11  2.6417608E-11  2.5246624E-11  2.4127544E-11
  2.3058068E-11  2.2035996E-11  2.1059231E-11  2.0125762E-11  1.9233670E-11
  1.8381118E-11  1.7566360E-11  1.6787717E-11  1.6043585E-11  1.5332437E-11
  1.4652814E-11  1.4003314E-11  1.3382605E-11  1.2789408E-11  1.2222506E-11
  1.1680732E-11  1.1162973E-11  1.0668163E-11  1.0195288E-11  9.7433719E-12
  9.3114891E-12  8.8987481E-12  8.5043032E-12  8.1273417E-12  7.7670908E-12
  7.4228054E-12  7.0937835E-12  6.7793457E-12  6.4788452E-12  6.1916639E-12
  5.9172129E-12  5.6549270E-12  5.4042669E-12  5.1647176E-12  4.9357870E-12
  4.7170041E-12  4.5079183E-12  4.3081003E-12  4.1171402E-12  3.9346443E-12
  3.7602378E-12  3.5935612E-12  3.4342735E-12  3.2820465E-12  3.1365667E-12
  2.9975354E-12  2.8646668E-12  2.7376881E-12  2.6163375E-12  2.5003658E-12
  2.3895350E-12  2.2836167E-12  2.1823932E-12  2.0856565E-12  1.9932079E-12
  1.9048571E-12  1.8204227E-12  1.7397304E-12  1.6626154E-12  1.5889184E-12
  1.5184882E-12  1.4511799E-12  1.3868550E-12  1.3253813E-12  1.2666326E-12
  1.2104879E-12  1.1568319E-12  1.1055543E-12  1.0565496E-12  1.0097170E-12
  9.6496042E-13  9.2218778E-13  8.8131092E-13  8.4224592E-13  8.0491267E-13
  7.6923418E-13  7.3513721E-13  7.0255157E-13  6.7141030E-13  6.4164944E-13
  6.1320778E-13  5.8602672E-13  5.6005060E-13  5.3522584E-13  5.1150143E-13
  4.8882865E-13  4.6716087E-13  4.4645356E-13  4.2666410E-13  4.0775174E-13
  3.8967779E-13  3.7240499E-13  3.5589782E-13  3.4012230E-13  3.2504609E-13
  3.1063813E-13  2.9686878E-13  2.8370980E-13  2.7113411E-13  2.5911586E-13
  2.4763031E-13  2.3665385E-13  2.2616395E-13  2.1613905E-13  2.0655848E-13
  1.9740257E-13  1.8865252E-13  1.8029034E-13  1.7229881E-13  1.6466150E-13
  1.5736273E-13  1.5038749E-13  1.4372142E-13  1.3735084E-13  1.3126264E-13
  1.2544431E-13  1.1988387E-13  1.1456991E-13  1.0949149E-13  1.0463818E-13
  Lowest boundary   (GeV):  9.9999998E-14

  Cumul. Flux (Part/cmq/pr):

   0.000000     +/-    0.000000     %    0.000000     +/-    0.000000     % 
   0.000000     +/-    0.000000     %   2.6565976E-02 +/-   1.9583227E-02 % 
  3.2338142E-02 +/-   1.8296374E-02 %   3.6492854E-02 +/-   1.6776165E-02 % 
  3.9900653E-02 +/-   1.5708996E-02 %   4.2949039E-02 +/-   1.4587828E-02 % 
  4.5704491E-02 +/-   1.4596537E-02 %   4.8031569E-02 +/-   1.4767700E-02 % 
  4.9994219E-02 +/-   1.4567371E-02 %   5.2106179E-02 +/-   1.4508341E-02 % 
  5.4285903E-02 +/-   1.4065904E-02 %   5.6395650E-02 +/-   1.3730751E-02 % 
  5.8439370E-02 +/-   1.3586598E-02 %   6.0429554E-02 +/-   1.3141226E-02 % 
  6.2344693E-02 +/-   1.2775697E-02 %   6.4179301E-02 +/-   1.2395284E-02 % 
  6.5941706E-02 +/-   1.2047154E-02 %   6.7628972E-02 +/-   1.1685395E-02 % 
  6.9249824E-02 +/-   1.1474579E-02 %   7.0806481E-02 +/-   1.1235632E-02 % 
  7.2306849E-02 +/-   1.1035738E-02 %   7.3757775E-02 +/-   1.0902953E-02 % 
  7.5159721E-02 +/-   1.0702422E-02 %   7.6519519E-02 +/-   1.0605657E-02 % 
  7.7839419E-02 +/-   1.0777634E-02 %   7.9121105E-02 +/-   1.0742017E-02 % 
  8.0362216E-02 +/-   1.0579572E-02 %   8.1564665E-02 +/-   1.0630031E-02 % 
  8.2733065E-02 +/-   1.0520931E-02 %   8.3867200E-02 +/-   1.0420965E-02 % 
  8.4969893E-02 +/-   1.0581848E-02 %   8.6028203E-02 +/-   1.0446697E-02 % 
  8.7072842E-02 +/-   1.0300846E-02 %   8.8089995E-02 +/-   1.0192912E-02 % 
  8.9082010E-02 +/-   9.8883193E-03 %   9.0047769E-02 +/-   9.7160283E-03 % 
  9.0991244E-02 +/-   9.5994752E-03 %   9.1913424E-02 +/-   9.4995312E-03 % 
  9.2815958E-02 +/-   9.4451858E-03 %   9.3699314E-02 +/-   9.4153946E-03 % 
  9.4565094E-02 +/-   9.3737049E-03 %   9.5412999E-02 +/-   9.3436763E-03 % 
  9.6246235E-02 +/-   9.4627785E-03 %   9.7060002E-02 +/-   9.5274067E-03 % 
  9.7857870E-02 +/-   9.4648935E-03 %   9.8642550E-02 +/-   9.4637023E-03 % 
  9.9413075E-02 +/-   9.4933901E-03 %   0.1001683     +/-   9.4317263E-03 % 
  0.1009099     +/-   9.2623569E-03 %   0.1016395     +/-   9.2311539E-03 % 
  0.1023579     +/-   9.2560863E-03 %   0.1030647     +/-   9.2521124E-03 % 
  0.1037628     +/-   9.1581363E-03 %   0.1044493     +/-   9.0982895E-03 % 
  0.1051254     +/-   9.0551656E-03 %   0.1057920     +/-   9.0921307E-03 % 
  0.1064488     +/-   9.0575628E-03 %   0.1070985     +/-   8.9761866E-03 % 
  0.1077374     +/-   9.0654586E-03 %   0.1083686     +/-   9.0275398E-03 % 
  0.1089942     +/-   8.9860987E-03 %   0.1096128     +/-   8.9410134E-03 % 
  0.1102237     +/-   8.9234794E-03 %   0.1108265     +/-   8.8603394E-03 % 
  0.1114228     +/-   8.8051120E-03 %   0.1120120     +/-   8.8835815E-03 % 
  0.1125966     +/-   8.9474497E-03 %   0.1131741     +/-   9.0379948E-03 % 
  0.1137488     +/-   9.1735423E-03 %   0.1143168     +/-   9.1477074E-03 % 
  0.1148805     +/-   9.1604525E-03 %   0.1154378     +/-   9.1238134E-03 % 
  0.1159917     +/-   9.0109408E-03 %   0.1165418     +/-   8.9540770E-03 % 
  0.1170873     +/-   8.9132981E-03 %   0.1176293     +/-   8.8412799E-03 % 
  0.1181690     +/-   8.7725762E-03 %   0.1187028     +/-   8.8180881E-03 % 
  0.1192336     +/-   8.6032534E-03 %   0.1197603     +/-   8.5542109E-03 % 
  0.1202845     +/-   8.5015921E-03 %   0.1208040     +/-   8.5164579E-03 % 
  0.1213226     +/-   8.6168684E-03 %   0.1218381     +/-   8.4782559E-03 % 
  0.1223509     +/-   8.3660316E-03 %   0.1228612     +/-   8.3270762E-03 % 
  0.1233683     +/-   8.2807150E-03 %   0.1238722     +/-   8.1867957E-03 % 
  0.1243722     +/-   8.1798499E-03 %   0.1248723     +/-   8.1519112E-03 % 
  0.1253696     +/-   8.0579892E-03 %   0.1258655     +/-   8.0713481E-03 % 
  0.1263587     +/-   8.0848970E-03 %   0.1268501     +/-   8.0663906E-03 % 
  0.1273380     +/-   8.0944784E-03 %   0.1278255     +/-   8.0833035E-03 % 
  0.1283112     +/-   7.9802508E-03 %   0.1287955     +/-   7.8852763E-03 % 
  0.1292778     +/-   7.9262443E-03 %   0.1297579     +/-   7.8638270E-03 % 
  0.1302385     +/-   7.8996290E-03 %   0.1307147     +/-   7.8573255E-03 % 
  0.1311901     +/-   7.8790765E-03 %   0.1316638     +/-   7.8491112E-03 % 
  0.1321377     +/-   7.8236395E-03 %   0.1326097     +/-   7.8602638E-03 % 
  0.1330803     +/-   7.8457855E-03 %   0.1335486     +/-   7.7732429E-03 % 
  0.1340156     +/-   7.6740729E-03 %   0.1344834     +/-   7.5567984E-03 % 
  0.1349496     +/-   7.6221218E-03 %   0.1354138     +/-   7.7065621E-03 % 
  0.1358778     +/-   7.5915959E-03 %   0.1363393     +/-   7.5895130E-03 % 
  0.1368010     +/-   7.6351464E-03 %   0.1372617     +/-   7.6415618E-03 % 
  0.1377206     +/-   7.6882485E-03 %   0.1381780     +/-   7.7458108E-03 % 
  0.1386358     +/-   7.7428771E-03 %   0.1390918     +/-   7.7468771E-03 % 
  0.1395466     +/-   7.6704542E-03 %   0.1400018     +/-   7.7715833E-03 % 
  0.1404559     +/-   7.7757547E-03 %   0.1409091     +/-   7.7357907E-03 % 
  0.1413606     +/-   7.6759523E-03 %   0.1418115     +/-   7.5704949E-03 % 
  0.1422625     +/-   7.5384788E-03 %   0.1427131     +/-   7.5796088E-03 % 
  0.1431634     +/-   7.5118188E-03 %   0.1436115     +/-   7.5228200E-03 % 
  0.1440600     +/-   7.5515034E-03 %   0.1445084     +/-   7.5390060E-03 % 
  0.1449570     +/-   7.5756898E-03 %   0.1454036     +/-   7.6157968E-03 % 
  0.1458513     +/-   7.6819328E-03 %   0.1462983     +/-   7.6606520E-03 % 
  0.1467438     +/-   7.6178387E-03 %   0.1471884     +/-   7.5780330E-03 % 
  0.1476321     +/-   7.5677861E-03 %   0.1480758     +/-   7.5346837E-03 % 
  0.1485193     +/-   7.4863341E-03 %   0.1489617     +/-   7.4831741E-03 % 
  0.1494025     +/-   7.5097540E-03 %   0.1498436     +/-   7.4257036E-03 % 
  0.1502864     +/-   7.4742325E-03 %   0.1507266     +/-   7.4199568E-03 % 
  0.1511661     +/-   7.4384175E-03 %   0.1516050     +/-   7.4461713E-03 % 
  0.1520426     +/-   7.4123307E-03 %   0.1524802     +/-   7.3409397E-03 % 
  0.1529182     +/-   7.2912290E-03 %   0.1533560     +/-   7.2601121E-03 % 
  0.1537931     +/-   7.2541824E-03 %   0.1542287     +/-   7.1596447E-03 % 
  0.1546644     +/-   7.0931073E-03 %   0.1550994     +/-   7.0661353E-03 % 
  0.1555350     +/-   7.0224884E-03 %   0.1559705     +/-   7.0129065E-03 % 
  0.1564045     +/-   7.0285760E-03 %   0.1568386     +/-   6.9835922E-03 % 
  0.1572723     +/-   6.9414005E-03 %   0.1577056     +/-   6.9474364E-03 % 
  0.1581391     +/-   6.9024032E-03 %   0.1585703     +/-   6.9153300E-03 % 
  0.1590015     +/-   6.9346493E-03 %   0.1594325     +/-   6.9119078E-03 % 
  0.1598649     +/-   6.9162576E-03 %   0.1602954     +/-   6.8979994E-03 % 
  0.1607252     +/-   6.9522872E-03 %   0.1611547     +/-   6.9392133E-03 % 
  0.1615838     +/-   6.9554234E-03 %   0.1620141     +/-   6.9113709E-03 % 
  0.1624439     +/-   6.9455570E-03 %   0.1628730     +/-   6.9488985E-03 % 
  0.1633016     +/-   6.9265785E-03 %   0.1637287     +/-   6.8669240E-03 % 
  0.1641558     +/-   6.8981866E-03 %   0.1645843     +/-   6.9507803E-03 % 
  0.1650097     +/-   7.0016989E-03 %   0.1654348     +/-   7.0237452E-03 % 
  0.1658615     +/-   7.0225024E-03 %   0.1662867     +/-   7.0281154E-03 % 
  0.1667105     +/-   6.9856858E-03 %   0.1671346     +/-   7.0035062E-03 % 
  0.1675596     +/-   7.0037893E-03 %   0.1679829     +/-   6.9040991E-03 % 
  0.1684064     +/-   6.8338872E-03 %   0.1688293     +/-   6.8209651E-03 % 
  0.1692511     +/-   6.7804749E-03 %   0.1696723     +/-   6.8341694E-03 % 
  0.1700935     +/-   6.8206619E-03 %   0.1705142     +/-   6.8606129E-03 % 
  0.1709349     +/-   6.8595107E-03 %   0.1713551     +/-   6.8331626E-03 % 
  0.1717754     +/-   6.8216445E-03 %   0.1721949     +/-   6.9010076E-03 % 
  0.1726140     +/-   6.8421899E-03 %   0.1730324     +/-   6.7859506E-03 % 
  0.1734506     +/-   6.8057911E-03 %   0.1738689     +/-   6.8260334E-03 % 
  0.1742863     +/-   6.8298713E-03 %   0.1747050     +/-   6.7838598E-03 % 
  0.1751210     +/-   6.7681926E-03 %   0.1755379     +/-   6.7452644E-03 % 
  0.1759528     +/-   6.7444937E-03 %   0.1763683     +/-   6.7922459E-03 % 
  0.1767833     +/-   6.7799478E-03 %   0.1771982     +/-   6.7623747E-03 % 
  0.1776128     +/-   6.7786272E-03 %   0.1780274     +/-   6.7740604E-03 % 
  0.1784400     +/-   6.7491434E-03 %   0.1788537     +/-   6.8045566E-03 % 
  0.1792670     +/-   6.7575648E-03 %   0.1796800     +/-   6.7493501E-03 % 
  0.1800929     +/-   6.7529851E-03 %   0.1805046     +/-   6.7532198E-03 % 
  0.1809158     +/-   6.7365631E-03 %   0.1813257     +/-   6.6786786E-03 % 
  0.1817359     +/-   6.6911830E-03 %   0.1821455     +/-   6.7002303E-03 % 
  0.1825556     +/-   6.6665160E-03 %   0.1829641     +/-   6.6266959E-03 % 
  0.1833730     +/-   6.6442993E-03 %   0.1837813     +/-   6.6014421E-03 % 
  0.1841892     +/-   6.5985867E-03 %   0.1845962     +/-   6.5800752E-03 % 
  0.1850038     +/-   6.5455139E-03 %   0.1854097     +/-   6.5459390E-03 % 
  0.1858175     +/-   6.5597380E-03 %   0.1862235     +/-   6.5428987E-03 % 
  0.1866300     +/-   6.5528797E-03 %   0.1870339     +/-   6.5249270E-03 % 
  0.1874385     +/-   6.5296921E-03 %   0.1878432     +/-   6.5180678E-03 % 
  0.1882474     +/-   6.5398305E-03 %   0.1886512     +/-   6.5515931E-03 % 
  0.1890546     +/-   6.5046195E-03 %   0.1894575     +/-   6.4767329E-03 % 
  0.1898593     +/-   6.4888112E-03 %   0.1902611     +/-   6.4711198E-03 % 
  0.1906617     +/-   6.4617214E-03 %   0.1910626     +/-   6.4323493E-03 % 
  0.1914630     +/-   6.4106132E-03 %   0.1918630     +/-   6.3685337E-03 % 
  0.1922620     +/-   6.3544866E-03 %   0.1926619     +/-   6.3127275E-03 % 
  0.1930602     +/-   6.2698931E-03 %   0.1934580     +/-   6.2423567E-03 % 
  0.1938553     +/-   6.2426571E-03 %   0.1942520     +/-   6.2501333E-03 % 
  0.1946490     +/-   6.2173726E-03 %   0.1950468     +/-   6.2318337E-03 % 
  0.1954435     +/-   6.1780876E-03 %   0.1958397     +/-   6.1653052E-03 % 
  0.1962347     +/-   6.1996342E-03 %   0.1966299     +/-   6.1859642E-03 % 
  0.1970236     +/-   6.1694914E-03 %   0.1974166     +/-   6.0955998E-03 % 
  0.1978101     +/-   6.0759890E-03 %   0.1982027     +/-   6.1283275E-03 % 
  0.1985952     +/-   6.0715410E-03 %   0.1989871     +/-   6.0183355E-03 % 
  0.1993791     +/-   6.0172188E-03 %   0.1997706     +/-   6.0296534E-03 % 
  0.2001662     +/-   5.9989430E-03 %   0.2005621     +/-   6.0322257E-03 % 
  0.2009565     +/-   6.0577383E-03 %   0.2013516     +/-   6.1061331E-03 % 
  0.2017458     +/-   6.0521937E-03 %   0.2021391     +/-   6.0852431E-03 % 
  0.2025325     +/-   6.1501884E-03 %   0.2029250     +/-   6.1747534E-03 % 
  0.2033168     +/-   6.1743977E-03 %   0.2037094     +/-   6.1084437E-03 % 
  0.2041017     +/-   6.1121644E-03 %   0.2044929     +/-   6.0816961E-03 % 
  0.2048841     +/-   6.0825110E-03 %   0.2052750     +/-   6.0698395E-03 % 
  0.2056669     +/-   6.1372304E-03 %   0.2060580     +/-   6.1195525E-03 % 
  0.2064489     +/-   6.1286543E-03 %   0.2068380     +/-   6.1281128E-03 % 
  0.2072298     +/-   6.0956618E-03 %   0.2076205     +/-   6.0507543E-03 % 
  0.2080117     +/-   6.0511036E-03 %   0.2084031     +/-   6.0368064E-03 % 
  0.2087939     +/-   5.9967143E-03 %   0.2091864     +/-   5.9776697E-03 % 
  0.2095782     +/-   5.9779412E-03 %   0.2099718     +/-   5.9759025E-03 % 
  0.2103643     +/-   5.9489990E-03 %   0.2107570     +/-   5.9735067E-03 % 
  0.2111505     +/-   5.9558298E-03 %   0.2115439     +/-   5.9361099E-03 % 
  0.2119379     +/-   5.9411596E-03 %   0.2123321     +/-   5.9320964E-03 % 
  0.2127267     +/-   5.9057442E-03 %   0.2131226     +/-   5.9366128E-03 % 
  0.2135188     +/-   5.9689512E-03 %   0.2139162     +/-   5.9263427E-03 % 
  0.2143147     +/-   5.9648049E-03 %   0.2147150     +/-   6.0080127E-03 % 
  0.2151165     +/-   6.0255555E-03 %   0.2155183     +/-   5.9879241E-03 % 
  0.2159237     +/-   5.9337937E-03 %   0.2163278     +/-   5.9752269E-03 % 
  0.2167348     +/-   6.0096760E-03 %   0.2171423     +/-   5.9775119E-03 % 
  0.2175495     +/-   5.9513603E-03 %   0.2179598     +/-   5.9197331E-03 % 
  0.2183695     +/-   5.9081959E-03 %   0.2187789     +/-   5.8219526E-03 % 
  0.2191886     +/-   5.8008339E-03 %   0.2195993     +/-   5.7547945E-03 % 
  0.2200099     +/-   5.7912464E-03 %   0.2204190     +/-   5.7745753E-03 % 
  0.2208292     +/-   5.7565100E-03 %   0.2212404     +/-   5.7475008E-03 % 
  0.2216520     +/-   5.7321489E-03 %   0.2220645     +/-   5.7417965E-03 % 
  0.2224792     +/-   5.7285549E-03 %   0.2228993     +/-   5.6979046E-03 % 
  0.2233241     +/-   5.6815087E-03 %   0.2237556     +/-   5.6447489E-03 % 
  0.2241976     +/-   5.6223972E-03 %   0.2246521     +/-   5.6248684E-03 % 
  0.2251249     +/-   5.6076227E-03 %   0.2256214     +/-   5.6523518E-03 % 
  0.2261450     +/-   5.6060152E-03 %   0.2267035     +/-   5.6435782E-03 % 
  0.2273043     +/-   5.6372741E-03 %   0.2279548     +/-   5.5950969E-03 % 
  0.2286592     +/-   5.5220458E-03 %   0.2294295     +/-   5.4728719E-03 % 
  0.2302753     +/-   5.4690936E-03 %   0.2312034     +/-   5.5134054E-03 % 
  0.2322231     +/-   5.4514711E-03 %   0.2333393     +/-   5.3803958E-03 % 
  0.2345634     +/-   5.3829700E-03 %   0.2358996     +/-   5.3550215E-03 % 
  0.2373528     +/-   5.3360797E-03 %   0.2389264     +/-   5.3327433E-03 % 
  0.2406218     +/-   5.3016241E-03 %   0.2424429     +/-   5.3486512E-03 % 
  0.2443856     +/-   5.3232727E-03 %   0.2464461     +/-   5.3601079E-03 % 
  0.2486232     +/-   5.3014196E-03 %   0.2509063     +/-   5.3847423E-03 % 
  0.2532935     +/-   5.3221970E-03 %   0.2557738     +/-   5.2900803E-03 % 
  0.2583400     +/-   5.2544549E-03 %   0.2609764     +/-   5.2119251E-03 % 
  0.2636765     +/-   5.1655238E-03 %   0.2664249     +/-   5.1984768E-03 % 
  0.2692143     +/-   5.1626060E-03 %   0.2720204     +/-   5.0730319E-03 % 
  0.2748325     +/-   4.9609733E-03 %   0.2776393     +/-   4.9067964E-03 % 
  0.2804256     +/-   4.8673972E-03 %   0.2831771     +/-   4.8905849E-03 % 
  0.2858850     +/-   4.9579050E-03 %   0.2885329     +/-   5.0085564E-03 % 
  0.2911144     +/-   4.9798843E-03 %   0.2936213     +/-   4.9731075E-03 % 
  0.2960488     +/-   4.8696199E-03 %   0.2983842     +/-   4.8666843E-03 % 
  0.3006249     +/-   4.8503350E-03 %   0.3027725     +/-   4.8219641E-03 % 
  0.3048192     +/-   4.7518066E-03 %   0.3067652     +/-   4.7422978E-03 % 
  0.3086128     +/-   4.7315536E-03 %   0.3103587     +/-   4.6967338E-03 % 
  0.3120056     +/-   4.6578608E-03 %   0.3135496     +/-   4.6690251E-03 % 
  0.3150018     +/-   4.7219740E-03 %   0.3163652     +/-   4.6625449E-03 % 
  0.3176390     +/-   4.6137241E-03 %   0.3188266     +/-   4.5575229E-03 % 
  0.3199337     +/-   4.5233150E-03 %   0.3209665     +/-   4.5042681E-03 % 
  0.3219242     +/-   4.4864966E-03 %   0.3228123     +/-   4.4867275E-03 % 
  0.3236346     +/-   4.4976766E-03 %   0.3243971     +/-   4.5313584E-03 % 
  0.3251002     +/-   4.5234566E-03 %   0.3257476     +/-   4.5136260E-03 % 
  0.3263438     +/-   4.5344355E-03 %   0.3268915     +/-   4.5647435E-03 % 
  0.3273967     +/-   4.5580878E-03 %   0.3278590     +/-   4.5853206E-03 % 
  0.3282835     +/-   4.5574410E-03 %   0.3286731     +/-   4.5627095E-03 % 
  0.3290308     +/-   4.5495974E-03 %   0.3293590     +/-   4.5406576E-03 % 
  0.3296594     +/-   4.5398190E-03 %   0.3299353     +/-   4.5456900E-03 % 
  0.3301864     +/-   4.5374646E-03 %   0.3304168     +/-   4.5261895E-03 % 
  0.3306274     +/-   4.5366767E-03 %   0.3308200     +/-   4.5452113E-03 % 
  0.3309961     +/-   4.5456612E-03 %   0.3311575     +/-   4.5364173E-03 % 
  0.3313043     +/-   4.5119999E-03 %   0.3314386     +/-   4.4790870E-03 % 
  0.3315607     +/-   4.4835368E-03 %   0.3316727     +/-   4.4849790E-03 % 
  0.3317751     +/-   4.4796146E-03 %   0.3318686     +/-   4.4870158E-03 % 
  0.3319539     +/-   4.4729523E-03 %   0.3320323     +/-   4.4872449E-03 % 
  0.3321044     +/-   4.5039412E-03 %   0.3321697     +/-   4.5052343E-03 % 
  0.3322293     +/-   4.4891229E-03 %   0.3322834     +/-   4.4931676E-03 % 
  0.3323327     +/-   4.4963323E-03 %   0.3323775     +/-   4.4934358E-03 % 
  0.3324186     +/-   4.4872053E-03 %   0.3324561     +/-   4.4897567E-03 % 
  0.3324901     +/-   4.4975909E-03 %   0.3325211     +/-   4.4975588E-03 % 
  0.3325496     +/-   4.4931257E-03 %   0.3325751     +/-   4.4897133E-03 % 
  0.3325983     +/-   4.4803256E-03 %   0.3326192     +/-   4.4738376E-03 % 
  0.3326385     +/-   4.4695679E-03 %   0.3326560     +/-   4.4697616E-03 % 
  0.3326721     +/-   4.4731614E-03 %   0.3326865     +/-   4.4684461E-03 % 
  0.3326999     +/-   4.4712350E-03 %   0.3327120     +/-   4.4640023E-03 % 
  0.3327231     +/-   4.4700978E-03 %   0.3327330     +/-   4.4698664E-03 % 
  0.3327423     +/-   4.4675926E-03 %   0.3327506     +/-   4.4696261E-03 % 
  0.3327582     +/-   4.4690450E-03 %   0.3327650     +/-   4.4651432E-03 % 
  0.3327714     +/-   4.4667120E-03 %   0.3327770     +/-   4.4622542E-03 % 
  0.3327823     +/-   4.4650598E-03 %   0.3327871     +/-   4.4651167E-03 % 
  0.3327917     +/-   4.4620228E-03 %   0.3327957     +/-   4.4616987E-03 % 
  0.3327993     +/-   4.4643525E-03 %   0.3328027     +/-   4.4628689E-03 % 
  0.3328056     +/-   4.4610952E-03 %   0.3328083     +/-   4.4599706E-03 % 
  0.3328108     +/-   4.4584768E-03 %   0.3328130     +/-   4.4582183E-03 % 
  0.3328151     +/-   4.4565401E-03 %   0.3328169     +/-   4.4583427E-03 % 
  0.3328186     +/-   4.4573667E-03 %   0.3328202     +/-   4.4566253E-03 % 
  0.3328217     +/-   4.4557024E-03 %   0.3328229     +/-   4.4576712E-03 % 
  0.3328241     +/-   4.4576759E-03 %   0.3328251     +/-   4.4576074E-03 % 
  0.3328261     +/-   4.4568130E-03 %   0.3328269     +/-   4.4572307E-03 % 
  0.3328277     +/-   4.4577876E-03 %   0.3328284     +/-   4.4571962E-03 % 
  0.3328290     +/-   4.4577001E-03 %   0.3328296     +/-   4.4567008E-03 % 
  0.3328301     +/-   4.4564796E-03 %   0.3328306     +/-   4.4565848E-03 % 
  0.3328310     +/-   4.4562095E-03 %   0.3328314     +/-   4.4557634E-03 % 
  0.3328318     +/-   4.4550397E-03 %   0.3328321     +/-   4.4546383E-03 % 
  0.3328324     +/-   4.4532903E-03 %   0.3328327     +/-   4.4534001E-03 % 
  0.3328329     +/-   4.4529624E-03 %   0.3328332     +/-   4.4532572E-03 % 
  0.3328333     +/-   4.4529652E-03 %   0.3328336     +/-   4.4527743E-03 % 
  0.3328337     +/-   4.4530951E-03 %   0.3328339     +/-   4.4533368E-03 % 
  0.3328340     +/-   4.4534295E-03 %   0.3328342     +/-   4.4531701E-03 % 
  0.3328343     +/-   4.4530258E-03 %   0.3328344     +/-   4.4532148E-03 % 
  0.3328345     +/-   4.4537457E-03 %   0.3328345     +/-   4.4536819E-03 % 
  0.3328346     +/-   4.4536362E-03 %   0.3328347     +/-   4.4533685E-03 % 
  0.3328348     +/-   4.4535547E-03 %   0.3328348     +/-   4.4533382E-03 % 
  0.3328349     +/-   4.4529028E-03 %   0.3328349     +/-   4.4526183E-03 % 
  0.3328350     +/-   4.4525946E-03 %   0.3328350     +/-   4.4528390E-03 % 
  0.3328350     +/-   4.4528833E-03 %   0.3328351     +/-   4.4527911E-03 % 
  0.3328351     +/-   4.4526965E-03 %   0.3328351     +/-   4.4527003E-03 % 
  0.3328352     +/-   4.4527357E-03 %   0.3328352     +/-   4.4528348E-03 % 
  0.3328352     +/-   4.4526905E-03 %   0.3328353     +/-   4.4524651E-03 % 

  **** Double diff. Fluxes as a function of energy ****


  Solid angle minimum value (sr):   0.000000    

  Solid angle upper boundaries (sr):

  1.0000000E-03  7.9266556E-02   6.283186    

  Angular minimum value (deg.):   0.000000    

  Angular upper boundaries (deg.):

   1.022241       9.110670       90.00001    


  Energy interval (GeV):  6.9999613E-04  6.6896819E-04

  Flux (Part/sr/GeV/cmq/pr):

   0.000000     +/-    0.000000     %    0.000000     +/-    0.000000     % 
   0.000000     +/-    0.000000     % 

  Flux (Part/deg/GeV/cmq/pr):

   0.000000     +/-    0.000000     %    0.000000     +/-    0.000000     % 
   0.000000     +/-    0.000000     % 

  Energy interval (GeV):  6.6896819E-04  6.3931552E-04

  Flux (Part/sr/GeV/cmq/pr):

   0.000000     +/-    0.000000     %    0.000000     +/-    0.000000     % 
   0.000000     +/-    0.000000     % 

  Flux (Part/deg/GeV/cmq/pr):

   0.000000     +/-    0.000000     %    0.000000     +/-    0.000000     % 
   0.000000     +/-    0.000000     % 

  Energy interval (GeV):  6.3931552E-04  6.1097735E-04

  Flux (Part/sr/GeV/cmq/pr):

   0.000000     +/-    0.000000     %    0.000000     +/-    0.000000     % 
   0.000000     +/-    0.000000     % 

  Flux (Part/deg/GeV/cmq/pr):

   0.000000     +/-    0.000000     %    0.000000     +/-    0.000000     % 
   0.000000     +/-    0.000000     % 

  Energy interval (GeV):  6.1097735E-04  5.8389525E-04

  Flux (Part/sr/GeV/cmq/pr):

   806823.3     +/-   2.1484258E-02 %    777.0435     +/-   7.0015997E-02 % 
   18.26302     +/-   5.9860740E-02 % 

  Flux (Part/deg/GeV/cmq/pr):

   789.2689     +/-   2.1484258E-02 %    7.518953     +/-   7.0015997E-02 % 
   1.400707     +/-   5.9860740E-02 % 

  Energy interval (GeV):  5.8389525E-04  5.5801350E-04

  Flux (Part/sr/GeV/cmq/pr):

   40.18262     +/-    3.028341     %    41.11702     +/-   0.3653908     % 
   35.42316     +/-   4.2591654E-02 % 

  Flux (Part/deg/GeV/cmq/pr):

  3.9308351E-02 +/-    3.028341     %   0.3978631     +/-   0.3653908     % 
   2.716828     +/-   4.2591654E-02 % 

  Energy interval (GeV):  5.5801350E-04  5.3327909E-04

  Flux (Part/sr/GeV/cmq/pr):

   41.43993     +/-    2.846479     %    41.84118     +/-   0.3715118     % 
   26.54077     +/-   5.0524905E-02 % 

  Flux (Part/deg/GeV/cmq/pr):

  4.0538300E-02 +/-    2.846479     %   0.4048704     +/-   0.3715118     % 
   2.035581     +/-   5.0524905E-02 % 

  Energy interval (GeV):  5.3327909E-04  5.0964102E-04

  Flux (Part/sr/GeV/cmq/pr):

   39.30077     +/-    3.275324     %    42.60353     +/-   0.3664547     % 
   22.69404     +/-   5.8197439E-02 % 

  Flux (Part/deg/GeV/cmq/pr):

  3.8445685E-02 +/-    3.275324     %   0.4122471     +/-   0.3664547     % 
   1.740551     +/-   5.8197439E-02 % 

  Energy interval (GeV):  5.0964102E-04  4.8705068E-04

  Flux (Part/sr/GeV/cmq/pr):

   43.07133     +/-    3.381491     %    42.61245     +/-   0.3466786     % 
   21.20657     +/-   5.6759380E-02 % 

  Flux (Part/deg/GeV/cmq/pr):

  4.2134214E-02 +/-    3.381491     %   0.4123334     +/-   0.3466786     % 
   1.626467     +/-   5.6759380E-02 % 

  Energy interval (GeV):  4.8705068E-04  4.6546169E-04

  Flux (Part/sr/GeV/cmq/pr):

   45.85650     +/-    3.343968     %    41.78189     +/-   0.4384254     % 
   20.03833     +/-   5.9220608E-02 % 

  Flux (Part/deg/GeV/cmq/pr):

  4.4858780E-02 +/-    3.343968     %   0.4042967     +/-   0.4384254     % 
   1.536868     +/-   5.9220608E-02 % 

  Energy interval (GeV):  4.6546169E-04  4.4482970E-04

  Flux (Part/sr/GeV/cmq/pr):

   39.88924     +/-    3.683274     %    39.61715     +/-   0.3919323     % 
   17.67419     +/-   7.6051928E-02 % 

  Flux (Part/deg/GeV/cmq/pr):

  3.9021350E-02 +/-    3.683274     %   0.3833498     +/-   0.3919323     % 
   1.355546     +/-   7.6051928E-02 % 

  Energy interval (GeV):  4.4482970E-04  4.2511217E-04

  Flux (Part/sr/GeV/cmq/pr):

   36.41418     +/-    3.694873     %    36.42430     +/-   0.4615736     % 
   15.57903     +/-   7.1082741E-02 % 

  Flux (Part/deg/GeV/cmq/pr):

  3.5621904E-02 +/-    3.694873     %   0.3524547     +/-   0.4615736     % 
   1.194855     +/-   7.1082741E-02 % 

  Energy interval (GeV):  4.2511217E-04  4.0626875E-04

  Flux (Part/sr/GeV/cmq/pr):

   40.17281     +/-    3.307203     %    39.64815     +/-   0.4102273     % 
   17.55924     +/-   7.3921584E-02 % 

  Flux (Part/deg/GeV/cmq/pr):

  3.9298750E-02 +/-    3.307203     %   0.3836498     +/-   0.4102273     % 
   1.346731     +/-   7.3921584E-02 % 

  Energy interval (GeV):  4.0626875E-04  3.8826044E-04

  Flux (Part/sr/GeV/cmq/pr):

   40.53679     +/-    3.787978     %    40.30650     +/-   0.4125696     % 
   18.99520     +/-   7.2117373E-02 % 

  Flux (Part/deg/GeV/cmq/pr):

  3.9654814E-02 +/-    3.787978     %   0.3900203     +/-   0.4125696     % 
   1.456863     +/-   7.2117373E-02 % 

  Energy interval (GeV):  3.8826044E-04  3.7105050E-04

  Flux (Part/sr/GeV/cmq/pr):

   42.47507     +/-    3.337847     %    39.91983     +/-   0.4082646     % 
   19.24945     +/-   7.3367067E-02 % 

  Flux (Part/deg/GeV/cmq/pr):

  4.1550919E-02 +/-    3.337847     %   0.3862786     +/-   0.4082646     % 
   1.476363     +/-   7.3367067E-02 % 

  Energy interval (GeV):  3.7105050E-04  3.5460334E-04

  Flux (Part/sr/GeV/cmq/pr):

   41.04031     +/-    4.063347     %    40.47872     +/-   0.4504494     % 
   19.51196     +/-   7.5749978E-02 % 

  Flux (Part/deg/GeV/cmq/pr):

  4.0147379E-02 +/-    4.063347     %   0.3916867     +/-   0.4504494     % 
   1.496497     +/-   7.5749978E-02 % 

  Energy interval (GeV):  3.5460334E-04  3.3888521E-04

  Flux (Part/sr/GeV/cmq/pr):

   39.38109     +/-    3.853863     %    40.60772     +/-   0.4572809     % 
   19.89058     +/-   7.4308969E-02 % 

  Flux (Part/deg/GeV/cmq/pr):

  3.8524259E-02 +/-    3.853863     %   0.3929349     +/-   0.4572809     % 
   1.525535     +/-   7.4308969E-02 % 

  Energy interval (GeV):  3.3888521E-04  3.2386382E-04

  Flux (Part/sr/GeV/cmq/pr):

   39.60994     +/-    3.927930     %    41.60658     +/-   0.4628026     % 
   20.01927     +/-   7.0261963E-02 % 

  Flux (Part/deg/GeV/cmq/pr):

  3.8748134E-02 +/-    3.927930     %   0.4026003     +/-   0.4628026     % 
   1.535406     +/-   7.0261963E-02 % 

  Energy interval (GeV):  3.2386382E-04  3.0950824E-04

  Flux (Part/sr/GeV/cmq/pr):

   43.88519     +/-    3.865102     %    41.71806     +/-   0.3957709     % 
   20.06612     +/-   7.6221108E-02 % 

  Flux (Part/deg/GeV/cmq/pr):

  4.2930365E-02 +/-    3.865102     %   0.4036790     +/-   0.3957709     % 
   1.538999     +/-   7.6221108E-02 % 

  Energy interval (GeV):  3.0950824E-04  2.9578904E-04

  Flux (Part/sr/GeV/cmq/pr):

   42.71351     +/-    3.970849     %    42.86234     +/-   0.5204613     % 
   20.15908     +/-   7.4398927E-02 % 

  Flux (Part/deg/GeV/cmq/pr):

  4.1784175E-02 +/-    3.970849     %   0.4147514     +/-   0.5204613     % 
   1.546129     +/-   7.4398927E-02 % 

  Energy interval (GeV):  2.9578904E-04  2.8267791E-04

  Flux (Part/sr/GeV/cmq/pr):

   41.64381     +/-    4.571682     %    43.41104     +/-   0.5194926     % 
   20.18894     +/-   7.5127281E-02 % 

  Flux (Part/deg/GeV/cmq/pr):

  4.0737752E-02 +/-    4.571682     %   0.4200608     +/-   0.5194926     % 
   1.548419     +/-   7.5127281E-02 % 

  Energy interval (GeV):  2.8267791E-04  2.7014790E-04

  Flux (Part/sr/GeV/cmq/pr):

   47.40613     +/-    3.424500     %    44.53024     +/-   0.5164305     % 
   20.28145     +/-   8.2665265E-02 % 

  Flux (Part/deg/GeV/cmq/pr):

  4.6374694E-02 +/-    3.424500     %   0.4308907     +/-   0.5164305     % 
   1.555514     +/-   8.2665265E-02 % 

  Energy interval (GeV):  2.7014790E-04  2.5817336E-04

  Flux (Part/sr/GeV/cmq/pr):

   48.76981     +/-    4.512186     %    45.82100     +/-   0.5170131     % 
   20.36812     +/-   9.0367094E-02 % 

  Flux (Part/deg/GeV/cmq/pr):

  4.7708709E-02 +/-    4.512186     %   0.4433805     +/-   0.5170131     % 
   1.562161     +/-   9.0367094E-02 % 

  Energy interval (GeV):  2.5817336E-04  2.4672961E-04

  Flux (Part/sr/GeV/cmq/pr):

   47.62390     +/-    4.382420     %    47.09216     +/-   0.4861748     % 
   20.53139     +/-   8.4375352E-02 % 

  Flux (Part/deg/GeV/cmq/pr):

  4.6587728E-02 +/-    4.382420     %   0.4556807     +/-   0.4861748     % 
   1.574683     +/-   8.4375352E-02 % 

  Energy interval (GeV):  2.4672961E-04  2.3579312E-04

  Flux (Part/sr/GeV/cmq/pr):

   51.84438     +/-    4.540333     %    48.37564     +/-   0.4247552     % 
   20.76597     +/-   8.8518761E-02 % 

  Flux (Part/deg/GeV/cmq/pr):

  5.0716382E-02 +/-    4.540333     %   0.4681002     +/-   0.4247552     % 
   1.592674     +/-   8.8518761E-02 % 

  Energy interval (GeV):  2.3579312E-04  2.2534135E-04

  Flux (Part/sr/GeV/cmq/pr):

   50.80464     +/-    4.656992     %    49.92259     +/-   0.4822221     % 
   20.98301     +/-   8.2361996E-02 % 

  Flux (Part/deg/GeV/cmq/pr):

  4.9699262E-02 +/-    4.656992     %   0.4830690     +/-   0.4822221     % 
   1.609321     +/-   8.2361996E-02 % 

  Energy interval (GeV):  2.2534135E-04  2.1535291E-04

  Flux (Part/sr/GeV/cmq/pr):

   48.75599     +/-    4.384206     %    51.02929     +/-   0.5312421     % 
   21.29206     +/-   8.5072175E-02 % 

  Flux (Part/deg/GeV/cmq/pr):

  4.7695190E-02 +/-    4.384206     %   0.4937779     +/-   0.5312421     % 
   1.633024     +/-   8.5072175E-02 % 

  Energy interval (GeV):  2.1535291E-04  2.0580717E-04

  Flux (Part/sr/GeV/cmq/pr):

   52.37925     +/-    4.040202     %    52.21023     +/-   0.4496112     % 
   21.62062     +/-   8.7946936E-02 % 

  Flux (Part/deg/GeV/cmq/pr):

  5.1239610E-02 +/-    4.040202     %   0.5052050     +/-   0.4496112     % 
   1.658223     +/-   8.7946936E-02 % 

  Energy interval (GeV):  2.0580717E-04  1.9668456E-04

  Flux (Part/sr/GeV/cmq/pr):

   54.37022     +/-    4.161737     %    53.17385     +/-   0.5107833     % 
   21.96661     +/-   8.5350484E-02 % 

  Flux (Part/deg/GeV/cmq/pr):

  5.3187270E-02 +/-    4.161737     %   0.5145293     +/-   0.5107833     % 
   1.684760     +/-   8.5350484E-02 % 

  Energy interval (GeV):  1.9668456E-04  1.8796633E-04

  Flux (Part/sr/GeV/cmq/pr):

   55.97440     +/-    4.303131     %    54.69342     +/-   0.5883510     % 
   22.24753     +/-   9.1710761E-02 % 

  Flux (Part/deg/GeV/cmq/pr):

  5.4756541E-02 +/-    4.303131     %   0.5292333     +/-   0.5883510     % 
   1.706305     +/-   9.1710761E-02 % 

  Energy interval (GeV):  1.8796633E-04  1.7963458E-04

  Flux (Part/sr/GeV/cmq/pr):

   54.60988     +/-    4.053450     %    55.25659     +/-   0.4969823     % 
   22.55699     +/-   9.3372785E-02 % 

  Flux (Part/deg/GeV/cmq/pr):

  5.3421710E-02 +/-    4.053450     %   0.5346827     +/-   0.4969823     % 
   1.730039     +/-   9.3372785E-02 % 

  Energy interval (GeV):  1.7963458E-04  1.7167212E-04

  Flux (Part/sr/GeV/cmq/pr):

   57.64514     +/-    4.423855     %    56.73958     +/-   0.5092719     % 
   22.92743     +/-   0.1004459     % 

  Flux (Part/deg/GeV/cmq/pr):

  5.6390930E-02 +/-    4.423855     %   0.5490326     +/-   0.5092719     % 
   1.758451     +/-   0.1004459     % 

  Energy interval (GeV):  1.7167212E-04  1.6406259E-04

  Flux (Part/sr/GeV/cmq/pr):

   58.47904     +/-    4.509961     %    57.68718     +/-   0.5483668     % 
   23.28652     +/-   9.1363110E-02 % 

  Flux (Part/deg/GeV/cmq/pr):

  5.7206687E-02 +/-    4.509961     %   0.5582019     +/-   0.5483668     % 
   1.785992     +/-   9.1363110E-02 % 

  Energy interval (GeV):  1.6406259E-04  1.5679035E-04

  Flux (Part/sr/GeV/cmq/pr):

   63.11653     +/-    4.645876     %    59.13823     +/-   0.5329892     % 
   23.68484     +/-   9.2259951E-02 % 

  Flux (Part/deg/GeV/cmq/pr):

  6.1743274E-02 +/-    4.645876     %   0.5722429     +/-   0.5329892     % 
   1.816542     +/-   9.2259951E-02 % 

  Energy interval (GeV):  1.5679035E-04  1.4984049E-04

  Flux (Part/sr/GeV/cmq/pr):

   58.84965     +/-    5.225400     %    59.28901     +/-   0.5192612     % 
   23.78807     +/-   0.1061481     % 

  Flux (Part/deg/GeV/cmq/pr):

  5.7569236E-02 +/-    5.225400     %   0.5737018     +/-   0.5192612     % 
   1.824459     +/-   0.1061481     % 

  Energy interval (GeV):  1.4984049E-04  1.4319866E-04

  Flux (Part/sr/GeV/cmq/pr):

   59.01968     +/-    5.059085     %    61.95237     +/-   0.5842288     % 
   24.56094     +/-   0.1044558     % 

  Flux (Part/deg/GeV/cmq/pr):

  5.7735566E-02 +/-    5.059085     %   0.5994735     +/-   0.5842288     % 
   1.883735     +/-   0.1044558     % 

  Energy interval (GeV):  1.4319866E-04  1.3685126E-04

  Flux (Part/sr/GeV/cmq/pr):

   63.96273     +/-    4.911407     %    63.05447     +/-   0.5643972     % 
   25.02410     +/-   0.1062090     % 

  Flux (Part/deg/GeV/cmq/pr):

  6.2571071E-02 +/-    4.911407     %   0.6101379     +/-   0.5643972     % 
   1.919258     +/-   0.1062090     % 

  Energy interval (GeV):  1.3685126E-04  1.3078518E-04

  Flux (Part/sr/GeV/cmq/pr):

   65.44579     +/-    4.591245     %    64.65421     +/-   0.5654156     % 
   25.53367     +/-   0.1051007     % 

  Flux (Part/deg/GeV/cmq/pr):

  6.4021856E-02 +/-    4.591245     %   0.6256174     +/-   0.5654156     % 
   1.958340     +/-   0.1051007     % 

  Energy interval (GeV):  1.3078518E-04  1.2498802E-04

  Flux (Part/sr/GeV/cmq/pr):

   62.61639     +/-    4.709312     %    65.71791     +/-   0.5449163     % 
   26.01365     +/-   0.1028442     % 

  Flux (Part/deg/GeV/cmq/pr):

  6.1254017E-02 +/-    4.709312     %   0.6359102     +/-   0.5449163     % 
   1.995153     +/-   0.1028442     % 

  Energy interval (GeV):  1.2498802E-04  1.1944782E-04

  Flux (Part/sr/GeV/cmq/pr):

   68.58911     +/-    5.249850     %    67.19781     +/-   0.6311585     % 
   26.59082     +/-   0.1172681     % 

  Flux (Part/deg/GeV/cmq/pr):

  6.7096792E-02 +/-    5.249850     %   0.6502303     +/-   0.6311585     % 
   2.039420     +/-   0.1172681     % 

  Energy interval (GeV):  1.1944782E-04  1.1415319E-04

  Flux (Part/sr/GeV/cmq/pr):

   70.82605     +/-    5.174399     %    68.80635     +/-   0.6341316     % 
   27.19534     +/-   0.1087471     % 

  Flux (Part/deg/GeV/cmq/pr):

  6.9285065E-02 +/-    5.174399     %   0.6657951     +/-   0.6341316     % 
   2.085784     +/-   0.1087471     % 

  Energy interval (GeV):  1.1415319E-04  1.0909323E-04

  Flux (Part/sr/GeV/cmq/pr):

   70.75140     +/-    4.783742     %    70.21500     +/-   0.5802836     % 
   27.85362     +/-   0.1055127     % 

  Flux (Part/deg/GeV/cmq/pr):

  6.9212027E-02 +/-    4.783742     %   0.6794258     +/-   0.5802836     % 
   2.136272     +/-   0.1055127     % 

  Energy interval (GeV):  1.0909323E-04  1.0425758E-04

  Flux (Part/sr/GeV/cmq/pr):

   70.93104     +/-    5.730727     %    72.93534     +/-   0.6763270     % 
   28.51346     +/-   0.1109383     % 

  Flux (Part/deg/GeV/cmq/pr):

  6.9387756E-02 +/-    5.730727     %   0.7057487     +/-   0.6763270     % 
   2.186879     +/-   0.1109383     % 

  Energy interval (GeV):  1.0425758E-04  9.9636272E-05

  Flux (Part/sr/GeV/cmq/pr):

   76.81760     +/-    5.624904     %    75.27314     +/-   0.6350523     % 
   29.23587     +/-   0.1151398     % 

  Flux (Part/deg/GeV/cmq/pr):

  7.5146243E-02 +/-    5.624904     %   0.7283701     +/-   0.6350523     % 
   2.242285     +/-   0.1151398     % 

  Energy interval (GeV):  9.9636272E-05  9.5219802E-05

  Flux (Part/sr/GeV/cmq/pr):

   72.22927     +/-    5.855266     %    76.59760     +/-   0.5639383     % 
   29.96819     +/-   0.1135720     % 

  Flux (Part/deg/GeV/cmq/pr):

  7.0657752E-02 +/-    5.855266     %   0.7411860     +/-   0.5639383     % 
   2.298451     +/-   0.1135720     % 

  Energy interval (GeV):  9.5219802E-05  9.0999092E-05

  Flux (Part/sr/GeV/cmq/pr):

   89.79496     +/-    5.616529     %    79.42685     +/-   0.6100138     % 
   30.80480     +/-   0.1057128     % 

  Flux (Part/deg/GeV/cmq/pr):

  8.7841257E-02 +/-    5.616529     %   0.7685629     +/-   0.6100138     % 
   2.362617     +/-   0.1057128     % 

  Energy interval (GeV):  9.0999092E-05  8.6965476E-05

  Flux (Part/sr/GeV/cmq/pr):

   80.07657     +/-    4.797374     %    80.08261     +/-   0.6181161     % 
   31.49578     +/-   0.1225636     % 

  Flux (Part/deg/GeV/cmq/pr):

  7.8334309E-02 +/-    4.797374     %   0.7749082     +/-   0.6181161     % 
   2.415612     +/-   0.1225636     % 

  Energy interval (GeV):  8.6965476E-05  8.3110652E-05

  Flux (Part/sr/GeV/cmq/pr):

   89.23837     +/-    5.744832     %    83.32633     +/-   0.6159930     % 
   32.29724     +/-   0.1177166     % 

  Flux (Part/deg/GeV/cmq/pr):

  8.7296769E-02 +/-    5.744832     %   0.8062956     +/-   0.6159930     % 
   2.477081     +/-   0.1177166     % 

  Energy interval (GeV):  8.3110652E-05  7.9426696E-05

  Flux (Part/sr/GeV/cmq/pr):

   86.59126     +/-    5.648172     %    84.87785     +/-   0.6361802     % 
   33.24828     +/-   0.1201934     % 

  Flux (Part/deg/GeV/cmq/pr):

  8.4707253E-02 +/-    5.648172     %   0.8213087     +/-   0.6361802     % 
   2.550022     +/-   0.1201934     % 

  Energy interval (GeV):  7.9426696E-05  7.5906035E-05

  Flux (Part/sr/GeV/cmq/pr):

   82.08643     +/-    5.960780     %    87.19244     +/-   0.6489812     % 
   34.16421     +/-   0.1108076     % 

  Flux (Part/deg/GeV/cmq/pr):

  8.0300443E-02 +/-    5.960780     %   0.8437055     +/-   0.6489812     % 
   2.620271     +/-   0.1108076     % 

  Energy interval (GeV):  7.5906035E-05  7.2541428E-05

  Flux (Part/sr/GeV/cmq/pr):

   98.07937     +/-    5.689593     %    89.47839     +/-   0.6791554     % 
   35.03730     +/-   0.1108457     % 

  Flux (Part/deg/GeV/cmq/pr):

  9.5945418E-02 +/-    5.689593     %   0.8658252     +/-   0.6791554     % 
   2.687234     +/-   0.1108457     % 

  Energy interval (GeV):  7.2541428E-05  6.9325972E-05

  Flux (Part/sr/GeV/cmq/pr):

   88.01170     +/-    5.616445     %    92.33318     +/-   0.6415734     % 
   35.99377     +/-   0.1313781     % 

  Flux (Part/deg/GeV/cmq/pr):

  8.6096786E-02 +/-    5.616445     %   0.8934492     +/-   0.6415734     % 
   2.760592     +/-   0.1313781     % 

  Energy interval (GeV):  6.9325972E-05  6.6253029E-05

  Flux (Part/sr/GeV/cmq/pr):

   93.72094     +/-    5.434999     %    95.33099     +/-   0.6352248     % 
   37.05199     +/-   0.1146420     % 

  Flux (Part/deg/GeV/cmq/pr):

  9.1681816E-02 +/-    5.434999     %   0.9224572     +/-   0.6352248     % 
   2.841753     +/-   0.1146420     % 

  Energy interval (GeV):  6.6253029E-05  6.3316285E-05

  Flux (Part/sr/GeV/cmq/pr):

   89.55505     +/-    6.454835     %    96.01103     +/-   0.6776507     % 
   38.20777     +/-   0.1349568     % 

  Flux (Part/deg/GeV/cmq/pr):

  8.7606564E-02 +/-    6.454835     %   0.9290374     +/-   0.6776507     % 
   2.930398     +/-   0.1349568     % 

  Energy interval (GeV):  6.3316285E-05  6.0509741E-05

  Flux (Part/sr/GeV/cmq/pr):

   95.49031     +/-    5.609690     %    99.81319     +/-   0.7221879     % 
   39.32065     +/-   0.1322628     % 

  Flux (Part/deg/GeV/cmq/pr):

  9.3412690E-02 +/-    5.609690     %   0.9658285     +/-   0.7221879     % 
   3.015752     +/-   0.1322628     % 

  Energy interval (GeV):  6.0509741E-05  5.7827590E-05

  Flux (Part/sr/GeV/cmq/pr):

   97.68233     +/-    6.298090     %    103.0232     +/-   0.7422597     % 
   40.63654     +/-   0.1402569     % 

  Flux (Part/deg/GeV/cmq/pr):

  9.5557019E-02 +/-    6.298090     %   0.9968892     +/-   0.7422597     % 
   3.116676     +/-   0.1402569     % 

  Energy interval (GeV):  5.7827590E-05  5.5264340E-05

  Flux (Part/sr/GeV/cmq/pr):

   107.2847     +/-    6.295715     %    105.8626     +/-   0.6426398     % 
   41.81408     +/-   0.1324370     % 

  Flux (Part/deg/GeV/cmq/pr):

  0.1049504     +/-    6.295715     %    1.024364     +/-   0.6426398     % 
   3.206989     +/-   0.1324370     % 

  Energy interval (GeV):  5.5264340E-05  5.2814692E-05

  Flux (Part/sr/GeV/cmq/pr):

   110.2196     +/-    5.802588     %    108.8428     +/-   0.7419049     % 
   43.09970     +/-   0.1179248     % 

  Flux (Part/deg/GeV/cmq/pr):

  0.1078215     +/-    5.802588     %    1.053202     +/-   0.7419049     % 
   3.305591     +/-   0.1179248     % 

  Energy interval (GeV):  5.2814692E-05  5.0473631E-05

  Flux (Part/sr/GeV/cmq/pr):

   126.0107     +/-    5.986374     %    113.7001     +/-   0.7779797     % 
   44.44348     +/-   0.1188256     % 

  Flux (Part/deg/GeV/cmq/pr):

  0.1232690     +/-    5.986374     %    1.100204     +/-   0.7779797     % 
   3.408654     +/-   0.1188256     % 

  Energy interval (GeV):  5.0473631E-05  4.8236343E-05

  Flux (Part/sr/GeV/cmq/pr):

   109.5069     +/-    6.338522     %    117.7059     +/-   0.7681214     % 
   45.81652     +/-   0.1207947     % 

  Flux (Part/deg/GeV/cmq/pr):

  0.1071243     +/-    6.338522     %    1.138965     +/-   0.7681214     % 
   3.513962     +/-   0.1207947     % 

  Energy interval (GeV):  4.8236343E-05  4.6098226E-05

  Flux (Part/sr/GeV/cmq/pr):

   135.1648     +/-    5.496321     %    120.8408     +/-   0.7566058     % 
   47.43286     +/-   0.1308501     % 

  Flux (Part/deg/GeV/cmq/pr):

  0.1322239     +/-    5.496321     %    1.169299     +/-   0.7566058     % 
   3.637929     +/-   0.1308501     % 

  Energy interval (GeV):  4.6098226E-05  4.4054876E-05

  Flux (Part/sr/GeV/cmq/pr):

   114.0281     +/-    6.599886     %    124.8386     +/-   0.7807852     % 
   48.80957     +/-   0.1311887     % 

  Flux (Part/deg/GeV/cmq/pr):

  0.1115471     +/-    6.599886     %    1.207984     +/-   0.7807852     % 
   3.743518     +/-   0.1311887     % 

  Energy interval (GeV):  4.4054876E-05  4.2102103E-05

  Flux (Part/sr/GeV/cmq/pr):

   132.1192     +/-    7.144385     %    128.7838     +/-   0.6606877     % 
   50.45075     +/-   0.1394371     % 

  Flux (Part/deg/GeV/cmq/pr):

  0.1292446     +/-    7.144385     %    1.246158     +/-   0.6606877     % 
   3.869390     +/-   0.1394371     % 

  Energy interval (GeV):  4.2102103E-05  4.0235889E-05

  Flux (Part/sr/GeV/cmq/pr):

   138.7829     +/-    6.587522     %    133.3398     +/-   0.6910348     % 
   52.33082     +/-   0.1365442     % 

  Flux (Part/deg/GeV/cmq/pr):

  0.1357634     +/-    6.587522     %    1.290244     +/-   0.6910348     % 
   4.013585     +/-   0.1365442     % 

  Energy interval (GeV):  4.0235889E-05  3.8452396E-05

  Flux (Part/sr/GeV/cmq/pr):

   130.0812     +/-    6.651651     %    139.7321     +/-   0.8037705     % 
   54.12375     +/-   0.1216417     % 

  Flux (Part/deg/GeV/cmq/pr):

  0.1272510     +/-    6.651651     %    1.352098     +/-   0.8037705     % 
   4.151096     +/-   0.1216417     % 

  Energy interval (GeV):  3.8452396E-05  3.6747959E-05

  Flux (Part/sr/GeV/cmq/pr):

   134.9412     +/-    6.347399     %    143.7919     +/-   0.7641525     % 
   55.93647     +/-   0.1327718     % 

  Flux (Part/deg/GeV/cmq/pr):

  0.1320052     +/-    6.347399     %    1.391382     +/-   0.7641525     % 
   4.290125     +/-   0.1327718     % 

  Energy interval (GeV):  3.6747959E-05  3.5119072E-05

  Flux (Part/sr/GeV/cmq/pr):

   125.8522     +/-    7.317073     %    147.4806     +/-   0.7626855     % 
   57.76697     +/-   0.1332484     % 

  Flux (Part/deg/GeV/cmq/pr):

  0.1231140     +/-    7.317073     %    1.427075     +/-   0.7626855     % 
   4.430518     +/-   0.1332484     % 

  Energy interval (GeV):  3.5119072E-05  3.3562388E-05

  Flux (Part/sr/GeV/cmq/pr):

   144.5372     +/-    6.233596     %    152.3593     +/-   0.6572693     % 
   59.79842     +/-   0.1157967     % 

  Flux (Part/deg/GeV/cmq/pr):

  0.1413924     +/-    6.233596     %    1.474284     +/-   0.6572693     % 
   4.586323     +/-   0.1157967     % 

  Energy interval (GeV):  3.3562388E-05  3.2074702E-05

  Flux (Part/sr/GeV/cmq/pr):

   153.2576     +/-    6.802710     %    158.1893     +/-   0.8313175     % 
   61.82178     +/-   0.1363160     % 

  Flux (Part/deg/GeV/cmq/pr):

  0.1499231     +/-    6.802710     %    1.530697     +/-   0.8313175     % 
   4.741507     +/-   0.1363160     % 

  Energy interval (GeV):  3.2074702E-05  3.0652958E-05

  Flux (Part/sr/GeV/cmq/pr):

   189.9071     +/-    5.944136     %    167.0811     +/-   0.8047016     % 
   64.13921     +/-   0.1174583     % 

  Flux (Part/deg/GeV/cmq/pr):

  0.1857752     +/-    5.944136     %    1.616737     +/-   0.8047016     % 
   4.919246     +/-   0.1174583     % 

  Energy interval (GeV):  3.0652958E-05  2.9294242E-05

  Flux (Part/sr/GeV/cmq/pr):

   167.8041     +/-    6.716473     %    169.0945     +/-   0.7035819     % 
   66.35606     +/-   0.1202805     % 

  Flux (Part/deg/GeV/cmq/pr):

  0.1641531     +/-    6.716473     %    1.636219     +/-   0.7035819     % 
   5.089269     +/-   0.1202805     % 

  Energy interval (GeV):  2.9294242E-05  2.7995748E-05

  Flux (Part/sr/GeV/cmq/pr):

   189.4493     +/-    6.470617     %    175.9436     +/-   0.8342037     % 
   69.08656     +/-   0.1195389     % 

  Flux (Part/deg/GeV/cmq/pr):

  0.1853274     +/-    6.470617     %    1.702494     +/-   0.8342037     % 
   5.298690     +/-   0.1195389     % 

  Energy interval (GeV):  2.7995748E-05  2.6754815E-05

  Flux (Part/sr/GeV/cmq/pr):

   166.8086     +/-    7.498344     %    182.4465     +/-   0.7654160     % 
   71.45157     +/-   0.1448256     % 

  Flux (Part/deg/GeV/cmq/pr):

  0.1631793     +/-    7.498344     %    1.765418     +/-   0.7654160     % 
   5.480077     +/-   0.1448256     % 

  Energy interval (GeV):  2.6754815E-05  2.5568879E-05

  Flux (Part/sr/GeV/cmq/pr):

   187.1937     +/-    7.231622     %    187.9137     +/-   0.7189185     % 
   74.21448     +/-   0.1458644     % 

  Flux (Part/deg/GeV/cmq/pr):

  0.1831208     +/-    7.231622     %    1.818321     +/-   0.7189185     % 
   5.691982     +/-   0.1458644     % 

  Energy interval (GeV):  2.5568879E-05  2.4435514E-05

  Flux (Part/sr/GeV/cmq/pr):

   223.2282     +/-    5.658660     %    198.5797     +/-   0.7113178     % 
   76.72372     +/-   0.1352631     % 

  Flux (Part/deg/GeV/cmq/pr):

  0.2183713     +/-    5.658660     %    1.921529     +/-   0.7113178     % 
   5.884432     +/-   0.1352631     % 

  Energy interval (GeV):  2.4435514E-05  2.3352388E-05

  Flux (Part/sr/GeV/cmq/pr):

   200.3449     +/-    6.871358     %    203.5318     +/-   0.6608396     % 
   79.82410     +/-   0.1520621     % 

  Flux (Part/deg/GeV/cmq/pr):

  0.1959860     +/-    6.871358     %    1.969447     +/-   0.6608396     % 
   6.122220     +/-   0.1520621     % 

  Energy interval (GeV):  2.3352388E-05  2.2317274E-05

  Flux (Part/sr/GeV/cmq/pr):

   208.6712     +/-    6.701544     %    210.2194     +/-   0.7117131     % 
   82.96964     +/-   0.1208502     % 

  Flux (Part/deg/GeV/cmq/pr):

  0.2041311     +/-    6.701544     %    2.034159     +/-   0.7117131     % 
   6.363471     +/-   0.1208502     % 

  Energy interval (GeV):  2.2317274E-05  2.1328038E-05

  Flux (Part/sr/GeV/cmq/pr):

   222.3933     +/-    6.094944     %    218.0324     +/-   0.7195659     % 
   86.11254     +/-   0.1278614     % 

  Flux (Part/deg/GeV/cmq/pr):

  0.2175546     +/-    6.094944     %    2.109760     +/-   0.7195659     % 
   6.604521     +/-   0.1278614     % 

  Energy interval (GeV):  2.1328038E-05  2.0382655E-05

  Flux (Part/sr/GeV/cmq/pr):

   185.1089     +/-    8.686102     %    229.2939     +/-   0.8256143     % 
   89.48701     +/-   0.1405826     % 

  Flux (Part/deg/GeV/cmq/pr):

  0.1810814     +/-    8.686102     %    2.218731     +/-   0.8256143     % 
   6.863330     +/-   0.1405826     % 

  Energy interval (GeV):  2.0382655E-05  1.9479176E-05

  Flux (Part/sr/GeV/cmq/pr):

   234.6472     +/-    7.593483     %    234.6965     +/-   0.7749627     % 
   93.27773     +/-   0.1218745     % 

  Flux (Part/deg/GeV/cmq/pr):

  0.2295418     +/-    7.593483     %    2.271008     +/-   0.7749627     % 
   7.154065     +/-   0.1218745     % 

  Energy interval (GeV):  1.9479176E-05  1.8615743E-05

  Flux (Part/sr/GeV/cmq/pr):

   240.8979     +/-    6.753624     %    244.8423     +/-   0.7020066     % 
   96.52230     +/-   0.1305160     % 

  Flux (Part/deg/GeV/cmq/pr):

  0.2356566     +/-    6.753624     %    2.369183     +/-   0.7020066     % 
   7.402911     +/-   0.1305160     % 

  Energy interval (GeV):  1.8615743E-05  1.7790582E-05

  Flux (Part/sr/GeV/cmq/pr):

   265.4019     +/-    6.797461     %    256.9727     +/-   0.7862849     % 
   100.4110     +/-   0.1464751     % 

  Flux (Part/deg/GeV/cmq/pr):

  0.2596274     +/-    6.797461     %    2.486561     +/-   0.7862849     % 
   7.701161     +/-   0.1464751     % 

  Energy interval (GeV):  1.7790582E-05  1.7001999E-05

  Flux (Part/sr/GeV/cmq/pr):

   281.5159     +/-    6.883127     %    266.3965     +/-   0.7496969     % 
   104.2455     +/-   0.1399384     % 

  Flux (Part/deg/GeV/cmq/pr):

  0.2753909     +/-    6.883127     %    2.577749     +/-   0.7496969     % 
   7.995256     +/-   0.1399384     % 

  Energy interval (GeV):  1.7001999E-05  1.6248370E-05

  Flux (Part/sr/GeV/cmq/pr):

   277.3234     +/-    6.596816     %    277.7861     +/-   0.8125668     % 
   108.5802     +/-   0.1426666     % 

  Flux (Part/deg/GeV/cmq/pr):

  0.2712895     +/-    6.596816     %    2.687958     +/-   0.8125668     % 
   8.327705     +/-   0.1426666     % 

  Energy interval (GeV):  1.6248370E-05  1.5528147E-05

  Flux (Part/sr/GeV/cmq/pr):

   315.1783     +/-    6.380949     %    285.6144     +/-   0.7827771     % 
   112.6119     +/-   0.1480926     % 

  Flux (Part/deg/GeV/cmq/pr):

  0.3083208     +/-    6.380949     %    2.763708     +/-   0.7827771     % 
   8.636924     +/-   0.1480926     % 

  Energy interval (GeV):  1.5528147E-05  1.4839845E-05

  Flux (Part/sr/GeV/cmq/pr):

   306.5512     +/-    7.251824     %    303.6695     +/-   0.8181469     % 
   117.5578     +/-   0.1255946     % 

  Flux (Part/deg/GeV/cmq/pr):

  0.2998815     +/-    7.251824     %    2.938416     +/-   0.8181469     % 
   9.016255     +/-   0.1255946     % 

  Energy interval (GeV):  1.4839845E-05  1.4182054E-05

  Flux (Part/sr/GeV/cmq/pr):

   294.9257     +/-    6.943560     %    310.8199     +/-   0.7231255     % 
   122.3531     +/-   0.1555126     % 

  Flux (Part/deg/GeV/cmq/pr):

  0.2885088     +/-    6.943560     %    3.007606     +/-   0.7231255     % 
   9.384040     +/-   0.1555126     % 

  Energy interval (GeV):  1.4182054E-05  1.3553424E-05

  Flux (Part/sr/GeV/cmq/pr):

   307.0141     +/-    8.372666     %    321.1308     +/-   0.8372872     % 
   127.3968     +/-   0.1474364     % 

  Flux (Part/deg/GeV/cmq/pr):

  0.3003342     +/-    8.372666     %    3.107377     +/-   0.8372872     % 
   9.770872     +/-   0.1474364     % 

  Energy interval (GeV):  1.3553424E-05  1.2952657E-05

  Flux (Part/sr/GeV/cmq/pr):

   336.2347     +/-    6.674504     %    339.4282     +/-   0.7402393     % 
   132.5829     +/-   0.1388486     % 

  Flux (Part/deg/GeV/cmq/pr):

  0.3289191     +/-    6.674504     %    3.284430     +/-   0.7402393     % 
   10.16863     +/-   0.1388486     % 

  Energy interval (GeV):  1.2952657E-05  1.2378517E-05

  Flux (Part/sr/GeV/cmq/pr):

   358.7968     +/-    6.575381     %    349.5858     +/-   0.9754187     % 
   137.8889     +/-   0.1386907     % 

  Flux (Part/deg/GeV/cmq/pr):

  0.3509903     +/-    6.575381     %    3.382718     +/-   0.9754187     % 
   10.57558     +/-   0.1386907     % 

  Energy interval (GeV):  1.2378517E-05  1.1829828E-05

  Flux (Part/sr/GeV/cmq/pr):

   366.3259     +/-    6.689609     %    364.0538     +/-   0.8496000     % 
   143.3794     +/-   0.1368023     % 

  Flux (Part/deg/GeV/cmq/pr):

  0.3583556     +/-    6.689609     %    3.522716     +/-   0.8496000     % 
   10.99668     +/-   0.1368023     % 

  Energy interval (GeV):  1.1829828E-05  1.1305460E-05

  Flux (Part/sr/GeV/cmq/pr):

   444.3423     +/-    6.848911     %    383.4246     +/-   0.8573892     % 
   148.7994     +/-   0.1458350     % 

  Flux (Part/deg/GeV/cmq/pr):

  0.4346746     +/-    6.848911     %    3.710155     +/-   0.8573892     % 
   11.41238     +/-   0.1458350     % 

  Energy interval (GeV):  1.1305460E-05  1.0804335E-05

  Flux (Part/sr/GeV/cmq/pr):

   452.9788     +/-    7.162534     %    398.7099     +/-   0.8168876     % 
   155.7315     +/-   0.1402136     % 

  Flux (Part/deg/GeV/cmq/pr):

  0.4431231     +/-    7.162534     %    3.858061     +/-   0.8168876     % 
   11.94405     +/-   0.1402136     % 

  Energy interval (GeV):  1.0804335E-05  1.0325423E-05

  Flux (Part/sr/GeV/cmq/pr):

   442.6679     +/-    6.081471     %    412.1338     +/-   0.7842010     % 
   162.1206     +/-   0.1344597     % 

  Flux (Part/deg/GeV/cmq/pr):

  0.4330366     +/-    6.081471     %    3.987956     +/-   0.7842010     % 
   12.43407     +/-   0.1344597     % 

  Energy interval (GeV):  1.0325423E-05  9.8677401E-06

  Flux (Part/sr/GeV/cmq/pr):

   426.0563     +/-    6.852160     %    430.0769     +/-   0.8591374     % 
   169.1594     +/-   0.1368975     % 

  Flux (Part/deg/GeV/cmq/pr):

  0.4167864     +/-    6.852160     %    4.161579     +/-   0.8591374     % 
   12.97391     +/-   0.1368975     % 

  Energy interval (GeV):  9.8677401E-06  9.4303432E-06

  Flux (Part/sr/GeV/cmq/pr):

   436.6726     +/-    7.370339     %    449.4404     +/-   0.7668553     % 
   176.0077     +/-   0.1374321     % 

  Flux (Part/deg/GeV/cmq/pr):

  0.4271717     +/-    7.370339     %    4.348948     +/-   0.7668553     % 
   13.49916     +/-   0.1374321     % 

  Energy interval (GeV):  9.4303432E-06  9.0123340E-06

  Flux (Part/sr/GeV/cmq/pr):

   435.3957     +/-    7.045063     %    467.8410     +/-   0.7793630     % 
   183.5138     +/-   0.1312796     % 

  Flux (Part/deg/GeV/cmq/pr):

  0.4259226     +/-    7.045063     %    4.526999     +/-   0.7793630     % 
   14.07485     +/-   0.1312796     % 

  Energy interval (GeV):  9.0123340E-06  8.6128539E-06

  Flux (Part/sr/GeV/cmq/pr):

   470.6096     +/-    6.857830     %    483.2396     +/-   0.8494208     % 
   190.6952     +/-   0.1286947     % 

  Flux (Part/deg/GeV/cmq/pr):

  0.4603704     +/-    6.857830     %    4.676001     +/-   0.8494208     % 
   14.62563     +/-   0.1286947     % 

  Energy interval (GeV):  8.6128539E-06  8.2310817E-06

  Flux (Part/sr/GeV/cmq/pr):

   489.8180     +/-    7.995420     %    508.8660     +/-   0.6870737     % 
   199.3230     +/-   0.1386079     % 

  Flux (Part/deg/GeV/cmq/pr):

  0.4791609     +/-    7.995420     %    4.923971     +/-   0.6870737     % 
   15.28735     +/-   0.1386079     % 

  Energy interval (GeV):  8.2310817E-06  7.8662315E-06

  Flux (Part/sr/GeV/cmq/pr):

   559.1309     +/-    6.643500     %    520.1413     +/-   0.8421834     % 
   207.9362     +/-   0.1484303     % 

  Flux (Part/deg/GeV/cmq/pr):

  0.5469657     +/-    6.643500     %    5.033075     +/-   0.8421834     % 
   15.94795     +/-   0.1484303     % 

  Energy interval (GeV):  7.8662315E-06  7.5175544E-06

  Flux (Part/sr/GeV/cmq/pr):

   596.5363     +/-    6.250934     %    550.2760     +/-   0.8411516     % 
   216.8276     +/-   0.1572476     % 

  Flux (Part/deg/GeV/cmq/pr):

  0.5835572     +/-    6.250934     %    5.324669     +/-   0.8411516     % 
   16.62989     +/-   0.1572476     % 

  Energy interval (GeV):  7.5175544E-06  7.1843301E-06

  Flux (Part/sr/GeV/cmq/pr):

   660.2166     +/-    6.524914     %    574.6868     +/-   0.7320666     % 
   225.9514     +/-   0.1546598     % 

  Flux (Part/deg/GeV/cmq/pr):

  0.6458520     +/-    6.524914     %    5.560877     +/-   0.7320666     % 
   17.32965     +/-   0.1546598     % 

  Energy interval (GeV):  7.1843301E-06  6.8658783E-06

  Flux (Part/sr/GeV/cmq/pr):

   643.7360     +/-    6.627614     %    593.1169     +/-   0.8737229     % 
   235.4171     +/-   0.1429535     % 

  Flux (Part/deg/GeV/cmq/pr):

  0.6297299     +/-    6.627614     %    5.739214     +/-   0.8737229     % 
   18.05564     +/-   0.1429535     % 

  Energy interval (GeV):  6.8658783E-06  6.5615427E-06

  Flux (Part/sr/GeV/cmq/pr):

   630.8780     +/-    7.278879     %    626.0845     +/-   0.7521934     % 
   246.5565     +/-   0.1393393     % 

  Flux (Part/deg/GeV/cmq/pr):

  0.6171517     +/-    7.278879     %    6.058220     +/-   0.7521934     % 
   18.90999     +/-   0.1393393     % 

  Energy interval (GeV):  6.5615427E-06  6.2706963E-06

  Flux (Part/sr/GeV/cmq/pr):

   701.3979     +/-    6.929618     %    658.4182     +/-   0.8944035     % 
   255.5116     +/-   0.1301662     % 

  Flux (Part/deg/GeV/cmq/pr):

  0.6861374     +/-    6.929618     %    6.371092     +/-   0.8944035     % 
   19.59682     +/-   0.1301662     % 

  Energy interval (GeV):  6.2706963E-06  5.9927420E-06

  Flux (Part/sr/GeV/cmq/pr):

   676.3669     +/-    7.683298     %    687.0722     +/-   0.8178705     % 
   266.8814     +/-   0.1379073     % 

  Flux (Part/deg/GeV/cmq/pr):

  0.6616510     +/-    7.683298     %    6.648359     +/-   0.8178705     % 
   20.46884     +/-   0.1379073     % 

  Energy interval (GeV):  5.9927420E-06  5.7271081E-06

  Flux (Part/sr/GeV/cmq/pr):

   734.0900     +/-    7.155582     %    706.0974     +/-   0.8532926     % 
   278.4042     +/-   0.1611618     % 

  Flux (Part/deg/GeV/cmq/pr):

  0.7181181     +/-    7.155582     %    6.832453     +/-   0.8532926     % 
   21.35260     +/-   0.1611618     % 

  Energy interval (GeV):  5.7271081E-06  5.4732486E-06

  Flux (Part/sr/GeV/cmq/pr):

   740.5643     +/-    7.533043     %    739.3508     +/-   0.8318442     % 
   291.5165     +/-   0.1354491     % 

  Flux (Part/deg/GeV/cmq/pr):

  0.7244515     +/-    7.533043     %    7.154225     +/-   0.8318442     % 
   22.35826     +/-   0.1354491     % 

  Energy interval (GeV):  5.4732486E-06  5.2306423E-06

  Flux (Part/sr/GeV/cmq/pr):

   816.1318     +/-    7.830134     %    774.8019     +/-   0.8265324     % 
   303.6716     +/-   0.1359547     % 

  Flux (Part/deg/GeV/cmq/pr):

  0.7983749     +/-    7.830134     %    7.497262     +/-   0.8265324     % 
   23.29051     +/-   0.1359547     % 

  Energy interval (GeV):  5.2306423E-06  4.9987893E-06

  Flux (Part/sr/GeV/cmq/pr):

   862.6116     +/-    7.177405     %    807.2117     +/-   0.8555134     % 
   316.8255     +/-   0.1413919     % 

  Flux (Part/deg/GeV/cmq/pr):

  0.8438435     +/-    7.177405     %    7.810872     +/-   0.8555134     % 
   24.29937     +/-   0.1413919     % 

  Energy interval (GeV):  4.9987893E-06  4.7772132E-06

  Flux (Part/sr/GeV/cmq/pr):

   843.9508     +/-    7.549450     %    842.9795     +/-   0.7870872     % 
   329.9055     +/-   0.1313480     % 

  Flux (Part/deg/GeV/cmq/pr):

  0.8255886     +/-    7.549450     %    8.156974     +/-   0.7870872     % 
   25.30256     +/-   0.1313480     % 

  Energy interval (GeV):  4.7772132E-06  4.5654588E-06

  Flux (Part/sr/GeV/cmq/pr):

   916.1518     +/-    7.429070     %    869.6488     +/-   0.8887207     % 
   344.3721     +/-   0.1397876     % 

  Flux (Part/deg/GeV/cmq/pr):

  0.8962187     +/-    7.429070     %    8.415036     +/-   0.8887207     % 
   26.41209     +/-   0.1397876     % 

  Energy interval (GeV):  4.5654588E-06  4.3630907E-06

  Flux (Part/sr/GeV/cmq/pr):

   840.0494     +/-    7.685583     %    923.8116     +/-   0.8358405     % 
   360.8322     +/-   0.1429143     % 

  Flux (Part/deg/GeV/cmq/pr):

  0.8217721     +/-    7.685583     %    8.939135     +/-   0.8358405     % 
   27.67452     +/-   0.1429143     % 

  Energy interval (GeV):  4.3630907E-06  4.1696921E-06

  Flux (Part/sr/GeV/cmq/pr):

   987.5963     +/-    7.332675     %    957.8070     +/-   0.7932495     % 
   376.3122     +/-   0.1595962     % 

  Flux (Part/deg/GeV/cmq/pr):

  0.9661088     +/-    7.332675     %    9.268086     +/-   0.7932495     % 
   28.86179     +/-   0.1595962     % 

  Energy interval (GeV):  4.1696921E-06  3.9848674E-06

  Flux (Part/sr/GeV/cmq/pr):

   990.1190     +/-    8.720198     %    995.5264     +/-   0.9161574     % 
   392.1215     +/-   0.1376466     % 

  Flux (Part/deg/GeV/cmq/pr):

  0.9685766     +/-    8.720198     %    9.633073     +/-   0.9161574     % 
   30.07430     +/-   0.1376466     % 

  Energy interval (GeV):  3.9848674E-06  3.8082346E-06

  Flux (Part/sr/GeV/cmq/pr):

   1149.271     +/-    7.052419     %    1035.480     +/-   0.8391851     % 
   410.1299     +/-   0.1522649     % 

  Flux (Part/deg/GeV/cmq/pr):

   1.124266     +/-    7.052419     %    10.01968     +/-   0.8391851     % 
   31.45548     +/-   0.1522649     % 

  Energy interval (GeV):  3.8082346E-06  3.6394310E-06

  Flux (Part/sr/GeV/cmq/pr):

   977.4637     +/-    7.478717     %    1066.780     +/-   0.8849188     % 
   427.0613     +/-   0.1432751     % 

  Flux (Part/deg/GeV/cmq/pr):

  0.9561966     +/-    7.478717     %    10.32255     +/-   0.8849188     % 
   32.75406     +/-   0.1432751     % 

  Energy interval (GeV):  3.6394310E-06  3.4781096E-06

  Flux (Part/sr/GeV/cmq/pr):

   1227.360     +/-    6.298268     %    1118.081     +/-   0.7757182     % 
   447.0661     +/-   0.1513768     % 

  Flux (Part/deg/GeV/cmq/pr):

   1.200656     +/-    6.298268     %    10.81895     +/-   0.7757182     % 
   34.28835     +/-   0.1513768     % 

  Energy interval (GeV):  3.4781096E-06  3.3239392E-06

  Flux (Part/sr/GeV/cmq/pr):

   1355.637     +/-    6.769818     %    1169.774     +/-   0.8664843     % 
   466.6528     +/-   0.1540559     % 

  Flux (Part/deg/GeV/cmq/pr):

   1.326142     +/-    6.769818     %    11.31915     +/-   0.8664843     % 
   35.79058     +/-   0.1540559     % 

  Energy interval (GeV):  3.3239392E-06  3.1766026E-06

  Flux (Part/sr/GeV/cmq/pr):

   1323.494     +/-    6.328146     %    1230.620     +/-   0.8030809     % 
   486.3770     +/-   0.1267970     % 

  Flux (Part/deg/GeV/cmq/pr):

   1.294698     +/-    6.328146     %    11.90793     +/-   0.8030809     % 
   37.30336     +/-   0.1267970     % 

  Energy interval (GeV):  3.1766026E-06  3.0357969E-06

  Flux (Part/sr/GeV/cmq/pr):

   1420.390     +/-    7.621077     %    1261.384     +/-   0.7298684     % 
   507.3804     +/-   0.1490024     % 

  Flux (Part/deg/GeV/cmq/pr):

   1.389485     +/-    7.621077     %    12.20561     +/-   0.7298684     % 
   38.91424     +/-   0.1490024     % 

  Energy interval (GeV):  3.0357969E-06  2.9012324E-06

  Flux (Part/sr/GeV/cmq/pr):

   1270.761     +/-    7.116042     %    1354.356     +/-   0.7551707     % 
   531.0765     +/-   0.1627510     % 

  Flux (Part/deg/GeV/cmq/pr):

   1.243112     +/-    7.116042     %    13.10524     +/-   0.7551707     % 
   40.73165     +/-   0.1627510     % 

  Energy interval (GeV):  2.9012324E-06  2.7726326E-06

  Flux (Part/sr/GeV/cmq/pr):

   1423.013     +/-    8.184937     %    1415.286     +/-   0.8535178     % 
   553.5580     +/-   0.1481535     % 

  Flux (Part/deg/GeV/cmq/pr):

   1.392052     +/-    8.184937     %    13.69482     +/-   0.8535178     % 
   42.45589     +/-   0.1481535     % 

  Energy interval (GeV):  2.7726326E-06  2.6497330E-06

  Flux (Part/sr/GeV/cmq/pr):

   1448.332     +/-    7.806581     %    1466.895     +/-   0.8579149     % 
   577.7575     +/-   0.1678667     % 

  Flux (Part/deg/GeV/cmq/pr):

   1.416820     +/-    7.806581     %    14.19420     +/-   0.8579149     % 
   44.31191     +/-   0.1678667     % 

  Energy interval (GeV):  2.6497330E-06  2.5322811E-06

  Flux (Part/sr/GeV/cmq/pr):

   1447.395     +/-    8.041172     %    1560.714     +/-   0.8010150     % 
   604.7993     +/-   0.1469865     % 

  Flux (Part/deg/GeV/cmq/pr):

   1.415904     +/-    8.041172     %    15.10203     +/-   0.8010150     % 
   46.38592     +/-   0.1469865     % 

  Energy interval (GeV):  2.5322811E-06  2.4200353E-06

  Flux (Part/sr/GeV/cmq/pr):

   1639.254     +/-    8.091378     %    1572.318     +/-   0.9473744     % 
   631.9362     +/-   0.1591339     % 

  Flux (Part/deg/GeV/cmq/pr):

   1.603588     +/-    8.091378     %    15.21431     +/-   0.9473744     % 
   48.46722     +/-   0.1591339     % 

  Energy interval (GeV):  2.4200353E-06  2.3127652E-06

  Flux (Part/sr/GeV/cmq/pr):

   1705.964     +/-    7.035563     %    1672.997     +/-   0.7480261     % 
   659.6478     +/-   0.1590310     % 

  Flux (Part/deg/GeV/cmq/pr):

   1.668846     +/-    7.035563     %    16.18852     +/-   0.7480261     % 
   50.59260     +/-   0.1590310     % 

  Energy interval (GeV):  2.3127652E-06  2.2102497E-06

  Flux (Part/sr/GeV/cmq/pr):

   1989.936     +/-    6.716172     %    1768.292     +/-   0.9939079     % 
   687.2655     +/-   0.1414377     % 

  Flux (Part/deg/GeV/cmq/pr):

   1.946640     +/-    6.716172     %    17.11063     +/-   0.9939079     % 
   52.71078     +/-   0.1414377     % 

  Energy interval (GeV):  2.2102497E-06  2.1122783E-06

  Flux (Part/sr/GeV/cmq/pr):

   2010.783     +/-    6.349740     %    1837.397     +/-   0.8418063     % 
   718.3771     +/-   0.1437647     % 

  Flux (Part/deg/GeV/cmq/pr):

   1.967034     +/-    6.349740     %    17.77932     +/-   0.8418063     % 
   55.09692     +/-   0.1437647     % 

  Energy interval (GeV):  2.1122783E-06  2.0186496E-06

  Flux (Part/sr/GeV/cmq/pr):

   1751.593     +/-    7.679690     %    1897.783     +/-   0.7680378     % 
   752.1874     +/-   0.1576258     % 

  Flux (Part/deg/GeV/cmq/pr):

   1.713482     +/-    7.679690     %    18.36363     +/-   0.7680378     % 
   57.69005     +/-   0.1576258     % 

  Energy interval (GeV):  2.0186496E-06  1.9291713E-06

  Flux (Part/sr/GeV/cmq/pr):

   1955.769     +/-    7.190319     %    2005.939     +/-   0.7844651     % 
   786.0809     +/-   0.1545769     % 

  Flux (Part/deg/GeV/cmq/pr):

   1.913216     +/-    7.190319     %    19.41019     +/-   0.7844651     % 
   60.28956     +/-   0.1545769     % 

  Energy interval (GeV):  1.9291713E-06  1.8436592E-06

  Flux (Part/sr/GeV/cmq/pr):

   2245.282     +/-    8.030591     %    2092.255     +/-   0.8828057     % 
   821.9790     +/-   0.1331569     % 

  Flux (Part/deg/GeV/cmq/pr):

   2.196430     +/-    8.030591     %    20.24541     +/-   0.8828057     % 
   63.04282     +/-   0.1331569     % 

  Energy interval (GeV):  1.8436592E-06  1.7619371E-06

  Flux (Part/sr/GeV/cmq/pr):

   2300.476     +/-    7.262620     %    2178.041     +/-   0.8992680     % 
   855.9836     +/-   0.1667581     % 

  Flux (Part/deg/GeV/cmq/pr):

   2.250423     +/-    7.262620     %    21.07551     +/-   0.8992680     % 
   65.65085     +/-   0.1667581     % 

  Energy interval (GeV):  1.7619371E-06  1.6838376E-06

  Flux (Part/sr/GeV/cmq/pr):

   2445.589     +/-    7.519107     %    2273.009     +/-   0.8614874     % 
   896.7465     +/-   0.1244892     % 

  Flux (Part/deg/GeV/cmq/pr):

   2.392379     +/-    7.519107     %    21.99446     +/-   0.8614874     % 
   68.77721     +/-   0.1244892     % 

  Energy interval (GeV):  1.6838376E-06  1.6092000E-06

  Flux (Part/sr/GeV/cmq/pr):

   2358.049     +/-    7.876271     %    2391.788     +/-   0.8115976     % 
   937.6525     +/-   0.1605637     % 

  Flux (Part/deg/GeV/cmq/pr):

   2.306744     +/-    7.876271     %    23.14380     +/-   0.8115976     % 
   71.91456     +/-   0.1605637     % 

  Energy interval (GeV):  1.6092000E-06  1.5378707E-06

  Flux (Part/sr/GeV/cmq/pr):

   2817.906     +/-    6.344330     %    2490.543     +/-   0.7961703     % 
   981.9742     +/-   0.1534895     % 

  Flux (Part/deg/GeV/cmq/pr):

   2.756595     +/-    6.344330     %    24.09939     +/-   0.7961703     % 
   75.31387     +/-   0.1534895     % 

  Energy interval (GeV):  1.5378707E-06  1.4697033E-06

  Flux (Part/sr/GeV/cmq/pr):

   2845.918     +/-    8.019741     %    2639.609     +/-   0.8186231     % 
   1022.129     +/-   0.1633262     % 

  Flux (Part/deg/GeV/cmq/pr):

   2.783998     +/-    8.019741     %    25.54181     +/-   0.8186231     % 
   78.39358     +/-   0.1633262     % 

  Energy interval (GeV):  1.4697033E-06  1.4045572E-06

  Flux (Part/sr/GeV/cmq/pr):

   2747.665     +/-    6.751472     %    2720.853     +/-   0.8971477     % 
   1073.147     +/-   0.1557665     % 

  Flux (Part/deg/GeV/cmq/pr):

   2.687883     +/-    6.751472     %    26.32795     +/-   0.8971477     % 
   82.30648     +/-   0.1557665     % 

  Energy interval (GeV):  1.4045572E-06  1.3422990E-06

  Flux (Part/sr/GeV/cmq/pr):

   2826.921     +/-    7.091992     %    2844.793     +/-   0.7871699     % 
   1120.754     +/-   0.1501922     % 

  Flux (Part/deg/GeV/cmq/pr):

   2.765414     +/-    7.091992     %    27.52725     +/-   0.7871699     % 
   85.95781     +/-   0.1501922     % 

  Energy interval (GeV):  1.3422990E-06  1.2828003E-06

  Flux (Part/sr/GeV/cmq/pr):

   3092.495     +/-    7.478177     %    2929.282     +/-   0.8169990     % 
   1169.673     +/-   0.1563129     % 

  Flux (Part/deg/GeV/cmq/pr):

   3.025210     +/-    7.478177     %    28.34479     +/-   0.8169990     % 
   89.70969     +/-   0.1563129     % 

  Energy interval (GeV):  1.2828003E-06  1.2259391E-06

  Flux (Part/sr/GeV/cmq/pr):

   2813.853     +/-    6.706792     %    3118.177     +/-   0.7919076     % 
   1220.327     +/-   0.1328167     % 

  Flux (Part/deg/GeV/cmq/pr):

   2.752631     +/-    6.706792     %    30.17261     +/-   0.7919076     % 
   93.59469     +/-   0.1328167     % 

  Energy interval (GeV):  1.2259391E-06  1.1715981E-06

  Flux (Part/sr/GeV/cmq/pr):

   2760.342     +/-    8.123624     %    3263.274     +/-   0.8971364     % 
   1274.508     +/-   0.1628001     % 

  Flux (Part/deg/GeV/cmq/pr):

   2.700284     +/-    8.123624     %    31.57662     +/-   0.8971364     % 
   97.75014     +/-   0.1628001     % 

  Energy interval (GeV):  1.1715981E-06  1.1196661E-06

  Flux (Part/sr/GeV/cmq/pr):

   3889.673     +/-    7.000350     %    3383.385     +/-   0.8156197     % 
   1334.081     +/-   0.1478312     % 

  Flux (Part/deg/GeV/cmq/pr):

   3.805044     +/-    7.000350     %    32.73886     +/-   0.8156197     % 
   102.3192     +/-   0.1478312     % 

  Energy interval (GeV):  1.1196661E-06  1.0700358E-06

  Flux (Part/sr/GeV/cmq/pr):

   4090.233     +/-    6.947367     %    3510.450     +/-   0.7812368     % 
   1395.312     +/-   0.1515772     % 

  Flux (Part/deg/GeV/cmq/pr):

   4.001240     +/-    6.947367     %    33.96838     +/-   0.7812368     % 
   107.0154     +/-   0.1515772     % 

  Energy interval (GeV):  1.0700358E-06  1.0226056E-06

  Flux (Part/sr/GeV/cmq/pr):

   4554.030     +/-    6.471453     %    3731.457     +/-   0.8651139     % 
   1455.605     +/-   0.1548317     % 

  Flux (Part/deg/GeV/cmq/pr):

   4.454947     +/-    6.471453     %    36.10693     +/-   0.8651139     % 
   111.6396     +/-   0.1548317     % 

  Energy interval (GeV):  1.0226056E-06  9.7727752E-07

  Flux (Part/sr/GeV/cmq/pr):

   3618.064     +/-    7.920431     %    3912.140     +/-   0.8540155     % 
   1517.674     +/-   0.1481901     % 

  Flux (Part/deg/GeV/cmq/pr):

   3.539344     +/-    7.920431     %    37.85528     +/-   0.8540155     % 
   116.4001     +/-   0.1481901     % 

  Energy interval (GeV):  9.7727752E-07  9.3395880E-07

  Flux (Part/sr/GeV/cmq/pr):

   4362.992     +/-    7.209108     %    4108.339     +/-   0.8288832     % 
   1588.651     +/-   0.1577379     % 

  Flux (Part/deg/GeV/cmq/pr):

   4.268064     +/-    7.209108     %    39.75378     +/-   0.8288832     % 
   121.8438     +/-   0.1577379     % 

  Energy interval (GeV):  9.3395880E-07  8.9256031E-07

  Flux (Part/sr/GeV/cmq/pr):

   4347.957     +/-    7.816961     %    4243.030     +/-   0.9322720     % 
   1670.041     +/-   0.1719044     % 

  Flux (Part/deg/GeV/cmq/pr):

   4.253357     +/-    7.816961     %    41.05709     +/-   0.9322720     % 
   128.0861     +/-   0.1719044     % 

  Energy interval (GeV):  8.9256031E-07  8.5299678E-07

  Flux (Part/sr/GeV/cmq/pr):

   5156.240     +/-    6.929618     %    4444.674     +/-   0.7930927     % 
   1736.402     +/-   0.1492192     % 

  Flux (Part/deg/GeV/cmq/pr):

   5.044054     +/-    6.929618     %    43.00827     +/-   0.7930927     % 
   133.1758     +/-   0.1492192     % 

  Energy interval (GeV):  8.5299678E-07  8.1518675E-07

  Flux (Part/sr/GeV/cmq/pr):

   4390.371     +/-    8.087614     %    4666.708     +/-   0.8117389     % 
   1814.002     +/-   0.1256173     % 

  Flux (Part/deg/GeV/cmq/pr):

   4.294848     +/-    8.087614     %    45.15675     +/-   0.8117389     % 
   139.1274     +/-   0.1256173     % 

  Energy interval (GeV):  8.1518675E-07  7.7905287E-07

  Flux (Part/sr/GeV/cmq/pr):

   5119.824     +/-    6.067796     %    4849.921     +/-   0.7776613     % 
   1896.038     +/-   0.1760332     % 

  Flux (Part/deg/GeV/cmq/pr):

   5.008430     +/-    6.067796     %    46.92958     +/-   0.7776613     % 
   145.4193     +/-   0.1760332     % 

  Energy interval (GeV):  7.7905287E-07  7.4452066E-07

  Flux (Part/sr/GeV/cmq/pr):

   4922.917     +/-    8.084520     %    5065.989     +/-   0.8176270     % 
   1977.683     +/-   0.1399616     % 

  Flux (Part/deg/GeV/cmq/pr):

   4.815806     +/-    8.084520     %    49.02034     +/-   0.8176270     % 
   151.6811     +/-   0.1399616     % 

  Energy interval (GeV):  7.4452066E-07  7.1151919E-07

  Flux (Part/sr/GeV/cmq/pr):

   5999.691     +/-    7.141771     %    5244.434     +/-   0.8462343     % 
   2070.628     +/-   0.1324795     % 

  Flux (Part/deg/GeV/cmq/pr):

   5.869153     +/-    7.141771     %    50.74704     +/-   0.8462343     % 
   158.8097     +/-   0.1324795     % 

  Energy interval (GeV):  7.1151919E-07  6.7998036E-07

  Flux (Part/sr/GeV/cmq/pr):

   4914.571     +/-    7.961215     %    5421.242     +/-   0.8314072     % 
   2169.054     +/-   0.1406943     % 

  Flux (Part/deg/GeV/cmq/pr):

   4.807643     +/-    7.961215     %    52.45789     +/-   0.8314072     % 
   166.3586     +/-   0.1406943     % 

  Energy interval (GeV):  6.7998036E-07  6.4983965E-07

  Flux (Part/sr/GeV/cmq/pr):

   5640.181     +/-    7.020096     %    5831.229     +/-   0.7907782     % 
   2266.814     +/-   0.1342740     % 

  Flux (Part/deg/GeV/cmq/pr):

   5.517466     +/-    7.020096     %    56.42508     +/-   0.7907782     % 
   173.8564     +/-   0.1342740     % 

  Energy interval (GeV):  6.4983965E-07  6.2103487E-07

  Flux (Part/sr/GeV/cmq/pr):

   6804.409     +/-    6.563512     %    6062.215     +/-   0.8091173     % 
   2368.399     +/-   0.1482495     % 

  Flux (Part/deg/GeV/cmq/pr):

   6.656363     +/-    6.563512     %    58.66018     +/-   0.8091173     % 
   181.6477     +/-   0.1482495     % 

  Energy interval (GeV):  6.2103487E-07  5.9350691E-07

  Flux (Part/sr/GeV/cmq/pr):

   6647.765     +/-    7.370555     %    6305.333     +/-   0.8818622     % 
   2470.070     +/-   0.1621077     % 

  Flux (Part/deg/GeV/cmq/pr):

   6.503126     +/-    7.370555     %    61.01268     +/-   0.8818622     % 
   189.4454     +/-   0.1621077     % 

  Energy interval (GeV):  5.9350691E-07  5.6719921E-07

  Flux (Part/sr/GeV/cmq/pr):

   7222.180     +/-    7.194733     %    6657.037     +/-   0.8547869     % 
   2584.416     +/-   0.1562624     % 

  Flux (Part/deg/GeV/cmq/pr):

   7.065044     +/-    7.194733     %    64.41589     +/-   0.8547869     % 
   198.2153     +/-   0.1562624     % 

  Energy interval (GeV):  5.6719921E-07  5.4205759E-07

  Flux (Part/sr/GeV/cmq/pr):

   6443.472     +/-    8.173202     %    6837.229     +/-    1.039317     % 
   2701.593     +/-   0.1540821     % 

  Flux (Part/deg/GeV/cmq/pr):

   6.303278     +/-    8.173202     %    66.15950     +/-    1.039317     % 
   207.2024     +/-   0.1540821     % 

  Energy interval (GeV):  5.4205759E-07  5.1803039E-07

  Flux (Part/sr/GeV/cmq/pr):

   8282.247     +/-    7.195594     %    7274.000     +/-   0.8502133     % 
   2829.407     +/-   0.1546077     % 

  Flux (Part/deg/GeV/cmq/pr):

   8.102047     +/-    7.195594     %    70.38585     +/-   0.8502133     % 
   217.0053     +/-   0.1546077     % 

  Energy interval (GeV):  5.1803039E-07  4.9506826E-07

  Flux (Part/sr/GeV/cmq/pr):

   7359.901     +/-    7.365364     %    7550.174     +/-   0.8403903     % 
   2960.338     +/-   0.1660484     % 

  Flux (Part/deg/GeV/cmq/pr):

   7.199769     +/-    7.365364     %    73.05821     +/-   0.8403903     % 
   227.0472     +/-   0.1660484     % 

  Energy interval (GeV):  4.9506826E-07  4.7312383E-07

  Flux (Part/sr/GeV/cmq/pr):

   6653.166     +/-    8.111233     %    7931.224     +/-   0.9301366     % 
   3087.074     +/-   0.1596168     % 

  Flux (Part/deg/GeV/cmq/pr):

   6.508410     +/-    8.111233     %    76.74538     +/-   0.9301366     % 
   236.7674     +/-   0.1596168     % 

  Energy interval (GeV):  4.7312383E-07  4.5215219E-07

  Flux (Part/sr/GeV/cmq/pr):

   8582.981     +/-    7.491110     %    8098.648     +/-   0.8483617     % 
   3232.564     +/-   0.1539197     % 

  Flux (Part/deg/GeV/cmq/pr):

   8.396238     +/-    7.491110     %    78.36545     +/-   0.8483617     % 
   247.9260     +/-   0.1539197     % 

  Energy interval (GeV):  4.5215219E-07  4.3211014E-07

  Flux (Part/sr/GeV/cmq/pr):

   8482.128     +/-    7.167903     %    8440.491     +/-   0.7023960     % 
   3380.269     +/-   0.1611851     % 

  Flux (Part/deg/GeV/cmq/pr):

   8.297579     +/-    7.167903     %    81.67324     +/-   0.7023960     % 
   259.2544     +/-   0.1611851     % 

  Energy interval (GeV):  4.3211014E-07  4.1295652E-07

  Flux (Part/sr/GeV/cmq/pr):

   9084.381     +/-    7.646273     %    8795.288     +/-   0.8708032     % 
   3533.694     +/-   0.1465871     % 

  Flux (Part/deg/GeV/cmq/pr):

   8.886728     +/-    7.646273     %    85.10638     +/-   0.8708032     % 
   271.0216     +/-   0.1465871     % 

  Energy interval (GeV):  4.1295652E-07  3.9465178E-07

  Flux (Part/sr/GeV/cmq/pr):

   9942.776     +/-    7.131107     %    9447.532     +/-   0.9313790     % 
   3696.634     +/-   0.1509906     % 

  Flux (Part/deg/GeV/cmq/pr):

   9.726447     +/-    7.131107     %    91.41773     +/-   0.9313790     % 
   283.5184     +/-   0.1509906     % 

  Energy interval (GeV):  3.9465178E-07  3.7715850E-07

  Flux (Part/sr/GeV/cmq/pr):

   9889.461     +/-    7.295682     %    9955.843     +/-   0.9644328     % 
   3846.769     +/-   0.1630638     % 

  Flux (Part/deg/GeV/cmq/pr):

   9.674292     +/-    7.295682     %    96.33633     +/-   0.9644328     % 
   295.0332     +/-   0.1630638     % 

  Energy interval (GeV):  3.7715850E-07  3.6044062E-07

  Flux (Part/sr/GeV/cmq/pr):

   10228.52     +/-    6.767709     %    10303.74     +/-   0.8081612     % 
   4025.285     +/-   0.1651032     % 

  Flux (Part/deg/GeV/cmq/pr):

   10.00597     +/-    6.767709     %    99.70270     +/-   0.8081612     % 
   308.7248     +/-   0.1651032     % 

  Energy interval (GeV):  3.6044062E-07  3.4446376E-07

  Flux (Part/sr/GeV/cmq/pr):

   10139.62     +/-    7.737780     %    10810.43     +/-   0.8649583     % 
   4210.684     +/-   0.1367517     % 

  Flux (Part/deg/GeV/cmq/pr):

   9.919013     +/-    7.737780     %    104.6057     +/-   0.8649583     % 
   322.9442     +/-   0.1367517     % 

  Energy interval (GeV):  3.4446376E-07  3.2919510E-07

  Flux (Part/sr/GeV/cmq/pr):

   11461.33     +/-    7.635264     %    11294.27     +/-   0.9523483     % 
   4419.686     +/-   0.1341961     % 

  Flux (Part/deg/GeV/cmq/pr):

   11.21196     +/-    7.635264     %    109.2874     +/-   0.9523483     % 
   338.9739     +/-   0.1341961     % 

  Energy interval (GeV):  3.2919510E-07  3.1460320E-07

  Flux (Part/sr/GeV/cmq/pr):

   13363.55     +/-    6.575190     %    11713.92     +/-   0.9430401     % 
   4606.209     +/-   0.1721223     % 

  Flux (Part/deg/GeV/cmq/pr):

   13.07279     +/-    6.575190     %    113.3481     +/-   0.9430401     % 
   353.2796     +/-   0.1721223     % 

  Energy interval (GeV):  3.1460320E-07  3.0065814E-07

  Flux (Part/sr/GeV/cmq/pr):

   11688.67     +/-    8.302439     %    12392.83     +/-   0.7840139     % 
   4809.289     +/-   0.1375742     % 

  Flux (Part/deg/GeV/cmq/pr):

   11.43435     +/-    8.302439     %    119.9175     +/-   0.7840139     % 
   368.8551     +/-   0.1375742     % 

  Energy interval (GeV):  3.0065814E-07  2.8733120E-07

  Flux (Part/sr/GeV/cmq/pr):

   13206.28     +/-    6.665336     %    12770.14     +/-   0.8841245     % 
   5031.373     +/-   0.1628991     % 

  Flux (Part/deg/GeV/cmq/pr):

   12.91894     +/-    6.665336     %    123.5685     +/-   0.8841245     % 
   385.8881     +/-   0.1628991     % 

  Energy interval (GeV):  2.8733120E-07  2.7459495E-07

  Flux (Part/sr/GeV/cmq/pr):

   12562.55     +/-    8.093129     %    13252.09     +/-   0.9197065     % 
   5261.751     +/-   0.1726243     % 

  Flux (Part/deg/GeV/cmq/pr):

   12.28922     +/-    8.093129     %    128.2320     +/-   0.9197065     % 
   403.5573     +/-   0.1726243     % 

  Energy interval (GeV):  2.7459495E-07  2.6242330E-07

  Flux (Part/sr/GeV/cmq/pr):

   17006.63     +/-    6.771471     %    14096.64     +/-   0.7555810     % 
   5517.468     +/-   0.1620792     % 

  Flux (Part/deg/GeV/cmq/pr):

   16.63661     +/-    6.771471     %    136.4042     +/-   0.7555810     % 
   423.1698     +/-   0.1620792     % 

  Energy interval (GeV):  2.6242330E-07  2.5079115E-07

  Flux (Part/sr/GeV/cmq/pr):

   16935.75     +/-    7.338493     %    14702.14     +/-   0.7834533     % 
   5767.863     +/-   0.1459047     % 

  Flux (Part/deg/GeV/cmq/pr):

   16.56727     +/-    7.338493     %    142.2632     +/-   0.7834533     % 
   442.3742     +/-   0.1459047     % 

  Energy interval (GeV):  2.5079115E-07  2.3967459E-07

  Flux (Part/sr/GeV/cmq/pr):

   16192.02     +/-    7.696383     %    15280.61     +/-   0.8958825     % 
   6026.165     +/-   0.1610853     % 

  Flux (Part/deg/GeV/cmq/pr):

   15.83972     +/-    7.696383     %    147.8607     +/-   0.8958825     % 
   462.1851     +/-   0.1610853     % 

  Energy interval (GeV):  2.3967459E-07  2.2905080E-07

  Flux (Part/sr/GeV/cmq/pr):

   14778.09     +/-    8.059555     %    16054.29     +/-   0.8845456     % 
   6299.358     +/-   0.1537156     % 

  Flux (Part/deg/GeV/cmq/pr):

   14.45656     +/-    8.059555     %    155.3471     +/-   0.8845456     % 
   483.1380     +/-   0.1537156     % 

  Energy interval (GeV):  2.2905080E-07  2.1889790E-07

  Flux (Part/sr/GeV/cmq/pr):

   16152.98     +/-    8.775217     %    16876.95     +/-   0.8715706     % 
   6563.941     +/-   0.1589284     % 

  Flux (Part/deg/GeV/cmq/pr):

   15.80153     +/-    8.775217     %    163.3074     +/-   0.8715706     % 
   503.4305     +/-   0.1589284     % 

  Energy interval (GeV):  2.1889790E-07  2.0919506E-07

  Flux (Part/sr/GeV/cmq/pr):

   19478.74     +/-    7.010242     %    17766.39     +/-   0.9133434     % 
   6867.591     +/-   0.1537420     % 

  Flux (Part/deg/GeV/cmq/pr):

   19.05493     +/-    7.010242     %    171.9140     +/-   0.9133434     % 
   526.7194     +/-   0.1537420     % 

  Energy interval (GeV):  2.0919506E-07  1.9992231E-07

  Flux (Part/sr/GeV/cmq/pr):

   18225.35     +/-    6.764661     %    18245.96     +/-   0.8473519     % 
   7216.057     +/-   0.1601274     % 

  Flux (Part/deg/GeV/cmq/pr):

   17.82882     +/-    6.764661     %    176.5545     +/-   0.8473519     % 
   553.4454     +/-   0.1601274     % 

  Energy interval (GeV):  1.9992231E-07  1.9106052E-07

  Flux (Part/sr/GeV/cmq/pr):

   20424.81     +/-    6.649106     %    19315.72     +/-   0.8650679     % 
   7490.181     +/-   0.1715501     % 

  Flux (Part/deg/GeV/cmq/pr):

   19.98042     +/-    6.649106     %    186.9058     +/-   0.8650679     % 
   574.4698     +/-   0.1715501     % 

  Energy interval (GeV):  1.9106052E-07  1.8259159E-07

  Flux (Part/sr/GeV/cmq/pr):

   22671.01     +/-    7.464727     %    20146.74     +/-   0.8527740     % 
   7833.782     +/-   0.1901165     % 

  Flux (Part/deg/GeV/cmq/pr):

   22.17775     +/-    7.464727     %    194.9471     +/-   0.8527740     % 
   600.8228     +/-   0.1901165     % 

  Energy interval (GeV):  1.8259159E-07  1.7449807E-07

  Flux (Part/sr/GeV/cmq/pr):

   20015.89     +/-    8.030684     %    20667.58     +/-   0.8142173     % 
   8233.872     +/-   0.1618058     % 

  Flux (Part/deg/GeV/cmq/pr):

   19.58039     +/-    8.030684     %    199.9870     +/-   0.8142173     % 
   631.5082     +/-   0.1618058     % 

  Energy interval (GeV):  1.7449807E-07  1.6676329E-07

  Flux (Part/sr/GeV/cmq/pr):

   21978.54     +/-    7.953765     %    22250.59     +/-   0.8262532     % 
   8577.638     +/-   0.1481261     % 

  Flux (Part/deg/GeV/cmq/pr):

   21.50035     +/-    7.953765     %    215.3047     +/-   0.8262532     % 
   657.8738     +/-   0.1481261     % 

  Energy interval (GeV):  1.6676329E-07  1.5937135E-07

  Flux (Part/sr/GeV/cmq/pr):

   21239.28     +/-    7.853539     %    22629.24     +/-   0.9088862     % 
   8952.545     +/-   0.1647632     % 

  Flux (Part/deg/GeV/cmq/pr):

   20.77717     +/-    7.853539     %    218.9687     +/-   0.9088862     % 
   686.6278     +/-   0.1647632     % 

  Energy interval (GeV):  1.5937135E-07  1.5230707E-07

  Flux (Part/sr/GeV/cmq/pr):

   26046.43     +/-    7.517967     %    23910.34     +/-   0.8466362     % 
   9371.066     +/-   0.1574114     % 

  Flux (Part/deg/GeV/cmq/pr):

   25.47973     +/-    7.517967     %    231.3651     +/-   0.8466362     % 
   718.7269     +/-   0.1574114     % 

  Energy interval (GeV):  1.5230707E-07  1.4555592E-07

  Flux (Part/sr/GeV/cmq/pr):

   23995.82     +/-    7.787362     %    25263.48     +/-   0.8159434     % 
   9823.047     +/-   0.1633529     % 

  Flux (Part/deg/GeV/cmq/pr):

   23.47373     +/-    7.787362     %    244.4585     +/-   0.8159434     % 
   753.3922     +/-   0.1633529     % 

  Energy interval (GeV):  1.4555592E-07  1.3910402E-07

  Flux (Part/sr/GeV/cmq/pr):

   26348.73     +/-    7.820824     %    26013.44     +/-   0.9080905     % 
   10242.58     +/-   0.1724898     % 

  Flux (Part/deg/GeV/cmq/pr):

   25.77545     +/-    7.820824     %    251.7154     +/-   0.9080905     % 
   785.5691     +/-   0.1724898     % 

  Energy interval (GeV):  1.3910402E-07  1.3293810E-07

  Flux (Part/sr/GeV/cmq/pr):

   25949.02     +/-    8.190056     %    27450.00     +/-   0.8173785     % 
   10721.26     +/-   0.1694256     % 

  Flux (Part/deg/GeV/cmq/pr):

   25.38444     +/-    8.190056     %    265.6161     +/-   0.8173785     % 
   822.2819     +/-   0.1694256     % 

  Energy interval (GeV):  1.3293810E-07  1.2704550E-07

  Flux (Part/sr/GeV/cmq/pr):

   26813.18     +/-    8.958852     %    28619.11     +/-   0.8796968     % 
   11204.14     +/-   0.1480608     % 

  Flux (Part/deg/GeV/cmq/pr):

   26.22979     +/-    8.958852     %    276.9288     +/-   0.8796968     % 
   859.3173     +/-   0.1480608     % 

  Energy interval (GeV):  1.2704550E-07  1.2141410E-07

  Flux (Part/sr/GeV/cmq/pr):

   32673.77     +/-    7.636095     %    29946.51     +/-   0.8746734     % 
   11689.46     +/-   0.1407819     % 

  Flux (Part/deg/GeV/cmq/pr):

   31.96287     +/-    7.636095     %    289.7733     +/-   0.8746734     % 
   896.5397     +/-   0.1407819     % 

  Energy interval (GeV):  1.2141410E-07  1.1603230E-07

  Flux (Part/sr/GeV/cmq/pr):

   35489.91     +/-    7.370339     %    31399.59     +/-   0.9056234     % 
   12213.55     +/-   0.1600814     % 

  Flux (Part/deg/GeV/cmq/pr):

   34.71775     +/-    7.370339     %    303.8337     +/-   0.9056234     % 
   936.7354     +/-   0.1600814     % 

  Energy interval (GeV):  1.1603230E-07  1.1088906E-07

  Flux (Part/sr/GeV/cmq/pr):

   33636.27     +/-    7.012631     %    32498.23     +/-   0.8054928     % 
   12783.55     +/-   0.1521143     % 

  Flux (Part/deg/GeV/cmq/pr):

   32.90444     +/-    7.012631     %    314.4646     +/-   0.8054928     % 
   980.4521     +/-   0.1521143     % 

  Energy interval (GeV):  1.1088906E-07  1.0597381E-07

  Flux (Part/sr/GeV/cmq/pr):

   33975.70     +/-    7.662506     %    33797.61     +/-   0.9555058     % 
   13364.74     +/-   0.1532783     % 

  Flux (Part/deg/GeV/cmq/pr):

   33.23648     +/-    7.662506     %    327.0379     +/-   0.9555058     % 
   1025.027     +/-   0.1532783     % 

  Energy interval (GeV):  1.0597381E-07  1.0127643E-07

  Flux (Part/sr/GeV/cmq/pr):

   39809.23     +/-    7.075426     %    35052.41     +/-   0.9297103     % 
   13986.71     +/-   0.1770306     % 

  Flux (Part/deg/GeV/cmq/pr):

   38.94308     +/-    7.075426     %    339.1797     +/-   0.9297103     % 
   1072.730     +/-   0.1770306     % 

  Energy interval (GeV):  1.0127643E-07  9.6787254E-08

  Flux (Part/sr/GeV/cmq/pr):

   40764.62     +/-    7.370555     %    37016.89     +/-   0.8870018     % 
   14614.33     +/-   0.1800735     % 

  Flux (Part/deg/GeV/cmq/pr):

   39.87769     +/-    7.370555     %    358.1888     +/-   0.8870018     % 
   1120.866     +/-   0.1800735     % 

  Energy interval (GeV):  9.6787254E-08  9.2497061E-08

  Flux (Part/sr/GeV/cmq/pr):

   40324.47     +/-    7.523428     %    38954.19     +/-   0.9129153     % 
   15295.85     +/-   0.1390762     % 

  Flux (Part/deg/GeV/cmq/pr):

   39.44711     +/-    7.523428     %    376.9348     +/-   0.9129153     % 
   1173.136     +/-   0.1390762     % 

  Energy interval (GeV):  9.2497061E-08  8.8397051E-08

  Flux (Part/sr/GeV/cmq/pr):

   40487.49     +/-    8.132812     %    40679.93     +/-   0.9897088     % 
   15969.96     +/-   0.1575515     % 

  Flux (Part/deg/GeV/cmq/pr):

   39.60659     +/-    8.132812     %    393.6337     +/-   0.9897088     % 
   1224.838     +/-   0.1575515     % 

  Energy interval (GeV):  8.8397051E-08  8.4478771E-08

  Flux (Part/sr/GeV/cmq/pr):

   35474.62     +/-    8.363334     %    42413.48     +/-   0.8092434     % 
   16700.35     +/-   0.1499133     % 

  Flux (Part/deg/GeV/cmq/pr):

   34.70279     +/-    8.363334     %    410.4082     +/-   0.8092434     % 
   1280.856     +/-   0.1499133     % 

  Energy interval (GeV):  8.4478771E-08  8.0734175E-08

  Flux (Part/sr/GeV/cmq/pr):

   47534.96     +/-    8.358783     %    45312.19     +/-   0.8669306     % 
   17431.46     +/-   0.1389661     % 

  Flux (Part/deg/GeV/cmq/pr):

   46.50072     +/-    8.358783     %    438.4571     +/-   0.8669306     % 
   1336.930     +/-   0.1389661     % 

  Energy interval (GeV):  8.0734175E-08  7.7155555E-08

  Flux (Part/sr/GeV/cmq/pr):

   51416.34     +/-    7.517967     %    46382.03     +/-    1.058793     % 
   18242.44     +/-   0.1605298     % 

  Flux (Part/deg/GeV/cmq/pr):

   50.29765     +/-    7.517967     %    448.8093     +/-    1.058793     % 
   1399.129     +/-   0.1605298     % 

  Energy interval (GeV):  7.7155555E-08  7.3735571E-08

  Flux (Part/sr/GeV/cmq/pr):

   45321.60     +/-    8.272013     %    48387.61     +/-   0.8431689     % 
   19097.61     +/-   0.1588292     % 

  Flux (Part/deg/GeV/cmq/pr):

   44.33552     +/-    8.272013     %    468.2160     +/-   0.8431689     % 
   1464.718     +/-   0.1588292     % 

  Energy interval (GeV):  7.3735571E-08  7.0467166E-08

  Flux (Part/sr/GeV/cmq/pr):

   47117.74     +/-    8.015303     %    51065.84     +/-   0.8694752     % 
   19935.70     +/-   0.1673072     % 

  Flux (Part/deg/GeV/cmq/pr):

   46.09258     +/-    8.015303     %    494.1315     +/-   0.8694752     % 
   1528.996     +/-   0.1673072     % 

  Energy interval (GeV):  7.0467166E-08  6.7343649E-08

  Flux (Part/sr/GeV/cmq/pr):

   56026.30     +/-    8.257853     %    53000.78     +/-   0.8572667     % 
   20928.27     +/-   0.1557966     % 

  Flux (Part/deg/GeV/cmq/pr):

   54.80732     +/-    8.257853     %    512.8546     +/-   0.8572667     % 
   1605.123     +/-   0.1557966     % 

  Energy interval (GeV):  6.7343649E-08  6.4358574E-08

  Flux (Part/sr/GeV/cmq/pr):

   58289.91     +/-    6.617078     %    54898.34     +/-   0.7740244     % 
   21759.16     +/-   0.1537514     % 

  Flux (Part/deg/GeV/cmq/pr):

   57.02168     +/-    6.617078     %    531.2161     +/-   0.7740244     % 
   1668.849     +/-   0.1537514     % 

  Energy interval (GeV):  6.4358574E-08  6.1505823E-08

  Flux (Part/sr/GeV/cmq/pr):

   60292.43     +/-    7.348560     %    58241.84     +/-   0.9330232     % 
   22813.37     +/-   0.1345495     % 

  Flux (Part/deg/GeV/cmq/pr):

   58.98062     +/-    7.348560     %    563.5691     +/-   0.9330232     % 
   1749.703     +/-   0.1345495     % 

  Energy interval (GeV):  6.1505823E-08  5.8779523E-08

  Flux (Part/sr/GeV/cmq/pr):

   55386.19     +/-    8.014464     %    60671.39     +/-   0.8772483     % 
   23755.61     +/-   0.1399867     % 

  Flux (Part/deg/GeV/cmq/pr):

   54.18113     +/-    8.014464     %    587.0783     +/-   0.8772483     % 
   1821.969     +/-   0.1399867     % 

  Energy interval (GeV):  5.8779523E-08  5.6174066E-08

  Flux (Part/sr/GeV/cmq/pr):

   56803.68     +/-    9.084451     %    62078.04     +/-   0.9689279     % 
   24913.18     +/-   0.1636197     % 

  Flux (Part/deg/GeV/cmq/pr):

   55.56778     +/-    9.084451     %    600.6895     +/-   0.9689279     % 
   1910.751     +/-   0.1636197     % 

  Energy interval (GeV):  5.6174066E-08  5.3684101E-08

  Flux (Part/sr/GeV/cmq/pr):

   70281.81     +/-    7.004431     %    65024.04     +/-   0.8213323     % 
   26031.22     +/-   0.1563789     % 

  Flux (Part/deg/GeV/cmq/pr):

   68.75266     +/-    7.004431     %    629.1960     +/-   0.8213323     % 
   1996.500     +/-   0.1563789     % 

  Energy interval (GeV):  5.3684101E-08  5.1304504E-08

  Flux (Part/sr/GeV/cmq/pr):

   61774.96     +/-    7.941218     %    69956.81     +/-   0.8881518     % 
   27215.09     +/-   0.1431320     % 

  Flux (Part/deg/GeV/cmq/pr):

   60.43089     +/-    7.941218     %    676.9274     +/-   0.8881518     % 
   2087.299     +/-   0.1431320     % 

  Energy interval (GeV):  5.1304504E-08  4.9030383E-08

  Flux (Part/sr/GeV/cmq/pr):

   66838.84     +/-    8.992443     %    71971.12     +/-   0.9147258     % 
   28467.38     +/-   0.1766084     % 

  Flux (Part/deg/GeV/cmq/pr):

   65.38460     +/-    8.992443     %    696.4186     +/-   0.9147258     % 
   2183.345     +/-   0.1766084     % 

  Energy interval (GeV):  4.9030383E-08  4.6857068E-08

  Flux (Part/sr/GeV/cmq/pr):

   81442.06     +/-    7.984054     %    75861.90     +/-   0.8584353     % 
   29779.07     +/-   0.1605670     % 

  Flux (Part/deg/GeV/cmq/pr):

   79.67009     +/-    7.984054     %    734.0671     +/-   0.8584353     % 
   2283.947     +/-   0.1605670     % 

  Energy interval (GeV):  4.6857068E-08  4.4780077E-08

  Flux (Part/sr/GeV/cmq/pr):

   56813.00     +/-    8.717624     %    77215.14     +/-    1.001577     % 
   31037.82     +/-   0.1606525     % 

  Flux (Part/deg/GeV/cmq/pr):

   55.57690     +/-    8.717624     %    747.1616     +/-    1.001577     % 
   2380.488     +/-   0.1606525     % 

  Energy interval (GeV):  4.4780077E-08  4.2795161E-08

  Flux (Part/sr/GeV/cmq/pr):

   81111.38     +/-    7.433260     %    82856.34     +/-   0.9333723     % 
   32539.04     +/-   0.1696446     % 

  Flux (Part/deg/GeV/cmq/pr):

   79.34660     +/-    7.433260     %    801.7479     +/-   0.9333723     % 
   2495.627     +/-   0.1696446     % 

  Energy interval (GeV):  4.2795161E-08  4.0898229E-08

  Flux (Part/sr/GeV/cmq/pr):

   95943.92     +/-    7.341808     %    86773.46     +/-   0.9965528     % 
   34010.28     +/-   0.1467201     % 

  Flux (Part/deg/GeV/cmq/pr):

   93.85643     +/-    7.341808     %    839.6514     +/-   0.9965528     % 
   2608.466     +/-   0.1467201     % 

  Energy interval (GeV):  4.0898229E-08  3.9085382E-08

  Flux (Part/sr/GeV/cmq/pr):

   75019.68     +/-    8.587657     %    89614.12     +/-   0.7464797     % 
   35574.76     +/-   0.1644324     % 

  Flux (Part/deg/GeV/cmq/pr):

   73.38744     +/-    8.587657     %    867.1387     +/-   0.7464797     % 
   2728.456     +/-   0.1644324     % 

  Energy interval (GeV):  3.9085382E-08  3.7352883E-08

  Flux (Part/sr/GeV/cmq/pr):

   84271.23     +/-    8.284643     %    93873.84     +/-   0.8365888     % 
   37220.41     +/-   0.1652087     % 

  Flux (Part/deg/GeV/cmq/pr):

   82.43771     +/-    8.284643     %    908.3572     +/-   0.8365888     % 
   2854.671     +/-   0.1652087     % 

  Energy interval (GeV):  3.7352883E-08  3.5697184E-08

  Flux (Part/sr/GeV/cmq/pr):

   104487.1     +/-    8.956947     %    97741.73     +/-   0.9669690     % 
   38830.23     +/-   0.1680418     % 

  Flux (Part/deg/GeV/cmq/pr):

   102.2138     +/-    8.956947     %    945.7842     +/-   0.9669690     % 
   2978.138     +/-   0.1680418     % 

  Energy interval (GeV):  3.5697184E-08  3.4114873E-08

  Flux (Part/sr/GeV/cmq/pr):

   107437.5     +/-    8.041172     %    103284.5     +/-   0.8699436     % 
   40563.00     +/-   0.1578141     % 

  Flux (Part/deg/GeV/cmq/pr):

   105.0999     +/-    8.041172     %    999.4182     +/-   0.8699436     % 
   3111.035     +/-   0.1578141     % 

  Energy interval (GeV):  3.4114873E-08  3.2602699E-08

  Flux (Part/sr/GeV/cmq/pr):

   104485.1     +/-    7.747895     %    106250.0     +/-   0.8038868     % 
   42344.08     +/-   0.1550036     % 

  Flux (Part/deg/GeV/cmq/pr):

   102.2117     +/-    7.747895     %    1028.113     +/-   0.8038868     % 
   3247.638     +/-   0.1550036     % 

  Energy interval (GeV):  3.2602699E-08  3.1157551E-08

  Flux (Part/sr/GeV/cmq/pr):

   108639.3     +/-    7.695409     %    113078.9     +/-   0.9013434     % 
   44307.07     +/-   0.1710858     % 

  Flux (Part/deg/GeV/cmq/pr):

   106.2756     +/-    7.695409     %    1094.192     +/-   0.9013434     % 
   3398.192     +/-   0.1710858     % 

  Energy interval (GeV):  3.1157551E-08  2.9776468E-08

  Flux (Part/sr/GeV/cmq/pr):

   118746.6     +/-    7.679690     %    117722.4     +/-   0.9002749     % 
   46299.32     +/-   0.1752173     % 

  Flux (Part/deg/GeV/cmq/pr):

   116.1630     +/-    7.679690     %    1139.124     +/-   0.9002749     % 
   3550.991     +/-   0.1752173     % 

  Energy interval (GeV):  2.9776468E-08  2.8456599E-08

  Flux (Part/sr/GeV/cmq/pr):

   122739.0     +/-    7.329053     %    123056.7     +/-   0.9051340     % 
   48511.25     +/-   0.1461930     % 

  Flux (Part/deg/GeV/cmq/pr):

   120.0685     +/-    7.329053     %    1190.741     +/-   0.9051340     % 
   3720.638     +/-   0.1461930     % 

  Energy interval (GeV):  2.8456599E-08  2.7195235E-08

  Flux (Part/sr/GeV/cmq/pr):

   149044.4     +/-    7.646011     %    127346.2     +/-   0.9610466     % 
   50572.30     +/-   0.1608659     % 

  Flux (Part/deg/GeV/cmq/pr):

   145.8016     +/-    7.646011     %    1232.248     +/-   0.9610466     % 
   3878.712     +/-   0.1608659     % 

  Energy interval (GeV):  2.7195235E-08  2.5989779E-08

  Flux (Part/sr/GeV/cmq/pr):

   142684.4     +/-    7.886430     %    134514.1     +/-   0.9020419     % 
   52945.21     +/-   0.1441649     % 

  Flux (Part/deg/GeV/cmq/pr):

   139.5800     +/-    7.886430     %    1301.607     +/-   0.9020419     % 
   4060.706     +/-   0.1441649     % 

  Energy interval (GeV):  2.5989779E-08  2.4837759E-08

  Flux (Part/sr/GeV/cmq/pr):

   143226.1     +/-    8.189127     %    140132.0     +/-   0.9052910     % 
   55336.96     +/-   0.1492555     % 

  Flux (Part/deg/GeV/cmq/pr):

   140.1099     +/-    8.189127     %    1355.968     +/-   0.9052910     % 
   4244.145     +/-   0.1492555     % 

  Energy interval (GeV):  2.4837759E-08  2.3736805E-08

  Flux (Part/sr/GeV/cmq/pr):

   153502.4     +/-    8.009444     %    146155.8     +/-   0.8991787     % 
   57862.16     +/-   0.1598871     % 

  Flux (Part/deg/GeV/cmq/pr):

   150.1626     +/-    8.009444     %    1414.256     +/-   0.8991787     % 
   4437.819     +/-   0.1598871     % 

  Energy interval (GeV):  2.3736805E-08  2.2684649E-08

  Flux (Part/sr/GeV/cmq/pr):

   158721.3     +/-    7.567381     %    154598.4     +/-   0.8243291     % 
   60372.96     +/-   0.1832368     % 

  Flux (Part/deg/GeV/cmq/pr):

   155.2679     +/-    7.567381     %    1495.950     +/-   0.8243291     % 
   4630.387     +/-   0.1832368     % 

  Energy interval (GeV):  2.2684649E-08  2.1679128E-08

  Flux (Part/sr/GeV/cmq/pr):

   150170.9     +/-    8.804649     %    158948.1     +/-   0.9174910     % 
   63309.58     +/-   0.1779915     % 

  Flux (Part/deg/GeV/cmq/pr):

   146.9036     +/-    8.804649     %    1538.039     +/-   0.9174910     % 
   4855.616     +/-   0.1779915     % 

  Energy interval (GeV):  2.1679128E-08  2.0718181E-08

  Flux (Part/sr/GeV/cmq/pr):

   143607.8     +/-    8.160729     %    166240.6     +/-   0.9382854     % 
   65969.73     +/-   0.1599989     % 

  Flux (Part/deg/GeV/cmq/pr):

   140.4833     +/-    8.160729     %    1608.604     +/-   0.9382854     % 
   5059.640     +/-   0.1599989     % 

  Energy interval (GeV):  2.0718181E-08  1.9799829E-08

  Flux (Part/sr/GeV/cmq/pr):

   169868.9     +/-    7.640332     %    175801.5     +/-   0.8533556     % 
   69320.37     +/-   0.1788041     % 

  Flux (Part/deg/GeV/cmq/pr):

   166.1730     +/-    7.640332     %    1701.119     +/-   0.8533556     % 
   5316.622     +/-   0.1788041     % 

  Energy interval (GeV):  1.9799829E-08  1.8922186E-08

  Flux (Part/sr/GeV/cmq/pr):

   182305.3     +/-    7.795120     %    183154.8     +/-   0.8832082     % 
   72238.23     +/-   0.1574427     % 

  Flux (Part/deg/GeV/cmq/pr):

   178.3389     +/-    7.795120     %    1772.272     +/-   0.8832082     % 
   5540.411     +/-   0.1574427     % 

  Energy interval (GeV):  1.8922186E-08  1.8083442E-08

  Flux (Part/sr/GeV/cmq/pr):

   182415.2     +/-    8.015911     %    189745.8     +/-   0.9189344     % 
   75692.55     +/-   0.1668582     % 

  Flux (Part/deg/GeV/cmq/pr):

   178.4463     +/-    8.015911     %    1836.048     +/-   0.9189344     % 
   5805.345     +/-   0.1668582     % 

  Energy interval (GeV):  1.8083442E-08  1.7281875E-08

  Flux (Part/sr/GeV/cmq/pr):

   199608.8     +/-    7.216878     %    200060.8     +/-   0.8791267     % 
   78659.76     +/-   0.1777626     % 

  Flux (Part/deg/GeV/cmq/pr):

   195.2659     +/-    7.216878     %    1935.860     +/-   0.8791267     % 
   6032.919     +/-   0.1777626     % 

  Energy interval (GeV):  1.7281875E-08  1.6515841E-08

  Flux (Part/sr/GeV/cmq/pr):

   182758.7     +/-    7.864027     %    206704.7     +/-    1.047772     % 
   82502.15     +/-   0.1591392     % 

  Flux (Part/deg/GeV/cmq/pr):

   178.7823     +/-    7.864027     %    2000.149     +/-    1.047772     % 
   6327.616     +/-   0.1591392     % 

  Energy interval (GeV):  1.6515841E-08  1.5783762E-08

  Flux (Part/sr/GeV/cmq/pr):

   207627.0     +/-    8.645419     %    218421.2     +/-   0.9224697     % 
   86318.62     +/-   0.1502245     % 

  Flux (Part/deg/GeV/cmq/pr):

   203.1096     +/-    8.645419     %    2113.523     +/-   0.9224697     % 
   6620.326     +/-   0.1502245     % 

  Energy interval (GeV):  1.5783762E-08  1.5084131E-08

  Flux (Part/sr/GeV/cmq/pr):

   234409.0     +/-    7.728438     %    227492.8     +/-   0.8613764     % 
   90221.55     +/-   0.1624459     % 

  Flux (Part/deg/GeV/cmq/pr):

   229.3089     +/-    7.728438     %    2201.303     +/-   0.8613764     % 
   6919.667     +/-   0.1624459     % 

  Energy interval (GeV):  1.5084131E-08  1.4415514E-08

  Flux (Part/sr/GeV/cmq/pr):

   261733.1     +/-    7.371521     %    238751.4     +/-   0.8316918     % 
   94296.02     +/-   0.1609438     % 

  Flux (Part/deg/GeV/cmq/pr):

   256.0385     +/-    7.371521     %    2310.245     +/-   0.8316918     % 
   7232.164     +/-   0.1609438     % 

  Energy interval (GeV):  1.4415514E-08  1.3776534E-08

  Flux (Part/sr/GeV/cmq/pr):

   236313.1     +/-    7.260402     %    247025.8     +/-   0.9250274     % 
   98604.31     +/-   0.1589632     % 

  Flux (Part/deg/GeV/cmq/pr):

   231.1715     +/-    7.260402     %    2390.310     +/-   0.9250274     % 
   7562.594     +/-   0.1589632     % 

  Energy interval (GeV):  1.3776534E-08  1.3165876E-08

  Flux (Part/sr/GeV/cmq/pr):

   286575.5     +/-    7.504551     %    262835.2     +/-   0.9002585     % 
   102968.2     +/-   0.1745645     % 

  Flux (Part/deg/GeV/cmq/pr):

   280.3404     +/-    7.504551     %    2543.289     +/-   0.9002585     % 
   7897.287     +/-   0.1745645     % 

  Energy interval (GeV):  1.3165876E-08  1.2582285E-08

  Flux (Part/sr/GeV/cmq/pr):

   267310.4     +/-    8.513922     %    277105.9     +/-   0.9195477     % 
   107438.6     +/-   0.1796519     % 

  Flux (Part/deg/GeV/cmq/pr):

   261.4944     +/-    8.513922     %    2681.377     +/-   0.9195477     % 
   8240.149     +/-   0.1796519     % 

  Energy interval (GeV):  1.2582285E-08  1.2024564E-08

  Flux (Part/sr/GeV/cmq/pr):

   263571.7     +/-    7.641237     %    284552.1     +/-   0.9191031     % 
   112495.7     +/-   0.1605659     % 

  Flux (Part/deg/GeV/cmq/pr):

   257.8370     +/-    7.641237     %    2753.429     +/-   0.9191031     % 
   8628.017     +/-   0.1605659     % 

  Energy interval (GeV):  1.2024564E-08  1.1491565E-08

  Flux (Part/sr/GeV/cmq/pr):

   266415.8     +/-    7.568871     %    298109.7     +/-   0.8860058     % 
   117364.2     +/-   0.1596275     % 

  Flux (Part/deg/GeV/cmq/pr):

   260.6192     +/-    7.568871     %    2884.617     +/-   0.8860058     % 
   9001.411     +/-   0.1596275     % 

  Energy interval (GeV):  1.1491565E-08  1.0982191E-08

  Flux (Part/sr/GeV/cmq/pr):

   323925.9     +/-    7.122987     %    314143.9     +/-   0.8890714     % 
   122832.5     +/-   0.1436330     % 

  Flux (Part/deg/GeV/cmq/pr):

   316.8781     +/-    7.122987     %    3039.770     +/-   0.8890714     % 
   9420.806     +/-   0.1436330     % 

  Energy interval (GeV):  1.0982191E-08  1.0495394E-08

  Flux (Part/sr/GeV/cmq/pr):

   316353.5     +/-    8.480068     %    328662.0     +/-   0.8244396     % 
   128399.5     +/-   0.1324158     % 

  Flux (Part/deg/GeV/cmq/pr):

   309.4705     +/-    8.480068     %    3180.252     +/-   0.8244396     % 
   9847.779     +/-   0.1324158     % 

  Energy interval (GeV):  1.0495394E-08  1.0030176E-08

  Flux (Part/sr/GeV/cmq/pr):

   331026.6     +/-    7.908313     %    339511.7     +/-   0.8941423     % 
   134255.8     +/-   0.1833227     % 

  Flux (Part/deg/GeV/cmq/pr):

   323.8243     +/-    7.908313     %    3285.238     +/-   0.8941423     % 
   10296.94     +/-   0.1833227     % 

  Energy interval (GeV):  1.0030176E-08  9.5855794E-09

  Flux (Part/sr/GeV/cmq/pr):

   350878.7     +/-    7.530898     %    356408.4     +/-   0.9667017     % 
   140101.5     +/-   0.1504673     % 

  Flux (Part/deg/GeV/cmq/pr):

   343.2444     +/-    7.530898     %    3448.736     +/-   0.9667017     % 
   10745.28     +/-   0.1504673     % 

  Energy interval (GeV):  9.5855794E-09  9.1606909E-09

  Flux (Part/sr/GeV/cmq/pr):

   334203.4     +/-    8.503887     %    367135.6     +/-   0.8391007     % 
   147008.2     +/-   0.1620023     % 

  Flux (Part/deg/GeV/cmq/pr):

   326.9320     +/-    8.503887     %    3552.537     +/-   0.8391007     % 
   11275.00     +/-   0.1620023     % 

  Energy interval (GeV):  9.1606909E-09  8.7546344E-09

  Flux (Part/sr/GeV/cmq/pr):

   443287.3     +/-    6.883855     %    384289.9     +/-   0.8332822     % 
   153180.9     +/-   0.1657230     % 

  Flux (Part/deg/GeV/cmq/pr):

   433.6425     +/-    6.883855     %    3718.528     +/-   0.8332822     % 
   11748.42     +/-   0.1657230     % 

  Energy interval (GeV):  8.7546344E-09  8.3665768E-09

  Flux (Part/sr/GeV/cmq/pr):

   404578.3     +/-    7.801186     %    401554.2     +/-   0.9730971     % 
   160131.6     +/-   0.1682439     % 

  Flux (Part/deg/GeV/cmq/pr):

   395.7758     +/-    7.801186     %    3885.584     +/-   0.9730971     % 
   12281.51     +/-   0.1682439     % 

  Energy interval (GeV):  8.3665768E-09  7.9957205E-09

  Flux (Part/sr/GeV/cmq/pr):

   423343.4     +/-    7.641972     %    426242.7     +/-   0.9755682     % 
   167206.7     +/-   0.1470999     % 

  Flux (Part/deg/GeV/cmq/pr):

   414.1326     +/-    7.641972     %    4124.478     +/-   0.9755682     % 
   12824.15     +/-   0.1470999     % 

  Energy interval (GeV):  7.9957205E-09  7.6413027E-09

  Flux (Part/sr/GeV/cmq/pr):

   437335.8     +/-    8.571548     %    438478.1     +/-    1.005223     % 
   174847.0     +/-   0.1401871     % 

  Flux (Part/deg/GeV/cmq/pr):

   427.8205     +/-    8.571548     %    4242.872     +/-    1.005223     % 
   13410.13     +/-   0.1401871     % 

  Energy interval (GeV):  7.6413027E-09  7.3025945E-09

  Flux (Part/sr/GeV/cmq/pr):

   442858.3     +/-    9.014267     %    469754.9     +/-   0.8361951     % 
   182896.8     +/-   0.1826274     % 

  Flux (Part/deg/GeV/cmq/pr):

   433.2229     +/-    9.014267     %    4545.519     +/-   0.8361951     % 
   14027.52     +/-   0.1826274     % 

  Energy interval (GeV):  7.3025945E-09  6.9789006E-09

  Flux (Part/sr/GeV/cmq/pr):

   497381.5     +/-    7.274287     %    484911.8     +/-    1.005724     % 
   191922.2     +/-   0.1621497     % 

  Flux (Part/deg/GeV/cmq/pr):

   486.5598     +/-    7.274287     %    4692.181     +/-    1.005724     % 
   14719.74     +/-   0.1621497     % 

  Energy interval (GeV):  6.9789006E-09  6.6695547E-09

  Flux (Part/sr/GeV/cmq/pr):

   533381.4     +/-    7.528164     %    509674.5     +/-   0.8517193     % 
   200163.7     +/-   0.1496421     % 

  Flux (Part/deg/GeV/cmq/pr):

   521.7764     +/-    7.528164     %    4931.795     +/-   0.8517193     % 
   15351.83     +/-   0.1496421     % 

  Energy interval (GeV):  6.6695547E-09  6.3739205E-09

  Flux (Part/sr/GeV/cmq/pr):

   544590.4     +/-    7.001314     %    532665.9     +/-   0.9381800     % 
   209207.7     +/-   0.1575043     % 

  Flux (Part/deg/GeV/cmq/pr):

   532.7416     +/-    7.001314     %    5154.268     +/-   0.9381800     % 
   16045.48     +/-   0.1575043     % 

  Energy interval (GeV):  6.3739205E-09  6.0913905E-09

  Flux (Part/sr/GeV/cmq/pr):

   658335.5     +/-    7.978799     %    549864.9     +/-   0.8840995     % 
   218335.0     +/-   0.1707830     % 

  Flux (Part/deg/GeV/cmq/pr):

   644.0118     +/-    7.978799     %    5320.691     +/-   0.8840995     % 
   16745.50     +/-   0.1707830     % 

  Energy interval (GeV):  6.0913905E-09  5.8213843E-09

  Flux (Part/sr/GeV/cmq/pr):

   644427.1     +/-    7.196726     %    578870.4     +/-   0.9539561     % 
   228520.8     +/-   0.1774714     % 

  Flux (Part/deg/GeV/cmq/pr):

   630.4060     +/-    7.196726     %    5601.359     +/-   0.9539561     % 
   17526.72     +/-   0.1774714     % 

  Energy interval (GeV):  5.8213843E-09  5.5633467E-09

  Flux (Part/sr/GeV/cmq/pr):

   608435.2     +/-    6.606599     %    601659.2     +/-   0.6737373     % 
   238248.6     +/-   0.1638369     % 

  Flux (Part/deg/GeV/cmq/pr):

   595.1973     +/-    6.606599     %    5821.872     +/-   0.6737373     % 
   18272.81     +/-   0.1638369     % 

  Energy interval (GeV):  5.5633467E-09  5.3167462E-09

  Flux (Part/sr/GeV/cmq/pr):

   677206.9     +/-    7.709629     %    639979.4     +/-   0.9763616     % 
   248709.5     +/-   0.1552659     % 

  Flux (Part/deg/GeV/cmq/pr):

   662.4727     +/-    7.709629     %    6192.672     +/-   0.9763616     % 
   19075.12     +/-   0.1552659     % 

  Energy interval (GeV):  5.3167462E-09  5.0810760E-09

  Flux (Part/sr/GeV/cmq/pr):

   585563.8     +/-    8.353438     %    658494.6     +/-   0.8975158     % 
   260694.4     +/-   0.1471349     % 

  Flux (Part/deg/GeV/cmq/pr):

   572.8234     +/-    8.353438     %    6371.832     +/-   0.8975158     % 
   19994.32     +/-   0.1471349     % 

  Energy interval (GeV):  5.0810760E-09  4.8558531E-09

  Flux (Part/sr/GeV/cmq/pr):

   679323.7     +/-    7.341580     %    694596.3     +/-   0.8431377     % 
   272091.0     +/-   0.1606862     % 

  Flux (Part/deg/GeV/cmq/pr):

   664.5433     +/-    7.341580     %    6721.165     +/-   0.8431377     % 
   20868.40     +/-   0.1606862     % 

  Energy interval (GeV):  4.8558531E-09  4.6406128E-09

  Flux (Part/sr/GeV/cmq/pr):

   720123.9     +/-    9.502049     %    717730.8     +/-   0.9496463     % 
   284823.4     +/-   0.1737027     % 

  Flux (Part/deg/GeV/cmq/pr):

   704.4558     +/-    9.502049     %    6945.022     +/-   0.9496463     % 
   21844.93     +/-   0.1737027     % 

  Energy interval (GeV):  4.6406128E-09  4.4349138E-09

  Flux (Part/sr/GeV/cmq/pr):

   787554.7     +/-    7.787362     %    748846.4     +/-   0.9048997     % 
   297520.0     +/-   0.1699002     % 

  Flux (Part/deg/GeV/cmq/pr):

   770.4196     +/-    7.787362     %    7246.108     +/-   0.9048997     % 
   22818.71     +/-   0.1699002     % 

  Energy interval (GeV):  4.4349138E-09  4.2383315E-09

  Flux (Part/sr/GeV/cmq/pr):

   681648.8     +/-    8.433733     %    790143.8     +/-    1.024277     % 
   311327.7     +/-   0.1449175     % 

  Flux (Part/deg/GeV/cmq/pr):

   666.8179     +/-    8.433733     %    7645.717     +/-    1.024277     % 
   23877.71     +/-   0.1449175     % 

  Energy interval (GeV):  4.2383315E-09  4.0504635E-09

  Flux (Part/sr/GeV/cmq/pr):

   809076.7     +/-    7.850309     %    819311.1     +/-   0.9838979     % 
   325413.3     +/-   0.1505438     % 

  Flux (Part/deg/GeV/cmq/pr):

   791.4733     +/-    7.850309     %    7927.950     +/-   0.9838979     % 
   24958.03     +/-   0.1505438     % 

  Energy interval (GeV):  4.0504635E-09  3.8709231E-09

  Flux (Part/sr/GeV/cmq/pr):

   907870.5     +/-    7.684126     %    851192.1     +/-   0.9392837     % 
   344287.2     +/-   0.1564185     % 

  Flux (Part/deg/GeV/cmq/pr):

   888.1176     +/-    7.684126     %    8236.442     +/-   0.9392837     % 
   26405.58     +/-   0.1564185     % 

  Energy interval (GeV):  3.8709231E-09  3.6993413E-09

  Flux (Part/sr/GeV/cmq/pr):

   1066541.     +/-    7.807738     %    907277.6     +/-   0.9070506     % 
   360282.2     +/-   0.1752045     % 

  Flux (Part/deg/GeV/cmq/pr):

   1043.336     +/-    7.807738     %    8779.146     +/-   0.9070506     % 
   27632.34     +/-   0.1752045     % 

  Energy interval (GeV):  3.6993413E-09  3.5353640E-09

  Flux (Part/sr/GeV/cmq/pr):

   981844.1     +/-    7.791594     %    950527.6     +/-   0.7719345     % 
   375609.6     +/-   0.1539867     % 

  Flux (Part/deg/GeV/cmq/pr):

   960.4818     +/-    7.791594     %    9197.648     +/-   0.7719345     % 
   28807.90     +/-   0.1539867     % 

  Energy interval (GeV):  3.5353640E-09  3.3786562E-09

  Flux (Part/sr/GeV/cmq/pr):

   989096.2     +/-    8.955359     %    1001464.     +/-   0.8773870     % 
   393513.5     +/-   0.1518081     % 

  Flux (Part/deg/GeV/cmq/pr):

   967.5761     +/-    8.955359     %    9690.523     +/-   0.8773870     % 
   30181.06     +/-   0.1518081     % 

  Energy interval (GeV):  3.3786562E-09  3.2288940E-09

  Flux (Part/sr/GeV/cmq/pr):

   954845.5     +/-    7.842391     %    1049278.     +/-   0.8624532     % 
   410920.5     +/-   0.1583046     % 

  Flux (Part/deg/GeV/cmq/pr):

   934.0706     +/-    7.842391     %    10153.20     +/-   0.8624532     % 
   31516.12     +/-   0.1583046     % 

  Energy interval (GeV):  3.2288940E-09  3.0857705E-09

  Flux (Part/sr/GeV/cmq/pr):

   1180794.     +/-    6.919727     %    1071164.     +/-    1.050881     % 
   429248.8     +/-   0.1400419     % 

  Flux (Part/deg/GeV/cmq/pr):

   1155.103     +/-    6.919727     %    10364.97     +/-    1.050881     % 
   32921.83     +/-   0.1400419     % 

  Energy interval (GeV):  3.0857705E-09  2.9489908E-09

  Flux (Part/sr/GeV/cmq/pr):

   1257494.     +/-    7.843017     %    1136820.     +/-   0.9441614     % 
   449072.2     +/-   0.1812492     % 

  Flux (Part/deg/GeV/cmq/pr):

   1230.134     +/-    7.843017     %    11000.29     +/-   0.9441614     % 
   34442.21     +/-   0.1812492     % 

  Energy interval (GeV):  2.9489908E-09  2.8182741E-09

  Flux (Part/sr/GeV/cmq/pr):

   1246968.     +/-    7.634490     %    1192481.     +/-   0.8350926     % 
   468707.3     +/-   0.1534596     % 

  Flux (Part/deg/GeV/cmq/pr):

   1219.837     +/-    7.634490     %    11538.87     +/-   0.8350926     % 
   35948.16     +/-   0.1534596     % 

  Energy interval (GeV):  2.8182741E-09  2.6933515E-09

  Flux (Part/sr/GeV/cmq/pr):

   1408869.     +/-    7.228617     %    1243494.     +/-   0.8216043     % 
   489717.8     +/-   0.1475770     % 

  Flux (Part/deg/GeV/cmq/pr):

   1378.215     +/-    7.228617     %    12032.50     +/-   0.8216043     % 
   37559.58     +/-   0.1475770     % 

  Energy interval (GeV):  2.6933515E-09  2.5739664E-09

  Flux (Part/sr/GeV/cmq/pr):

   1197799.     +/-    8.679517     %    1289184.     +/-   0.9998376     % 
   513594.3     +/-   0.1567097     % 

  Flux (Part/deg/GeV/cmq/pr):

   1171.738     +/-    8.679517     %    12474.61     +/-   0.9998376     % 
   39390.82     +/-   0.1567097     % 

  Energy interval (GeV):  2.5739664E-09  2.4598725E-09

  Flux (Part/sr/GeV/cmq/pr):

   1507533.     +/-    7.015786     %    1357041.     +/-   0.8728078     % 
   536760.2     +/-   0.1779076     % 

  Flux (Part/deg/GeV/cmq/pr):

   1474.733     +/-    7.015786     %    13131.22     +/-   0.8728078     % 
   41167.57     +/-   0.1779076     % 

  Energy interval (GeV):  2.4598725E-09  2.3508364E-09

  Flux (Part/sr/GeV/cmq/pr):

   1348174.     +/-    8.618678     %    1411781.     +/-   0.9821898     % 
   560331.6     +/-   0.1942602     % 

  Flux (Part/deg/GeV/cmq/pr):

   1318.841     +/-    8.618678     %    13660.90     +/-   0.9821898     % 
   42975.41     +/-   0.1942602     % 

  Energy interval (GeV):  2.3508364E-09  2.2466338E-09

  Flux (Part/sr/GeV/cmq/pr):

   1554654.     +/-    8.451029     %    1490259.     +/-   0.9065557     % 
   586039.2     +/-   0.1542471     % 

  Flux (Part/deg/GeV/cmq/pr):

   1520.828     +/-    8.451029     %    14420.28     +/-   0.9065557     % 
   44947.09     +/-   0.1542471     % 

  Energy interval (GeV):  2.2466338E-09  2.1470499E-09

  Flux (Part/sr/GeV/cmq/pr):

   1506260.     +/-    8.178699     %    1564384.     +/-   0.9398359     % 
   612774.1     +/-   0.1562112     % 

  Flux (Part/deg/GeV/cmq/pr):

   1473.488     +/-    8.178699     %    15137.54     +/-   0.9398359     % 
   46997.56     +/-   0.1562112     % 

  Energy interval (GeV):  2.1470499E-09  2.0518796E-09

  Flux (Part/sr/GeV/cmq/pr):

   1912363.     +/-    8.167609     %    1606736.     +/-   0.8452018     % 
   643158.7     +/-   0.1549335     % 

  Flux (Part/deg/GeV/cmq/pr):

   1870.755     +/-    8.167609     %    15547.35     +/-   0.8452018     % 
   49327.95     +/-   0.1549335     % 

  Energy interval (GeV):  2.0518796E-09  1.9609283E-09

  Flux (Part/sr/GeV/cmq/pr):

   1814150.     +/-    7.528164     %    1680135.     +/-   0.9129122     % 
   671626.7     +/-   0.1364561     % 

  Flux (Part/deg/GeV/cmq/pr):

   1774.679     +/-    7.528164     %    16257.59     +/-   0.9129122     % 
   51511.34     +/-   0.1364561     % 

  Energy interval (GeV):  1.9609283E-09  1.8740081E-09

  Flux (Part/sr/GeV/cmq/pr):

   1679702.     +/-    8.510363     %    1769382.     +/-   0.8135289     % 
   702459.1     +/-   0.1513564     % 

  Flux (Part/deg/GeV/cmq/pr):

   1643.156     +/-    8.510363     %    17121.18     +/-   0.8135289     % 
   53876.07     +/-   0.1513564     % 

  Energy interval (GeV):  1.8740081E-09  1.7909410E-09

  Flux (Part/sr/GeV/cmq/pr):

   1661302.     +/-    9.141686     %    1816841.     +/-   0.8862271     % 
   731858.1     +/-   0.1631882     % 

  Flux (Part/deg/GeV/cmq/pr):

   1625.157     +/-    9.141686     %    17580.41     +/-   0.8862271     % 
   56130.86     +/-   0.1631882     % 

  Energy interval (GeV):  1.7909410E-09  1.7115558E-09

  Flux (Part/sr/GeV/cmq/pr):

   2217035.     +/-    7.137825     %    1918492.     +/-   0.9432009     % 
   770875.1     +/-   0.1618650     % 

  Flux (Part/deg/GeV/cmq/pr):

   2168.798     +/-    7.137825     %    18564.02     +/-   0.9432009     % 
   59123.33     +/-   0.1618650     % 

  Energy interval (GeV):  1.7115558E-09  1.6356897E-09

  Flux (Part/sr/GeV/cmq/pr):

   2385770.     +/-    7.601110     %    2038126.     +/-   0.8802993     % 
   804086.4     +/-   0.1654031     % 

  Flux (Part/deg/GeV/cmq/pr):

   2333.862     +/-    7.601110     %    19721.64     +/-   0.8802993     % 
   61670.52     +/-   0.1654031     % 

  Energy interval (GeV):  1.6356897E-09  1.5631862E-09

  Flux (Part/sr/GeV/cmq/pr):

   2013692.     +/-    8.227246     %    2125080.     +/-   0.9255315     % 
   842597.6     +/-   0.1645620     % 

  Flux (Part/deg/GeV/cmq/pr):

   1969.879     +/-    8.227246     %    20563.04     +/-   0.9255315     % 
   64624.18     +/-   0.1645620     % 

  Energy interval (GeV):  1.5631862E-09  1.4938967E-09

  Flux (Part/sr/GeV/cmq/pr):

   1977202.     +/-    9.374934     %    2212766.     +/-   0.8786500     % 
   882113.8     +/-   0.1679844     % 

  Flux (Part/deg/GeV/cmq/pr):

   1934.183     +/-    9.374934     %    21411.52     +/-   0.8786500     % 
   67654.94     +/-   0.1679844     % 

  Energy interval (GeV):  1.4938967E-09  1.4276782E-09

  Flux (Part/sr/GeV/cmq/pr):

   2476649.     +/-    8.291089     %    2359970.     +/-   0.8906931     % 
   921253.4     +/-   0.1611017     % 

  Flux (Part/deg/GeV/cmq/pr):

   2422.763     +/-    8.291089     %    22835.92     +/-   0.8906931     % 
   70656.80     +/-   0.1611017     % 

  Energy interval (GeV):  1.4276782E-09  1.3643950E-09

  Flux (Part/sr/GeV/cmq/pr):

   2070056.     +/-    8.169557     %    2423194.     +/-   0.9859187     % 
   968801.9     +/-   0.1641008     % 

  Flux (Part/deg/GeV/cmq/pr):

   2025.017     +/-    8.169557     %    23447.70     +/-   0.9859187     % 
   74303.60     +/-   0.1641008     % 

  Energy interval (GeV):  1.3643950E-09  1.3039171E-09

  Flux (Part/sr/GeV/cmq/pr):

   2463697.     +/-    8.343104     %    2509601.     +/-   0.9343761     % 
   1012023.     +/-   0.1781899     % 

  Flux (Part/deg/GeV/cmq/pr):

   2410.093     +/-    8.343104     %    24283.81     +/-   0.9343761     % 
   77618.50     +/-   0.1781899     % 

  Energy interval (GeV):  1.3039171E-09  1.2461198E-09

  Flux (Part/sr/GeV/cmq/pr):

   2941306.     +/-    7.312724     %    2669550.     +/-    1.027639     % 
   1063692.     +/-   0.1679188     % 

  Flux (Part/deg/GeV/cmq/pr):

   2877.310     +/-    7.312724     %    25831.53     +/-    1.027639     % 
   81581.35     +/-   0.1679188     % 

  Energy interval (GeV):  1.2461198E-09  1.1908842E-09

  Flux (Part/sr/GeV/cmq/pr):

   3077728.     +/-    7.997588     %    2774170.     +/-   0.8904536     % 
   1109716.     +/-   0.1572860     % 

  Flux (Part/deg/GeV/cmq/pr):

   3010.765     +/-    7.997588     %    26843.87     +/-   0.8904536     % 
   85111.22     +/-   0.1572860     % 

  Energy interval (GeV):  1.1908842E-09  1.1380973E-09

  Flux (Part/sr/GeV/cmq/pr):

   2955263.     +/-    8.941925     %    2947861.     +/-   0.9119576     % 
   1161792.     +/-   0.1639349     % 

  Flux (Part/deg/GeV/cmq/pr):

   2890.964     +/-    8.941925     %    28524.57     +/-   0.9119576     % 
   89105.20     +/-   0.1639349     % 

  Energy interval (GeV):  1.1380973E-09  1.0876502E-09

  Flux (Part/sr/GeV/cmq/pr):

   3131979.     +/-    8.204455     %    3043812.     +/-   0.8708034     % 
   1218144.     +/-   0.1507902     % 

  Flux (Part/deg/GeV/cmq/pr):

   3063.835     +/-    8.204455     %    29453.02     +/-   0.8708034     % 
   93427.25     +/-   0.1507902     % 

  Energy interval (GeV):  1.0876502E-09  1.0394391E-09

  Flux (Part/sr/GeV/cmq/pr):

   3256504.     +/-    8.927991     %    3252039.     +/-   0.9639798     % 
   1273832.     +/-   0.1599524     % 

  Flux (Part/deg/GeV/cmq/pr):

   3185.651     +/-    8.927991     %    31467.90     +/-   0.9639798     % 
   97698.27     +/-   0.1599524     % 

  Energy interval (GeV):  1.0394391E-09  9.9336495E-10

  Flux (Part/sr/GeV/cmq/pr):

   3776517.     +/-    7.379831     %    3328833.     +/-   0.8181906     % 
   1335769.     +/-   0.1674008     % 

  Flux (Part/deg/GeV/cmq/pr):

   3694.350     +/-    7.379831     %    32210.99     +/-   0.8181906     % 
   102448.6     +/-   0.1674008     % 

  Energy interval (GeV):  9.9336495E-10  9.4933306E-10

  Flux (Part/sr/GeV/cmq/pr):

   3452041.     +/-    7.794418     %    3512248.     +/-   0.8986759     % 
   1398332.     +/-   0.1786565     % 

  Flux (Part/deg/GeV/cmq/pr):

   3376.934     +/-    7.794418     %    33985.77     +/-   0.8986759     % 
   107247.0     +/-   0.1786565     % 

  Energy interval (GeV):  9.4933306E-10  9.0725311E-10

  Flux (Part/sr/GeV/cmq/pr):

   3303219.     +/-    8.109436     %    3701568.     +/-   0.9556109     % 
   1464086.     +/-   0.1762280     % 

  Flux (Part/deg/GeV/cmq/pr):

   3231.349     +/-    8.109436     %    35817.71     +/-   0.9556109     % 
   112290.1     +/-   0.1762280     % 

  Energy interval (GeV):  9.0725311E-10  8.6703827E-10

  Flux (Part/sr/GeV/cmq/pr):

   4028355.     +/-    7.982614     %    3823055.     +/-   0.8898330     % 
   1537877.     +/-   0.1441424     % 

  Flux (Part/deg/GeV/cmq/pr):

   3940.709     +/-    7.982614     %    36993.26     +/-   0.8898330     % 
   117949.6     +/-   0.1441424     % 

  Energy interval (GeV):  8.6703827E-10  8.2860596E-10

  Flux (Part/sr/GeV/cmq/pr):

   4163158.     +/-    7.106690     %    4097783.     +/-   0.9371995     % 
   1609449.     +/-   0.1786378     % 

  Flux (Part/deg/GeV/cmq/pr):

   4072.579     +/-    7.106690     %    39651.63     +/-   0.9371995     % 
   123438.9     +/-   0.1786378     % 

  Energy interval (GeV):  8.2860596E-10  7.9187729E-10

  Flux (Part/sr/GeV/cmq/pr):

   4846332.     +/-    7.167885     %    4201226.     +/-   0.9184210     % 
   1690418.     +/-   0.1676067     % 

  Flux (Part/deg/GeV/cmq/pr):

   4740.888     +/-    7.167885     %    40652.58     +/-   0.9184210     % 
   129649.0     +/-   0.1676067     % 

  Energy interval (GeV):  7.9187729E-10  7.5677659E-10

  Flux (Part/sr/GeV/cmq/pr):

   4472836.     +/-    8.648207     %    4403003.     +/-   0.8728573     % 
   1773686.     +/-   0.1764082     % 

  Flux (Part/deg/GeV/cmq/pr):

   4375.519     +/-    8.648207     %    42605.04     +/-   0.8728573     % 
   136035.3     +/-   0.1764082     % 

  Energy interval (GeV):  7.5677659E-10  7.2323175E-10

  Flux (Part/sr/GeV/cmq/pr):

   4590862.     +/-    7.291864     %    4671973.     +/-   0.8917369     % 
   1863910.     +/-   0.1740366     % 

  Flux (Part/deg/GeV/cmq/pr):

   4490.977     +/-    7.291864     %    45207.70     +/-   0.8917369     % 
   142955.2     +/-   0.1740366     % 

  Energy interval (GeV):  7.2323175E-10  6.9117384E-10

  Flux (Part/sr/GeV/cmq/pr):

   5334084.     +/-    7.585964     %    4808558.     +/-   0.8771164     % 
   1957310.     +/-   0.1781852     % 

  Flux (Part/deg/GeV/cmq/pr):

   5218.028     +/-    7.585964     %    46529.35     +/-   0.8771164     % 
   150118.6     +/-   0.1781852     % 

  Energy interval (GeV):  6.9117384E-10  6.6053690E-10

  Flux (Part/sr/GeV/cmq/pr):

   5385647.     +/-    7.674592     %    5032422.     +/-   0.9286574     % 
   2049562.     +/-   0.1509628     % 

  Flux (Part/deg/GeV/cmq/pr):

   5268.469     +/-    7.674592     %    48695.54     +/-   0.9286574     % 
   157194.0     +/-   0.1509628     % 

  Energy interval (GeV):  6.6053690E-10  6.3125805E-10

  Flux (Part/sr/GeV/cmq/pr):

   5362210.     +/-    6.968836     %    5328238.     +/-   0.9676205     % 
   2163722.     +/-   0.1599196     % 

  Flux (Part/deg/GeV/cmq/pr):

   5245.542     +/-    6.968836     %    51557.96     +/-   0.9676205     % 
   165949.7     +/-   0.1599196     % 

  Energy interval (GeV):  6.3125805E-10  6.0327693E-10

  Flux (Part/sr/GeV/cmq/pr):

   6325686.     +/-    7.440582     %    5655738.     +/-   0.8862827     % 
   2255254.     +/-   0.1426997     % 

  Flux (Part/deg/GeV/cmq/pr):

   6188.055     +/-    7.440582     %    54726.96     +/-   0.8862827     % 
   172969.9     +/-   0.1426997     % 

  Energy interval (GeV):  6.0327693E-10  5.7653604E-10

  Flux (Part/sr/GeV/cmq/pr):

   4936265.     +/-    8.470297     %    5926662.     +/-   0.9818394     % 
   2377567.     +/-   0.1689014     % 

  Flux (Part/deg/GeV/cmq/pr):

   4828.864     +/-    8.470297     %    57348.52     +/-   0.9818394     % 
   182350.8     +/-   0.1689014     % 

  Energy interval (GeV):  5.7653604E-10  5.5098054E-10

  Flux (Part/sr/GeV/cmq/pr):

   6300001.     +/-    7.380650     %    6198551.     +/-   0.9588243     % 
   2491375.     +/-   0.1577641     % 

  Flux (Part/deg/GeV/cmq/pr):

   6162.929     +/-    7.380650     %    59979.42     +/-   0.9588243     % 
   191079.5     +/-   0.1577641     % 

  Energy interval (GeV):  5.5098054E-10  5.2655785E-10

  Flux (Part/sr/GeV/cmq/pr):

   6469370.     +/-    8.399409     %    6508024.     +/-   0.7599492     % 
   2604250.     +/-   0.1573612     % 

  Flux (Part/deg/GeV/cmq/pr):

   6328.613     +/-    8.399409     %    62973.99     +/-   0.7599492     % 
   199736.6     +/-   0.1573612     % 

  Energy interval (GeV):  5.2655785E-10  5.0321775E-10

  Flux (Part/sr/GeV/cmq/pr):

   6512364.     +/-    7.905805     %    6914434.     +/-   0.7987644     % 
   2745586.     +/-   0.1657408     % 

  Flux (Part/deg/GeV/cmq/pr):

   6370.672     +/-    7.905805     %    66906.56     +/-   0.7987644     % 
   210576.5     +/-   0.1657408     % 

  Energy interval (GeV):  5.0321775E-10  4.8091214E-10

  Flux (Part/sr/GeV/cmq/pr):

   7486896.     +/-    8.121436     %    7196188.     +/-   0.8582497     % 
   2868371.     +/-   0.1548848     % 

  Flux (Part/deg/GeV/cmq/pr):

   7324.000     +/-    8.121436     %    69632.91     +/-   0.8582497     % 
   219993.7     +/-   0.1548848     % 

  Energy interval (GeV):  4.8091214E-10  4.5959525E-10

  Flux (Part/sr/GeV/cmq/pr):

   7505774.     +/-    7.945521     %    7476616.     +/-    1.013181     % 
   3000171.     +/-   0.1575947     % 

  Flux (Part/deg/GeV/cmq/pr):

   7342.468     +/-    7.945521     %    72346.44     +/-    1.013181     % 
   230102.3     +/-   0.1575947     % 

  Energy interval (GeV):  4.5959525E-10  4.3922330E-10

  Flux (Part/sr/GeV/cmq/pr):

   8737470.     +/-    7.683091     %    7702978.     +/-   0.8623965     % 
   3143218.     +/-   0.1473229     % 

  Flux (Part/deg/GeV/cmq/pr):

   8547.365     +/-    7.683091     %    74536.79     +/-   0.8623965     % 
   241073.4     +/-   0.1473229     % 

  Energy interval (GeV):  4.3922330E-10  4.1975434E-10

  Flux (Part/sr/GeV/cmq/pr):

   7653184.     +/-    8.820262     %    8272230.     +/-   0.8239480     % 
   3294636.     +/-   0.1475202     % 

  Flux (Part/deg/GeV/cmq/pr):

   7486.670     +/-    8.820262     %    80045.08     +/-   0.8239480     % 
   252686.6     +/-   0.1475202     % 

  Energy interval (GeV):  4.1975434E-10  4.0114831E-10

  Flux (Part/sr/GeV/cmq/pr):

   8491867.     +/-    7.851647     %    8593421.     +/-    1.006770     % 
   3447447.     +/-   0.1737078     % 

  Flux (Part/deg/GeV/cmq/pr):

   8307.106     +/-    7.851647     %    83153.04     +/-    1.006770     % 
   264406.7     +/-   0.1737078     % 

  Energy interval (GeV):  4.0114831E-10  3.8336703E-10

  Flux (Part/sr/GeV/cmq/pr):

   8717019.     +/-    8.118102     %    9010682.     +/-   0.9014261     % 
   3593449.     +/-   0.1690128     % 

  Flux (Part/deg/GeV/cmq/pr):

   8527.359     +/-    8.118102     %    87190.61     +/-   0.9014261     % 
   275604.6     +/-   0.1690128     % 

  Energy interval (GeV):  3.8336703E-10  3.6637396E-10

  Flux (Part/sr/GeV/cmq/pr):

   9768650.     +/-    6.807953     %    9500043.     +/-   0.9680452     % 
   3769653.     +/-   0.1545502     % 

  Flux (Part/deg/GeV/cmq/pr):

   9556.109     +/-    6.807953     %    91925.84     +/-   0.9680452     % 
   289118.8     +/-   0.1545502     % 

  Energy interval (GeV):  3.6637396E-10  3.5013409E-10

  Flux (Part/sr/GeV/cmq/pr):

   8867051.     +/-    7.274695     %    9802990.     +/-   0.9146419     % 
   3956010.     +/-   0.1683581     % 

  Flux (Part/deg/GeV/cmq/pr):

   8674.126     +/-    7.274695     %    94857.27     +/-   0.9146419     % 
   303411.7     +/-   0.1683581     % 

  Energy interval (GeV):  3.5013409E-10  3.3461406E-10

  Flux (Part/sr/GeV/cmq/pr):

   8827291.     +/-    8.470191     %   1.0158058E+07 +/-   0.9535046     % 
   4145531.     +/-   0.1749361     % 

  Flux (Part/deg/GeV/cmq/pr):

   8635.231     +/-    8.470191     %    98293.03     +/-   0.9535046     % 
   317947.2     +/-   0.1749361     % 

  Energy interval (GeV):  3.3461406E-10  3.1978201E-10

  Flux (Part/sr/GeV/cmq/pr):

  1.0248037E+07 +/-    8.123997     %   1.0866962E+07 +/-   0.8513427     % 
   4343829.     +/-   0.1488076     % 

  Flux (Part/deg/GeV/cmq/pr):

   10025.07     +/-    8.123997     %    105152.6     +/-   0.8513427     % 
   333156.0     +/-   0.1488076     % 

  Energy interval (GeV):  3.1978201E-10  3.0560740E-10

  Flux (Part/sr/GeV/cmq/pr):

  1.1781585E+07 +/-    7.174279     %   1.1406146E+07 +/-   0.7834833     % 
   4569787.     +/-   0.1634614     % 

  Flux (Part/deg/GeV/cmq/pr):

   11525.25     +/-    7.174279     %    110370.0     +/-   0.7834833     % 
   350486.1     +/-   0.1634614     % 

  Energy interval (GeV):  3.0560740E-10  2.9206104E-10

  Flux (Part/sr/GeV/cmq/pr):

  1.1516011E+07 +/-    8.415854     %   1.1871047E+07 +/-   0.7788919     % 
   4846734.     +/-   0.1586557     % 

  Flux (Part/deg/GeV/cmq/pr):

   11265.45     +/-    8.415854     %    114868.5     +/-   0.7788919     % 
   371727.0     +/-   0.1586557     % 

  Energy interval (GeV):  2.9206104E-10  2.7911515E-10

  Flux (Part/sr/GeV/cmq/pr):

  1.1972900E+07 +/-    9.232752     %   1.2682201E+07 +/-   0.8333637     % 
   5127788.     +/-   0.1762305     % 

  Flux (Part/deg/GeV/cmq/pr):

   11712.40     +/-    9.232752     %    122717.6     +/-   0.8333637     % 
   393282.8     +/-   0.1762305     % 

  Energy interval (GeV):  2.7911515E-10  2.6674313E-10

  Flux (Part/sr/GeV/cmq/pr):

  1.3902289E+07 +/-    8.057746     %   1.3676283E+07 +/-   0.8001663     % 
   5446479.     +/-   0.1637726     % 

  Flux (Part/deg/GeV/cmq/pr):

   13599.81     +/-    8.057746     %    132336.6     +/-   0.8001663     % 
   417725.2     +/-   0.1637726     % 

  Energy interval (GeV):  2.6674313E-10  2.5491950E-10

  Flux (Part/sr/GeV/cmq/pr):

  1.6069474E+07 +/-    7.720023     %   1.4437046E+07 +/-   0.9035432     % 
   5840904.     +/-   0.1524333     % 

  Flux (Part/deg/GeV/cmq/pr):

   15719.84     +/-    7.720023     %    139698.1     +/-   0.9035432     % 
   447976.2     +/-   0.1524333     % 

  Energy interval (GeV):  2.5491950E-10  2.4361999E-10

  Flux (Part/sr/GeV/cmq/pr):

  1.3894340E+07 +/-    8.008548     %   1.5435708E+07 +/-   0.8348748     % 
   6287504.     +/-   0.1701043     % 

  Flux (Part/deg/GeV/cmq/pr):

   13592.04     +/-    8.008548     %    149361.5     +/-   0.8348748     % 
   482228.8     +/-   0.1701043     % 

  Energy interval (GeV):  2.4361999E-10  2.3282129E-10

  Flux (Part/sr/GeV/cmq/pr):

  1.8428140E+07 +/-    7.124345     %   1.6912432E+07 +/-   0.8226081     % 
   6839809.     +/-   0.1527952     % 

  Flux (Part/deg/GeV/cmq/pr):

   18027.19     +/-    7.124345     %    163650.8     +/-   0.8226081     % 
   524588.6     +/-   0.1527952     % 

  Energy interval (GeV):  2.3282129E-10  2.2250127E-10

  Flux (Part/sr/GeV/cmq/pr):

  1.7538692E+07 +/-    7.140991     %   1.8858164E+07 +/-   0.8562359     % 
   7514117.     +/-   0.1478455     % 

  Flux (Part/deg/GeV/cmq/pr):

   17157.10     +/-    7.140991     %    182478.4     +/-   0.8562359     % 
   576305.6     +/-   0.1478455     % 

  Energy interval (GeV):  2.2250127E-10  2.1263870E-10

  Flux (Part/sr/GeV/cmq/pr):

  1.9974460E+07 +/-    7.444134     %   2.0460904E+07 +/-   0.8027906     % 
   8297272.     +/-   0.1392091     % 

  Flux (Part/deg/GeV/cmq/pr):

   19539.87     +/-    7.444134     %    197987.1     +/-   0.8027906     % 
   636370.8     +/-   0.1392091     % 

  Energy interval (GeV):  2.1263870E-10  2.0321331E-10

  Flux (Part/sr/GeV/cmq/pr):

  2.1431394E+07 +/-    7.379091     %   2.2937648E+07 +/-   0.8099341     % 
   9257972.     +/-   0.1467306     % 

  Flux (Part/deg/GeV/cmq/pr):

   20965.10     +/-    7.379091     %    221953.0     +/-   0.8099341     % 
   710053.0     +/-   0.1467306     % 

  Energy interval (GeV):  2.0321331E-10  1.9420568E-10

  Flux (Part/sr/GeV/cmq/pr):

  2.2758470E+07 +/-    6.254449     %   2.6237012E+07 +/-   0.6595609     % 
  1.0415901E+07 +/-   0.1240151     % 

  Flux (Part/deg/GeV/cmq/pr):

   22263.30     +/-    6.254449     %    253878.8     +/-   0.6595609     % 
   798861.9     +/-   0.1240151     % 

  Energy interval (GeV):  1.9420568E-10  1.8559733E-10

  Flux (Part/sr/GeV/cmq/pr):

  3.5546828E+07 +/-    5.589723     %   2.9393830E+07 +/-   0.7347578     % 
  1.1803616E+07 +/-   0.1337441     % 

  Flux (Part/deg/GeV/cmq/pr):

   34773.42     +/-    5.589723     %    284425.3     +/-   0.7347578     % 
   905294.6     +/-   0.1337441     % 

  Energy interval (GeV):  1.8559733E-10  1.7737056E-10

  Flux (Part/sr/GeV/cmq/pr):

  3.3792040E+07 +/-    6.478856     %   3.3433124E+07 +/-   0.5975193     % 
  1.3375848E+07 +/-   0.1268945     % 

  Flux (Part/deg/GeV/cmq/pr):

   33056.81     +/-    6.478856     %    323511.0     +/-   0.5975193     % 
   1025879.     +/-   0.1268945     % 

  Energy interval (GeV):  1.7737056E-10  1.6950846E-10

  Flux (Part/sr/GeV/cmq/pr):

  4.3245284E+07 +/-    5.102836     %   3.8637068E+07 +/-   0.6264772     % 
  1.5297663E+07 +/-   0.1153086     % 

  Flux (Part/deg/GeV/cmq/pr):

   42304.38     +/-    5.102836     %    373866.2     +/-   0.6264772     % 
   1173276.     +/-   0.1153086     % 

  Energy interval (GeV):  1.6950846E-10  1.6199483E-10

  Flux (Part/sr/GeV/cmq/pr):

  4.1524520E+07 +/-    5.749412     %   4.4216116E+07 +/-   0.6147782     % 
  1.7581060E+07 +/-   0.1111233     % 

  Flux (Part/deg/GeV/cmq/pr):

   40621.05     +/-    5.749412     %    427851.1     +/-   0.6147782     % 
   1348404.     +/-   0.1111233     % 

  Energy interval (GeV):  1.6199483E-10  1.5481427E-10

  Flux (Part/sr/GeV/cmq/pr):

  5.3199012E+07 +/-    4.770441     %   5.1069436E+07 +/-   0.5935546     % 
  2.0179106E+07 +/-   0.1053091     % 

  Flux (Part/deg/GeV/cmq/pr):

   52041.54     +/-    4.770441     %    494166.3     +/-   0.5935546     % 
   1547664.     +/-   0.1053091     % 

  Energy interval (GeV):  1.5481427E-10  1.4795198E-10

  Flux (Part/sr/GeV/cmq/pr):

  6.1203984E+07 +/-    5.053596     %   5.8455928E+07 +/-   0.5167660     % 
  2.3206156E+07 +/-   9.8030455E-02 % 

  Flux (Part/deg/GeV/cmq/pr):

   59872.34     +/-    5.053596     %    565640.7     +/-   0.5167660     % 
   1779828.     +/-   9.8030455E-02 % 

  Energy interval (GeV):  1.4795198E-10  1.4139388E-10

  Flux (Part/sr/GeV/cmq/pr):

  6.2365428E+07 +/-    5.143874     %   6.6591148E+07 +/-   0.5651589     % 
  2.6582872E+07 +/-   8.8003285E-02 % 

  Flux (Part/deg/GeV/cmq/pr):

   61008.52     +/-    5.143874     %    644360.0     +/-   0.5651589     % 
   2038810.     +/-   8.8003285E-02 % 

  Energy interval (GeV):  1.4139388E-10  1.3512644E-10

  Flux (Part/sr/GeV/cmq/pr):

  8.6159776E+07 +/-    3.991789     %   7.6649784E+07 +/-   0.5004449     % 
  3.0501534E+07 +/-   9.8123237E-02 % 

  Flux (Part/deg/GeV/cmq/pr):

   84285.16     +/-    3.991789     %    741690.9     +/-   0.5004449     % 
   2339358.     +/-   9.8123237E-02 % 

  Energy interval (GeV):  1.3512644E-10  1.2913684E-10

  Flux (Part/sr/GeV/cmq/pr):

  8.9154288E+07 +/-    4.252198     %   8.8170184E+07 +/-   0.5245987     % 
  3.4831960E+07 +/-   8.9942865E-02 % 

  Flux (Part/deg/GeV/cmq/pr):

   87214.52     +/-    4.252198     %    853166.6     +/-   0.5245987     % 
   2671485.     +/-   8.9942865E-02 % 

  Energy interval (GeV):  1.2913684E-10  1.2341274E-10

  Flux (Part/sr/GeV/cmq/pr):

  9.3988232E+07 +/-    4.331254     %   1.0069258E+08 +/-   0.4281425     % 
  3.9636960E+07 +/-   7.6253474E-02 % 

  Flux (Part/deg/GeV/cmq/pr):

   91943.29     +/-    4.331254     %    974337.8     +/-   0.4281425     % 
   3040012.     +/-   7.6253474E-02 % 

  Energy interval (GeV):  1.2341274E-10  1.1794236E-10

  Flux (Part/sr/GeV/cmq/pr):

  1.1516538E+08 +/-    3.884805     %   1.1360535E+08 +/-   0.4328052     % 
  4.4913264E+07 +/-   8.1705198E-02 % 

  Flux (Part/deg/GeV/cmq/pr):

   112659.7     +/-    3.884805     %    1099286.     +/-   0.4328052     % 
   3444685.     +/-   8.1705198E-02 % 

  Energy interval (GeV):  1.1794236E-10  1.1271445E-10

  Flux (Part/sr/GeV/cmq/pr):

  1.2854076E+08 +/-    3.795858     %   1.2878975E+08 +/-   0.3919515     % 
  5.0628896E+07 +/-   7.8615032E-02 % 

  Flux (Part/deg/GeV/cmq/pr):

   125744.0     +/-    3.795858     %    1246216.     +/-   0.3919515     % 
   3883053.     +/-   7.8615032E-02 % 

  Energy interval (GeV):  1.1271445E-10  1.0771829E-10

  Flux (Part/sr/GeV/cmq/pr):

  1.4671205E+08 +/-    3.313796     %   1.4350675E+08 +/-   0.3898274     % 
  5.6919520E+07 +/-   7.0170358E-02 % 

  Flux (Part/deg/GeV/cmq/pr):

   143520.0     +/-    3.313796     %    1388623.     +/-   0.3898274     % 
   4365521.     +/-   7.0170358E-02 % 

  Energy interval (GeV):  1.0771829E-10  1.0294358E-10

  Flux (Part/sr/GeV/cmq/pr):

  1.6671130E+08 +/-    3.484987     %   1.6022706E+08 +/-   0.3957773     % 
  6.3536428E+07 +/-   6.2770613E-02 % 

  Flux (Part/deg/GeV/cmq/pr):

   163084.1     +/-    3.484987     %    1550415.     +/-   0.3957773     % 
   4873014.     +/-   6.2770613E-02 % 

  Energy interval (GeV):  1.0294358E-10  9.8380505E-11

  Flux (Part/sr/GeV/cmq/pr):

  1.8452459E+08 +/-    3.287063     %   1.7831008E+08 +/-   0.4265139     % 
  7.0505840E+07 +/-   7.1670905E-02 % 

  Flux (Part/deg/GeV/cmq/pr):

   180509.8     +/-    3.287063     %    1725393.     +/-   0.4265139     % 
   5407542.     +/-   7.1670905E-02 % 

  Energy interval (GeV):  9.8380505E-11  9.4019695E-11

  Flux (Part/sr/GeV/cmq/pr):

  2.0684208E+08 +/-    3.055436     %   1.9550790E+08 +/-   0.3905724     % 
  7.7972096E+07 +/-   6.1306059E-02 % 

  Flux (Part/deg/GeV/cmq/pr):

   202341.7     +/-    3.055436     %    1891805.     +/-   0.3905724     % 
   5980178.     +/-   6.1306059E-02 % 

  Energy interval (GeV):  9.4019695E-11  8.9852188E-11

  Flux (Part/sr/GeV/cmq/pr):

  2.0923728E+08 +/-    3.360595     %   2.1556688E+08 +/-   0.3959795     % 
  8.5549064E+07 +/-   6.7301750E-02 % 

  Flux (Part/deg/GeV/cmq/pr):

   204684.8     +/-    3.360595     %    2085903.     +/-   0.3959795     % 
   6561304.     +/-   6.7301750E-02 % 

  Energy interval (GeV):  8.9852188E-11  8.5869416E-11

  Flux (Part/sr/GeV/cmq/pr):

  2.4003283E+08 +/-    3.618409     %   2.3796104E+08 +/-   0.4116226     % 
  9.3574352E+07 +/-   6.5887004E-02 % 

  Flux (Part/deg/GeV/cmq/pr):

   234810.3     +/-    3.618409     %    2302597.     +/-   0.4116226     % 
   7176814.     +/-   6.5887004E-02 % 

  Energy interval (GeV):  8.5869416E-11  8.2063169E-11

  Flux (Part/sr/GeV/cmq/pr):

  2.5169146E+08 +/-    3.172309     %   2.5638645E+08 +/-   0.3425600     % 
  1.0176160E+08 +/-   6.2101189E-02 % 

  Flux (Part/deg/GeV/cmq/pr):

   246215.3     +/-    3.172309     %    2480888.     +/-   0.3425600     % 
   7804747.     +/-   6.2101189E-02 % 

  Energy interval (GeV):  8.2063169E-11  7.8425641E-11

  Flux (Part/sr/GeV/cmq/pr):

  2.8838234E+08 +/-    3.114887     %   2.7880160E+08 +/-   0.3118755     % 
  1.1015080E+08 +/-   7.5455457E-02 % 

  Flux (Part/deg/GeV/cmq/pr):

   282107.9     +/-    3.114887     %    2697785.     +/-   0.3118755     % 
   8448168.     +/-   7.5455457E-02 % 

  Energy interval (GeV):  7.8425641E-11  7.4949352E-11

  Flux (Part/sr/GeV/cmq/pr):

  3.1786714E+08 +/-    2.891625     %   2.9849936E+08 +/-   0.3575435     % 
  1.1842922E+08 +/-   6.6571526E-02 % 

  Flux (Part/deg/GeV/cmq/pr):

   310951.2     +/-    2.891625     %    2888388.     +/-   0.3575435     % 
   9083093.     +/-   6.6571526E-02 % 

  Energy interval (GeV):  7.4949352E-11  7.1627163E-11

  Flux (Part/sr/GeV/cmq/pr):

  3.2719232E+08 +/-    3.020634     %   3.2040531E+08 +/-   0.3571662     % 
  1.2690865E+08 +/-   6.3764408E-02 % 

  Flux (Part/deg/GeV/cmq/pr):

   320073.4     +/-    3.020634     %    3100358.     +/-   0.3571662     % 
   9733434.     +/-   6.3764408E-02 % 

  Energy interval (GeV):  7.1627163E-11  6.8452223E-11

  Flux (Part/sr/GeV/cmq/pr):

  3.4142320E+08 +/-    3.063043     %   3.4255024E+08 +/-   0.3090876     % 
  1.3515835E+08 +/-   6.2773742E-02 % 

  Flux (Part/deg/GeV/cmq/pr):

   333994.7     +/-    3.063043     %    3314640.     +/-   0.3090876     % 
  1.0366157E+07 +/-   6.2773742E-02 % 

  Energy interval (GeV):  6.8452223E-11  6.5418004E-11

  Flux (Part/sr/GeV/cmq/pr):

  3.7802224E+08 +/-    2.980360     %   3.6304512E+08 +/-   0.3528629     % 
  1.4354093E+08 +/-   6.0757443E-02 % 

  Flux (Part/deg/GeV/cmq/pr):

   369797.4     +/-    2.980360     %    3512956.     +/-   0.3528629     % 
  1.1009070E+07 +/-   6.0757443E-02 % 

  Energy interval (GeV):  6.5418004E-11  6.2518289E-11

  Flux (Part/sr/GeV/cmq/pr):

  4.0521171E+08 +/-    2.863511     %   3.8193712E+08 +/-   0.3441243     % 
  1.5110253E+08 +/-   6.1577328E-02 % 

  Flux (Part/deg/GeV/cmq/pr):

   396395.3     +/-    2.863511     %    3695762.     +/-   0.3441243     % 
  1.1589018E+07 +/-   6.1577328E-02 % 

  Energy interval (GeV):  6.2518289E-11  5.9747117E-11

  Flux (Part/sr/GeV/cmq/pr):

  4.0055053E+08 +/-    3.300821     %   3.9662752E+08 +/-   0.3278949     % 
  1.5849734E+08 +/-   6.6841990E-02 % 

  Flux (Part/deg/GeV/cmq/pr):

   391835.6     +/-    3.300821     %    3837911.     +/-   0.3278949     % 
  1.2156173E+07 +/-   6.6841990E-02 % 

  Energy interval (GeV):  5.9747117E-11  5.7098774E-11

  Flux (Part/sr/GeV/cmq/pr):

  4.2328234E+08 +/-    2.897675     %   4.1657731E+08 +/-   0.3449443     % 
  1.6550962E+08 +/-   6.3374512E-02 % 

  Flux (Part/deg/GeV/cmq/pr):

   414072.8     +/-    2.897675     %    4030952.     +/-   0.3449443     % 
  1.2693988E+07 +/-   6.3374512E-02 % 

  Energy interval (GeV):  5.7098774E-11  5.4567816E-11

  Flux (Part/sr/GeV/cmq/pr):

  4.3106173E+08 +/-    2.866408     %   4.3299619E+08 +/-   0.3665593     % 
  1.7192106E+08 +/-   5.7164777E-02 % 

  Flux (Part/deg/GeV/cmq/pr):

   421682.9     +/-    2.866408     %    4189828.     +/-   0.3665593     % 
  1.3185723E+07 +/-   5.7164777E-02 % 

  Energy interval (GeV):  5.4567816E-11  5.2149045E-11

  Flux (Part/sr/GeV/cmq/pr):

  4.4154621E+08 +/-    3.190911     %   4.5090304E+08 +/-   0.3742796     % 
  1.7759870E+08 +/-   6.5697409E-02 % 

  Flux (Part/deg/GeV/cmq/pr):

   431939.3     +/-    3.190911     %    4363100.     +/-   0.3742796     % 
  1.3621178E+07 +/-   6.5697409E-02 % 

  Energy interval (GeV):  5.2149045E-11  4.9837492E-11

  Flux (Part/sr/GeV/cmq/pr):

  4.5856509E+08 +/-    3.206930     %   4.5968970E+08 +/-   0.3384810     % 
  1.8295482E+08 +/-   6.4763054E-02 % 

  Flux (Part/deg/GeV/cmq/pr):

   448587.9     +/-    3.206930     %    4448124.     +/-   0.3384810     % 
  1.4031973E+07 +/-   6.4763054E-02 % 

  Energy interval (GeV):  4.9837492E-11  4.7628401E-11

  Flux (Part/sr/GeV/cmq/pr):

  5.1152134E+08 +/-    3.092553     %   4.7410515E+08 +/-   0.3549272     % 
  1.8714664E+08 +/-   6.3961290E-02 % 

  Flux (Part/deg/GeV/cmq/pr):

   500392.0     +/-    3.092553     %    4587612.     +/-   0.3549272     % 
  1.4353470E+07 +/-   6.3961290E-02 % 

  Energy interval (GeV):  4.7628401E-11  4.5517225E-11

  Flux (Part/sr/GeV/cmq/pr):

  4.6609088E+08 +/-    3.225750     %   4.8054742E+08 +/-   0.3462192     % 
  1.9096166E+08 +/-   6.2435951E-02 % 

  Flux (Part/deg/GeV/cmq/pr):

   455949.9     +/-    3.225750     %    4649950.     +/-   0.3462192     % 
  1.4646069E+07 +/-   6.2435951E-02 % 

  Energy interval (GeV):  4.5517225E-11  4.3499634E-11

  Flux (Part/sr/GeV/cmq/pr):

  5.0456077E+08 +/-    3.185004     %   4.8803654E+08 +/-   0.3398004     % 
  1.9403963E+08 +/-   6.4319670E-02 % 

  Flux (Part/deg/GeV/cmq/pr):

   493582.8     +/-    3.185004     %    4722418.     +/-   0.3398004     % 
  1.4882139E+07 +/-   6.4319670E-02 % 

  Energy interval (GeV):  4.3499634E-11  4.1571475E-11

  Flux (Part/sr/GeV/cmq/pr):

  4.8491712E+08 +/-    3.317877     %   4.9748598E+08 +/-   0.3669932     % 
  1.9657778E+08 +/-   5.3961150E-02 % 

  Flux (Part/deg/GeV/cmq/pr):

   474366.6     +/-    3.317877     %    4813854.     +/-   0.3669932     % 
  1.5076804E+07 +/-   5.3961150E-02 % 

  Energy interval (GeV):  4.1571475E-11  3.9728779E-11

  Flux (Part/sr/GeV/cmq/pr):

  5.0089626E+08 +/-    3.113726     %   4.9792154E+08 +/-   0.3704680     % 
  1.9791939E+08 +/-   6.2095255E-02 % 

  Flux (Part/deg/GeV/cmq/pr):

   489998.0     +/-    3.113726     %    4818068.     +/-   0.3704680     % 
  1.5179702E+07 +/-   6.2095255E-02 % 

  Energy interval (GeV):  3.9728779E-11  3.7967764E-11

  Flux (Part/sr/GeV/cmq/pr):

  4.8381117E+08 +/-    3.591479     %   4.9939501E+08 +/-   0.3779551     % 
  1.9871726E+08 +/-   6.6085748E-02 % 

  Flux (Part/deg/GeV/cmq/pr):

   473284.7     +/-    3.591479     %    4832326.     +/-   0.3779551     % 
  1.5240896E+07 +/-   6.6085748E-02 % 

  Energy interval (GeV):  3.7967764E-11  3.6284812E-11

  Flux (Part/sr/GeV/cmq/pr):

  4.9614995E+08 +/-    3.284741     %   4.9908374E+08 +/-   0.4044147     % 
  1.9931634E+08 +/-   7.0317432E-02 % 

  Flux (Part/deg/GeV/cmq/pr):

   485355.0     +/-    3.284741     %    4829314.     +/-   0.4044147     % 
  1.5286842E+07 +/-   7.0317432E-02 % 

  Energy interval (GeV):  3.6284812E-11  3.4676456E-11

  Flux (Part/sr/GeV/cmq/pr):

  5.1978406E+08 +/-    3.259355     %   4.9833654E+08 +/-   0.4179507     % 
  1.9874533E+08 +/-   7.2428986E-02 % 

  Flux (Part/deg/GeV/cmq/pr):

   508474.9     +/-    3.259355     %    4822084.     +/-   0.4179507     % 
  1.5243048E+07 +/-   7.2428986E-02 % 

  Energy interval (GeV):  3.4676456E-11  3.3139387E-11

  Flux (Part/sr/GeV/cmq/pr):

  5.2177258E+08 +/-    3.601534     %   4.9107648E+08 +/-   0.4596408     % 
  1.9779566E+08 +/-   6.5644167E-02 % 

  Flux (Part/deg/GeV/cmq/pr):

   510420.2     +/-    3.601534     %    4751834.     +/-   0.4596408     % 
  1.5170212E+07 +/-   6.5644167E-02 % 

  Energy interval (GeV):  3.3139387E-11  3.1670451E-11

  Flux (Part/sr/GeV/cmq/pr):

  4.8470451E+08 +/-    3.720123     %   4.9049933E+08 +/-   0.4170938     % 
  1.9646883E+08 +/-   6.1136592E-02 % 

  Flux (Part/deg/GeV/cmq/pr):

   474158.6     +/-    3.720123     %    4746248.     +/-   0.4170938     % 
  1.5068449E+07 +/-   6.1136592E-02 % 

  Energy interval (GeV):  3.1670451E-11  3.0266629E-11

  Flux (Part/sr/GeV/cmq/pr):

  4.7655539E+08 +/-    3.756918     %   4.8613632E+08 +/-   0.4162937     % 
  1.9426144E+08 +/-   8.1792548E-02 % 

  Flux (Part/deg/GeV/cmq/pr):

   466186.8     +/-    3.756918     %    4704030.     +/-   0.4162937     % 
  1.4899150E+07 +/-   8.1792548E-02 % 

  Energy interval (GeV):  3.0266629E-11  2.8925033E-11

  Flux (Part/sr/GeV/cmq/pr):

  4.9791354E+08 +/-    4.401310     %   4.7475162E+08 +/-   0.4482284     % 
  1.9180234E+08 +/-   8.6034186E-02 % 

  Flux (Part/deg/GeV/cmq/pr):

   487080.2     +/-    4.401310     %    4593868.     +/-   0.4482284     % 
  1.4710546E+07 +/-   8.6034186E-02 % 

  Energy interval (GeV):  2.8925033E-11  2.7642907E-11

  Flux (Part/sr/GeV/cmq/pr):

  4.8279005E+08 +/-    3.975086     %   4.6782221E+08 +/-   0.4649552     % 
  1.8813562E+08 +/-   7.2907403E-02 % 

  Flux (Part/deg/GeV/cmq/pr):

   472285.8     +/-    3.975086     %    4526816.     +/-   0.4649552     % 
  1.4429322E+07 +/-   7.2907403E-02 % 

  Energy interval (GeV):  2.7642907E-11  2.6417608E-11

  Flux (Part/sr/GeV/cmq/pr):

  4.6845702E+08 +/-    4.475143     %   4.6377507E+08 +/-   0.5392015     % 
  1.8511202E+08 +/-   8.5760325E-02 % 

  Flux (Part/deg/GeV/cmq/pr):

   458264.6     +/-    4.475143     %    4487655.     +/-   0.5392015     % 
  1.4197423E+07 +/-   8.5760325E-02 % 

  Energy interval (GeV):  2.6417608E-11  2.5246624E-11

  Flux (Part/sr/GeV/cmq/pr):

  4.8079114E+08 +/-    4.611454     %   4.5322877E+08 +/-   0.4653087     % 
  1.8186517E+08 +/-   8.7878443E-02 % 

  Flux (Part/deg/GeV/cmq/pr):

   470330.4     +/-    4.611454     %    4385605.     +/-   0.4653087     % 
  1.3948401E+07 +/-   8.7878443E-02 % 

  Energy interval (GeV):  2.5246624E-11  2.4127544E-11

  Flux (Part/sr/GeV/cmq/pr):

  4.4500778E+08 +/-    4.476287     %   4.4569578E+08 +/-   0.5478185     % 
  1.7779013E+08 +/-   8.8039666E-02 % 

  Flux (Part/deg/GeV/cmq/pr):

   435325.6     +/-    4.476287     %    4312713.     +/-   0.5478185     % 
  1.3635860E+07 +/-   8.8039666E-02 % 

  Energy interval (GeV):  2.4127544E-11  2.3058068E-11

  Flux (Part/sr/GeV/cmq/pr):

  4.2544150E+08 +/-    4.101315     %   4.2996602E+08 +/-   0.5577341     % 
  1.7349475E+08 +/-   8.4958024E-02 % 

  Flux (Part/deg/GeV/cmq/pr):

   416185.0     +/-    4.101315     %    4160506.     +/-   0.5577341     % 
  1.3306420E+07 +/-   8.4958024E-02 % 

  Energy interval (GeV):  2.3058068E-11  2.2035996E-11

  Flux (Part/sr/GeV/cmq/pr):

  4.1973571E+08 +/-    4.895105     %   4.2029392E+08 +/-   0.5589987     % 
  1.6923426E+08 +/-   9.2436530E-02 % 

  Flux (Part/deg/GeV/cmq/pr):

   410603.3     +/-    4.895105     %    4066916.     +/-   0.5589987     % 
  1.2979656E+07 +/-   9.2436530E-02 % 

  Energy interval (GeV):  2.2035996E-11  2.1059231E-11

  Flux (Part/sr/GeV/cmq/pr):

  3.9620486E+08 +/-    5.266912     %   4.1057859E+08 +/-   0.5552143     % 
  1.6518555E+08 +/-   0.1024138     % 

  Flux (Part/deg/GeV/cmq/pr):

   387584.5     +/-    5.266912     %    3972907.     +/-   0.5552143     % 
  1.2669134E+07 +/-   0.1024138     % 

  Energy interval (GeV):  2.1059231E-11  2.0125762E-11

  Flux (Part/sr/GeV/cmq/pr):

  4.1565283E+08 +/-    6.390022     %   3.9548547E+08 +/-   0.5691735     % 
  1.6031568E+08 +/-   0.1177703     % 

  Flux (Part/deg/GeV/cmq/pr):

   406609.3     +/-    6.390022     %    3826860.     +/-   0.5691735     % 
  1.2295633E+07 +/-   0.1177703     % 

  Energy interval (GeV):  2.0125762E-11  1.9233670E-11

  Flux (Part/sr/GeV/cmq/pr):

  4.0018189E+08 +/-    5.360116     %   3.8683126E+08 +/-   0.5015127     % 
  1.5553112E+08 +/-   0.1116691     % 

  Flux (Part/deg/GeV/cmq/pr):

   391475.0     +/-    5.360116     %    3743119.     +/-   0.5015127     % 
  1.1928675E+07 +/-   0.1116691     % 

  Energy interval (GeV):  1.9233670E-11  1.8381118E-11

  Flux (Part/sr/GeV/cmq/pr):

  3.9997587E+08 +/-    5.157313     %   3.7294166E+08 +/-   0.5998397     % 
  1.5068310E+08 +/-   0.1192676     % 

  Flux (Part/deg/GeV/cmq/pr):

   391273.4     +/-    5.157313     %    3608718.     +/-   0.5998397     % 
  1.1556849E+07 +/-   0.1192676     % 

  Energy interval (GeV):  1.8381118E-11  1.7566360E-11

  Flux (Part/sr/GeV/cmq/pr):

  3.7311542E+08 +/-    5.490823     %   3.6883386E+08 +/-   0.6802453     % 
  1.4613926E+08 +/-   0.1194336     % 

  Flux (Part/deg/GeV/cmq/pr):

   364997.4     +/-    5.490823     %    3568970.     +/-   0.6802453     % 
  1.1208353E+07 +/-   0.1194336     % 

  Energy interval (GeV):  1.7566360E-11  1.6787717E-11

  Flux (Part/sr/GeV/cmq/pr):

  3.1978579E+08 +/-    6.644460     %   3.4710080E+08 +/-   0.7380695     % 
  1.4111536E+08 +/-   0.1149186     % 

  Flux (Part/deg/GeV/cmq/pr):

   312828.1     +/-    6.644460     %    3358673.     +/-   0.7380695     % 
  1.0823037E+07 +/-   0.1149186     % 

  Energy interval (GeV):  1.6787717E-11  1.6043585E-11

  Flux (Part/sr/GeV/cmq/pr):

  3.7358963E+08 +/-    6.458652     %   3.3380470E+08 +/-   0.6728969     % 
  1.3598230E+08 +/-   0.1210308     % 

  Flux (Part/deg/GeV/cmq/pr):

   365461.3     +/-    6.458652     %    3230015.     +/-   0.6728969     % 
  1.0429351E+07 +/-   0.1210308     % 

  Energy interval (GeV):  1.6043585E-11  1.5332437E-11

  Flux (Part/sr/GeV/cmq/pr):

  3.2342086E+08 +/-    6.839709     %   3.2478083E+08 +/-   0.7592627     % 
  1.3097593E+08 +/-   0.1343671     % 

  Flux (Part/deg/GeV/cmq/pr):

   316384.1     +/-    6.839709     %    3142696.     +/-   0.7592627     % 
  1.0045380E+07 +/-   0.1343671     % 

  Energy interval (GeV):  1.5332437E-11  1.4652814E-11

  Flux (Part/sr/GeV/cmq/pr):

  3.1340797E+08 +/-    7.627475     %   3.1442739E+08 +/-   0.7865104     % 
  1.2588831E+08 +/-   0.1343495     % 

  Flux (Part/deg/GeV/cmq/pr):

   306589.0     +/-    7.627475     %    3042513.     +/-   0.7865104     % 
   9655178.     +/-   0.1343495     % 

  Energy interval (GeV):  1.4652814E-11  1.4003314E-11

  Flux (Part/sr/GeV/cmq/pr):

  3.1100829E+08 +/-    7.897631     %   2.9657229E+08 +/-   0.9305464     % 
  1.2158292E+08 +/-   0.1603184     % 

  Flux (Part/deg/GeV/cmq/pr):

   304241.6     +/-    7.897631     %    2869740.     +/-   0.9305464     % 
   9324970.     +/-   0.1603184     % 

  Energy interval (GeV):  1.4003314E-11  1.3382605E-11

  Flux (Part/sr/GeV/cmq/pr):

  2.5293589E+08 +/-    7.479370     %   2.8251856E+08 +/-   0.9080935     % 
  1.1645256E+08 +/-   0.1483666     % 

  Flux (Part/deg/GeV/cmq/pr):

   247432.7     +/-    7.479370     %    2733752.     +/-   0.9080935     % 
   8931490.     +/-   0.1483666     % 

  Energy interval (GeV):  1.3382605E-11  1.2789408E-11

  Flux (Part/sr/GeV/cmq/pr):

  2.7141062E+08 +/-    7.433260     %   2.7604336E+08 +/-   0.6878444     % 
  1.1181593E+08 +/-   0.1584545     % 

  Flux (Part/deg/GeV/cmq/pr):

   265505.4     +/-    7.433260     %    2671095.     +/-   0.6878444     % 
   8575877.     +/-   0.1584545     % 

  Energy interval (GeV):  1.2789408E-11  1.2222506E-11

  Flux (Part/sr/GeV/cmq/pr):

  2.8399917E+08 +/-    7.588904     %   2.6198150E+08 +/-   0.9299518     % 
  1.0742388E+08 +/-   0.1691377     % 

  Flux (Part/deg/GeV/cmq/pr):

   277820.1     +/-    7.588904     %    2535028.     +/-   0.9299518     % 
   8239023.     +/-   0.1691377     % 

  Energy interval (GeV):  1.2222506E-11  1.1680732E-11

  Flux (Part/sr/GeV/cmq/pr):

  2.6025586E+08 +/-    8.379181     %   2.5651594E+08 +/-    1.012435     % 
  1.0314908E+08 +/-   0.1658235     % 

  Flux (Part/deg/GeV/cmq/pr):

   254593.4     +/-    8.379181     %    2482141.     +/-    1.012435     % 
   7911162.     +/-   0.1658235     % 

  Energy interval (GeV):  1.1680732E-11  1.1162973E-11

  Flux (Part/sr/GeV/cmq/pr):

  2.5494442E+08 +/-    9.129090     %   2.4139211E+08 +/-   0.9607906     % 
  9.9079104E+07 +/-   0.1882804     % 

  Flux (Part/deg/GeV/cmq/pr):

   249397.5     +/-    9.129090     %    2335797.     +/-   0.9607906     % 
   7599009.     +/-   0.1882804     % 

  Energy interval (GeV):  1.1162973E-11  1.0668163E-11

  Flux (Part/sr/GeV/cmq/pr):

  2.2432866E+08 +/-    9.573283     %   2.3474550E+08 +/-   0.8947417     % 
  9.4866072E+07 +/-   0.1954461     % 

  Flux (Part/deg/GeV/cmq/pr):

   219447.8     +/-    9.573283     %    2271482.     +/-   0.8947417     % 
   7275884.     +/-   0.1954461     % 

  Energy interval (GeV):  1.0668163E-11  1.0195288E-11

  Flux (Part/sr/GeV/cmq/pr):

  2.0089798E+08 +/-    10.82769     %   2.2544994E+08 +/-    1.161246     % 
  9.1163712E+07 +/-   0.1843823     % 

  Flux (Part/deg/GeV/cmq/pr):

   196527.0     +/-    10.82769     %    2181535.     +/-    1.161246     % 
   6991926.     +/-   0.1843823     % 

  Energy interval (GeV):  1.0195288E-11  9.7433719E-12

  Flux (Part/sr/GeV/cmq/pr):

  2.4783360E+08 +/-    9.520427     %   2.0981109E+08 +/-    1.109596     % 
  8.6887424E+07 +/-   0.1972715     % 

  Flux (Part/deg/GeV/cmq/pr):

   242441.4     +/-    9.520427     %    2030208.     +/-    1.109596     % 
   6663951.     +/-   0.1972715     % 

  Energy interval (GeV):  9.7433719E-12  9.3114891E-12

  Flux (Part/sr/GeV/cmq/pr):

  1.9681187E+08 +/-    11.63025     %   2.0705808E+08 +/-    1.239852     % 
  8.3336928E+07 +/-   0.2223579     % 

  Flux (Part/deg/GeV/cmq/pr):

   192529.8     +/-    11.63025     %    2003569.     +/-    1.239852     % 
   6391641.     +/-   0.2223579     % 

  Energy interval (GeV):  9.3114891E-12  8.8987481E-12

  Flux (Part/sr/GeV/cmq/pr):

  1.8655774E+08 +/-    10.58053     %   1.9706661E+08 +/-    1.310507     % 
  7.9707944E+07 +/-   0.2210414     % 

  Flux (Part/deg/GeV/cmq/pr):

   182498.7     +/-    10.58053     %    1906888.     +/-    1.310507     % 
   6113311.     +/-   0.2210414     % 

  Energy interval (GeV):  8.8987481E-12  8.5043032E-12

  Flux (Part/sr/GeV/cmq/pr):

  1.9774584E+08 +/-    11.31837     %   1.9059402E+08 +/-    1.273348     % 
  7.6278576E+07 +/-   0.2470596     % 

  Flux (Part/deg/GeV/cmq/pr):

   193443.4     +/-    11.31837     %    1844256.     +/-    1.273348     % 
   5850291.     +/-   0.2470596     % 

  Energy interval (GeV):  8.5043032E-12  8.1273417E-12

  Flux (Part/sr/GeV/cmq/pr):

  1.9100093E+08 +/-    12.18185     %   1.7902974E+08 +/-    1.421192     % 
  7.3038640E+07 +/-   0.2272197     % 

  Flux (Part/deg/GeV/cmq/pr):

   186845.2     +/-    12.18185     %    1732356.     +/-    1.421192     % 
   5601800.     +/-   0.2272197     % 

  Energy interval (GeV):  8.1273417E-12  7.7670908E-12

  Flux (Part/sr/GeV/cmq/pr):

  1.3046409E+08 +/-    14.33033     %   1.6871362E+08 +/-    1.411996     % 
  7.0060248E+07 +/-   0.2465948     % 

  Flux (Part/deg/GeV/cmq/pr):

   127625.5     +/-    14.33033     %    1632534.     +/-    1.411996     % 
   5373368.     +/-   0.2465948     % 

  Energy interval (GeV):  7.7670908E-12  7.4228054E-12

  Flux (Part/sr/GeV/cmq/pr):

  1.5975190E+08 +/-    14.00631     %   1.5980163E+08 +/-    1.644073     % 
  6.6690572E+07 +/-   0.2609480     % 

  Flux (Part/deg/GeV/cmq/pr):

   156276.1     +/-    14.00631     %    1546298.     +/-    1.644073     % 
   5114926.     +/-   0.2609480     % 

  Energy interval (GeV):  7.4228054E-12  7.0937835E-12

  Flux (Part/sr/GeV/cmq/pr):

  1.3980779E+08 +/-    15.88203     %   1.5579672E+08 +/-    1.536200     % 
  6.3777632E+07 +/-   0.2755502     % 

  Flux (Part/deg/GeV/cmq/pr):

   136765.9     +/-    15.88203     %    1507545.     +/-    1.536200     % 
   4891514.     +/-   0.2755502     % 

  Energy interval (GeV):  7.0937835E-12  6.7793457E-12

  Flux (Part/sr/GeV/cmq/pr):

  1.3039099E+08 +/-    15.54023     %   1.4693187E+08 +/-    1.676301     % 
  6.0729872E+07 +/-   0.3184818     % 

  Flux (Part/deg/GeV/cmq/pr):

   127554.0     +/-    15.54023     %    1421766.     +/-    1.676301     % 
   4657762.     +/-   0.3184818     % 

  Energy interval (GeV):  6.7793457E-12  6.4788452E-12

  Flux (Part/sr/GeV/cmq/pr):

  1.7304429E+08 +/-    12.95962     %   1.4435026E+08 +/-    1.636713     % 
  5.8213220E+07 +/-   0.3233297     % 

  Flux (Part/deg/GeV/cmq/pr):

   169279.3     +/-    12.95962     %    1396785.     +/-    1.636713     % 
   4464744.     +/-   0.3233297     % 

  Energy interval (GeV):  6.4788452E-12  6.1916639E-12

  Flux (Part/sr/GeV/cmq/pr):

  1.3928493E+08 +/-    15.07557     %   1.3711994E+08 +/-    2.109023     % 
  5.5721996E+07 +/-   0.3242542     % 

  Flux (Part/deg/GeV/cmq/pr):

   136254.5     +/-    15.07557     %    1326822.     +/-    2.109023     % 
   4273676.     +/-   0.3242542     % 

  Energy interval (GeV):  6.1916639E-12  5.9172129E-12

  Flux (Part/sr/GeV/cmq/pr):

  1.4210158E+08 +/-    16.65919     %   1.2960668E+08 +/-    1.689195     % 
  5.3265596E+07 +/-   0.3208926     % 

  Flux (Part/deg/GeV/cmq/pr):

   139009.8     +/-    16.65919     %    1254121.     +/-    1.689195     % 
   4085278.     +/-   0.3208926     % 

  Energy interval (GeV):  5.9172129E-12  5.6549270E-12

  Flux (Part/sr/GeV/cmq/pr):

  1.1437886E+08 +/-    18.65271     %   1.2412172E+08 +/-    2.222553     % 
  5.0820352E+07 +/-   0.3033200     % 

  Flux (Part/deg/GeV/cmq/pr):

   111890.3     +/-    18.65271     %    1201046.     +/-    2.222553     % 
   3897737.     +/-   0.3033200     % 

  Energy interval (GeV):  5.6549270E-12  5.4042669E-12

  Flux (Part/sr/GeV/cmq/pr):

  1.0372610E+08 +/-    17.81502     %   1.1611606E+08 +/-    2.190540     % 
  4.8953260E+07 +/-   0.3830787     % 

  Flux (Part/deg/GeV/cmq/pr):

   101469.3     +/-    17.81502     %    1123581.     +/-    2.190540     % 
   3754538.     +/-   0.3830787     % 

  Energy interval (GeV):  5.4042669E-12  5.1647176E-12

  Flux (Part/sr/GeV/cmq/pr):

  1.7950368E+08 +/-    15.23911     %   1.2059501E+08 +/-    2.042712     % 
  4.6955716E+07 +/-   0.4602758     % 

  Flux (Part/deg/GeV/cmq/pr):

   175598.2     +/-    15.23911     %    1166921.     +/-    2.042712     % 
   3601334.     +/-   0.4602758     % 

  Energy interval (GeV):  5.1647176E-12  4.9357870E-12

  Flux (Part/sr/GeV/cmq/pr):

  8.2994384E+07 +/-    22.05863     %   1.1000326E+08 +/-    2.287565     % 
  4.4617564E+07 +/-   0.3928099     % 

  Flux (Part/deg/GeV/cmq/pr):

   81188.64     +/-    22.05863     %    1064431.     +/-    2.287565     % 
   3422006.     +/-   0.3928099     % 

  Energy interval (GeV):  4.9357870E-12  4.7170041E-12

  Flux (Part/sr/GeV/cmq/pr):

  1.2798037E+08 +/-    19.04762     %   1.0406791E+08 +/-    2.041909     % 
  4.2567112E+07 +/-   0.4410536     % 

  Flux (Part/deg/GeV/cmq/pr):

   125195.8     +/-    19.04762     %    1006999.     +/-    2.041909     % 
   3264744.     +/-   0.4410536     % 

  Energy interval (GeV):  4.7170041E-12  4.5079183E-12

  Flux (Part/sr/GeV/cmq/pr):

  9.5654520E+07 +/-    22.47333     %   1.0040074E+08 +/-    2.479127     % 
  4.0421656E+07 +/-   0.5472604     % 

  Flux (Part/deg/GeV/cmq/pr):

   93573.33     +/-    22.47333     %    971513.8     +/-    2.479127     % 
   3100195.     +/-   0.5472604     % 

  Energy interval (GeV):  4.5079183E-12  4.3081003E-12

  Flux (Part/sr/GeV/cmq/pr):

  7.5068368E+07 +/-    30.52110     %   9.4315168E+07 +/-    3.205211     % 
  3.8540600E+07 +/-   0.4746488     % 

  Flux (Part/deg/GeV/cmq/pr):

   73435.07     +/-    30.52110     %    912627.6     +/-    3.205211     % 
   2955925.     +/-   0.4746488     % 

  Energy interval (GeV):  4.3081003E-12  4.1171402E-12

  Flux (Part/sr/GeV/cmq/pr):

  1.0473357E+08 +/-    22.47333     %   9.1329776E+07 +/-    2.865631     % 
  3.6675800E+07 +/-   0.5094211     % 

  Flux (Part/deg/GeV/cmq/pr):

   102454.8     +/-    22.47333     %    883739.9     +/-    2.865631     % 
   2812901.     +/-   0.5094211     % 

  Energy interval (GeV):  4.1171402E-12  3.9346443E-12

  Flux (Part/sr/GeV/cmq/pr):

  7.1234352E+07 +/-    25.99982     %   9.0174928E+07 +/-    3.356743     % 
  3.5110660E+07 +/-   0.5445295     % 

  Flux (Part/deg/GeV/cmq/pr):

   69684.48     +/-    25.99982     %    872565.1     +/-    3.356743     % 
   2692860.     +/-   0.5445295     % 

  Energy interval (GeV):  3.9346443E-12  3.7602378E-12

  Flux (Part/sr/GeV/cmq/pr):

  6.8804616E+07 +/-    27.21655     %   7.8240456E+07 +/-    3.089386     % 
  3.3654144E+07 +/-   0.4624024     % 

  Flux (Part/deg/GeV/cmq/pr):

   67307.60     +/-    27.21655     %    757082.9     +/-    3.089386     % 
   2581151.     +/-   0.4624024     % 

  Energy interval (GeV):  3.7602378E-12  3.5935612E-12

  Flux (Part/sr/GeV/cmq/pr):

  7.7995552E+07 +/-    25.99982     %   8.2022704E+07 +/-    3.042190     % 
  3.1925096E+07 +/-   0.5411146     % 

  Flux (Part/deg/GeV/cmq/pr):

   76298.57     +/-    25.99982     %    793681.3     +/-    3.042190     % 
   2448540.     +/-   0.5411146     % 

  Energy interval (GeV):  3.5935612E-12  3.4342735E-12

  Flux (Part/sr/GeV/cmq/pr):

  8.1613128E+07 +/-    25.99982     %   6.8501232E+07 +/-    3.448900     % 
  3.0470232E+07 +/-   0.5458850     % 

  Flux (Part/deg/GeV/cmq/pr):

   79837.44     +/-    25.99982     %    662842.6     +/-    3.448900     % 
   2336956.     +/-   0.5458850     % 

  Energy interval (GeV):  3.4342735E-12  3.2820465E-12

  Flux (Part/sr/GeV/cmq/pr):

  3.2845578E+07 +/-    43.80858     %   7.0419456E+07 +/-    3.561189     % 
  2.9273394E+07 +/-   0.5427181     % 

  Flux (Part/deg/GeV/cmq/pr):

   32130.94     +/-    43.80858     %    681404.1     +/-    3.561189     % 
   2245164.     +/-   0.5427181     % 

  Energy interval (GeV):  3.2820465E-12  3.1365667E-12

  Flux (Part/sr/GeV/cmq/pr):

  6.1864224E+07 +/-    31.95817     %   6.0336156E+07 +/-    3.391081     % 
  2.7512192E+07 +/-   0.5800439     % 

  Flux (Part/deg/GeV/cmq/pr):

   60518.22     +/-    31.95817     %    583834.4     +/-    3.391081     % 
   2110086.     +/-   0.5800439     % 

  Energy interval (GeV):  3.1365667E-12  2.9975354E-12

  Flux (Part/sr/GeV/cmq/pr):

  4.3155736E+07 +/-    46.29966     %   6.4053648E+07 +/-    4.432460     % 
  2.6054468E+07 +/-   0.6152766     % 

  Flux (Part/deg/GeV/cmq/pr):

   42216.78     +/-    46.29966     %    619806.2     +/-    4.432460     % 
   1998284.     +/-   0.6152766     % 

  Energy interval (GeV):  2.9975354E-12  2.8646668E-12

  Flux (Part/sr/GeV/cmq/pr):

  3.7631148E+07 +/-    43.80858     %   5.7600748E+07 +/-    3.945611     % 
  2.4653456E+07 +/-   0.8162605     % 

  Flux (Part/deg/GeV/cmq/pr):

   36812.39     +/-    43.80858     %    557365.6     +/-    3.945611     % 
   1890831.     +/-   0.8162605     % 

  Energy interval (GeV):  2.8646668E-12  2.7376881E-12

  Flux (Part/sr/GeV/cmq/pr):

  6.3002480E+07 +/-    34.08249     %   5.7857456E+07 +/-    4.262671     % 
  2.3665592E+07 +/-   0.7215543     % 

  Flux (Part/deg/GeV/cmq/pr):

   61631.71     +/-    34.08249     %    559849.6     +/-    4.262671     % 
   1815065.     +/-   0.7215543     % 

  Energy interval (GeV):  2.7376881E-12  2.6163375E-12

  Flux (Part/sr/GeV/cmq/pr):

  4.1202908E+07 +/-    43.80858     %   5.4855404E+07 +/-    4.392955     % 
  2.2542350E+07 +/-   0.8912024     % 

  Flux (Part/deg/GeV/cmq/pr):

   40306.44     +/-    43.80858     %    530800.7     +/-    4.392955     % 
   1728917.     +/-   0.8912024     % 

  Energy interval (GeV):  2.6163375E-12  2.5003658E-12

  Flux (Part/sr/GeV/cmq/pr):

  2.5868384E+07 +/-    57.14887     %   5.0789368E+07 +/-    4.815018     % 
  2.1737956E+07 +/-   0.7154618     % 

  Flux (Part/deg/GeV/cmq/pr):

   25305.55     +/-    57.14887     %    491456.3     +/-    4.815018     % 
   1667223.     +/-   0.7154618     % 

  Energy interval (GeV):  2.5003658E-12  2.3895350E-12

  Flux (Part/sr/GeV/cmq/pr):

  3.6090944E+07 +/-    49.23660     %   4.9110196E+07 +/-    4.396304     % 
  2.0410498E+07 +/-   0.8533383     % 

  Flux (Part/deg/GeV/cmq/pr):

   35305.70     +/-    49.23660     %    475208.0     +/-    4.396304     % 
   1565412.     +/-   0.8533383     % 

  Energy interval (GeV):  2.3895350E-12  2.2836167E-12

  Flux (Part/sr/GeV/cmq/pr):

  9.4412272E+07 +/-    33.33333     %   4.4391528E+07 +/-    5.180134     % 
  1.9809488E+07 +/-   0.9482685     % 

  Flux (Part/deg/GeV/cmq/pr):

   92358.10     +/-    33.33333     %    429548.4     +/-    5.180134     % 
   1519316.     +/-   0.9482685     % 

  Energy interval (GeV):  2.2836167E-12  2.1823932E-12

  Flux (Part/sr/GeV/cmq/pr):

  4.9395644E+07 +/-    43.80858     %   4.0896628E+07 +/-    5.871167     % 
  1.8736194E+07 +/-   0.9806601     % 

  Flux (Part/deg/GeV/cmq/pr):

   48320.92     +/-    43.80858     %    395730.5     +/-    5.871167     % 
   1436998.     +/-   0.9806601     % 

  Energy interval (GeV):  2.1823932E-12  2.0856565E-12

  Flux (Part/sr/GeV/cmq/pr):

  5.1686704E+07 +/-    43.80858     %   4.2661408E+07 +/-    6.236432     % 
  1.7838978E+07 +/-   0.9718623     % 

  Flux (Part/deg/GeV/cmq/pr):

   50562.14     +/-    43.80858     %    412807.2     +/-    6.236432     % 
   1368185.     +/-   0.9718623     % 

  Energy interval (GeV):  2.0856565E-12  1.9932079E-12

  Flux (Part/sr/GeV/cmq/pr):

  7.5717648E+07 +/-    36.63320     %   4.1737824E+07 +/-    6.008383     % 
  1.6849610E+07 +/-    1.104979     % 

  Flux (Part/deg/GeV/cmq/pr):

   74070.23     +/-    36.63320     %    403870.2     +/-    6.008383     % 
   1292304.     +/-    1.104979     % 

  Energy interval (GeV):  1.9932079E-12  1.9048571E-12

  Flux (Part/sr/GeV/cmq/pr):

  6.7911056E+07 +/-    39.78054     %   3.7455260E+07 +/-    6.921909     % 
  1.6399647E+07 +/-    1.036003     % 

  Flux (Part/deg/GeV/cmq/pr):

   66433.48     +/-    39.78054     %    362430.6     +/-    6.921909     % 
   1257794.     +/-    1.036003     % 

  Energy interval (GeV):  1.9048571E-12  1.8204227E-12

  Flux (Part/sr/GeV/cmq/pr):

  3.5530448E+07 +/-    57.14887     %   3.9495148E+07 +/-    5.682780     % 
  1.5407801E+07 +/-    1.019931     % 

  Flux (Part/deg/GeV/cmq/pr):

   34757.40     +/-    57.14887     %    382169.3     +/-    5.682780     % 
   1181723.     +/-    1.019931     % 

  Energy interval (GeV):  1.8204227E-12  1.7397304E-12

  Flux (Part/sr/GeV/cmq/pr):

  2.4785610E+07 +/-    70.35265     %   3.6576776E+07 +/-    6.081652     % 
  1.4624261E+07 +/-    1.207967     % 

  Flux (Part/deg/GeV/cmq/pr):

   24246.34     +/-    70.35265     %    353930.1     +/-    6.081652     % 
   1121628.     +/-    1.207967     % 

  Energy interval (GeV):  1.7397304E-12  1.6626154E-12

  Flux (Part/sr/GeV/cmq/pr):

  3.8902816E+07 +/-    57.14887     %   3.4131148E+07 +/-    7.951735     % 
  1.3824770E+07 +/-    1.346338     % 

  Flux (Part/deg/GeV/cmq/pr):

   38056.39     +/-    57.14887     %    330265.3     +/-    7.951735     % 
   1060310.     +/-    1.346338     % 

  Energy interval (GeV):  1.6626154E-12  1.5889184E-12

  Flux (Part/sr/GeV/cmq/pr):

  4.0707204E+07 +/-    57.14887     %   3.2766922E+07 +/-    7.402634     % 
  1.3457700E+07 +/-    1.404820     % 

  Flux (Part/deg/GeV/cmq/pr):

   39821.52     +/-    57.14887     %    317064.6     +/-    7.402634     % 
   1032157.     +/-    1.404820     % 

  Energy interval (GeV):  1.5889184E-12  1.5184882E-12

  Flux (Part/sr/GeV/cmq/pr):

  4.2595280E+07 +/-    57.14887     %   3.1565546E+07 +/-    6.912980     % 
  1.2582845E+07 +/-    1.378898     % 

  Flux (Part/deg/GeV/cmq/pr):

   41668.52     +/-    57.14887     %    305439.6     +/-    6.912980     % 
   965058.7     +/-    1.378898     % 

  Energy interval (GeV):  1.5184882E-12  1.4511799E-12

  Flux (Part/sr/GeV/cmq/pr):

  1.4856975E+07 +/-    99.00000     %   3.2649962E+07 +/-    7.112453     % 
  1.2155866E+07 +/-    1.287785     % 

  Flux (Part/deg/GeV/cmq/pr):

   14533.73     +/-    99.00000     %    315932.8     +/-    7.112453     % 
   932311.0     +/-    1.287785     % 

  Energy interval (GeV):  1.4511799E-12  1.3868550E-12

  Flux (Part/sr/GeV/cmq/pr):

  3.1092140E+07 +/-    70.35265     %   2.6616396E+07 +/-    9.138041     % 
  1.1847643E+07 +/-    1.310406     % 

  Flux (Part/deg/GeV/cmq/pr):

   30415.65     +/-    70.35265     %    257549.8     +/-    9.138041     % 
   908671.4     +/-    1.310406     % 

  Energy interval (GeV):  1.3868550E-12  1.3253813E-12

  Flux (Part/sr/GeV/cmq/pr):

  1.6267124E+07 +/-    99.00000     %   2.6188172E+07 +/-    9.546496     % 
  1.1510898E+07 +/-    1.699547     % 

  Flux (Part/deg/GeV/cmq/pr):

   15913.19     +/-    99.00000     %    253406.2     +/-    9.546496     % 
   882844.2     +/-    1.699547     % 

  Energy interval (GeV):  1.3253813E-12  1.2666326E-12

  Flux (Part/sr/GeV/cmq/pr):

   0.000000     +/-    0.000000     %   2.4140586E+07 +/-    9.312831     % 
  1.0733312E+07 +/-    1.491981     % 

  Flux (Part/deg/GeV/cmq/pr):

   0.000000     +/-    0.000000     %    233593.0     +/-    9.312831     % 
   823206.2     +/-    1.491981     % 

  Energy interval (GeV):  1.2666326E-12  1.2104879E-12

  Flux (Part/sr/GeV/cmq/pr):

  5.3433356E+07 +/-    57.14887     %   2.2301860E+07 +/-    10.85145     % 
  1.0140183E+07 +/-    1.839659     % 

  Flux (Part/deg/GeV/cmq/pr):

   52270.78     +/-    57.14887     %    215800.8     +/-    10.85145     % 
   777715.4     +/-    1.839659     % 

  Energy interval (GeV):  1.2104879E-12  1.1568319E-12

  Flux (Part/sr/GeV/cmq/pr):

  1.8637232E+07 +/-    99.00000     %   2.1907512E+07 +/-    10.99836     % 
   9880505.     +/-    1.707341     % 

  Flux (Part/deg/GeV/cmq/pr):

   18231.73     +/-    99.00000     %    211985.0     +/-    10.99836     % 
   757799.0     +/-    1.707341     % 

  Energy interval (GeV):  1.1568319E-12  1.1055543E-12

  Flux (Part/sr/GeV/cmq/pr):

   0.000000     +/-    0.000000     %   1.9435244E+07 +/-    12.43663     % 
   8955667.     +/-    2.111605     % 

  Flux (Part/deg/GeV/cmq/pr):

   0.000000     +/-    0.000000     %    188062.4     +/-    12.43663     % 
   686867.2     +/-    2.111605     % 

  Energy interval (GeV):  1.1055543E-12  1.0565496E-12

  Flux (Part/sr/GeV/cmq/pr):

  2.0406184E+07 +/-    99.00000     %   2.1640322E+07 +/-    10.28258     % 
   8686885.     +/-    2.050109     % 

  Flux (Part/deg/GeV/cmq/pr):

   19962.20     +/-    99.00000     %    209399.6     +/-    10.28258     % 
   666252.7     +/-    2.050109     % 

  Energy interval (GeV):  1.0565496E-12  1.0097170E-12

  Flux (Part/sr/GeV/cmq/pr):

  2.1352660E+07 +/-    99.00000     %   1.8006104E+07 +/-    11.23563     % 
   8160512.     +/-    2.035805     % 

  Flux (Part/deg/GeV/cmq/pr):

   20888.08     +/-    99.00000     %    174233.6     +/-    11.23563     % 
   625881.8     +/-    2.035805     % 

  Energy interval (GeV):  1.0097170E-12  9.6496042E-13

  Flux (Part/sr/GeV/cmq/pr):

  2.2343034E+07 +/-    99.00000     %   1.9983154E+07 +/-    12.26721     % 
   7566624.     +/-    2.199938     % 

  Flux (Part/deg/GeV/cmq/pr):

   21856.91     +/-    99.00000     %    193364.2     +/-    12.26721     % 
   580332.6     +/-    2.199938     % 

  Energy interval (GeV):  9.6496042E-13  9.2218778E-13

  Flux (Part/sr/GeV/cmq/pr):

   0.000000     +/-    0.000000     %   1.7922866E+07 +/-    15.16834     % 
   7653784.     +/-    2.211586     % 

  Flux (Part/deg/GeV/cmq/pr):

   0.000000     +/-    0.000000     %    173428.1     +/-    15.16834     % 
   587017.6     +/-    2.211586     % 

  Energy interval (GeV):  9.2218778E-13  8.8131092E-13

  Flux (Part/sr/GeV/cmq/pr):

  2.4463724E+07 +/-    99.00000     %   1.4690760E+07 +/-    14.00760     % 
   7212240.     +/-    2.800080     % 

  Flux (Part/deg/GeV/cmq/pr):

   23931.46     +/-    99.00000     %    142153.1     +/-    14.00760     % 
   553152.8     +/-    2.800080     % 

  Energy interval (GeV):  8.8131092E-13  8.4224592E-13

  Flux (Part/sr/GeV/cmq/pr):

  2.5598398E+07 +/-    99.00000     %   1.6353345E+07 +/-    13.18095     % 
   6874192.     +/-    2.447825     % 

  Flux (Part/deg/GeV/cmq/pr):

   25041.44     +/-    99.00000     %    158240.9     +/-    13.18095     % 
   527225.7     +/-    2.447825     % 

  Energy interval (GeV):  8.4224592E-13  8.0491267E-13

  Flux (Part/sr/GeV/cmq/pr):

   0.000000     +/-    0.000000     %   1.4716186E+07 +/-    14.50443     % 
   6696512.     +/-    2.279049     % 

  Flux (Part/deg/GeV/cmq/pr):

   0.000000     +/-    0.000000     %    142399.1     +/-    14.50443     % 
   513598.2     +/-    2.279049     % 

  Energy interval (GeV):  8.0491267E-13  7.6923418E-13

  Flux (Part/sr/GeV/cmq/pr):

  5.6056136E+07 +/-    70.35265     %   1.3608197E+07 +/-    16.63516     % 
   6234564.     +/-    2.913153     % 

  Flux (Part/deg/GeV/cmq/pr):

   54836.50     +/-    70.35265     %    131677.8     +/-    16.63516     % 
   478168.6     +/-    2.913153     % 

  Energy interval (GeV):  7.6923418E-13  7.3513721E-13

  Flux (Part/sr/GeV/cmq/pr):

   0.000000     +/-    0.000000     %   1.2740490E+07 +/-    16.30894     % 
   5795724.     +/-    3.241192     % 

  Flux (Part/deg/GeV/cmq/pr):

   0.000000     +/-    0.000000     %    123281.6     +/-    16.30894     % 
   444511.1     +/-    3.241192     % 

  Energy interval (GeV):  7.3513721E-13  7.0255157E-13

  Flux (Part/sr/GeV/cmq/pr):

  3.0688350E+07 +/-    99.00000     %   1.4899818E+07 +/-    15.32180     % 
   5500628.     +/-    3.081664     % 

  Flux (Part/deg/GeV/cmq/pr):

   30020.65     +/-    99.00000     %    144176.0     +/-    15.32180     % 
   421878.2     +/-    3.081664     % 

  Energy interval (GeV):  7.0255157E-13  6.7141030E-13

  Flux (Part/sr/GeV/cmq/pr):

  3.2111734E+07 +/-    99.00000     %   1.0257171E+07 +/-    21.55566     % 
   5362378.     +/-    2.721580     % 

  Flux (Part/deg/GeV/cmq/pr):

   31413.07     +/-    99.00000     %    99252.09     +/-    21.55566     % 
   411275.0     +/-    2.721580     % 

  Energy interval (GeV):  6.7141030E-13  6.4164944E-13

  Flux (Part/sr/GeV/cmq/pr):

  6.7202272E+07 +/-    70.35265     %   1.2879500E+07 +/-    18.65271     % 
   4934080.     +/-    2.812228     % 

  Flux (Part/deg/GeV/cmq/pr):

   65740.12     +/-    70.35265     %    124626.7     +/-    18.65271     % 
   378426.1     +/-    2.812228     % 

  Energy interval (GeV):  6.4164944E-13  6.1320778E-13

  Flux (Part/sr/GeV/cmq/pr):

   0.000000     +/-    0.000000     %   1.0781501E+07 +/-    23.02831     % 
   4771886.     +/-    3.545628     % 

  Flux (Part/deg/GeV/cmq/pr):

   0.000000     +/-    0.000000     %    104325.7     +/-    23.02831     % 
   365986.4     +/-    3.545628     % 

  Energy interval (GeV):  6.1320778E-13  5.8602672E-13

  Flux (Part/sr/GeV/cmq/pr):

   0.000000     +/-    0.000000     %   1.3161828E+07 +/-    19.71243     % 
   4186710.     +/-    3.622802     % 

  Flux (Part/deg/GeV/cmq/pr):

   0.000000     +/-    0.000000     %    127358.6     +/-    19.71243     % 
   321105.6     +/-    3.622802     % 

  Energy interval (GeV):  5.8602672E-13  5.6005060E-13

  Flux (Part/sr/GeV/cmq/pr):

   0.000000     +/-    0.000000     %    9345487.     +/-    22.05863     % 
   4418129.     +/-    3.263628     % 

  Flux (Part/deg/GeV/cmq/pr):

   0.000000     +/-    0.000000     %    90430.31     +/-    22.05863     % 
   338854.5     +/-    3.263628     % 

  Energy interval (GeV):  5.6005060E-13  5.3522584E-13

  Flux (Part/sr/GeV/cmq/pr):

   0.000000     +/-    0.000000     %    8234904.     +/-    26.23226     % 
   4045169.     +/-    4.002971     % 

  Flux (Part/deg/GeV/cmq/pr):

   0.000000     +/-    0.000000     %    79683.90     +/-    26.23226     % 
   310249.8     +/-    4.002971     % 

  Energy interval (GeV):  5.3522584E-13  5.1150143E-13

  Flux (Part/sr/GeV/cmq/pr):

   0.000000     +/-    0.000000     %   1.1309621E+07 +/-    20.63492     % 
   3682460.     +/-    3.846795     % 

  Flux (Part/deg/GeV/cmq/pr):

   0.000000     +/-    0.000000     %    109436.0     +/-    20.63492     % 
   282431.4     +/-    3.846795     % 

  Energy interval (GeV):  5.1150143E-13  4.8882865E-13

  Flux (Part/sr/GeV/cmq/pr):

   0.000000     +/-    0.000000     %    7325922.     +/-    25.99982     % 
   3718182.     +/-    4.852799     % 

  Flux (Part/deg/GeV/cmq/pr):

   0.000000     +/-    0.000000     %    70888.27     +/-    25.99982     % 
   285171.2     +/-    4.852799     % 

  Energy interval (GeV):  4.8882865E-13  4.6716087E-13

  Flux (Part/sr/GeV/cmq/pr):

   0.000000     +/-    0.000000     %    5896702.     +/-    38.92495     % 
   3280634.     +/-    4.693794     % 

  Flux (Part/deg/GeV/cmq/pr):

   0.000000     +/-    0.000000     %    57058.61     +/-    38.92495     % 
   251612.8     +/-    4.693794     % 

  Energy interval (GeV):  4.6716087E-13  4.4645356E-13

  Flux (Part/sr/GeV/cmq/pr):

   0.000000     +/-    0.000000     %    7404242.     +/-    29.68219     % 
   3261546.     +/-    5.185709     % 

  Flux (Part/deg/GeV/cmq/pr):

   0.000000     +/-    0.000000     %    71646.11     +/-    29.68219     % 
   250148.7     +/-    5.185709     % 

  Energy interval (GeV):  4.4645356E-13  4.2666410E-13

  Flux (Part/sr/GeV/cmq/pr):

   0.000000     +/-    0.000000     %    5165110.     +/-    34.08249     % 
   3021854.     +/-    5.172624     % 

  Flux (Part/deg/GeV/cmq/pr):

   0.000000     +/-    0.000000     %    49979.46     +/-    34.08249     % 
   231765.3     +/-    5.172624     % 

  Energy interval (GeV):  4.2666410E-13  4.0775174E-13

  Flux (Part/sr/GeV/cmq/pr):

   0.000000     +/-    0.000000     %    4053507.     +/-    39.78054     % 
   3093830.     +/-    5.392286     % 

  Flux (Part/deg/GeV/cmq/pr):

   0.000000     +/-    0.000000     %    39223.20     +/-    39.78054     % 
   237285.6     +/-    5.392286     % 

  Energy interval (GeV):  4.0775174E-13  3.8967779E-13

  Flux (Part/sr/GeV/cmq/pr):

   0.000000     +/-    0.000000     %   1.0603792E+07 +/-    25.73281     % 
   2844924.     +/-    5.889073     % 

  Flux (Part/deg/GeV/cmq/pr):

   0.000000     +/-    0.000000     %    102606.1     +/-    25.73281     % 
   218195.4     +/-    5.889073     % 

  Energy interval (GeV):  3.8967779E-13  3.7240499E-13

  Flux (Part/sr/GeV/cmq/pr):

   0.000000     +/-    0.000000     %    5917662.     +/-    38.43531     % 
   2780907.     +/-    6.089033     % 

  Flux (Part/deg/GeV/cmq/pr):

   0.000000     +/-    0.000000     %    57261.43     +/-    38.43531     % 
   213285.5     +/-    6.089033     % 

  Energy interval (GeV):  3.7240499E-13  3.5589782E-13

  Flux (Part/sr/GeV/cmq/pr):

   0.000000     +/-    0.000000     %    3870083.     +/-    52.22330     % 
   2607184.     +/-    6.000425     % 

  Flux (Part/deg/GeV/cmq/pr):

   0.000000     +/-    0.000000     %    37448.32     +/-    52.22330     % 
   199961.6     +/-    6.000425     % 

  Energy interval (GeV):  3.5589782E-13  3.4012230E-13

  Flux (Part/sr/GeV/cmq/pr):

   0.000000     +/-    0.000000     %    6479336.     +/-    38.43531     % 
   2421580.     +/-    5.896051     % 

  Flux (Part/deg/GeV/cmq/pr):

   0.000000     +/-    0.000000     %    62696.39     +/-    38.43531     % 
   185726.5     +/-    5.896051     % 

  Energy interval (GeV):  3.4012230E-13  3.2504609E-13

  Flux (Part/sr/GeV/cmq/pr):

   0.000000     +/-    0.000000     %    5932378.     +/-    36.63320     % 
   2448366.     +/-    6.308144     % 

  Flux (Part/deg/GeV/cmq/pr):

   0.000000     +/-    0.000000     %    57403.82     +/-    36.63320     % 
   187780.8     +/-    6.308144     % 

  Energy interval (GeV):  3.2504609E-13  3.1063813E-13

  Flux (Part/sr/GeV/cmq/pr):

   0.000000     +/-    0.000000     %    3547161.     +/-    49.23660     % 
   2080865.     +/-    6.749746     % 

  Flux (Part/deg/GeV/cmq/pr):

   0.000000     +/-    0.000000     %    34323.61     +/-    49.23660     % 
   159594.8     +/-    6.749746     % 

  Energy interval (GeV):  3.1063813E-13  2.9686878E-13

  Flux (Part/sr/GeV/cmq/pr):

   0.000000     +/-    0.000000     %    5567527.     +/-    39.78054     % 
   2165673.     +/-    7.503138     % 

  Flux (Part/deg/GeV/cmq/pr):

   0.000000     +/-    0.000000     %    53873.40     +/-    39.78054     % 
   166099.3     +/-    7.503138     % 

  Energy interval (GeV):  2.9686878E-13  2.8370980E-13

  Flux (Part/sr/GeV/cmq/pr):

   0.000000     +/-    0.000000     %    970959.9     +/-    99.00000     % 
   1947639.     +/-    8.148688     % 

  Flux (Part/deg/GeV/cmq/pr):

   0.000000     +/-    0.000000     %    9395.358     +/-    99.00000     % 
   149376.9     +/-    8.148688     % 

  Energy interval (GeV):  2.8370980E-13  2.7113411E-13

  Flux (Part/sr/GeV/cmq/pr):

   0.000000     +/-    0.000000     %    9143953.     +/-    31.95817     % 
   1999522.     +/-    7.854629     % 

  Flux (Part/deg/GeV/cmq/pr):

   0.000000     +/-    0.000000     %    88480.20     +/-    31.95817     % 
   153356.1     +/-    7.854629     % 

  Energy interval (GeV):  2.7113411E-13  2.5911586E-13

  Flux (Part/sr/GeV/cmq/pr):

  8.3206616E+07 +/-    99.00000     %    3189356.     +/-    57.14887     % 
   1891084.     +/-    8.499587     % 

  Flux (Part/deg/GeV/cmq/pr):

   81396.26     +/-    99.00000     %    30861.36     +/-    57.14887     % 
   145039.3     +/-    8.499587     % 

  Energy interval (GeV):  2.5911586E-13  2.4763031E-13

  Flux (Part/sr/GeV/cmq/pr):

   0.000000     +/-    0.000000     %    5562140.     +/-    43.80858     % 
   1978796.     +/-    7.814433     % 

  Flux (Part/deg/GeV/cmq/pr):

   0.000000     +/-    0.000000     %    53821.27     +/-    43.80858     % 
   151766.5     +/-    7.814433     % 

  Energy interval (GeV):  2.4763031E-13  2.3665385E-13

  Flux (Part/sr/GeV/cmq/pr):

   0.000000     +/-    0.000000     %    4656098.     +/-    49.23660     % 
   1527234.     +/-    9.847623     % 

  Flux (Part/deg/GeV/cmq/pr):

   0.000000     +/-    0.000000     %    45054.08     +/-    49.23660     % 
   117133.3     +/-    9.847623     % 

  Energy interval (GeV):  2.3665385E-13  2.2616395E-13

  Flux (Part/sr/GeV/cmq/pr):

   0.000000     +/-    0.000000     %    3654042.     +/-    57.14887     % 
   1336847.     +/-    9.755249     % 

  Flux (Part/deg/GeV/cmq/pr):

   0.000000     +/-    0.000000     %    35357.83     +/-    57.14887     % 
   102531.3     +/-    9.755249     % 

  Energy interval (GeV):  2.2616395E-13  2.1613905E-13

  Flux (Part/sr/GeV/cmq/pr):

   0.000000     +/-    0.000000     %    3823523.     +/-    57.14887     % 
   1431010.     +/-    11.16708     % 

  Flux (Part/deg/GeV/cmq/pr):

   0.000000     +/-    0.000000     %    36997.79     +/-    57.14887     % 
   109753.3     +/-    11.16708     % 

  Energy interval (GeV):  2.1613905E-13  2.0655848E-13

  Flux (Part/sr/GeV/cmq/pr):

   0.000000     +/-    0.000000     %    4000865.     +/-    57.14887     % 
   1564681.     +/-    9.575511     % 

  Flux (Part/deg/GeV/cmq/pr):

   0.000000     +/-    0.000000     %    38713.82     +/-    57.14887     % 
   120005.3     +/-    9.575511     % 

  Energy interval (GeV):  2.0655848E-13  1.9740257E-13

  Flux (Part/sr/GeV/cmq/pr):

   0.000000     +/-    0.000000     %    8372866.     +/-    39.78054     % 
   1390785.     +/-    11.27818     % 

  Flux (Part/deg/GeV/cmq/pr):

   0.000000     +/-    0.000000     %    81018.87     +/-    39.78054     % 
   106668.2     +/-    11.27818     % 

  Energy interval (GeV):  1.9740257E-13  1.8865252E-13

  Flux (Part/sr/GeV/cmq/pr):

  1.1428499E+08 +/-    99.00000     %    0.000000     +/-    0.000000     % 
   1344764.     +/-    11.16028     % 

  Flux (Part/deg/GeV/cmq/pr):

   111798.4     +/-    99.00000     %    0.000000     +/-    0.000000     % 
   103138.5     +/-    11.16028     % 

  Energy interval (GeV):  1.8865252E-13  1.8029034E-13

  Flux (Part/sr/GeV/cmq/pr):

   0.000000     +/-    0.000000     %    4583788.     +/-    57.14887     % 
   1079447.     +/-    14.20431     % 

  Flux (Part/deg/GeV/cmq/pr):

   0.000000     +/-    0.000000     %    44354.39     +/-    57.14887     % 
   82789.69     +/-    14.20431     % 

  Energy interval (GeV):  1.8029034E-13  1.7229881E-13

  Flux (Part/sr/GeV/cmq/pr):

   0.000000     +/-    0.000000     %    3197595.     +/-    70.35265     % 
   1190024.     +/-    12.76909     % 

  Flux (Part/deg/GeV/cmq/pr):

   0.000000     +/-    0.000000     %    30941.08     +/-    70.35265     % 
   91270.50     +/-    12.76909     % 

  Energy interval (GeV):  1.7229881E-13  1.6466150E-13

  Flux (Part/sr/GeV/cmq/pr):

   0.000000     +/-    0.000000     %    0.000000     +/-    0.000000     % 
   1203008.     +/-    12.28070     % 

  Flux (Part/deg/GeV/cmq/pr):

   0.000000     +/-    0.000000     %    0.000000     +/-    0.000000     % 
   92266.38     +/-    12.28070     % 

  Energy interval (GeV):  1.6466150E-13  1.5736273E-13

  Flux (Part/sr/GeV/cmq/pr):

   0.000000     +/-    0.000000     %    0.000000     +/-    0.000000     % 
   949625.6     +/-    16.61126     % 

  Flux (Part/deg/GeV/cmq/pr):

   0.000000     +/-    0.000000     %    0.000000     +/-    0.000000     % 
   72832.84     +/-    16.61126     % 

  Energy interval (GeV):  1.5736273E-13  1.5038749E-13

  Flux (Part/sr/GeV/cmq/pr):

   0.000000     +/-    0.000000     %    0.000000     +/-    0.000000     % 
   1201648.     +/-    14.32856     % 

  Flux (Part/deg/GeV/cmq/pr):

   0.000000     +/-    0.000000     %    0.000000     +/-    0.000000     % 
   92162.09     +/-    14.32856     % 

  Energy interval (GeV):  1.5038749E-13  1.4372142E-13

  Flux (Part/sr/GeV/cmq/pr):

   0.000000     +/-    0.000000     %    1916700.     +/-    99.00000     % 
   967217.8     +/-    15.48867     % 

  Flux (Part/deg/GeV/cmq/pr):

   0.000000     +/-    0.000000     %    18546.69     +/-    99.00000     % 
   74182.11     +/-    15.48867     % 

  Energy interval (GeV):  1.4372142E-13  1.3735084E-13

  Flux (Part/sr/GeV/cmq/pr):

   0.000000     +/-    0.000000     %    2005600.     +/-    99.00000     % 
   936173.2     +/-    20.20145     % 

  Flux (Part/deg/GeV/cmq/pr):

   0.000000     +/-    0.000000     %    19406.91     +/-    99.00000     % 
   71801.10     +/-    20.20145     % 

  Energy interval (GeV):  1.3735084E-13  1.3126264E-13

  Flux (Part/sr/GeV/cmq/pr):

   0.000000     +/-    0.000000     %    2098624.     +/-    99.00000     % 
   873692.6     +/-    17.25793     % 

  Flux (Part/deg/GeV/cmq/pr):

   0.000000     +/-    0.000000     %    20307.04     +/-    99.00000     % 
   67009.06     +/-    17.25793     % 

  Energy interval (GeV):  1.3126264E-13  1.2544431E-13

  Flux (Part/sr/GeV/cmq/pr):

   0.000000     +/-    0.000000     %    2195962.     +/-    99.00000     % 
   831105.4     +/-    18.04098     % 

  Flux (Part/deg/GeV/cmq/pr):

   0.000000     +/-    0.000000     %    21248.92     +/-    99.00000     % 
   63742.78     +/-    18.04098     % 

  Energy interval (GeV):  1.2544431E-13  1.1988387E-13

  Flux (Part/sr/GeV/cmq/pr):

   0.000000     +/-    0.000000     %    4595630.     +/-    70.35265     % 
   782688.4     +/-    19.59462     % 

  Flux (Part/deg/GeV/cmq/pr):

   0.000000     +/-    0.000000     %    44468.97     +/-    70.35265     % 
   60029.37     +/-    19.59462     % 

  Energy interval (GeV):  1.1988387E-13  1.1456991E-13

  Flux (Part/sr/GeV/cmq/pr):

   0.000000     +/-    0.000000     %    0.000000     +/-    0.000000     % 
   667325.9     +/-    21.98513     % 

  Flux (Part/deg/GeV/cmq/pr):

   0.000000     +/-    0.000000     %    0.000000     +/-    0.000000     % 
   51181.48     +/-    21.98513     % 

  Energy interval (GeV):  1.1456991E-13  1.0949149E-13

  Flux (Part/sr/GeV/cmq/pr):

   0.000000     +/-    0.000000     %    0.000000     +/-    0.000000     % 
   888717.1     +/-    18.35876     % 

  Flux (Part/deg/GeV/cmq/pr):

   0.000000     +/-    0.000000     %    0.000000     +/-    0.000000     % 
   68161.38     +/-    18.35876     % 

  Energy interval (GeV):  1.0949149E-13  1.0463818E-13

  Flux (Part/sr/GeV/cmq/pr):

   0.000000     +/-    0.000000     %    2632604.     +/-    99.00000     % 
   631028.9     +/-    23.29259     % 

  Flux (Part/deg/GeV/cmq/pr):

   0.000000     +/-    0.000000     %    25474.03     +/-    99.00000     % 
   48397.64     +/-    23.29259     % 

  Energy interval (GeV):  1.0463818E-13  9.9999998E-14

  Flux (Part/sr/GeV/cmq/pr):

   0.000000     +/-    0.000000     %    5509419.     +/-    70.35265     % 
   1181584.     +/-    16.30894     % 

  Flux (Part/deg/GeV/cmq/pr):

   0.000000     +/-    0.000000     %    53311.12     +/-    70.35265     % 
   90623.26     +/-    16.30894     % 
