 # Detector n:            1   I1_1      (integrated over solid angle)
 # N. of energy intervals         500
  1.000E-13  1.046E-13  0.000E+00  0.000E+00
  1.046E-13  1.095E-13  0.000E+00  0.000E+00
  1.095E-13  1.146E-13  0.000E+00  0.000E+00
  1.146E-13  1.199E-13  0.000E+00  0.000E+00
  1.199E-13  1.254E-13  0.000E+00  0.000E+00
  1.254E-13  1.313E-13  0.000E+00  0.000E+00
  1.313E-13  1.374E-13  0.000E+00  0.000E+00
  1.374E-13  1.437E-13  0.000E+00  0.000E+00
  1.437E-13  1.504E-13  0.000E+00  0.000E+00
  1.504E-13  1.574E-13  0.000E+00  0.000E+00
  1.574E-13  1.647E-13  0.000E+00  0.000E+00
  1.647E-13  1.723E-13  0.000E+00  0.000E+00
  1.723E-13  1.803E-13  0.000E+00  0.000E+00
  1.803E-13  1.887E-13  0.000E+00  0.000E+00
  1.887E-13  1.974E-13  0.000E+00  0.000E+00
  1.974E-13  2.066E-13  0.000E+00  0.000E+00
  2.066E-13  2.161E-13  0.000E+00  0.000E+00
  2.161E-13  2.262E-13  0.000E+00  0.000E+00
  2.262E-13  2.367E-13  0.000E+00  0.000E+00
  2.367E-13  2.476E-13  0.000E+00  0.000E+00
  2.476E-13  2.591E-13  0.000E+00  0.000E+00
  2.591E-13  2.711E-13  0.000E+00  0.000E+00
  2.711E-13  2.837E-13  0.000E+00  0.000E+00
  2.837E-13  2.969E-13  0.000E+00  0.000E+00
  2.969E-13  3.106E-13  0.000E+00  0.000E+00
  3.106E-13  3.250E-13  0.000E+00  0.000E+00
  3.250E-13  3.401E-13  0.000E+00  0.000E+00
  3.401E-13  3.559E-13  0.000E+00  0.000E+00
  3.559E-13  3.724E-13  0.000E+00  0.000E+00
  3.724E-13  3.897E-13  0.000E+00  0.000E+00
  3.897E-13  4.078E-13  0.000E+00  0.000E+00
  4.078E-13  4.267E-13  0.000E+00  0.000E+00
  4.267E-13  4.465E-13  0.000E+00  0.000E+00
  4.465E-13  4.672E-13  0.000E+00  0.000E+00
  4.672E-13  4.888E-13  0.000E+00  0.000E+00
  4.888E-13  5.115E-13  0.000E+00  0.000E+00
  5.115E-13  5.352E-13  0.000E+00  0.000E+00
  5.352E-13  5.601E-13  0.000E+00  0.000E+00
  5.601E-13  5.860E-13  0.000E+00  0.000E+00
  5.860E-13  6.132E-13  0.000E+00  0.000E+00
  6.132E-13  6.416E-13  0.000E+00  0.000E+00
  6.416E-13  6.714E-13  0.000E+00  0.000E+00
  6.714E-13  7.026E-13  0.000E+00  0.000E+00
  7.026E-13  7.351E-13  0.000E+00  0.000E+00
  7.351E-13  7.692E-13  0.000E+00  0.000E+00
  7.692E-13  8.049E-13  0.000E+00  0.000E+00
  8.049E-13  8.422E-13  0.000E+00  0.000E+00
  8.422E-13  8.813E-13  0.000E+00  0.000E+00
  8.813E-13  9.222E-13  0.000E+00  0.000E+00
  9.222E-13  9.650E-13  0.000E+00  0.000E+00
  9.650E-13  1.010E-12  0.000E+00  0.000E+00
  1.010E-12  1.057E-12  0.000E+00  0.000E+00
  1.057E-12  1.106E-12  0.000E+00  0.000E+00
  1.106E-12  1.157E-12  0.000E+00  0.000E+00
  1.157E-12  1.210E-12  0.000E+00  0.000E+00
  1.210E-12  1.267E-12  0.000E+00  0.000E+00
  1.267E-12  1.325E-12  0.000E+00  0.000E+00
  1.325E-12  1.387E-12  0.000E+00  0.000E+00
  1.387E-12  1.451E-12  0.000E+00  0.000E+00
  1.451E-12  1.518E-12  0.000E+00  0.000E+00
  1.518E-12  1.589E-12  0.000E+00  0.000E+00
  1.589E-12  1.663E-12  0.000E+00  0.000E+00
  1.663E-12  1.740E-12  0.000E+00  0.000E+00
  1.740E-12  1.820E-12  0.000E+00  0.000E+00
  1.820E-12  1.905E-12  0.000E+00  0.000E+00
  1.905E-12  1.993E-12  0.000E+00  0.000E+00
  1.993E-12  2.086E-12  0.000E+00  0.000E+00
  2.086E-12  2.182E-12  0.000E+00  0.000E+00
  2.182E-12  2.284E-12  0.000E+00  0.000E+00
  2.284E-12  2.390E-12  0.000E+00  0.000E+00
  2.390E-12  2.500E-12  0.000E+00  0.000E+00
  2.500E-12  2.616E-12  0.000E+00  0.000E+00
  2.616E-12  2.738E-12  0.000E+00  0.000E+00
  2.738E-12  2.865E-12  0.000E+00  0.000E+00
  2.865E-12  2.998E-12  0.000E+00  0.000E+00
  2.998E-12  3.137E-12  0.000E+00  0.000E+00
  3.137E-12  3.282E-12  0.000E+00  0.000E+00
  3.282E-12  3.434E-12  0.000E+00  0.000E+00
  3.434E-12  3.594E-12  0.000E+00  0.000E+00
  3.594E-12  3.760E-12  0.000E+00  0.000E+00
  3.760E-12  3.935E-12  0.000E+00  0.000E+00
  3.935E-12  4.117E-12  0.000E+00  0.000E+00
  4.117E-12  4.308E-12  0.000E+00  0.000E+00
  4.308E-12  4.508E-12  0.000E+00  0.000E+00
  4.508E-12  4.717E-12  0.000E+00  0.000E+00
  4.717E-12  4.936E-12  0.000E+00  0.000E+00
  4.936E-12  5.165E-12  0.000E+00  0.000E+00
  5.165E-12  5.404E-12  0.000E+00  0.000E+00
  5.404E-12  5.655E-12  0.000E+00  0.000E+00
  5.655E-12  5.917E-12  0.000E+00  0.000E+00
  5.917E-12  6.192E-12  0.000E+00  0.000E+00
  6.192E-12  6.479E-12  0.000E+00  0.000E+00
  6.479E-12  6.779E-12  0.000E+00  0.000E+00
  6.779E-12  7.094E-12  0.000E+00  0.000E+00
  7.094E-12  7.423E-12  0.000E+00  0.000E+00
  7.423E-12  7.767E-12  0.000E+00  0.000E+00
  7.767E-12  8.127E-12  0.000E+00  0.000E+00
  8.127E-12  8.504E-12  0.000E+00  0.000E+00
  8.504E-12  8.899E-12  0.000E+00  0.000E+00
  8.899E-12  9.311E-12  0.000E+00  0.000E+00
  9.311E-12  9.743E-12  0.000E+00  0.000E+00
  9.743E-12  1.020E-11  0.000E+00  0.000E+00
  1.020E-11  1.067E-11  0.000E+00  0.000E+00
  1.067E-11  1.116E-11  0.000E+00  0.000E+00
  1.116E-11  1.168E-11  0.000E+00  0.000E+00
  1.168E-11  1.222E-11  0.000E+00  0.000E+00
  1.222E-11  1.279E-11  0.000E+00  0.000E+00
  1.279E-11  1.338E-11  0.000E+00  0.000E+00
  1.338E-11  1.400E-11  0.000E+00  0.000E+00
  1.400E-11  1.465E-11  0.000E+00  0.000E+00
  1.465E-11  1.533E-11  0.000E+00  0.000E+00
  1.533E-11  1.604E-11  0.000E+00  0.000E+00
  1.604E-11  1.679E-11  0.000E+00  0.000E+00
  1.679E-11  1.757E-11  0.000E+00  0.000E+00
  1.757E-11  1.838E-11  0.000E+00  0.000E+00
  1.838E-11  1.923E-11  0.000E+00  0.000E+00
  1.923E-11  2.013E-11  0.000E+00  0.000E+00
  2.013E-11  2.106E-11  0.000E+00  0.000E+00
  2.106E-11  2.204E-11  0.000E+00  0.000E+00
  2.204E-11  2.306E-11  0.000E+00  0.000E+00
  2.306E-11  2.413E-11  0.000E+00  0.000E+00
  2.413E-11  2.525E-11  0.000E+00  0.000E+00
  2.525E-11  2.642E-11  0.000E+00  0.000E+00
  2.642E-11  2.764E-11  0.000E+00  0.000E+00
  2.764E-11  2.893E-11  0.000E+00  0.000E+00
  2.893E-11  3.027E-11  0.000E+00  0.000E+00
  3.027E-11  3.167E-11  0.000E+00  0.000E+00
  3.167E-11  3.314E-11  0.000E+00  0.000E+00
  3.314E-11  3.468E-11  0.000E+00  0.000E+00
  3.468E-11  3.628E-11  0.000E+00  0.000E+00
  3.628E-11  3.797E-11  0.000E+00  0.000E+00
  3.797E-11  3.973E-11  0.000E+00  0.000E+00
  3.973E-11  4.157E-11  0.000E+00  0.000E+00
  4.157E-11  4.350E-11  0.000E+00  0.000E+00
  4.350E-11  4.552E-11  0.000E+00  0.000E+00
  4.552E-11  4.763E-11  0.000E+00  0.000E+00
  4.763E-11  4.984E-11  0.000E+00  0.000E+00
  4.984E-11  5.215E-11  0.000E+00  0.000E+00
  5.215E-11  5.457E-11  0.000E+00  0.000E+00
  5.457E-11  5.710E-11  0.000E+00  0.000E+00
  5.710E-11  5.975E-11  0.000E+00  0.000E+00
  5.975E-11  6.252E-11  0.000E+00  0.000E+00
  6.252E-11  6.542E-11  0.000E+00  0.000E+00
  6.542E-11  6.845E-11  0.000E+00  0.000E+00
  6.845E-11  7.163E-11  0.000E+00  0.000E+00
  7.163E-11  7.495E-11  0.000E+00  0.000E+00
  7.495E-11  7.843E-11  0.000E+00  0.000E+00
  7.843E-11  8.206E-11  0.000E+00  0.000E+00
  8.206E-11  8.587E-11  0.000E+00  0.000E+00
  8.587E-11  8.985E-11  0.000E+00  0.000E+00
  8.985E-11  9.402E-11  0.000E+00  0.000E+00
  9.402E-11  9.838E-11  0.000E+00  0.000E+00
  9.838E-11  1.029E-10  0.000E+00  0.000E+00
  1.029E-10  1.077E-10  0.000E+00  0.000E+00
  1.077E-10  1.127E-10  0.000E+00  0.000E+00
  1.127E-10  1.179E-10  0.000E+00  0.000E+00
  1.179E-10  1.234E-10  0.000E+00  0.000E+00
  1.234E-10  1.291E-10  0.000E+00  0.000E+00
  1.291E-10  1.351E-10  0.000E+00  0.000E+00
  1.351E-10  1.414E-10  0.000E+00  0.000E+00
  1.414E-10  1.480E-10  0.000E+00  0.000E+00
  1.480E-10  1.548E-10  0.000E+00  0.000E+00
  1.548E-10  1.620E-10  0.000E+00  0.000E+00
  1.620E-10  1.695E-10  0.000E+00  0.000E+00
  1.695E-10  1.774E-10  0.000E+00  0.000E+00
  1.774E-10  1.856E-10  0.000E+00  0.000E+00
  1.856E-10  1.942E-10  0.000E+00  0.000E+00
  1.942E-10  2.032E-10  0.000E+00  0.000E+00
  2.032E-10  2.126E-10  0.000E+00  0.000E+00
  2.126E-10  2.225E-10  0.000E+00  0.000E+00
  2.225E-10  2.328E-10  0.000E+00  0.000E+00
  2.328E-10  2.436E-10  0.000E+00  0.000E+00
  2.436E-10  2.549E-10  0.000E+00  0.000E+00
  2.549E-10  2.667E-10  0.000E+00  0.000E+00
  2.667E-10  2.791E-10  0.000E+00  0.000E+00
  2.791E-10  2.921E-10  0.000E+00  0.000E+00
  2.921E-10  3.056E-10  0.000E+00  0.000E+00
  3.056E-10  3.198E-10  0.000E+00  0.000E+00
  3.198E-10  3.346E-10  0.000E+00  0.000E+00
  3.346E-10  3.501E-10  0.000E+00  0.000E+00
  3.501E-10  3.664E-10  0.000E+00  0.000E+00
  3.664E-10  3.834E-10  0.000E+00  0.000E+00
  3.834E-10  4.011E-10  0.000E+00  0.000E+00
  4.011E-10  4.198E-10  0.000E+00  0.000E+00
  4.198E-10  4.392E-10  0.000E+00  0.000E+00
  4.392E-10  4.596E-10  0.000E+00  0.000E+00
  4.596E-10  4.809E-10  0.000E+00  0.000E+00
  4.809E-10  5.032E-10  0.000E+00  0.000E+00
  5.032E-10  5.266E-10  0.000E+00  0.000E+00
  5.266E-10  5.510E-10  0.000E+00  0.000E+00
  5.510E-10  5.765E-10  0.000E+00  0.000E+00
  5.765E-10  6.033E-10  0.000E+00  0.000E+00
  6.033E-10  6.313E-10  0.000E+00  0.000E+00
  6.313E-10  6.605E-10  0.000E+00  0.000E+00
  6.605E-10  6.912E-10  0.000E+00  0.000E+00
  6.912E-10  7.232E-10  0.000E+00  0.000E+00
  7.232E-10  7.568E-10  0.000E+00  0.000E+00
  7.568E-10  7.919E-10  0.000E+00  0.000E+00
  7.919E-10  8.286E-10  0.000E+00  0.000E+00
  8.286E-10  8.670E-10  0.000E+00  0.000E+00
  8.670E-10  9.073E-10  0.000E+00  0.000E+00
  9.073E-10  9.493E-10  0.000E+00  0.000E+00
  9.493E-10  9.934E-10  0.000E+00  0.000E+00
  9.934E-10  1.039E-09  0.000E+00  0.000E+00
  1.039E-09  1.088E-09  0.000E+00  0.000E+00
  1.088E-09  1.138E-09  0.000E+00  0.000E+00
  1.138E-09  1.191E-09  0.000E+00  0.000E+00
  1.191E-09  1.246E-09  0.000E+00  0.000E+00
  1.246E-09  1.304E-09  0.000E+00  0.000E+00
  1.304E-09  1.364E-09  0.000E+00  0.000E+00
  1.364E-09  1.428E-09  0.000E+00  0.000E+00
  1.428E-09  1.494E-09  0.000E+00  0.000E+00
  1.494E-09  1.563E-09  0.000E+00  0.000E+00
  1.563E-09  1.636E-09  0.000E+00  0.000E+00
  1.636E-09  1.712E-09  0.000E+00  0.000E+00
  1.712E-09  1.791E-09  0.000E+00  0.000E+00
  1.791E-09  1.874E-09  0.000E+00  0.000E+00
  1.874E-09  1.961E-09  0.000E+00  0.000E+00
  1.961E-09  2.052E-09  0.000E+00  0.000E+00
  2.052E-09  2.147E-09  0.000E+00  0.000E+00
  2.147E-09  2.247E-09  0.000E+00  0.000E+00
  2.247E-09  2.351E-09  0.000E+00  0.000E+00
  2.351E-09  2.460E-09  0.000E+00  0.000E+00
  2.460E-09  2.574E-09  0.000E+00  0.000E+00
  2.574E-09  2.693E-09  0.000E+00  0.000E+00
  2.693E-09  2.818E-09  0.000E+00  0.000E+00
  2.818E-09  2.949E-09  0.000E+00  0.000E+00
  2.949E-09  3.086E-09  0.000E+00  0.000E+00
  3.086E-09  3.229E-09  0.000E+00  0.000E+00
  3.229E-09  3.379E-09  0.000E+00  0.000E+00
  3.379E-09  3.535E-09  0.000E+00  0.000E+00
  3.535E-09  3.699E-09  0.000E+00  0.000E+00
  3.699E-09  3.871E-09  0.000E+00  0.000E+00
  3.871E-09  4.050E-09  0.000E+00  0.000E+00
  4.050E-09  4.238E-09  0.000E+00  0.000E+00
  4.238E-09  4.435E-09  0.000E+00  0.000E+00
  4.435E-09  4.641E-09  0.000E+00  0.000E+00
  4.641E-09  4.856E-09  0.000E+00  0.000E+00
  4.856E-09  5.081E-09  0.000E+00  0.000E+00
  5.081E-09  5.317E-09  0.000E+00  0.000E+00
  5.317E-09  5.563E-09  0.000E+00  0.000E+00
  5.563E-09  5.821E-09  0.000E+00  0.000E+00
  5.821E-09  6.091E-09  0.000E+00  0.000E+00
  6.091E-09  6.374E-09  0.000E+00  0.000E+00
  6.374E-09  6.670E-09  0.000E+00  0.000E+00
  6.670E-09  6.979E-09  0.000E+00  0.000E+00
  6.979E-09  7.303E-09  0.000E+00  0.000E+00
  7.303E-09  7.641E-09  0.000E+00  0.000E+00
  7.641E-09  7.996E-09  0.000E+00  0.000E+00
  7.996E-09  8.367E-09  0.000E+00  0.000E+00
  8.367E-09  8.755E-09  0.000E+00  0.000E+00
  8.755E-09  9.161E-09  0.000E+00  0.000E+00
  9.161E-09  9.586E-09  0.000E+00  0.000E+00
  9.586E-09  1.003E-08  0.000E+00  0.000E+00
  1.003E-08  1.050E-08  0.000E+00  0.000E+00
  1.050E-08  1.098E-08  0.000E+00  0.000E+00
  1.098E-08  1.149E-08  0.000E+00  0.000E+00
  1.149E-08  1.202E-08  0.000E+00  0.000E+00
  1.202E-08  1.258E-08  0.000E+00  0.000E+00
  1.258E-08  1.317E-08  0.000E+00  0.000E+00
  1.317E-08  1.378E-08  0.000E+00  0.000E+00
  1.378E-08  1.442E-08  0.000E+00  0.000E+00
  1.442E-08  1.508E-08  0.000E+00  0.000E+00
  1.508E-08  1.578E-08  0.000E+00  0.000E+00
  1.578E-08  1.652E-08  0.000E+00  0.000E+00
  1.652E-08  1.728E-08  0.000E+00  0.000E+00
  1.728E-08  1.808E-08  0.000E+00  0.000E+00
  1.808E-08  1.892E-08  0.000E+00  0.000E+00
  1.892E-08  1.980E-08  0.000E+00  0.000E+00
  1.980E-08  2.072E-08  0.000E+00  0.000E+00
  2.072E-08  2.168E-08  0.000E+00  0.000E+00
  2.168E-08  2.268E-08  0.000E+00  0.000E+00
  2.268E-08  2.374E-08  0.000E+00  0.000E+00
  2.374E-08  2.484E-08  0.000E+00  0.000E+00
  2.484E-08  2.599E-08  0.000E+00  0.000E+00
  2.599E-08  2.720E-08  0.000E+00  0.000E+00
  2.720E-08  2.846E-08  0.000E+00  0.000E+00
  2.846E-08  2.978E-08  0.000E+00  0.000E+00
  2.978E-08  3.116E-08  0.000E+00  0.000E+00
  3.116E-08  3.260E-08  0.000E+00  0.000E+00
  3.260E-08  3.411E-08  0.000E+00  0.000E+00
  3.411E-08  3.570E-08  0.000E+00  0.000E+00
  3.570E-08  3.735E-08  0.000E+00  0.000E+00
  3.735E-08  3.909E-08  0.000E+00  0.000E+00
  3.909E-08  4.090E-08  0.000E+00  0.000E+00
  4.090E-08  4.280E-08  0.000E+00  0.000E+00
  4.280E-08  4.478E-08  0.000E+00  0.000E+00
  4.478E-08  4.686E-08  0.000E+00  0.000E+00
  4.686E-08  4.903E-08  0.000E+00  0.000E+00
  4.903E-08  5.130E-08  0.000E+00  0.000E+00
  5.130E-08  5.368E-08  0.000E+00  0.000E+00
  5.368E-08  5.617E-08  0.000E+00  0.000E+00
  5.617E-08  5.878E-08  0.000E+00  0.000E+00
  5.878E-08  6.151E-08  0.000E+00  0.000E+00
  6.151E-08  6.436E-08  0.000E+00  0.000E+00
  6.436E-08  6.734E-08  0.000E+00  0.000E+00
  6.734E-08  7.047E-08  0.000E+00  0.000E+00
  7.047E-08  7.374E-08  0.000E+00  0.000E+00
  7.374E-08  7.716E-08  0.000E+00  0.000E+00
  7.716E-08  8.073E-08  0.000E+00  0.000E+00
  8.073E-08  8.448E-08  0.000E+00  0.000E+00
  8.448E-08  8.840E-08  0.000E+00  0.000E+00
  8.840E-08  9.250E-08  0.000E+00  0.000E+00
  9.250E-08  9.679E-08  0.000E+00  0.000E+00
  9.679E-08  1.013E-07  0.000E+00  0.000E+00
  1.013E-07  1.060E-07  0.000E+00  0.000E+00
  1.060E-07  1.109E-07  0.000E+00  0.000E+00
  1.109E-07  1.160E-07  0.000E+00  0.000E+00
  1.160E-07  1.214E-07  0.000E+00  0.000E+00
  1.214E-07  1.270E-07  0.000E+00  0.000E+00
  1.270E-07  1.329E-07  0.000E+00  0.000E+00
  1.329E-07  1.391E-07  0.000E+00  0.000E+00
  1.391E-07  1.456E-07  0.000E+00  0.000E+00
  1.456E-07  1.523E-07  0.000E+00  0.000E+00
  1.523E-07  1.594E-07  0.000E+00  0.000E+00
  1.594E-07  1.668E-07  0.000E+00  0.000E+00
  1.668E-07  1.745E-07  0.000E+00  0.000E+00
  1.745E-07  1.826E-07  0.000E+00  0.000E+00
  1.826E-07  1.911E-07  0.000E+00  0.000E+00
  1.911E-07  1.999E-07  0.000E+00  0.000E+00
  1.999E-07  2.092E-07  0.000E+00  0.000E+00
  2.092E-07  2.189E-07  0.000E+00  0.000E+00
  2.189E-07  2.291E-07  0.000E+00  0.000E+00
  2.291E-07  2.397E-07  0.000E+00  0.000E+00
  2.397E-07  2.508E-07  0.000E+00  0.000E+00
  2.508E-07  2.624E-07  0.000E+00  0.000E+00
  2.624E-07  2.746E-07  0.000E+00  0.000E+00
  2.746E-07  2.873E-07  0.000E+00  0.000E+00
  2.873E-07  3.007E-07  0.000E+00  0.000E+00
  3.007E-07  3.146E-07  0.000E+00  0.000E+00
  3.146E-07  3.292E-07  0.000E+00  0.000E+00
  3.292E-07  3.445E-07  0.000E+00  0.000E+00
  3.445E-07  3.604E-07  0.000E+00  0.000E+00
  3.604E-07  3.772E-07  0.000E+00  0.000E+00
  3.772E-07  3.947E-07  0.000E+00  0.000E+00
  3.947E-07  4.130E-07  0.000E+00  0.000E+00
  4.130E-07  4.321E-07  0.000E+00  0.000E+00
  4.321E-07  4.522E-07  0.000E+00  0.000E+00
  4.522E-07  4.731E-07  0.000E+00  0.000E+00
  4.731E-07  4.951E-07  0.000E+00  0.000E+00
  4.951E-07  5.180E-07  0.000E+00  0.000E+00
  5.180E-07  5.421E-07  0.000E+00  0.000E+00
  5.421E-07  5.672E-07  0.000E+00  0.000E+00
  5.672E-07  5.935E-07  0.000E+00  0.000E+00
  5.935E-07  6.210E-07  0.000E+00  0.000E+00
  6.210E-07  6.498E-07  0.000E+00  0.000E+00
  6.498E-07  6.800E-07  0.000E+00  0.000E+00
  6.800E-07  7.115E-07  0.000E+00  0.000E+00
  7.115E-07  7.445E-07  0.000E+00  0.000E+00
  7.445E-07  7.791E-07  0.000E+00  0.000E+00
  7.791E-07  8.152E-07  0.000E+00  0.000E+00
  8.152E-07  8.530E-07  0.000E+00  0.000E+00
  8.530E-07  8.926E-07  0.000E+00  0.000E+00
  8.926E-07  9.340E-07  0.000E+00  0.000E+00
  9.340E-07  9.773E-07  0.000E+00  0.000E+00
  9.773E-07  1.023E-06  0.000E+00  0.000E+00
  1.023E-06  1.070E-06  0.000E+00  0.000E+00
  1.070E-06  1.120E-06  0.000E+00  0.000E+00
  1.120E-06  1.172E-06  0.000E+00  0.000E+00
  1.172E-06  1.226E-06  0.000E+00  0.000E+00
  1.226E-06  1.283E-06  0.000E+00  0.000E+00
  1.283E-06  1.342E-06  0.000E+00  0.000E+00
  1.342E-06  1.405E-06  0.000E+00  0.000E+00
  1.405E-06  1.470E-06  0.000E+00  0.000E+00
  1.470E-06  1.538E-06  0.000E+00  0.000E+00
  1.538E-06  1.609E-06  0.000E+00  0.000E+00
  1.609E-06  1.684E-06  0.000E+00  0.000E+00
  1.684E-06  1.762E-06  0.000E+00  0.000E+00
  1.762E-06  1.844E-06  0.000E+00  0.000E+00
  1.844E-06  1.929E-06  0.000E+00  0.000E+00
  1.929E-06  2.019E-06  0.000E+00  0.000E+00
  2.019E-06  2.112E-06  0.000E+00  0.000E+00
  2.112E-06  2.210E-06  0.000E+00  0.000E+00
  2.210E-06  2.313E-06  0.000E+00  0.000E+00
  2.313E-06  2.420E-06  0.000E+00  0.000E+00
  2.420E-06  2.532E-06  0.000E+00  0.000E+00
  2.532E-06  2.650E-06  0.000E+00  0.000E+00
  2.650E-06  2.773E-06  0.000E+00  0.000E+00
  2.773E-06  2.901E-06  0.000E+00  0.000E+00
  2.901E-06  3.036E-06  0.000E+00  0.000E+00
  3.036E-06  3.177E-06  0.000E+00  0.000E+00
  3.177E-06  3.324E-06  0.000E+00  0.000E+00
  3.324E-06  3.478E-06  0.000E+00  0.000E+00
  3.478E-06  3.639E-06  0.000E+00  0.000E+00
  3.639E-06  3.808E-06  0.000E+00  0.000E+00
  3.808E-06  3.985E-06  0.000E+00  0.000E+00
  3.985E-06  4.170E-06  0.000E+00  0.000E+00
  4.170E-06  4.363E-06  0.000E+00  0.000E+00
  4.363E-06  4.565E-06  0.000E+00  0.000E+00
  4.565E-06  4.777E-06  0.000E+00  0.000E+00
  4.777E-06  4.999E-06  0.000E+00  0.000E+00
  4.999E-06  5.231E-06  0.000E+00  0.000E+00
  5.231E-06  5.473E-06  0.000E+00  0.000E+00
  5.473E-06  5.727E-06  0.000E+00  0.000E+00
  5.727E-06  5.993E-06  0.000E+00  0.000E+00
  5.993E-06  6.271E-06  0.000E+00  0.000E+00
  6.271E-06  6.562E-06  0.000E+00  0.000E+00
  6.562E-06  6.866E-06  0.000E+00  0.000E+00
  6.866E-06  7.184E-06  0.000E+00  0.000E+00
  7.184E-06  7.518E-06  0.000E+00  0.000E+00
  7.518E-06  7.866E-06  0.000E+00  0.000E+00
  7.866E-06  8.231E-06  0.000E+00  0.000E+00
  8.231E-06  8.613E-06  0.000E+00  0.000E+00
  8.613E-06  9.012E-06  0.000E+00  0.000E+00
  9.012E-06  9.430E-06  0.000E+00  0.000E+00
  9.430E-06  9.868E-06  0.000E+00  0.000E+00
  9.868E-06  1.033E-05  0.000E+00  0.000E+00
  1.033E-05  1.080E-05  0.000E+00  0.000E+00
  1.080E-05  1.131E-05  0.000E+00  0.000E+00
  1.131E-05  1.183E-05  0.000E+00  0.000E+00
  1.183E-05  1.238E-05  0.000E+00  0.000E+00
  1.238E-05  1.295E-05  0.000E+00  0.000E+00
  1.295E-05  1.355E-05  0.000E+00  0.000E+00
  1.355E-05  1.418E-05  0.000E+00  0.000E+00
  1.418E-05  1.484E-05  0.000E+00  0.000E+00
  1.484E-05  1.553E-05  0.000E+00  0.000E+00
  1.553E-05  1.625E-05  0.000E+00  0.000E+00
  1.625E-05  1.700E-05  0.000E+00  0.000E+00
  1.700E-05  1.779E-05  0.000E+00  0.000E+00
  1.779E-05  1.862E-05  0.000E+00  0.000E+00
  1.862E-05  1.948E-05  0.000E+00  0.000E+00
  1.948E-05  2.038E-05  0.000E+00  0.000E+00
  2.038E-05  2.133E-05  0.000E+00  0.000E+00
  2.133E-05  2.232E-05  0.000E+00  0.000E+00
  2.232E-05  2.335E-05  0.000E+00  0.000E+00
  2.335E-05  2.444E-05  0.000E+00  0.000E+00
  2.444E-05  2.557E-05  0.000E+00  0.000E+00
  2.557E-05  2.675E-05  0.000E+00  0.000E+00
  2.675E-05  2.800E-05  0.000E+00  0.000E+00
  2.800E-05  2.929E-05  0.000E+00  0.000E+00
  2.929E-05  3.065E-05  0.000E+00  0.000E+00
  3.065E-05  3.207E-05  0.000E+00  0.000E+00
  3.207E-05  3.356E-05  0.000E+00  0.000E+00
  3.356E-05  3.512E-05  0.000E+00  0.000E+00
  3.512E-05  3.675E-05  0.000E+00  0.000E+00
  3.675E-05  3.845E-05  0.000E+00  0.000E+00
  3.845E-05  4.024E-05  0.000E+00  0.000E+00
  4.024E-05  4.210E-05  0.000E+00  0.000E+00
  4.210E-05  4.405E-05  0.000E+00  0.000E+00
  4.405E-05  4.610E-05  0.000E+00  0.000E+00
  4.610E-05  4.824E-05  0.000E+00  0.000E+00
  4.824E-05  5.047E-05  0.000E+00  0.000E+00
  5.047E-05  5.281E-05  0.000E+00  0.000E+00
  5.281E-05  5.526E-05  0.000E+00  0.000E+00
  5.526E-05  5.783E-05  0.000E+00  0.000E+00
  5.783E-05  6.051E-05  0.000E+00  0.000E+00
  6.051E-05  6.332E-05  0.000E+00  0.000E+00
  6.332E-05  6.625E-05  0.000E+00  0.000E+00
  6.625E-05  6.933E-05  0.000E+00  0.000E+00
  6.933E-05  7.254E-05  0.000E+00  0.000E+00
  7.254E-05  7.591E-05  0.000E+00  0.000E+00
  7.591E-05  7.943E-05  0.000E+00  0.000E+00
  7.943E-05  8.311E-05  0.000E+00  0.000E+00
  8.311E-05  8.697E-05  0.000E+00  0.000E+00
  8.697E-05  9.100E-05  0.000E+00  0.000E+00
  9.100E-05  9.522E-05  0.000E+00  0.000E+00
  9.522E-05  9.964E-05  0.000E+00  0.000E+00
  9.964E-05  1.043E-04  0.000E+00  0.000E+00
  1.043E-04  1.091E-04  0.000E+00  0.000E+00
  1.091E-04  1.142E-04  0.000E+00  0.000E+00
  1.142E-04  1.194E-04  0.000E+00  0.000E+00
  1.194E-04  1.250E-04  0.000E+00  0.000E+00
  1.250E-04  1.308E-04  0.000E+00  0.000E+00
  1.308E-04  1.369E-04  0.000E+00  0.000E+00
  1.369E-04  1.432E-04  0.000E+00  0.000E+00
  1.432E-04  1.498E-04  0.000E+00  0.000E+00
  1.498E-04  1.568E-04  0.000E+00  0.000E+00
  1.568E-04  1.641E-04  0.000E+00  0.000E+00
  1.641E-04  1.717E-04  0.000E+00  0.000E+00
  1.717E-04  1.796E-04  0.000E+00  0.000E+00
  1.796E-04  1.880E-04  0.000E+00  0.000E+00
  1.880E-04  1.967E-04  0.000E+00  0.000E+00
  1.967E-04  2.058E-04  0.000E+00  0.000E+00
  2.058E-04  2.154E-04  0.000E+00  0.000E+00
  2.154E-04  2.253E-04  0.000E+00  0.000E+00
  2.253E-04  2.358E-04  0.000E+00  0.000E+00
  2.358E-04  2.467E-04  0.000E+00  0.000E+00
  2.467E-04  2.582E-04  0.000E+00  0.000E+00
  2.582E-04  2.701E-04  0.000E+00  0.000E+00
  2.701E-04  2.827E-04  0.000E+00  0.000E+00
  2.827E-04  2.958E-04  0.000E+00  0.000E+00
  2.958E-04  3.095E-04  0.000E+00  0.000E+00
  3.095E-04  3.239E-04  0.000E+00  0.000E+00
  3.239E-04  3.389E-04  0.000E+00  0.000E+00
  3.389E-04  3.546E-04  0.000E+00  0.000E+00
  3.546E-04  3.711E-04  0.000E+00  0.000E+00
  3.711E-04  3.883E-04  0.000E+00  0.000E+00
  3.883E-04  4.063E-04  0.000E+00  0.000E+00
  4.063E-04  4.251E-04  0.000E+00  0.000E+00
  4.251E-04  4.448E-04  0.000E+00  0.000E+00
  4.448E-04  4.655E-04  0.000E+00  0.000E+00
  4.655E-04  4.871E-04  0.000E+00  0.000E+00
  4.871E-04  5.096E-04  0.000E+00  0.000E+00
  5.096E-04  5.333E-04  0.000E+00  0.000E+00
  5.333E-04  5.580E-04  0.000E+00  0.000E+00
  5.580E-04  5.839E-04  0.000E+00  0.000E+00
  5.839E-04  6.110E-04  3.692E+04  0.000E+00
  6.110E-04  6.393E-04  0.000E+00  0.000E+00
  6.393E-04  6.690E-04  0.000E+00  0.000E+00
  6.690E-04  7.000E-04  0.000E+00  0.000E+00


 # double differential distributions
 # number of solid angle intervals           3
 # Block n:            1     0.00000000      :   1.00000005E-03
  1.000E-13  1.046E-13  0.000E+00  0.000E+00  0.000E+00  1.000E-03
  1.046E-13  1.095E-13  0.000E+00  0.000E+00  0.000E+00  1.000E-03
  1.095E-13  1.146E-13  0.000E+00  0.000E+00  0.000E+00  1.000E-03
  1.146E-13  1.199E-13  0.000E+00  0.000E+00  0.000E+00  1.000E-03
  1.199E-13  1.254E-13  0.000E+00  0.000E+00  0.000E+00  1.000E-03
  1.254E-13  1.313E-13  0.000E+00  0.000E+00  0.000E+00  1.000E-03
  1.313E-13  1.374E-13  0.000E+00  0.000E+00  0.000E+00  1.000E-03
  1.374E-13  1.437E-13  0.000E+00  0.000E+00  0.000E+00  1.000E-03
  1.437E-13  1.504E-13  0.000E+00  0.000E+00  0.000E+00  1.000E-03
  1.504E-13  1.574E-13  0.000E+00  0.000E+00  0.000E+00  1.000E-03
  1.574E-13  1.647E-13  0.000E+00  0.000E+00  0.000E+00  1.000E-03
  1.647E-13  1.723E-13  0.000E+00  0.000E+00  0.000E+00  1.000E-03
  1.723E-13  1.803E-13  0.000E+00  0.000E+00  0.000E+00  1.000E-03
  1.803E-13  1.887E-13  0.000E+00  0.000E+00  0.000E+00  1.000E-03
  1.887E-13  1.974E-13  0.000E+00  0.000E+00  0.000E+00  1.000E-03
  1.974E-13  2.066E-13  0.000E+00  0.000E+00  0.000E+00  1.000E-03
  2.066E-13  2.161E-13  0.000E+00  0.000E+00  0.000E+00  1.000E-03
  2.161E-13  2.262E-13  0.000E+00  0.000E+00  0.000E+00  1.000E-03
  2.262E-13  2.367E-13  0.000E+00  0.000E+00  0.000E+00  1.000E-03
  2.367E-13  2.476E-13  0.000E+00  0.000E+00  0.000E+00  1.000E-03
  2.476E-13  2.591E-13  0.000E+00  0.000E+00  0.000E+00  1.000E-03
  2.591E-13  2.711E-13  0.000E+00  0.000E+00  0.000E+00  1.000E-03
  2.711E-13  2.837E-13  0.000E+00  0.000E+00  0.000E+00  1.000E-03
  2.837E-13  2.969E-13  0.000E+00  0.000E+00  0.000E+00  1.000E-03
  2.969E-13  3.106E-13  0.000E+00  0.000E+00  0.000E+00  1.000E-03
  3.106E-13  3.250E-13  0.000E+00  0.000E+00  0.000E+00  1.000E-03
  3.250E-13  3.401E-13  0.000E+00  0.000E+00  0.000E+00  1.000E-03
  3.401E-13  3.559E-13  0.000E+00  0.000E+00  0.000E+00  1.000E-03
  3.559E-13  3.724E-13  0.000E+00  0.000E+00  0.000E+00  1.000E-03
  3.724E-13  3.897E-13  0.000E+00  0.000E+00  0.000E+00  1.000E-03
  3.897E-13  4.078E-13  0.000E+00  0.000E+00  0.000E+00  1.000E-03
  4.078E-13  4.267E-13  0.000E+00  0.000E+00  0.000E+00  1.000E-03
  4.267E-13  4.465E-13  0.000E+00  0.000E+00  0.000E+00  1.000E-03
  4.465E-13  4.672E-13  0.000E+00  0.000E+00  0.000E+00  1.000E-03
  4.672E-13  4.888E-13  0.000E+00  0.000E+00  0.000E+00  1.000E-03
  4.888E-13  5.115E-13  0.000E+00  0.000E+00  0.000E+00  1.000E-03
  5.115E-13  5.352E-13  0.000E+00  0.000E+00  0.000E+00  1.000E-03
  5.352E-13  5.601E-13  0.000E+00  0.000E+00  0.000E+00  1.000E-03
  5.601E-13  5.860E-13  0.000E+00  0.000E+00  0.000E+00  1.000E-03
  5.860E-13  6.132E-13  0.000E+00  0.000E+00  0.000E+00  1.000E-03
  6.132E-13  6.416E-13  0.000E+00  0.000E+00  0.000E+00  1.000E-03
  6.416E-13  6.714E-13  0.000E+00  0.000E+00  0.000E+00  1.000E-03
  6.714E-13  7.026E-13  0.000E+00  0.000E+00  0.000E+00  1.000E-03
  7.026E-13  7.351E-13  0.000E+00  0.000E+00  0.000E+00  1.000E-03
  7.351E-13  7.692E-13  0.000E+00  0.000E+00  0.000E+00  1.000E-03
  7.692E-13  8.049E-13  0.000E+00  0.000E+00  0.000E+00  1.000E-03
  8.049E-13  8.422E-13  0.000E+00  0.000E+00  0.000E+00  1.000E-03
  8.422E-13  8.813E-13  0.000E+00  0.000E+00  0.000E+00  1.000E-03
  8.813E-13  9.222E-13  0.000E+00  0.000E+00  0.000E+00  1.000E-03
  9.222E-13  9.650E-13  0.000E+00  0.000E+00  0.000E+00  1.000E-03
  9.650E-13  1.010E-12  0.000E+00  0.000E+00  0.000E+00  1.000E-03
  1.010E-12  1.057E-12  0.000E+00  0.000E+00  0.000E+00  1.000E-03
  1.057E-12  1.106E-12  0.000E+00  0.000E+00  0.000E+00  1.000E-03
  1.106E-12  1.157E-12  0.000E+00  0.000E+00  0.000E+00  1.000E-03
  1.157E-12  1.210E-12  0.000E+00  0.000E+00  0.000E+00  1.000E-03
  1.210E-12  1.267E-12  0.000E+00  0.000E+00  0.000E+00  1.000E-03
  1.267E-12  1.325E-12  0.000E+00  0.000E+00  0.000E+00  1.000E-03
  1.325E-12  1.387E-12  0.000E+00  0.000E+00  0.000E+00  1.000E-03
  1.387E-12  1.451E-12  0.000E+00  0.000E+00  0.000E+00  1.000E-03
  1.451E-12  1.518E-12  0.000E+00  0.000E+00  0.000E+00  1.000E-03
  1.518E-12  1.589E-12  0.000E+00  0.000E+00  0.000E+00  1.000E-03
  1.589E-12  1.663E-12  0.000E+00  0.000E+00  0.000E+00  1.000E-03
  1.663E-12  1.740E-12  0.000E+00  0.000E+00  0.000E+00  1.000E-03
  1.740E-12  1.820E-12  0.000E+00  0.000E+00  0.000E+00  1.000E-03
  1.820E-12  1.905E-12  0.000E+00  0.000E+00  0.000E+00  1.000E-03
  1.905E-12  1.993E-12  0.000E+00  0.000E+00  0.000E+00  1.000E-03
  1.993E-12  2.086E-12  0.000E+00  0.000E+00  0.000E+00  1.000E-03
  2.086E-12  2.182E-12  0.000E+00  0.000E+00  0.000E+00  1.000E-03
  2.182E-12  2.284E-12  0.000E+00  0.000E+00  0.000E+00  1.000E-03
  2.284E-12  2.390E-12  0.000E+00  0.000E+00  0.000E+00  1.000E-03
  2.390E-12  2.500E-12  0.000E+00  0.000E+00  0.000E+00  1.000E-03
  2.500E-12  2.616E-12  0.000E+00  0.000E+00  0.000E+00  1.000E-03
  2.616E-12  2.738E-12  0.000E+00  0.000E+00  0.000E+00  1.000E-03
  2.738E-12  2.865E-12  0.000E+00  0.000E+00  0.000E+00  1.000E-03
  2.865E-12  2.998E-12  0.000E+00  0.000E+00  0.000E+00  1.000E-03
  2.998E-12  3.137E-12  0.000E+00  0.000E+00  0.000E+00  1.000E-03
  3.137E-12  3.282E-12  0.000E+00  0.000E+00  0.000E+00  1.000E-03
  3.282E-12  3.434E-12  0.000E+00  0.000E+00  0.000E+00  1.000E-03
  3.434E-12  3.594E-12  0.000E+00  0.000E+00  0.000E+00  1.000E-03
  3.594E-12  3.760E-12  0.000E+00  0.000E+00  0.000E+00  1.000E-03
  3.760E-12  3.935E-12  0.000E+00  0.000E+00  0.000E+00  1.000E-03
  3.935E-12  4.117E-12  0.000E+00  0.000E+00  0.000E+00  1.000E-03
  4.117E-12  4.308E-12  0.000E+00  0.000E+00  0.000E+00  1.000E-03
  4.308E-12  4.508E-12  0.000E+00  0.000E+00  0.000E+00  1.000E-03
  4.508E-12  4.717E-12  0.000E+00  0.000E+00  0.000E+00  1.000E-03
  4.717E-12  4.936E-12  0.000E+00  0.000E+00  0.000E+00  1.000E-03
  4.936E-12  5.165E-12  0.000E+00  0.000E+00  0.000E+00  1.000E-03
  5.165E-12  5.404E-12  0.000E+00  0.000E+00  0.000E+00  1.000E-03
  5.404E-12  5.655E-12  0.000E+00  0.000E+00  0.000E+00  1.000E-03
  5.655E-12  5.917E-12  0.000E+00  0.000E+00  0.000E+00  1.000E-03
  5.917E-12  6.192E-12  0.000E+00  0.000E+00  0.000E+00  1.000E-03
  6.192E-12  6.479E-12  0.000E+00  0.000E+00  0.000E+00  1.000E-03
  6.479E-12  6.779E-12  0.000E+00  0.000E+00  0.000E+00  1.000E-03
  6.779E-12  7.094E-12  0.000E+00  0.000E+00  0.000E+00  1.000E-03
  7.094E-12  7.423E-12  0.000E+00  0.000E+00  0.000E+00  1.000E-03
  7.423E-12  7.767E-12  0.000E+00  0.000E+00  0.000E+00  1.000E-03
  7.767E-12  8.127E-12  0.000E+00  0.000E+00  0.000E+00  1.000E-03
  8.127E-12  8.504E-12  0.000E+00  0.000E+00  0.000E+00  1.000E-03
  8.504E-12  8.899E-12  0.000E+00  0.000E+00  0.000E+00  1.000E-03
  8.899E-12  9.311E-12  0.000E+00  0.000E+00  0.000E+00  1.000E-03
  9.311E-12  9.743E-12  0.000E+00  0.000E+00  0.000E+00  1.000E-03
  9.743E-12  1.020E-11  0.000E+00  0.000E+00  0.000E+00  1.000E-03
  1.020E-11  1.067E-11  0.000E+00  0.000E+00  0.000E+00  1.000E-03
  1.067E-11  1.116E-11  0.000E+00  0.000E+00  0.000E+00  1.000E-03
  1.116E-11  1.168E-11  0.000E+00  0.000E+00  0.000E+00  1.000E-03
  1.168E-11  1.222E-11  0.000E+00  0.000E+00  0.000E+00  1.000E-03
  1.222E-11  1.279E-11  0.000E+00  0.000E+00  0.000E+00  1.000E-03
  1.279E-11  1.338E-11  0.000E+00  0.000E+00  0.000E+00  1.000E-03
  1.338E-11  1.400E-11  0.000E+00  0.000E+00  0.000E+00  1.000E-03
  1.400E-11  1.465E-11  0.000E+00  0.000E+00  0.000E+00  1.000E-03
  1.465E-11  1.533E-11  0.000E+00  0.000E+00  0.000E+00  1.000E-03
  1.533E-11  1.604E-11  0.000E+00  0.000E+00  0.000E+00  1.000E-03
  1.604E-11  1.679E-11  0.000E+00  0.000E+00  0.000E+00  1.000E-03
  1.679E-11  1.757E-11  0.000E+00  0.000E+00  0.000E+00  1.000E-03
  1.757E-11  1.838E-11  0.000E+00  0.000E+00  0.000E+00  1.000E-03
  1.838E-11  1.923E-11  0.000E+00  0.000E+00  0.000E+00  1.000E-03
  1.923E-11  2.013E-11  0.000E+00  0.000E+00  0.000E+00  1.000E-03
  2.013E-11  2.106E-11  0.000E+00  0.000E+00  0.000E+00  1.000E-03
  2.106E-11  2.204E-11  0.000E+00  0.000E+00  0.000E+00  1.000E-03
  2.204E-11  2.306E-11  0.000E+00  0.000E+00  0.000E+00  1.000E-03
  2.306E-11  2.413E-11  0.000E+00  0.000E+00  0.000E+00  1.000E-03
  2.413E-11  2.525E-11  0.000E+00  0.000E+00  0.000E+00  1.000E-03
  2.525E-11  2.642E-11  0.000E+00  0.000E+00  0.000E+00  1.000E-03
  2.642E-11  2.764E-11  0.000E+00  0.000E+00  0.000E+00  1.000E-03
  2.764E-11  2.893E-11  0.000E+00  0.000E+00  0.000E+00  1.000E-03
  2.893E-11  3.027E-11  0.000E+00  0.000E+00  0.000E+00  1.000E-03
  3.027E-11  3.167E-11  0.000E+00  0.000E+00  0.000E+00  1.000E-03
  3.167E-11  3.314E-11  0.000E+00  0.000E+00  0.000E+00  1.000E-03
  3.314E-11  3.468E-11  0.000E+00  0.000E+00  0.000E+00  1.000E-03
  3.468E-11  3.628E-11  0.000E+00  0.000E+00  0.000E+00  1.000E-03
  3.628E-11  3.797E-11  0.000E+00  0.000E+00  0.000E+00  1.000E-03
  3.797E-11  3.973E-11  0.000E+00  0.000E+00  0.000E+00  1.000E-03
  3.973E-11  4.157E-11  0.000E+00  0.000E+00  0.000E+00  1.000E-03
  4.157E-11  4.350E-11  0.000E+00  0.000E+00  0.000E+00  1.000E-03
  4.350E-11  4.552E-11  0.000E+00  0.000E+00  0.000E+00  1.000E-03
  4.552E-11  4.763E-11  0.000E+00  0.000E+00  0.000E+00  1.000E-03
  4.763E-11  4.984E-11  0.000E+00  0.000E+00  0.000E+00  1.000E-03
  4.984E-11  5.215E-11  0.000E+00  0.000E+00  0.000E+00  1.000E-03
  5.215E-11  5.457E-11  0.000E+00  0.000E+00  0.000E+00  1.000E-03
  5.457E-11  5.710E-11  0.000E+00  0.000E+00  0.000E+00  1.000E-03
  5.710E-11  5.975E-11  0.000E+00  0.000E+00  0.000E+00  1.000E-03
  5.975E-11  6.252E-11  0.000E+00  0.000E+00  0.000E+00  1.000E-03
  6.252E-11  6.542E-11  0.000E+00  0.000E+00  0.000E+00  1.000E-03
  6.542E-11  6.845E-11  0.000E+00  0.000E+00  0.000E+00  1.000E-03
  6.845E-11  7.163E-11  0.000E+00  0.000E+00  0.000E+00  1.000E-03
  7.163E-11  7.495E-11  0.000E+00  0.000E+00  0.000E+00  1.000E-03
  7.495E-11  7.843E-11  0.000E+00  0.000E+00  0.000E+00  1.000E-03
  7.843E-11  8.206E-11  0.000E+00  0.000E+00  0.000E+00  1.000E-03
  8.206E-11  8.587E-11  0.000E+00  0.000E+00  0.000E+00  1.000E-03
  8.587E-11  8.985E-11  0.000E+00  0.000E+00  0.000E+00  1.000E-03
  8.985E-11  9.402E-11  0.000E+00  0.000E+00  0.000E+00  1.000E-03
  9.402E-11  9.838E-11  0.000E+00  0.000E+00  0.000E+00  1.000E-03
  9.838E-11  1.029E-10  0.000E+00  0.000E+00  0.000E+00  1.000E-03
  1.029E-10  1.077E-10  0.000E+00  0.000E+00  0.000E+00  1.000E-03
  1.077E-10  1.127E-10  0.000E+00  0.000E+00  0.000E+00  1.000E-03
  1.127E-10  1.179E-10  0.000E+00  0.000E+00  0.000E+00  1.000E-03
  1.179E-10  1.234E-10  0.000E+00  0.000E+00  0.000E+00  1.000E-03
  1.234E-10  1.291E-10  0.000E+00  0.000E+00  0.000E+00  1.000E-03
  1.291E-10  1.351E-10  0.000E+00  0.000E+00  0.000E+00  1.000E-03
  1.351E-10  1.414E-10  0.000E+00  0.000E+00  0.000E+00  1.000E-03
  1.414E-10  1.480E-10  0.000E+00  0.000E+00  0.000E+00  1.000E-03
  1.480E-10  1.548E-10  0.000E+00  0.000E+00  0.000E+00  1.000E-03
  1.548E-10  1.620E-10  0.000E+00  0.000E+00  0.000E+00  1.000E-03
  1.620E-10  1.695E-10  0.000E+00  0.000E+00  0.000E+00  1.000E-03
  1.695E-10  1.774E-10  0.000E+00  0.000E+00  0.000E+00  1.000E-03
  1.774E-10  1.856E-10  0.000E+00  0.000E+00  0.000E+00  1.000E-03
  1.856E-10  1.942E-10  0.000E+00  0.000E+00  0.000E+00  1.000E-03
  1.942E-10  2.032E-10  0.000E+00  0.000E+00  0.000E+00  1.000E-03
  2.032E-10  2.126E-10  0.000E+00  0.000E+00  0.000E+00  1.000E-03
  2.126E-10  2.225E-10  0.000E+00  0.000E+00  0.000E+00  1.000E-03
  2.225E-10  2.328E-10  0.000E+00  0.000E+00  0.000E+00  1.000E-03
  2.328E-10  2.436E-10  0.000E+00  0.000E+00  0.000E+00  1.000E-03
  2.436E-10  2.549E-10  0.000E+00  0.000E+00  0.000E+00  1.000E-03
  2.549E-10  2.667E-10  0.000E+00  0.000E+00  0.000E+00  1.000E-03
  2.667E-10  2.791E-10  0.000E+00  0.000E+00  0.000E+00  1.000E-03
  2.791E-10  2.921E-10  0.000E+00  0.000E+00  0.000E+00  1.000E-03
  2.921E-10  3.056E-10  0.000E+00  0.000E+00  0.000E+00  1.000E-03
  3.056E-10  3.198E-10  0.000E+00  0.000E+00  0.000E+00  1.000E-03
  3.198E-10  3.346E-10  0.000E+00  0.000E+00  0.000E+00  1.000E-03
  3.346E-10  3.501E-10  0.000E+00  0.000E+00  0.000E+00  1.000E-03
  3.501E-10  3.664E-10  0.000E+00  0.000E+00  0.000E+00  1.000E-03
  3.664E-10  3.834E-10  0.000E+00  0.000E+00  0.000E+00  1.000E-03
  3.834E-10  4.011E-10  0.000E+00  0.000E+00  0.000E+00  1.000E-03
  4.011E-10  4.198E-10  0.000E+00  0.000E+00  0.000E+00  1.000E-03
  4.198E-10  4.392E-10  0.000E+00  0.000E+00  0.000E+00  1.000E-03
  4.392E-10  4.596E-10  0.000E+00  0.000E+00  0.000E+00  1.000E-03
  4.596E-10  4.809E-10  0.000E+00  0.000E+00  0.000E+00  1.000E-03
  4.809E-10  5.032E-10  0.000E+00  0.000E+00  0.000E+00  1.000E-03
  5.032E-10  5.266E-10  0.000E+00  0.000E+00  0.000E+00  1.000E-03
  5.266E-10  5.510E-10  0.000E+00  0.000E+00  0.000E+00  1.000E-03
  5.510E-10  5.765E-10  0.000E+00  0.000E+00  0.000E+00  1.000E-03
  5.765E-10  6.033E-10  0.000E+00  0.000E+00  0.000E+00  1.000E-03
  6.033E-10  6.313E-10  0.000E+00  0.000E+00  0.000E+00  1.000E-03
  6.313E-10  6.605E-10  0.000E+00  0.000E+00  0.000E+00  1.000E-03
  6.605E-10  6.912E-10  0.000E+00  0.000E+00  0.000E+00  1.000E-03
  6.912E-10  7.232E-10  0.000E+00  0.000E+00  0.000E+00  1.000E-03
  7.232E-10  7.568E-10  0.000E+00  0.000E+00  0.000E+00  1.000E-03
  7.568E-10  7.919E-10  0.000E+00  0.000E+00  0.000E+00  1.000E-03
  7.919E-10  8.286E-10  0.000E+00  0.000E+00  0.000E+00  1.000E-03
  8.286E-10  8.670E-10  0.000E+00  0.000E+00  0.000E+00  1.000E-03
  8.670E-10  9.073E-10  0.000E+00  0.000E+00  0.000E+00  1.000E-03
  9.073E-10  9.493E-10  0.000E+00  0.000E+00  0.000E+00  1.000E-03
  9.493E-10  9.934E-10  0.000E+00  0.000E+00  0.000E+00  1.000E-03
  9.934E-10  1.039E-09  0.000E+00  0.000E+00  0.000E+00  1.000E-03
  1.039E-09  1.088E-09  0.000E+00  0.000E+00  0.000E+00  1.000E-03
  1.088E-09  1.138E-09  0.000E+00  0.000E+00  0.000E+00  1.000E-03
  1.138E-09  1.191E-09  0.000E+00  0.000E+00  0.000E+00  1.000E-03
  1.191E-09  1.246E-09  0.000E+00  0.000E+00  0.000E+00  1.000E-03
  1.246E-09  1.304E-09  0.000E+00  0.000E+00  0.000E+00  1.000E-03
  1.304E-09  1.364E-09  0.000E+00  0.000E+00  0.000E+00  1.000E-03
  1.364E-09  1.428E-09  0.000E+00  0.000E+00  0.000E+00  1.000E-03
  1.428E-09  1.494E-09  0.000E+00  0.000E+00  0.000E+00  1.000E-03
  1.494E-09  1.563E-09  0.000E+00  0.000E+00  0.000E+00  1.000E-03
  1.563E-09  1.636E-09  0.000E+00  0.000E+00  0.000E+00  1.000E-03
  1.636E-09  1.712E-09  0.000E+00  0.000E+00  0.000E+00  1.000E-03
  1.712E-09  1.791E-09  0.000E+00  0.000E+00  0.000E+00  1.000E-03
  1.791E-09  1.874E-09  0.000E+00  0.000E+00  0.000E+00  1.000E-03
  1.874E-09  1.961E-09  0.000E+00  0.000E+00  0.000E+00  1.000E-03
  1.961E-09  2.052E-09  0.000E+00  0.000E+00  0.000E+00  1.000E-03
  2.052E-09  2.147E-09  0.000E+00  0.000E+00  0.000E+00  1.000E-03
  2.147E-09  2.247E-09  0.000E+00  0.000E+00  0.000E+00  1.000E-03
  2.247E-09  2.351E-09  0.000E+00  0.000E+00  0.000E+00  1.000E-03
  2.351E-09  2.460E-09  0.000E+00  0.000E+00  0.000E+00  1.000E-03
  2.460E-09  2.574E-09  0.000E+00  0.000E+00  0.000E+00  1.000E-03
  2.574E-09  2.693E-09  0.000E+00  0.000E+00  0.000E+00  1.000E-03
  2.693E-09  2.818E-09  0.000E+00  0.000E+00  0.000E+00  1.000E-03
  2.818E-09  2.949E-09  0.000E+00  0.000E+00  0.000E+00  1.000E-03
  2.949E-09  3.086E-09  0.000E+00  0.000E+00  0.000E+00  1.000E-03
  3.086E-09  3.229E-09  0.000E+00  0.000E+00  0.000E+00  1.000E-03
  3.229E-09  3.379E-09  0.000E+00  0.000E+00  0.000E+00  1.000E-03
  3.379E-09  3.535E-09  0.000E+00  0.000E+00  0.000E+00  1.000E-03
  3.535E-09  3.699E-09  0.000E+00  0.000E+00  0.000E+00  1.000E-03
  3.699E-09  3.871E-09  0.000E+00  0.000E+00  0.000E+00  1.000E-03
  3.871E-09  4.050E-09  0.000E+00  0.000E+00  0.000E+00  1.000E-03
  4.050E-09  4.238E-09  0.000E+00  0.000E+00  0.000E+00  1.000E-03
  4.238E-09  4.435E-09  0.000E+00  0.000E+00  0.000E+00  1.000E-03
  4.435E-09  4.641E-09  0.000E+00  0.000E+00  0.000E+00  1.000E-03
  4.641E-09  4.856E-09  0.000E+00  0.000E+00  0.000E+00  1.000E-03
  4.856E-09  5.081E-09  0.000E+00  0.000E+00  0.000E+00  1.000E-03
  5.081E-09  5.317E-09  0.000E+00  0.000E+00  0.000E+00  1.000E-03
  5.317E-09  5.563E-09  0.000E+00  0.000E+00  0.000E+00  1.000E-03
  5.563E-09  5.821E-09  0.000E+00  0.000E+00  0.000E+00  1.000E-03
  5.821E-09  6.091E-09  0.000E+00  0.000E+00  0.000E+00  1.000E-03
  6.091E-09  6.374E-09  0.000E+00  0.000E+00  0.000E+00  1.000E-03
  6.374E-09  6.670E-09  0.000E+00  0.000E+00  0.000E+00  1.000E-03
  6.670E-09  6.979E-09  0.000E+00  0.000E+00  0.000E+00  1.000E-03
  6.979E-09  7.303E-09  0.000E+00  0.000E+00  0.000E+00  1.000E-03
  7.303E-09  7.641E-09  0.000E+00  0.000E+00  0.000E+00  1.000E-03
  7.641E-09  7.996E-09  0.000E+00  0.000E+00  0.000E+00  1.000E-03
  7.996E-09  8.367E-09  0.000E+00  0.000E+00  0.000E+00  1.000E-03
  8.367E-09  8.755E-09  0.000E+00  0.000E+00  0.000E+00  1.000E-03
  8.755E-09  9.161E-09  0.000E+00  0.000E+00  0.000E+00  1.000E-03
  9.161E-09  9.586E-09  0.000E+00  0.000E+00  0.000E+00  1.000E-03
  9.586E-09  1.003E-08  0.000E+00  0.000E+00  0.000E+00  1.000E-03
  1.003E-08  1.050E-08  0.000E+00  0.000E+00  0.000E+00  1.000E-03
  1.050E-08  1.098E-08  0.000E+00  0.000E+00  0.000E+00  1.000E-03
  1.098E-08  1.149E-08  0.000E+00  0.000E+00  0.000E+00  1.000E-03
  1.149E-08  1.202E-08  0.000E+00  0.000E+00  0.000E+00  1.000E-03
  1.202E-08  1.258E-08  0.000E+00  0.000E+00  0.000E+00  1.000E-03
  1.258E-08  1.317E-08  0.000E+00  0.000E+00  0.000E+00  1.000E-03
  1.317E-08  1.378E-08  0.000E+00  0.000E+00  0.000E+00  1.000E-03
  1.378E-08  1.442E-08  0.000E+00  0.000E+00  0.000E+00  1.000E-03
  1.442E-08  1.508E-08  0.000E+00  0.000E+00  0.000E+00  1.000E-03
  1.508E-08  1.578E-08  0.000E+00  0.000E+00  0.000E+00  1.000E-03
  1.578E-08  1.652E-08  0.000E+00  0.000E+00  0.000E+00  1.000E-03
  1.652E-08  1.728E-08  0.000E+00  0.000E+00  0.000E+00  1.000E-03
  1.728E-08  1.808E-08  0.000E+00  0.000E+00  0.000E+00  1.000E-03
  1.808E-08  1.892E-08  0.000E+00  0.000E+00  0.000E+00  1.000E-03
  1.892E-08  1.980E-08  0.000E+00  0.000E+00  0.000E+00  1.000E-03
  1.980E-08  2.072E-08  0.000E+00  0.000E+00  0.000E+00  1.000E-03
  2.072E-08  2.168E-08  0.000E+00  0.000E+00  0.000E+00  1.000E-03
  2.168E-08  2.268E-08  0.000E+00  0.000E+00  0.000E+00  1.000E-03
  2.268E-08  2.374E-08  0.000E+00  0.000E+00  0.000E+00  1.000E-03
  2.374E-08  2.484E-08  0.000E+00  0.000E+00  0.000E+00  1.000E-03
  2.484E-08  2.599E-08  0.000E+00  0.000E+00  0.000E+00  1.000E-03
  2.599E-08  2.720E-08  0.000E+00  0.000E+00  0.000E+00  1.000E-03
  2.720E-08  2.846E-08  0.000E+00  0.000E+00  0.000E+00  1.000E-03
  2.846E-08  2.978E-08  0.000E+00  0.000E+00  0.000E+00  1.000E-03
  2.978E-08  3.116E-08  0.000E+00  0.000E+00  0.000E+00  1.000E-03
  3.116E-08  3.260E-08  0.000E+00  0.000E+00  0.000E+00  1.000E-03
  3.260E-08  3.411E-08  0.000E+00  0.000E+00  0.000E+00  1.000E-03
  3.411E-08  3.570E-08  0.000E+00  0.000E+00  0.000E+00  1.000E-03
  3.570E-08  3.735E-08  0.000E+00  0.000E+00  0.000E+00  1.000E-03
  3.735E-08  3.909E-08  0.000E+00  0.000E+00  0.000E+00  1.000E-03
  3.909E-08  4.090E-08  0.000E+00  0.000E+00  0.000E+00  1.000E-03
  4.090E-08  4.280E-08  0.000E+00  0.000E+00  0.000E+00  1.000E-03
  4.280E-08  4.478E-08  0.000E+00  0.000E+00  0.000E+00  1.000E-03
  4.478E-08  4.686E-08  0.000E+00  0.000E+00  0.000E+00  1.000E-03
  4.686E-08  4.903E-08  0.000E+00  0.000E+00  0.000E+00  1.000E-03
  4.903E-08  5.130E-08  0.000E+00  0.000E+00  0.000E+00  1.000E-03
  5.130E-08  5.368E-08  0.000E+00  0.000E+00  0.000E+00  1.000E-03
  5.368E-08  5.617E-08  0.000E+00  0.000E+00  0.000E+00  1.000E-03
  5.617E-08  5.878E-08  0.000E+00  0.000E+00  0.000E+00  1.000E-03
  5.878E-08  6.151E-08  0.000E+00  0.000E+00  0.000E+00  1.000E-03
  6.151E-08  6.436E-08  0.000E+00  0.000E+00  0.000E+00  1.000E-03
  6.436E-08  6.734E-08  0.000E+00  0.000E+00  0.000E+00  1.000E-03
  6.734E-08  7.047E-08  0.000E+00  0.000E+00  0.000E+00  1.000E-03
  7.047E-08  7.374E-08  0.000E+00  0.000E+00  0.000E+00  1.000E-03
  7.374E-08  7.716E-08  0.000E+00  0.000E+00  0.000E+00  1.000E-03
  7.716E-08  8.073E-08  0.000E+00  0.000E+00  0.000E+00  1.000E-03
  8.073E-08  8.448E-08  0.000E+00  0.000E+00  0.000E+00  1.000E-03
  8.448E-08  8.840E-08  0.000E+00  0.000E+00  0.000E+00  1.000E-03
  8.840E-08  9.250E-08  0.000E+00  0.000E+00  0.000E+00  1.000E-03
  9.250E-08  9.679E-08  0.000E+00  0.000E+00  0.000E+00  1.000E-03
  9.679E-08  1.013E-07  0.000E+00  0.000E+00  0.000E+00  1.000E-03
  1.013E-07  1.060E-07  0.000E+00  0.000E+00  0.000E+00  1.000E-03
  1.060E-07  1.109E-07  0.000E+00  0.000E+00  0.000E+00  1.000E-03
  1.109E-07  1.160E-07  0.000E+00  0.000E+00  0.000E+00  1.000E-03
  1.160E-07  1.214E-07  0.000E+00  0.000E+00  0.000E+00  1.000E-03
  1.214E-07  1.270E-07  0.000E+00  0.000E+00  0.000E+00  1.000E-03
  1.270E-07  1.329E-07  0.000E+00  0.000E+00  0.000E+00  1.000E-03
  1.329E-07  1.391E-07  0.000E+00  0.000E+00  0.000E+00  1.000E-03
  1.391E-07  1.456E-07  0.000E+00  0.000E+00  0.000E+00  1.000E-03
  1.456E-07  1.523E-07  0.000E+00  0.000E+00  0.000E+00  1.000E-03
  1.523E-07  1.594E-07  0.000E+00  0.000E+00  0.000E+00  1.000E-03
  1.594E-07  1.668E-07  0.000E+00  0.000E+00  0.000E+00  1.000E-03
  1.668E-07  1.745E-07  0.000E+00  0.000E+00  0.000E+00  1.000E-03
  1.745E-07  1.826E-07  0.000E+00  0.000E+00  0.000E+00  1.000E-03
  1.826E-07  1.911E-07  0.000E+00  0.000E+00  0.000E+00  1.000E-03
  1.911E-07  1.999E-07  0.000E+00  0.000E+00  0.000E+00  1.000E-03
  1.999E-07  2.092E-07  0.000E+00  0.000E+00  0.000E+00  1.000E-03
  2.092E-07  2.189E-07  0.000E+00  0.000E+00  0.000E+00  1.000E-03
  2.189E-07  2.291E-07  0.000E+00  0.000E+00  0.000E+00  1.000E-03
  2.291E-07  2.397E-07  0.000E+00  0.000E+00  0.000E+00  1.000E-03
  2.397E-07  2.508E-07  0.000E+00  0.000E+00  0.000E+00  1.000E-03
  2.508E-07  2.624E-07  0.000E+00  0.000E+00  0.000E+00  1.000E-03
  2.624E-07  2.746E-07  0.000E+00  0.000E+00  0.000E+00  1.000E-03
  2.746E-07  2.873E-07  0.000E+00  0.000E+00  0.000E+00  1.000E-03
  2.873E-07  3.007E-07  0.000E+00  0.000E+00  0.000E+00  1.000E-03
  3.007E-07  3.146E-07  0.000E+00  0.000E+00  0.000E+00  1.000E-03
  3.146E-07  3.292E-07  0.000E+00  0.000E+00  0.000E+00  1.000E-03
  3.292E-07  3.445E-07  0.000E+00  0.000E+00  0.000E+00  1.000E-03
  3.445E-07  3.604E-07  0.000E+00  0.000E+00  0.000E+00  1.000E-03
  3.604E-07  3.772E-07  0.000E+00  0.000E+00  0.000E+00  1.000E-03
  3.772E-07  3.947E-07  0.000E+00  0.000E+00  0.000E+00  1.000E-03
  3.947E-07  4.130E-07  0.000E+00  0.000E+00  0.000E+00  1.000E-03
  4.130E-07  4.321E-07  0.000E+00  0.000E+00  0.000E+00  1.000E-03
  4.321E-07  4.522E-07  0.000E+00  0.000E+00  0.000E+00  1.000E-03
  4.522E-07  4.731E-07  0.000E+00  0.000E+00  0.000E+00  1.000E-03
  4.731E-07  4.951E-07  0.000E+00  0.000E+00  0.000E+00  1.000E-03
  4.951E-07  5.180E-07  0.000E+00  0.000E+00  0.000E+00  1.000E-03
  5.180E-07  5.421E-07  0.000E+00  0.000E+00  0.000E+00  1.000E-03
  5.421E-07  5.672E-07  0.000E+00  0.000E+00  0.000E+00  1.000E-03
  5.672E-07  5.935E-07  0.000E+00  0.000E+00  0.000E+00  1.000E-03
  5.935E-07  6.210E-07  0.000E+00  0.000E+00  0.000E+00  1.000E-03
  6.210E-07  6.498E-07  0.000E+00  0.000E+00  0.000E+00  1.000E-03
  6.498E-07  6.800E-07  0.000E+00  0.000E+00  0.000E+00  1.000E-03
  6.800E-07  7.115E-07  0.000E+00  0.000E+00  0.000E+00  1.000E-03
  7.115E-07  7.445E-07  0.000E+00  0.000E+00  0.000E+00  1.000E-03
  7.445E-07  7.791E-07  0.000E+00  0.000E+00  0.000E+00  1.000E-03
  7.791E-07  8.152E-07  0.000E+00  0.000E+00  0.000E+00  1.000E-03
  8.152E-07  8.530E-07  0.000E+00  0.000E+00  0.000E+00  1.000E-03
  8.530E-07  8.926E-07  0.000E+00  0.000E+00  0.000E+00  1.000E-03
  8.926E-07  9.340E-07  0.000E+00  0.000E+00  0.000E+00  1.000E-03
  9.340E-07  9.773E-07  0.000E+00  0.000E+00  0.000E+00  1.000E-03
  9.773E-07  1.023E-06  0.000E+00  0.000E+00  0.000E+00  1.000E-03
  1.023E-06  1.070E-06  0.000E+00  0.000E+00  0.000E+00  1.000E-03
  1.070E-06  1.120E-06  0.000E+00  0.000E+00  0.000E+00  1.000E-03
  1.120E-06  1.172E-06  0.000E+00  0.000E+00  0.000E+00  1.000E-03
  1.172E-06  1.226E-06  0.000E+00  0.000E+00  0.000E+00  1.000E-03
  1.226E-06  1.283E-06  0.000E+00  0.000E+00  0.000E+00  1.000E-03
  1.283E-06  1.342E-06  0.000E+00  0.000E+00  0.000E+00  1.000E-03
  1.342E-06  1.405E-06  0.000E+00  0.000E+00  0.000E+00  1.000E-03
  1.405E-06  1.470E-06  0.000E+00  0.000E+00  0.000E+00  1.000E-03
  1.470E-06  1.538E-06  0.000E+00  0.000E+00  0.000E+00  1.000E-03
  1.538E-06  1.609E-06  0.000E+00  0.000E+00  0.000E+00  1.000E-03
  1.609E-06  1.684E-06  0.000E+00  0.000E+00  0.000E+00  1.000E-03
  1.684E-06  1.762E-06  0.000E+00  0.000E+00  0.000E+00  1.000E-03
  1.762E-06  1.844E-06  0.000E+00  0.000E+00  0.000E+00  1.000E-03
  1.844E-06  1.929E-06  0.000E+00  0.000E+00  0.000E+00  1.000E-03
  1.929E-06  2.019E-06  0.000E+00  0.000E+00  0.000E+00  1.000E-03
  2.019E-06  2.112E-06  0.000E+00  0.000E+00  0.000E+00  1.000E-03
  2.112E-06  2.210E-06  0.000E+00  0.000E+00  0.000E+00  1.000E-03
  2.210E-06  2.313E-06  0.000E+00  0.000E+00  0.000E+00  1.000E-03
  2.313E-06  2.420E-06  0.000E+00  0.000E+00  0.000E+00  1.000E-03
  2.420E-06  2.532E-06  0.000E+00  0.000E+00  0.000E+00  1.000E-03
  2.532E-06  2.650E-06  0.000E+00  0.000E+00  0.000E+00  1.000E-03
  2.650E-06  2.773E-06  0.000E+00  0.000E+00  0.000E+00  1.000E-03
  2.773E-06  2.901E-06  0.000E+00  0.000E+00  0.000E+00  1.000E-03
  2.901E-06  3.036E-06  0.000E+00  0.000E+00  0.000E+00  1.000E-03
  3.036E-06  3.177E-06  0.000E+00  0.000E+00  0.000E+00  1.000E-03
  3.177E-06  3.324E-06  0.000E+00  0.000E+00  0.000E+00  1.000E-03
  3.324E-06  3.478E-06  0.000E+00  0.000E+00  0.000E+00  1.000E-03
  3.478E-06  3.639E-06  0.000E+00  0.000E+00  0.000E+00  1.000E-03
  3.639E-06  3.808E-06  0.000E+00  0.000E+00  0.000E+00  1.000E-03
  3.808E-06  3.985E-06  0.000E+00  0.000E+00  0.000E+00  1.000E-03
  3.985E-06  4.170E-06  0.000E+00  0.000E+00  0.000E+00  1.000E-03
  4.170E-06  4.363E-06  0.000E+00  0.000E+00  0.000E+00  1.000E-03
  4.363E-06  4.565E-06  0.000E+00  0.000E+00  0.000E+00  1.000E-03
  4.565E-06  4.777E-06  0.000E+00  0.000E+00  0.000E+00  1.000E-03
  4.777E-06  4.999E-06  0.000E+00  0.000E+00  0.000E+00  1.000E-03
  4.999E-06  5.231E-06  0.000E+00  0.000E+00  0.000E+00  1.000E-03
  5.231E-06  5.473E-06  0.000E+00  0.000E+00  0.000E+00  1.000E-03
  5.473E-06  5.727E-06  0.000E+00  0.000E+00  0.000E+00  1.000E-03
  5.727E-06  5.993E-06  0.000E+00  0.000E+00  0.000E+00  1.000E-03
  5.993E-06  6.271E-06  0.000E+00  0.000E+00  0.000E+00  1.000E-03
  6.271E-06  6.562E-06  0.000E+00  0.000E+00  0.000E+00  1.000E-03
  6.562E-06  6.866E-06  0.000E+00  0.000E+00  0.000E+00  1.000E-03
  6.866E-06  7.184E-06  0.000E+00  0.000E+00  0.000E+00  1.000E-03
  7.184E-06  7.518E-06  0.000E+00  0.000E+00  0.000E+00  1.000E-03
  7.518E-06  7.866E-06  0.000E+00  0.000E+00  0.000E+00  1.000E-03
  7.866E-06  8.231E-06  0.000E+00  0.000E+00  0.000E+00  1.000E-03
  8.231E-06  8.613E-06  0.000E+00  0.000E+00  0.000E+00  1.000E-03
  8.613E-06  9.012E-06  0.000E+00  0.000E+00  0.000E+00  1.000E-03
  9.012E-06  9.430E-06  0.000E+00  0.000E+00  0.000E+00  1.000E-03
  9.430E-06  9.868E-06  0.000E+00  0.000E+00  0.000E+00  1.000E-03
  9.868E-06  1.033E-05  0.000E+00  0.000E+00  0.000E+00  1.000E-03
  1.033E-05  1.080E-05  0.000E+00  0.000E+00  0.000E+00  1.000E-03
  1.080E-05  1.131E-05  0.000E+00  0.000E+00  0.000E+00  1.000E-03
  1.131E-05  1.183E-05  0.000E+00  0.000E+00  0.000E+00  1.000E-03
  1.183E-05  1.238E-05  0.000E+00  0.000E+00  0.000E+00  1.000E-03
  1.238E-05  1.295E-05  0.000E+00  0.000E+00  0.000E+00  1.000E-03
  1.295E-05  1.355E-05  0.000E+00  0.000E+00  0.000E+00  1.000E-03
  1.355E-05  1.418E-05  0.000E+00  0.000E+00  0.000E+00  1.000E-03
  1.418E-05  1.484E-05  0.000E+00  0.000E+00  0.000E+00  1.000E-03
  1.484E-05  1.553E-05  0.000E+00  0.000E+00  0.000E+00  1.000E-03
  1.553E-05  1.625E-05  0.000E+00  0.000E+00  0.000E+00  1.000E-03
  1.625E-05  1.700E-05  0.000E+00  0.000E+00  0.000E+00  1.000E-03
  1.700E-05  1.779E-05  0.000E+00  0.000E+00  0.000E+00  1.000E-03
  1.779E-05  1.862E-05  0.000E+00  0.000E+00  0.000E+00  1.000E-03
  1.862E-05  1.948E-05  0.000E+00  0.000E+00  0.000E+00  1.000E-03
  1.948E-05  2.038E-05  0.000E+00  0.000E+00  0.000E+00  1.000E-03
  2.038E-05  2.133E-05  0.000E+00  0.000E+00  0.000E+00  1.000E-03
  2.133E-05  2.232E-05  0.000E+00  0.000E+00  0.000E+00  1.000E-03
  2.232E-05  2.335E-05  0.000E+00  0.000E+00  0.000E+00  1.000E-03
  2.335E-05  2.444E-05  0.000E+00  0.000E+00  0.000E+00  1.000E-03
  2.444E-05  2.557E-05  0.000E+00  0.000E+00  0.000E+00  1.000E-03
  2.557E-05  2.675E-05  0.000E+00  0.000E+00  0.000E+00  1.000E-03
  2.675E-05  2.800E-05  0.000E+00  0.000E+00  0.000E+00  1.000E-03
  2.800E-05  2.929E-05  0.000E+00  0.000E+00  0.000E+00  1.000E-03
  2.929E-05  3.065E-05  0.000E+00  0.000E+00  0.000E+00  1.000E-03
  3.065E-05  3.207E-05  0.000E+00  0.000E+00  0.000E+00  1.000E-03
  3.207E-05  3.356E-05  0.000E+00  0.000E+00  0.000E+00  1.000E-03
  3.356E-05  3.512E-05  0.000E+00  0.000E+00  0.000E+00  1.000E-03
  3.512E-05  3.675E-05  0.000E+00  0.000E+00  0.000E+00  1.000E-03
  3.675E-05  3.845E-05  0.000E+00  0.000E+00  0.000E+00  1.000E-03
  3.845E-05  4.024E-05  0.000E+00  0.000E+00  0.000E+00  1.000E-03
  4.024E-05  4.210E-05  0.000E+00  0.000E+00  0.000E+00  1.000E-03
  4.210E-05  4.405E-05  0.000E+00  0.000E+00  0.000E+00  1.000E-03
  4.405E-05  4.610E-05  0.000E+00  0.000E+00  0.000E+00  1.000E-03
  4.610E-05  4.824E-05  0.000E+00  0.000E+00  0.000E+00  1.000E-03
  4.824E-05  5.047E-05  0.000E+00  0.000E+00  0.000E+00  1.000E-03
  5.047E-05  5.281E-05  0.000E+00  0.000E+00  0.000E+00  1.000E-03
  5.281E-05  5.526E-05  0.000E+00  0.000E+00  0.000E+00  1.000E-03
  5.526E-05  5.783E-05  0.000E+00  0.000E+00  0.000E+00  1.000E-03
  5.783E-05  6.051E-05  0.000E+00  0.000E+00  0.000E+00  1.000E-03
  6.051E-05  6.332E-05  0.000E+00  0.000E+00  0.000E+00  1.000E-03
  6.332E-05  6.625E-05  0.000E+00  0.000E+00  0.000E+00  1.000E-03
  6.625E-05  6.933E-05  0.000E+00  0.000E+00  0.000E+00  1.000E-03
  6.933E-05  7.254E-05  0.000E+00  0.000E+00  0.000E+00  1.000E-03
  7.254E-05  7.591E-05  0.000E+00  0.000E+00  0.000E+00  1.000E-03
  7.591E-05  7.943E-05  0.000E+00  0.000E+00  0.000E+00  1.000E-03
  7.943E-05  8.311E-05  0.000E+00  0.000E+00  0.000E+00  1.000E-03
  8.311E-05  8.697E-05  0.000E+00  0.000E+00  0.000E+00  1.000E-03
  8.697E-05  9.100E-05  0.000E+00  0.000E+00  0.000E+00  1.000E-03
  9.100E-05  9.522E-05  0.000E+00  0.000E+00  0.000E+00  1.000E-03
  9.522E-05  9.964E-05  0.000E+00  0.000E+00  0.000E+00  1.000E-03
  9.964E-05  1.043E-04  0.000E+00  0.000E+00  0.000E+00  1.000E-03
  1.043E-04  1.091E-04  0.000E+00  0.000E+00  0.000E+00  1.000E-03
  1.091E-04  1.142E-04  0.000E+00  0.000E+00  0.000E+00  1.000E-03
  1.142E-04  1.194E-04  0.000E+00  0.000E+00  0.000E+00  1.000E-03
  1.194E-04  1.250E-04  0.000E+00  0.000E+00  0.000E+00  1.000E-03
  1.250E-04  1.308E-04  0.000E+00  0.000E+00  0.000E+00  1.000E-03
  1.308E-04  1.369E-04  0.000E+00  0.000E+00  0.000E+00  1.000E-03
  1.369E-04  1.432E-04  0.000E+00  0.000E+00  0.000E+00  1.000E-03
  1.432E-04  1.498E-04  0.000E+00  0.000E+00  0.000E+00  1.000E-03
  1.498E-04  1.568E-04  0.000E+00  0.000E+00  0.000E+00  1.000E-03
  1.568E-04  1.641E-04  0.000E+00  0.000E+00  0.000E+00  1.000E-03
  1.641E-04  1.717E-04  0.000E+00  0.000E+00  0.000E+00  1.000E-03
  1.717E-04  1.796E-04  0.000E+00  0.000E+00  0.000E+00  1.000E-03
  1.796E-04  1.880E-04  0.000E+00  0.000E+00  0.000E+00  1.000E-03
  1.880E-04  1.967E-04  0.000E+00  0.000E+00  0.000E+00  1.000E-03
  1.967E-04  2.058E-04  0.000E+00  0.000E+00  0.000E+00  1.000E-03
  2.058E-04  2.154E-04  0.000E+00  0.000E+00  0.000E+00  1.000E-03
  2.154E-04  2.253E-04  0.000E+00  0.000E+00  0.000E+00  1.000E-03
  2.253E-04  2.358E-04  0.000E+00  0.000E+00  0.000E+00  1.000E-03
  2.358E-04  2.467E-04  0.000E+00  0.000E+00  0.000E+00  1.000E-03
  2.467E-04  2.582E-04  0.000E+00  0.000E+00  0.000E+00  1.000E-03
  2.582E-04  2.701E-04  0.000E+00  0.000E+00  0.000E+00  1.000E-03
  2.701E-04  2.827E-04  0.000E+00  0.000E+00  0.000E+00  1.000E-03
  2.827E-04  2.958E-04  0.000E+00  0.000E+00  0.000E+00  1.000E-03
  2.958E-04  3.095E-04  0.000E+00  0.000E+00  0.000E+00  1.000E-03
  3.095E-04  3.239E-04  0.000E+00  0.000E+00  0.000E+00  1.000E-03
  3.239E-04  3.389E-04  0.000E+00  0.000E+00  0.000E+00  1.000E-03
  3.389E-04  3.546E-04  0.000E+00  0.000E+00  0.000E+00  1.000E-03
  3.546E-04  3.711E-04  0.000E+00  0.000E+00  0.000E+00  1.000E-03
  3.711E-04  3.883E-04  0.000E+00  0.000E+00  0.000E+00  1.000E-03
  3.883E-04  4.063E-04  0.000E+00  0.000E+00  0.000E+00  1.000E-03
  4.063E-04  4.251E-04  0.000E+00  0.000E+00  0.000E+00  1.000E-03
  4.251E-04  4.448E-04  0.000E+00  0.000E+00  0.000E+00  1.000E-03
  4.448E-04  4.655E-04  0.000E+00  0.000E+00  0.000E+00  1.000E-03
  4.655E-04  4.871E-04  0.000E+00  0.000E+00  0.000E+00  1.000E-03
  4.871E-04  5.096E-04  0.000E+00  0.000E+00  0.000E+00  1.000E-03
  5.096E-04  5.333E-04  0.000E+00  0.000E+00  0.000E+00  1.000E-03
  5.333E-04  5.580E-04  0.000E+00  0.000E+00  0.000E+00  1.000E-03
  5.580E-04  5.839E-04  0.000E+00  0.000E+00  0.000E+00  1.000E-03
  5.839E-04  6.110E-04  3.692E+07  0.000E+00  0.000E+00  1.000E-03
  6.110E-04  6.393E-04  0.000E+00  0.000E+00  0.000E+00  1.000E-03
  6.393E-04  6.690E-04  0.000E+00  0.000E+00  0.000E+00  1.000E-03
  6.690E-04  7.000E-04  0.000E+00  0.000E+00  0.000E+00  1.000E-03
  7.000E-04  7.000E-04  0.000E+00  0.000E+00  0.000E+00  1.000E-03

 # Block n:            2     1.00000005E-03  :   7.92665556E-02
  1.000E-13  1.046E-13  0.000E+00  0.000E+00  1.000E-03  7.927E-02
  1.046E-13  1.095E-13  0.000E+00  0.000E+00  1.000E-03  7.927E-02
  1.095E-13  1.146E-13  0.000E+00  0.000E+00  1.000E-03  7.927E-02
  1.146E-13  1.199E-13  0.000E+00  0.000E+00  1.000E-03  7.927E-02
  1.199E-13  1.254E-13  0.000E+00  0.000E+00  1.000E-03  7.927E-02
  1.254E-13  1.313E-13  0.000E+00  0.000E+00  1.000E-03  7.927E-02
  1.313E-13  1.374E-13  0.000E+00  0.000E+00  1.000E-03  7.927E-02
  1.374E-13  1.437E-13  0.000E+00  0.000E+00  1.000E-03  7.927E-02
  1.437E-13  1.504E-13  0.000E+00  0.000E+00  1.000E-03  7.927E-02
  1.504E-13  1.574E-13  0.000E+00  0.000E+00  1.000E-03  7.927E-02
  1.574E-13  1.647E-13  0.000E+00  0.000E+00  1.000E-03  7.927E-02
  1.647E-13  1.723E-13  0.000E+00  0.000E+00  1.000E-03  7.927E-02
  1.723E-13  1.803E-13  0.000E+00  0.000E+00  1.000E-03  7.927E-02
  1.803E-13  1.887E-13  0.000E+00  0.000E+00  1.000E-03  7.927E-02
  1.887E-13  1.974E-13  0.000E+00  0.000E+00  1.000E-03  7.927E-02
  1.974E-13  2.066E-13  0.000E+00  0.000E+00  1.000E-03  7.927E-02
  2.066E-13  2.161E-13  0.000E+00  0.000E+00  1.000E-03  7.927E-02
  2.161E-13  2.262E-13  0.000E+00  0.000E+00  1.000E-03  7.927E-02
  2.262E-13  2.367E-13  0.000E+00  0.000E+00  1.000E-03  7.927E-02
  2.367E-13  2.476E-13  0.000E+00  0.000E+00  1.000E-03  7.927E-02
  2.476E-13  2.591E-13  0.000E+00  0.000E+00  1.000E-03  7.927E-02
  2.591E-13  2.711E-13  0.000E+00  0.000E+00  1.000E-03  7.927E-02
  2.711E-13  2.837E-13  0.000E+00  0.000E+00  1.000E-03  7.927E-02
  2.837E-13  2.969E-13  0.000E+00  0.000E+00  1.000E-03  7.927E-02
  2.969E-13  3.106E-13  0.000E+00  0.000E+00  1.000E-03  7.927E-02
  3.106E-13  3.250E-13  0.000E+00  0.000E+00  1.000E-03  7.927E-02
  3.250E-13  3.401E-13  0.000E+00  0.000E+00  1.000E-03  7.927E-02
  3.401E-13  3.559E-13  0.000E+00  0.000E+00  1.000E-03  7.927E-02
  3.559E-13  3.724E-13  0.000E+00  0.000E+00  1.000E-03  7.927E-02
  3.724E-13  3.897E-13  0.000E+00  0.000E+00  1.000E-03  7.927E-02
  3.897E-13  4.078E-13  0.000E+00  0.000E+00  1.000E-03  7.927E-02
  4.078E-13  4.267E-13  0.000E+00  0.000E+00  1.000E-03  7.927E-02
  4.267E-13  4.465E-13  0.000E+00  0.000E+00  1.000E-03  7.927E-02
  4.465E-13  4.672E-13  0.000E+00  0.000E+00  1.000E-03  7.927E-02
  4.672E-13  4.888E-13  0.000E+00  0.000E+00  1.000E-03  7.927E-02
  4.888E-13  5.115E-13  0.000E+00  0.000E+00  1.000E-03  7.927E-02
  5.115E-13  5.352E-13  0.000E+00  0.000E+00  1.000E-03  7.927E-02
  5.352E-13  5.601E-13  0.000E+00  0.000E+00  1.000E-03  7.927E-02
  5.601E-13  5.860E-13  0.000E+00  0.000E+00  1.000E-03  7.927E-02
  5.860E-13  6.132E-13  0.000E+00  0.000E+00  1.000E-03  7.927E-02
  6.132E-13  6.416E-13  0.000E+00  0.000E+00  1.000E-03  7.927E-02
  6.416E-13  6.714E-13  0.000E+00  0.000E+00  1.000E-03  7.927E-02
  6.714E-13  7.026E-13  0.000E+00  0.000E+00  1.000E-03  7.927E-02
  7.026E-13  7.351E-13  0.000E+00  0.000E+00  1.000E-03  7.927E-02
  7.351E-13  7.692E-13  0.000E+00  0.000E+00  1.000E-03  7.927E-02
  7.692E-13  8.049E-13  0.000E+00  0.000E+00  1.000E-03  7.927E-02
  8.049E-13  8.422E-13  0.000E+00  0.000E+00  1.000E-03  7.927E-02
  8.422E-13  8.813E-13  0.000E+00  0.000E+00  1.000E-03  7.927E-02
  8.813E-13  9.222E-13  0.000E+00  0.000E+00  1.000E-03  7.927E-02
  9.222E-13  9.650E-13  0.000E+00  0.000E+00  1.000E-03  7.927E-02
  9.650E-13  1.010E-12  0.000E+00  0.000E+00  1.000E-03  7.927E-02
  1.010E-12  1.057E-12  0.000E+00  0.000E+00  1.000E-03  7.927E-02
  1.057E-12  1.106E-12  0.000E+00  0.000E+00  1.000E-03  7.927E-02
  1.106E-12  1.157E-12  0.000E+00  0.000E+00  1.000E-03  7.927E-02
  1.157E-12  1.210E-12  0.000E+00  0.000E+00  1.000E-03  7.927E-02
  1.210E-12  1.267E-12  0.000E+00  0.000E+00  1.000E-03  7.927E-02
  1.267E-12  1.325E-12  0.000E+00  0.000E+00  1.000E-03  7.927E-02
  1.325E-12  1.387E-12  0.000E+00  0.000E+00  1.000E-03  7.927E-02
  1.387E-12  1.451E-12  0.000E+00  0.000E+00  1.000E-03  7.927E-02
  1.451E-12  1.518E-12  0.000E+00  0.000E+00  1.000E-03  7.927E-02
  1.518E-12  1.589E-12  0.000E+00  0.000E+00  1.000E-03  7.927E-02
  1.589E-12  1.663E-12  0.000E+00  0.000E+00  1.000E-03  7.927E-02
  1.663E-12  1.740E-12  0.000E+00  0.000E+00  1.000E-03  7.927E-02
  1.740E-12  1.820E-12  0.000E+00  0.000E+00  1.000E-03  7.927E-02
  1.820E-12  1.905E-12  0.000E+00  0.000E+00  1.000E-03  7.927E-02
  1.905E-12  1.993E-12  0.000E+00  0.000E+00  1.000E-03  7.927E-02
  1.993E-12  2.086E-12  0.000E+00  0.000E+00  1.000E-03  7.927E-02
  2.086E-12  2.182E-12  0.000E+00  0.000E+00  1.000E-03  7.927E-02
  2.182E-12  2.284E-12  0.000E+00  0.000E+00  1.000E-03  7.927E-02
  2.284E-12  2.390E-12  0.000E+00  0.000E+00  1.000E-03  7.927E-02
  2.390E-12  2.500E-12  0.000E+00  0.000E+00  1.000E-03  7.927E-02
  2.500E-12  2.616E-12  0.000E+00  0.000E+00  1.000E-03  7.927E-02
  2.616E-12  2.738E-12  0.000E+00  0.000E+00  1.000E-03  7.927E-02
  2.738E-12  2.865E-12  0.000E+00  0.000E+00  1.000E-03  7.927E-02
  2.865E-12  2.998E-12  0.000E+00  0.000E+00  1.000E-03  7.927E-02
  2.998E-12  3.137E-12  0.000E+00  0.000E+00  1.000E-03  7.927E-02
  3.137E-12  3.282E-12  0.000E+00  0.000E+00  1.000E-03  7.927E-02
  3.282E-12  3.434E-12  0.000E+00  0.000E+00  1.000E-03  7.927E-02
  3.434E-12  3.594E-12  0.000E+00  0.000E+00  1.000E-03  7.927E-02
  3.594E-12  3.760E-12  0.000E+00  0.000E+00  1.000E-03  7.927E-02
  3.760E-12  3.935E-12  0.000E+00  0.000E+00  1.000E-03  7.927E-02
  3.935E-12  4.117E-12  0.000E+00  0.000E+00  1.000E-03  7.927E-02
  4.117E-12  4.308E-12  0.000E+00  0.000E+00  1.000E-03  7.927E-02
  4.308E-12  4.508E-12  0.000E+00  0.000E+00  1.000E-03  7.927E-02
  4.508E-12  4.717E-12  0.000E+00  0.000E+00  1.000E-03  7.927E-02
  4.717E-12  4.936E-12  0.000E+00  0.000E+00  1.000E-03  7.927E-02
  4.936E-12  5.165E-12  0.000E+00  0.000E+00  1.000E-03  7.927E-02
  5.165E-12  5.404E-12  0.000E+00  0.000E+00  1.000E-03  7.927E-02
  5.404E-12  5.655E-12  0.000E+00  0.000E+00  1.000E-03  7.927E-02
  5.655E-12  5.917E-12  0.000E+00  0.000E+00  1.000E-03  7.927E-02
  5.917E-12  6.192E-12  0.000E+00  0.000E+00  1.000E-03  7.927E-02
  6.192E-12  6.479E-12  0.000E+00  0.000E+00  1.000E-03  7.927E-02
  6.479E-12  6.779E-12  0.000E+00  0.000E+00  1.000E-03  7.927E-02
  6.779E-12  7.094E-12  0.000E+00  0.000E+00  1.000E-03  7.927E-02
  7.094E-12  7.423E-12  0.000E+00  0.000E+00  1.000E-03  7.927E-02
  7.423E-12  7.767E-12  0.000E+00  0.000E+00  1.000E-03  7.927E-02
  7.767E-12  8.127E-12  0.000E+00  0.000E+00  1.000E-03  7.927E-02
  8.127E-12  8.504E-12  0.000E+00  0.000E+00  1.000E-03  7.927E-02
  8.504E-12  8.899E-12  0.000E+00  0.000E+00  1.000E-03  7.927E-02
  8.899E-12  9.311E-12  0.000E+00  0.000E+00  1.000E-03  7.927E-02
  9.311E-12  9.743E-12  0.000E+00  0.000E+00  1.000E-03  7.927E-02
  9.743E-12  1.020E-11  0.000E+00  0.000E+00  1.000E-03  7.927E-02
  1.020E-11  1.067E-11  0.000E+00  0.000E+00  1.000E-03  7.927E-02
  1.067E-11  1.116E-11  0.000E+00  0.000E+00  1.000E-03  7.927E-02
  1.116E-11  1.168E-11  0.000E+00  0.000E+00  1.000E-03  7.927E-02
  1.168E-11  1.222E-11  0.000E+00  0.000E+00  1.000E-03  7.927E-02
  1.222E-11  1.279E-11  0.000E+00  0.000E+00  1.000E-03  7.927E-02
  1.279E-11  1.338E-11  0.000E+00  0.000E+00  1.000E-03  7.927E-02
  1.338E-11  1.400E-11  0.000E+00  0.000E+00  1.000E-03  7.927E-02
  1.400E-11  1.465E-11  0.000E+00  0.000E+00  1.000E-03  7.927E-02
  1.465E-11  1.533E-11  0.000E+00  0.000E+00  1.000E-03  7.927E-02
  1.533E-11  1.604E-11  0.000E+00  0.000E+00  1.000E-03  7.927E-02
  1.604E-11  1.679E-11  0.000E+00  0.000E+00  1.000E-03  7.927E-02
  1.679E-11  1.757E-11  0.000E+00  0.000E+00  1.000E-03  7.927E-02
  1.757E-11  1.838E-11  0.000E+00  0.000E+00  1.000E-03  7.927E-02
  1.838E-11  1.923E-11  0.000E+00  0.000E+00  1.000E-03  7.927E-02
  1.923E-11  2.013E-11  0.000E+00  0.000E+00  1.000E-03  7.927E-02
  2.013E-11  2.106E-11  0.000E+00  0.000E+00  1.000E-03  7.927E-02
  2.106E-11  2.204E-11  0.000E+00  0.000E+00  1.000E-03  7.927E-02
  2.204E-11  2.306E-11  0.000E+00  0.000E+00  1.000E-03  7.927E-02
  2.306E-11  2.413E-11  0.000E+00  0.000E+00  1.000E-03  7.927E-02
  2.413E-11  2.525E-11  0.000E+00  0.000E+00  1.000E-03  7.927E-02
  2.525E-11  2.642E-11  0.000E+00  0.000E+00  1.000E-03  7.927E-02
  2.642E-11  2.764E-11  0.000E+00  0.000E+00  1.000E-03  7.927E-02
  2.764E-11  2.893E-11  0.000E+00  0.000E+00  1.000E-03  7.927E-02
  2.893E-11  3.027E-11  0.000E+00  0.000E+00  1.000E-03  7.927E-02
  3.027E-11  3.167E-11  0.000E+00  0.000E+00  1.000E-03  7.927E-02
  3.167E-11  3.314E-11  0.000E+00  0.000E+00  1.000E-03  7.927E-02
  3.314E-11  3.468E-11  0.000E+00  0.000E+00  1.000E-03  7.927E-02
  3.468E-11  3.628E-11  0.000E+00  0.000E+00  1.000E-03  7.927E-02
  3.628E-11  3.797E-11  0.000E+00  0.000E+00  1.000E-03  7.927E-02
  3.797E-11  3.973E-11  0.000E+00  0.000E+00  1.000E-03  7.927E-02
  3.973E-11  4.157E-11  0.000E+00  0.000E+00  1.000E-03  7.927E-02
  4.157E-11  4.350E-11  0.000E+00  0.000E+00  1.000E-03  7.927E-02
  4.350E-11  4.552E-11  0.000E+00  0.000E+00  1.000E-03  7.927E-02
  4.552E-11  4.763E-11  0.000E+00  0.000E+00  1.000E-03  7.927E-02
  4.763E-11  4.984E-11  0.000E+00  0.000E+00  1.000E-03  7.927E-02
  4.984E-11  5.215E-11  0.000E+00  0.000E+00  1.000E-03  7.927E-02
  5.215E-11  5.457E-11  0.000E+00  0.000E+00  1.000E-03  7.927E-02
  5.457E-11  5.710E-11  0.000E+00  0.000E+00  1.000E-03  7.927E-02
  5.710E-11  5.975E-11  0.000E+00  0.000E+00  1.000E-03  7.927E-02
  5.975E-11  6.252E-11  0.000E+00  0.000E+00  1.000E-03  7.927E-02
  6.252E-11  6.542E-11  0.000E+00  0.000E+00  1.000E-03  7.927E-02
  6.542E-11  6.845E-11  0.000E+00  0.000E+00  1.000E-03  7.927E-02
  6.845E-11  7.163E-11  0.000E+00  0.000E+00  1.000E-03  7.927E-02
  7.163E-11  7.495E-11  0.000E+00  0.000E+00  1.000E-03  7.927E-02
  7.495E-11  7.843E-11  0.000E+00  0.000E+00  1.000E-03  7.927E-02
  7.843E-11  8.206E-11  0.000E+00  0.000E+00  1.000E-03  7.927E-02
  8.206E-11  8.587E-11  0.000E+00  0.000E+00  1.000E-03  7.927E-02
  8.587E-11  8.985E-11  0.000E+00  0.000E+00  1.000E-03  7.927E-02
  8.985E-11  9.402E-11  0.000E+00  0.000E+00  1.000E-03  7.927E-02
  9.402E-11  9.838E-11  0.000E+00  0.000E+00  1.000E-03  7.927E-02
  9.838E-11  1.029E-10  0.000E+00  0.000E+00  1.000E-03  7.927E-02
  1.029E-10  1.077E-10  0.000E+00  0.000E+00  1.000E-03  7.927E-02
  1.077E-10  1.127E-10  0.000E+00  0.000E+00  1.000E-03  7.927E-02
  1.127E-10  1.179E-10  0.000E+00  0.000E+00  1.000E-03  7.927E-02
  1.179E-10  1.234E-10  0.000E+00  0.000E+00  1.000E-03  7.927E-02
  1.234E-10  1.291E-10  0.000E+00  0.000E+00  1.000E-03  7.927E-02
  1.291E-10  1.351E-10  0.000E+00  0.000E+00  1.000E-03  7.927E-02
  1.351E-10  1.414E-10  0.000E+00  0.000E+00  1.000E-03  7.927E-02
  1.414E-10  1.480E-10  0.000E+00  0.000E+00  1.000E-03  7.927E-02
  1.480E-10  1.548E-10  0.000E+00  0.000E+00  1.000E-03  7.927E-02
  1.548E-10  1.620E-10  0.000E+00  0.000E+00  1.000E-03  7.927E-02
  1.620E-10  1.695E-10  0.000E+00  0.000E+00  1.000E-03  7.927E-02
  1.695E-10  1.774E-10  0.000E+00  0.000E+00  1.000E-03  7.927E-02
  1.774E-10  1.856E-10  0.000E+00  0.000E+00  1.000E-03  7.927E-02
  1.856E-10  1.942E-10  0.000E+00  0.000E+00  1.000E-03  7.927E-02
  1.942E-10  2.032E-10  0.000E+00  0.000E+00  1.000E-03  7.927E-02
  2.032E-10  2.126E-10  0.000E+00  0.000E+00  1.000E-03  7.927E-02
  2.126E-10  2.225E-10  0.000E+00  0.000E+00  1.000E-03  7.927E-02
  2.225E-10  2.328E-10  0.000E+00  0.000E+00  1.000E-03  7.927E-02
  2.328E-10  2.436E-10  0.000E+00  0.000E+00  1.000E-03  7.927E-02
  2.436E-10  2.549E-10  0.000E+00  0.000E+00  1.000E-03  7.927E-02
  2.549E-10  2.667E-10  0.000E+00  0.000E+00  1.000E-03  7.927E-02
  2.667E-10  2.791E-10  0.000E+00  0.000E+00  1.000E-03  7.927E-02
  2.791E-10  2.921E-10  0.000E+00  0.000E+00  1.000E-03  7.927E-02
  2.921E-10  3.056E-10  0.000E+00  0.000E+00  1.000E-03  7.927E-02
  3.056E-10  3.198E-10  0.000E+00  0.000E+00  1.000E-03  7.927E-02
  3.198E-10  3.346E-10  0.000E+00  0.000E+00  1.000E-03  7.927E-02
  3.346E-10  3.501E-10  0.000E+00  0.000E+00  1.000E-03  7.927E-02
  3.501E-10  3.664E-10  0.000E+00  0.000E+00  1.000E-03  7.927E-02
  3.664E-10  3.834E-10  0.000E+00  0.000E+00  1.000E-03  7.927E-02
  3.834E-10  4.011E-10  0.000E+00  0.000E+00  1.000E-03  7.927E-02
  4.011E-10  4.198E-10  0.000E+00  0.000E+00  1.000E-03  7.927E-02
  4.198E-10  4.392E-10  0.000E+00  0.000E+00  1.000E-03  7.927E-02
  4.392E-10  4.596E-10  0.000E+00  0.000E+00  1.000E-03  7.927E-02
  4.596E-10  4.809E-10  0.000E+00  0.000E+00  1.000E-03  7.927E-02
  4.809E-10  5.032E-10  0.000E+00  0.000E+00  1.000E-03  7.927E-02
  5.032E-10  5.266E-10  0.000E+00  0.000E+00  1.000E-03  7.927E-02
  5.266E-10  5.510E-10  0.000E+00  0.000E+00  1.000E-03  7.927E-02
  5.510E-10  5.765E-10  0.000E+00  0.000E+00  1.000E-03  7.927E-02
  5.765E-10  6.033E-10  0.000E+00  0.000E+00  1.000E-03  7.927E-02
  6.033E-10  6.313E-10  0.000E+00  0.000E+00  1.000E-03  7.927E-02
  6.313E-10  6.605E-10  0.000E+00  0.000E+00  1.000E-03  7.927E-02
  6.605E-10  6.912E-10  0.000E+00  0.000E+00  1.000E-03  7.927E-02
  6.912E-10  7.232E-10  0.000E+00  0.000E+00  1.000E-03  7.927E-02
  7.232E-10  7.568E-10  0.000E+00  0.000E+00  1.000E-03  7.927E-02
  7.568E-10  7.919E-10  0.000E+00  0.000E+00  1.000E-03  7.927E-02
  7.919E-10  8.286E-10  0.000E+00  0.000E+00  1.000E-03  7.927E-02
  8.286E-10  8.670E-10  0.000E+00  0.000E+00  1.000E-03  7.927E-02
  8.670E-10  9.073E-10  0.000E+00  0.000E+00  1.000E-03  7.927E-02
  9.073E-10  9.493E-10  0.000E+00  0.000E+00  1.000E-03  7.927E-02
  9.493E-10  9.934E-10  0.000E+00  0.000E+00  1.000E-03  7.927E-02
  9.934E-10  1.039E-09  0.000E+00  0.000E+00  1.000E-03  7.927E-02
  1.039E-09  1.088E-09  0.000E+00  0.000E+00  1.000E-03  7.927E-02
  1.088E-09  1.138E-09  0.000E+00  0.000E+00  1.000E-03  7.927E-02
  1.138E-09  1.191E-09  0.000E+00  0.000E+00  1.000E-03  7.927E-02
  1.191E-09  1.246E-09  0.000E+00  0.000E+00  1.000E-03  7.927E-02
  1.246E-09  1.304E-09  0.000E+00  0.000E+00  1.000E-03  7.927E-02
  1.304E-09  1.364E-09  0.000E+00  0.000E+00  1.000E-03  7.927E-02
  1.364E-09  1.428E-09  0.000E+00  0.000E+00  1.000E-03  7.927E-02
  1.428E-09  1.494E-09  0.000E+00  0.000E+00  1.000E-03  7.927E-02
  1.494E-09  1.563E-09  0.000E+00  0.000E+00  1.000E-03  7.927E-02
  1.563E-09  1.636E-09  0.000E+00  0.000E+00  1.000E-03  7.927E-02
  1.636E-09  1.712E-09  0.000E+00  0.000E+00  1.000E-03  7.927E-02
  1.712E-09  1.791E-09  0.000E+00  0.000E+00  1.000E-03  7.927E-02
  1.791E-09  1.874E-09  0.000E+00  0.000E+00  1.000E-03  7.927E-02
  1.874E-09  1.961E-09  0.000E+00  0.000E+00  1.000E-03  7.927E-02
  1.961E-09  2.052E-09  0.000E+00  0.000E+00  1.000E-03  7.927E-02
  2.052E-09  2.147E-09  0.000E+00  0.000E+00  1.000E-03  7.927E-02
  2.147E-09  2.247E-09  0.000E+00  0.000E+00  1.000E-03  7.927E-02
  2.247E-09  2.351E-09  0.000E+00  0.000E+00  1.000E-03  7.927E-02
  2.351E-09  2.460E-09  0.000E+00  0.000E+00  1.000E-03  7.927E-02
  2.460E-09  2.574E-09  0.000E+00  0.000E+00  1.000E-03  7.927E-02
  2.574E-09  2.693E-09  0.000E+00  0.000E+00  1.000E-03  7.927E-02
  2.693E-09  2.818E-09  0.000E+00  0.000E+00  1.000E-03  7.927E-02
  2.818E-09  2.949E-09  0.000E+00  0.000E+00  1.000E-03  7.927E-02
  2.949E-09  3.086E-09  0.000E+00  0.000E+00  1.000E-03  7.927E-02
  3.086E-09  3.229E-09  0.000E+00  0.000E+00  1.000E-03  7.927E-02
  3.229E-09  3.379E-09  0.000E+00  0.000E+00  1.000E-03  7.927E-02
  3.379E-09  3.535E-09  0.000E+00  0.000E+00  1.000E-03  7.927E-02
  3.535E-09  3.699E-09  0.000E+00  0.000E+00  1.000E-03  7.927E-02
  3.699E-09  3.871E-09  0.000E+00  0.000E+00  1.000E-03  7.927E-02
  3.871E-09  4.050E-09  0.000E+00  0.000E+00  1.000E-03  7.927E-02
  4.050E-09  4.238E-09  0.000E+00  0.000E+00  1.000E-03  7.927E-02
  4.238E-09  4.435E-09  0.000E+00  0.000E+00  1.000E-03  7.927E-02
  4.435E-09  4.641E-09  0.000E+00  0.000E+00  1.000E-03  7.927E-02
  4.641E-09  4.856E-09  0.000E+00  0.000E+00  1.000E-03  7.927E-02
  4.856E-09  5.081E-09  0.000E+00  0.000E+00  1.000E-03  7.927E-02
  5.081E-09  5.317E-09  0.000E+00  0.000E+00  1.000E-03  7.927E-02
  5.317E-09  5.563E-09  0.000E+00  0.000E+00  1.000E-03  7.927E-02
  5.563E-09  5.821E-09  0.000E+00  0.000E+00  1.000E-03  7.927E-02
  5.821E-09  6.091E-09  0.000E+00  0.000E+00  1.000E-03  7.927E-02
  6.091E-09  6.374E-09  0.000E+00  0.000E+00  1.000E-03  7.927E-02
  6.374E-09  6.670E-09  0.000E+00  0.000E+00  1.000E-03  7.927E-02
  6.670E-09  6.979E-09  0.000E+00  0.000E+00  1.000E-03  7.927E-02
  6.979E-09  7.303E-09  0.000E+00  0.000E+00  1.000E-03  7.927E-02
  7.303E-09  7.641E-09  0.000E+00  0.000E+00  1.000E-03  7.927E-02
  7.641E-09  7.996E-09  0.000E+00  0.000E+00  1.000E-03  7.927E-02
  7.996E-09  8.367E-09  0.000E+00  0.000E+00  1.000E-03  7.927E-02
  8.367E-09  8.755E-09  0.000E+00  0.000E+00  1.000E-03  7.927E-02
  8.755E-09  9.161E-09  0.000E+00  0.000E+00  1.000E-03  7.927E-02
  9.161E-09  9.586E-09  0.000E+00  0.000E+00  1.000E-03  7.927E-02
  9.586E-09  1.003E-08  0.000E+00  0.000E+00  1.000E-03  7.927E-02
  1.003E-08  1.050E-08  0.000E+00  0.000E+00  1.000E-03  7.927E-02
  1.050E-08  1.098E-08  0.000E+00  0.000E+00  1.000E-03  7.927E-02
  1.098E-08  1.149E-08  0.000E+00  0.000E+00  1.000E-03  7.927E-02
  1.149E-08  1.202E-08  0.000E+00  0.000E+00  1.000E-03  7.927E-02
  1.202E-08  1.258E-08  0.000E+00  0.000E+00  1.000E-03  7.927E-02
  1.258E-08  1.317E-08  0.000E+00  0.000E+00  1.000E-03  7.927E-02
  1.317E-08  1.378E-08  0.000E+00  0.000E+00  1.000E-03  7.927E-02
  1.378E-08  1.442E-08  0.000E+00  0.000E+00  1.000E-03  7.927E-02
  1.442E-08  1.508E-08  0.000E+00  0.000E+00  1.000E-03  7.927E-02
  1.508E-08  1.578E-08  0.000E+00  0.000E+00  1.000E-03  7.927E-02
  1.578E-08  1.652E-08  0.000E+00  0.000E+00  1.000E-03  7.927E-02
  1.652E-08  1.728E-08  0.000E+00  0.000E+00  1.000E-03  7.927E-02
  1.728E-08  1.808E-08  0.000E+00  0.000E+00  1.000E-03  7.927E-02
  1.808E-08  1.892E-08  0.000E+00  0.000E+00  1.000E-03  7.927E-02
  1.892E-08  1.980E-08  0.000E+00  0.000E+00  1.000E-03  7.927E-02
  1.980E-08  2.072E-08  0.000E+00  0.000E+00  1.000E-03  7.927E-02
  2.072E-08  2.168E-08  0.000E+00  0.000E+00  1.000E-03  7.927E-02
  2.168E-08  2.268E-08  0.000E+00  0.000E+00  1.000E-03  7.927E-02
  2.268E-08  2.374E-08  0.000E+00  0.000E+00  1.000E-03  7.927E-02
  2.374E-08  2.484E-08  0.000E+00  0.000E+00  1.000E-03  7.927E-02
  2.484E-08  2.599E-08  0.000E+00  0.000E+00  1.000E-03  7.927E-02
  2.599E-08  2.720E-08  0.000E+00  0.000E+00  1.000E-03  7.927E-02
  2.720E-08  2.846E-08  0.000E+00  0.000E+00  1.000E-03  7.927E-02
  2.846E-08  2.978E-08  0.000E+00  0.000E+00  1.000E-03  7.927E-02
  2.978E-08  3.116E-08  0.000E+00  0.000E+00  1.000E-03  7.927E-02
  3.116E-08  3.260E-08  0.000E+00  0.000E+00  1.000E-03  7.927E-02
  3.260E-08  3.411E-08  0.000E+00  0.000E+00  1.000E-03  7.927E-02
  3.411E-08  3.570E-08  0.000E+00  0.000E+00  1.000E-03  7.927E-02
  3.570E-08  3.735E-08  0.000E+00  0.000E+00  1.000E-03  7.927E-02
  3.735E-08  3.909E-08  0.000E+00  0.000E+00  1.000E-03  7.927E-02
  3.909E-08  4.090E-08  0.000E+00  0.000E+00  1.000E-03  7.927E-02
  4.090E-08  4.280E-08  0.000E+00  0.000E+00  1.000E-03  7.927E-02
  4.280E-08  4.478E-08  0.000E+00  0.000E+00  1.000E-03  7.927E-02
  4.478E-08  4.686E-08  0.000E+00  0.000E+00  1.000E-03  7.927E-02
  4.686E-08  4.903E-08  0.000E+00  0.000E+00  1.000E-03  7.927E-02
  4.903E-08  5.130E-08  0.000E+00  0.000E+00  1.000E-03  7.927E-02
  5.130E-08  5.368E-08  0.000E+00  0.000E+00  1.000E-03  7.927E-02
  5.368E-08  5.617E-08  0.000E+00  0.000E+00  1.000E-03  7.927E-02
  5.617E-08  5.878E-08  0.000E+00  0.000E+00  1.000E-03  7.927E-02
  5.878E-08  6.151E-08  0.000E+00  0.000E+00  1.000E-03  7.927E-02
  6.151E-08  6.436E-08  0.000E+00  0.000E+00  1.000E-03  7.927E-02
  6.436E-08  6.734E-08  0.000E+00  0.000E+00  1.000E-03  7.927E-02
  6.734E-08  7.047E-08  0.000E+00  0.000E+00  1.000E-03  7.927E-02
  7.047E-08  7.374E-08  0.000E+00  0.000E+00  1.000E-03  7.927E-02
  7.374E-08  7.716E-08  0.000E+00  0.000E+00  1.000E-03  7.927E-02
  7.716E-08  8.073E-08  0.000E+00  0.000E+00  1.000E-03  7.927E-02
  8.073E-08  8.448E-08  0.000E+00  0.000E+00  1.000E-03  7.927E-02
  8.448E-08  8.840E-08  0.000E+00  0.000E+00  1.000E-03  7.927E-02
  8.840E-08  9.250E-08  0.000E+00  0.000E+00  1.000E-03  7.927E-02
  9.250E-08  9.679E-08  0.000E+00  0.000E+00  1.000E-03  7.927E-02
  9.679E-08  1.013E-07  0.000E+00  0.000E+00  1.000E-03  7.927E-02
  1.013E-07  1.060E-07  0.000E+00  0.000E+00  1.000E-03  7.927E-02
  1.060E-07  1.109E-07  0.000E+00  0.000E+00  1.000E-03  7.927E-02
  1.109E-07  1.160E-07  0.000E+00  0.000E+00  1.000E-03  7.927E-02
  1.160E-07  1.214E-07  0.000E+00  0.000E+00  1.000E-03  7.927E-02
  1.214E-07  1.270E-07  0.000E+00  0.000E+00  1.000E-03  7.927E-02
  1.270E-07  1.329E-07  0.000E+00  0.000E+00  1.000E-03  7.927E-02
  1.329E-07  1.391E-07  0.000E+00  0.000E+00  1.000E-03  7.927E-02
  1.391E-07  1.456E-07  0.000E+00  0.000E+00  1.000E-03  7.927E-02
  1.456E-07  1.523E-07  0.000E+00  0.000E+00  1.000E-03  7.927E-02
  1.523E-07  1.594E-07  0.000E+00  0.000E+00  1.000E-03  7.927E-02
  1.594E-07  1.668E-07  0.000E+00  0.000E+00  1.000E-03  7.927E-02
  1.668E-07  1.745E-07  0.000E+00  0.000E+00  1.000E-03  7.927E-02
  1.745E-07  1.826E-07  0.000E+00  0.000E+00  1.000E-03  7.927E-02
  1.826E-07  1.911E-07  0.000E+00  0.000E+00  1.000E-03  7.927E-02
  1.911E-07  1.999E-07  0.000E+00  0.000E+00  1.000E-03  7.927E-02
  1.999E-07  2.092E-07  0.000E+00  0.000E+00  1.000E-03  7.927E-02
  2.092E-07  2.189E-07  0.000E+00  0.000E+00  1.000E-03  7.927E-02
  2.189E-07  2.291E-07  0.000E+00  0.000E+00  1.000E-03  7.927E-02
  2.291E-07  2.397E-07  0.000E+00  0.000E+00  1.000E-03  7.927E-02
  2.397E-07  2.508E-07  0.000E+00  0.000E+00  1.000E-03  7.927E-02
  2.508E-07  2.624E-07  0.000E+00  0.000E+00  1.000E-03  7.927E-02
  2.624E-07  2.746E-07  0.000E+00  0.000E+00  1.000E-03  7.927E-02
  2.746E-07  2.873E-07  0.000E+00  0.000E+00  1.000E-03  7.927E-02
  2.873E-07  3.007E-07  0.000E+00  0.000E+00  1.000E-03  7.927E-02
  3.007E-07  3.146E-07  0.000E+00  0.000E+00  1.000E-03  7.927E-02
  3.146E-07  3.292E-07  0.000E+00  0.000E+00  1.000E-03  7.927E-02
  3.292E-07  3.445E-07  0.000E+00  0.000E+00  1.000E-03  7.927E-02
  3.445E-07  3.604E-07  0.000E+00  0.000E+00  1.000E-03  7.927E-02
  3.604E-07  3.772E-07  0.000E+00  0.000E+00  1.000E-03  7.927E-02
  3.772E-07  3.947E-07  0.000E+00  0.000E+00  1.000E-03  7.927E-02
  3.947E-07  4.130E-07  0.000E+00  0.000E+00  1.000E-03  7.927E-02
  4.130E-07  4.321E-07  0.000E+00  0.000E+00  1.000E-03  7.927E-02
  4.321E-07  4.522E-07  0.000E+00  0.000E+00  1.000E-03  7.927E-02
  4.522E-07  4.731E-07  0.000E+00  0.000E+00  1.000E-03  7.927E-02
  4.731E-07  4.951E-07  0.000E+00  0.000E+00  1.000E-03  7.927E-02
  4.951E-07  5.180E-07  0.000E+00  0.000E+00  1.000E-03  7.927E-02
  5.180E-07  5.421E-07  0.000E+00  0.000E+00  1.000E-03  7.927E-02
  5.421E-07  5.672E-07  0.000E+00  0.000E+00  1.000E-03  7.927E-02
  5.672E-07  5.935E-07  0.000E+00  0.000E+00  1.000E-03  7.927E-02
  5.935E-07  6.210E-07  0.000E+00  0.000E+00  1.000E-03  7.927E-02
  6.210E-07  6.498E-07  0.000E+00  0.000E+00  1.000E-03  7.927E-02
  6.498E-07  6.800E-07  0.000E+00  0.000E+00  1.000E-03  7.927E-02
  6.800E-07  7.115E-07  0.000E+00  0.000E+00  1.000E-03  7.927E-02
  7.115E-07  7.445E-07  0.000E+00  0.000E+00  1.000E-03  7.927E-02
  7.445E-07  7.791E-07  0.000E+00  0.000E+00  1.000E-03  7.927E-02
  7.791E-07  8.152E-07  0.000E+00  0.000E+00  1.000E-03  7.927E-02
  8.152E-07  8.530E-07  0.000E+00  0.000E+00  1.000E-03  7.927E-02
  8.530E-07  8.926E-07  0.000E+00  0.000E+00  1.000E-03  7.927E-02
  8.926E-07  9.340E-07  0.000E+00  0.000E+00  1.000E-03  7.927E-02
  9.340E-07  9.773E-07  0.000E+00  0.000E+00  1.000E-03  7.927E-02
  9.773E-07  1.023E-06  0.000E+00  0.000E+00  1.000E-03  7.927E-02
  1.023E-06  1.070E-06  0.000E+00  0.000E+00  1.000E-03  7.927E-02
  1.070E-06  1.120E-06  0.000E+00  0.000E+00  1.000E-03  7.927E-02
  1.120E-06  1.172E-06  0.000E+00  0.000E+00  1.000E-03  7.927E-02
  1.172E-06  1.226E-06  0.000E+00  0.000E+00  1.000E-03  7.927E-02
  1.226E-06  1.283E-06  0.000E+00  0.000E+00  1.000E-03  7.927E-02
  1.283E-06  1.342E-06  0.000E+00  0.000E+00  1.000E-03  7.927E-02
  1.342E-06  1.405E-06  0.000E+00  0.000E+00  1.000E-03  7.927E-02
  1.405E-06  1.470E-06  0.000E+00  0.000E+00  1.000E-03  7.927E-02
  1.470E-06  1.538E-06  0.000E+00  0.000E+00  1.000E-03  7.927E-02
  1.538E-06  1.609E-06  0.000E+00  0.000E+00  1.000E-03  7.927E-02
  1.609E-06  1.684E-06  0.000E+00  0.000E+00  1.000E-03  7.927E-02
  1.684E-06  1.762E-06  0.000E+00  0.000E+00  1.000E-03  7.927E-02
  1.762E-06  1.844E-06  0.000E+00  0.000E+00  1.000E-03  7.927E-02
  1.844E-06  1.929E-06  0.000E+00  0.000E+00  1.000E-03  7.927E-02
  1.929E-06  2.019E-06  0.000E+00  0.000E+00  1.000E-03  7.927E-02
  2.019E-06  2.112E-06  0.000E+00  0.000E+00  1.000E-03  7.927E-02
  2.112E-06  2.210E-06  0.000E+00  0.000E+00  1.000E-03  7.927E-02
  2.210E-06  2.313E-06  0.000E+00  0.000E+00  1.000E-03  7.927E-02
  2.313E-06  2.420E-06  0.000E+00  0.000E+00  1.000E-03  7.927E-02
  2.420E-06  2.532E-06  0.000E+00  0.000E+00  1.000E-03  7.927E-02
  2.532E-06  2.650E-06  0.000E+00  0.000E+00  1.000E-03  7.927E-02
  2.650E-06  2.773E-06  0.000E+00  0.000E+00  1.000E-03  7.927E-02
  2.773E-06  2.901E-06  0.000E+00  0.000E+00  1.000E-03  7.927E-02
  2.901E-06  3.036E-06  0.000E+00  0.000E+00  1.000E-03  7.927E-02
  3.036E-06  3.177E-06  0.000E+00  0.000E+00  1.000E-03  7.927E-02
  3.177E-06  3.324E-06  0.000E+00  0.000E+00  1.000E-03  7.927E-02
  3.324E-06  3.478E-06  0.000E+00  0.000E+00  1.000E-03  7.927E-02
  3.478E-06  3.639E-06  0.000E+00  0.000E+00  1.000E-03  7.927E-02
  3.639E-06  3.808E-06  0.000E+00  0.000E+00  1.000E-03  7.927E-02
  3.808E-06  3.985E-06  0.000E+00  0.000E+00  1.000E-03  7.927E-02
  3.985E-06  4.170E-06  0.000E+00  0.000E+00  1.000E-03  7.927E-02
  4.170E-06  4.363E-06  0.000E+00  0.000E+00  1.000E-03  7.927E-02
  4.363E-06  4.565E-06  0.000E+00  0.000E+00  1.000E-03  7.927E-02
  4.565E-06  4.777E-06  0.000E+00  0.000E+00  1.000E-03  7.927E-02
  4.777E-06  4.999E-06  0.000E+00  0.000E+00  1.000E-03  7.927E-02
  4.999E-06  5.231E-06  0.000E+00  0.000E+00  1.000E-03  7.927E-02
  5.231E-06  5.473E-06  0.000E+00  0.000E+00  1.000E-03  7.927E-02
  5.473E-06  5.727E-06  0.000E+00  0.000E+00  1.000E-03  7.927E-02
  5.727E-06  5.993E-06  0.000E+00  0.000E+00  1.000E-03  7.927E-02
  5.993E-06  6.271E-06  0.000E+00  0.000E+00  1.000E-03  7.927E-02
  6.271E-06  6.562E-06  0.000E+00  0.000E+00  1.000E-03  7.927E-02
  6.562E-06  6.866E-06  0.000E+00  0.000E+00  1.000E-03  7.927E-02
  6.866E-06  7.184E-06  0.000E+00  0.000E+00  1.000E-03  7.927E-02
  7.184E-06  7.518E-06  0.000E+00  0.000E+00  1.000E-03  7.927E-02
  7.518E-06  7.866E-06  0.000E+00  0.000E+00  1.000E-03  7.927E-02
  7.866E-06  8.231E-06  0.000E+00  0.000E+00  1.000E-03  7.927E-02
  8.231E-06  8.613E-06  0.000E+00  0.000E+00  1.000E-03  7.927E-02
  8.613E-06  9.012E-06  0.000E+00  0.000E+00  1.000E-03  7.927E-02
  9.012E-06  9.430E-06  0.000E+00  0.000E+00  1.000E-03  7.927E-02
  9.430E-06  9.868E-06  0.000E+00  0.000E+00  1.000E-03  7.927E-02
  9.868E-06  1.033E-05  0.000E+00  0.000E+00  1.000E-03  7.927E-02
  1.033E-05  1.080E-05  0.000E+00  0.000E+00  1.000E-03  7.927E-02
  1.080E-05  1.131E-05  0.000E+00  0.000E+00  1.000E-03  7.927E-02
  1.131E-05  1.183E-05  0.000E+00  0.000E+00  1.000E-03  7.927E-02
  1.183E-05  1.238E-05  0.000E+00  0.000E+00  1.000E-03  7.927E-02
  1.238E-05  1.295E-05  0.000E+00  0.000E+00  1.000E-03  7.927E-02
  1.295E-05  1.355E-05  0.000E+00  0.000E+00  1.000E-03  7.927E-02
  1.355E-05  1.418E-05  0.000E+00  0.000E+00  1.000E-03  7.927E-02
  1.418E-05  1.484E-05  0.000E+00  0.000E+00  1.000E-03  7.927E-02
  1.484E-05  1.553E-05  0.000E+00  0.000E+00  1.000E-03  7.927E-02
  1.553E-05  1.625E-05  0.000E+00  0.000E+00  1.000E-03  7.927E-02
  1.625E-05  1.700E-05  0.000E+00  0.000E+00  1.000E-03  7.927E-02
  1.700E-05  1.779E-05  0.000E+00  0.000E+00  1.000E-03  7.927E-02
  1.779E-05  1.862E-05  0.000E+00  0.000E+00  1.000E-03  7.927E-02
  1.862E-05  1.948E-05  0.000E+00  0.000E+00  1.000E-03  7.927E-02
  1.948E-05  2.038E-05  0.000E+00  0.000E+00  1.000E-03  7.927E-02
  2.038E-05  2.133E-05  0.000E+00  0.000E+00  1.000E-03  7.927E-02
  2.133E-05  2.232E-05  0.000E+00  0.000E+00  1.000E-03  7.927E-02
  2.232E-05  2.335E-05  0.000E+00  0.000E+00  1.000E-03  7.927E-02
  2.335E-05  2.444E-05  0.000E+00  0.000E+00  1.000E-03  7.927E-02
  2.444E-05  2.557E-05  0.000E+00  0.000E+00  1.000E-03  7.927E-02
  2.557E-05  2.675E-05  0.000E+00  0.000E+00  1.000E-03  7.927E-02
  2.675E-05  2.800E-05  0.000E+00  0.000E+00  1.000E-03  7.927E-02
  2.800E-05  2.929E-05  0.000E+00  0.000E+00  1.000E-03  7.927E-02
  2.929E-05  3.065E-05  0.000E+00  0.000E+00  1.000E-03  7.927E-02
  3.065E-05  3.207E-05  0.000E+00  0.000E+00  1.000E-03  7.927E-02
  3.207E-05  3.356E-05  0.000E+00  0.000E+00  1.000E-03  7.927E-02
  3.356E-05  3.512E-05  0.000E+00  0.000E+00  1.000E-03  7.927E-02
  3.512E-05  3.675E-05  0.000E+00  0.000E+00  1.000E-03  7.927E-02
  3.675E-05  3.845E-05  0.000E+00  0.000E+00  1.000E-03  7.927E-02
  3.845E-05  4.024E-05  0.000E+00  0.000E+00  1.000E-03  7.927E-02
  4.024E-05  4.210E-05  0.000E+00  0.000E+00  1.000E-03  7.927E-02
  4.210E-05  4.405E-05  0.000E+00  0.000E+00  1.000E-03  7.927E-02
  4.405E-05  4.610E-05  0.000E+00  0.000E+00  1.000E-03  7.927E-02
  4.610E-05  4.824E-05  0.000E+00  0.000E+00  1.000E-03  7.927E-02
  4.824E-05  5.047E-05  0.000E+00  0.000E+00  1.000E-03  7.927E-02
  5.047E-05  5.281E-05  0.000E+00  0.000E+00  1.000E-03  7.927E-02
  5.281E-05  5.526E-05  0.000E+00  0.000E+00  1.000E-03  7.927E-02
  5.526E-05  5.783E-05  0.000E+00  0.000E+00  1.000E-03  7.927E-02
  5.783E-05  6.051E-05  0.000E+00  0.000E+00  1.000E-03  7.927E-02
  6.051E-05  6.332E-05  0.000E+00  0.000E+00  1.000E-03  7.927E-02
  6.332E-05  6.625E-05  0.000E+00  0.000E+00  1.000E-03  7.927E-02
  6.625E-05  6.933E-05  0.000E+00  0.000E+00  1.000E-03  7.927E-02
  6.933E-05  7.254E-05  0.000E+00  0.000E+00  1.000E-03  7.927E-02
  7.254E-05  7.591E-05  0.000E+00  0.000E+00  1.000E-03  7.927E-02
  7.591E-05  7.943E-05  0.000E+00  0.000E+00  1.000E-03  7.927E-02
  7.943E-05  8.311E-05  0.000E+00  0.000E+00  1.000E-03  7.927E-02
  8.311E-05  8.697E-05  0.000E+00  0.000E+00  1.000E-03  7.927E-02
  8.697E-05  9.100E-05  0.000E+00  0.000E+00  1.000E-03  7.927E-02
  9.100E-05  9.522E-05  0.000E+00  0.000E+00  1.000E-03  7.927E-02
  9.522E-05  9.964E-05  0.000E+00  0.000E+00  1.000E-03  7.927E-02
  9.964E-05  1.043E-04  0.000E+00  0.000E+00  1.000E-03  7.927E-02
  1.043E-04  1.091E-04  0.000E+00  0.000E+00  1.000E-03  7.927E-02
  1.091E-04  1.142E-04  0.000E+00  0.000E+00  1.000E-03  7.927E-02
  1.142E-04  1.194E-04  0.000E+00  0.000E+00  1.000E-03  7.927E-02
  1.194E-04  1.250E-04  0.000E+00  0.000E+00  1.000E-03  7.927E-02
  1.250E-04  1.308E-04  0.000E+00  0.000E+00  1.000E-03  7.927E-02
  1.308E-04  1.369E-04  0.000E+00  0.000E+00  1.000E-03  7.927E-02
  1.369E-04  1.432E-04  0.000E+00  0.000E+00  1.000E-03  7.927E-02
  1.432E-04  1.498E-04  0.000E+00  0.000E+00  1.000E-03  7.927E-02
  1.498E-04  1.568E-04  0.000E+00  0.000E+00  1.000E-03  7.927E-02
  1.568E-04  1.641E-04  0.000E+00  0.000E+00  1.000E-03  7.927E-02
  1.641E-04  1.717E-04  0.000E+00  0.000E+00  1.000E-03  7.927E-02
  1.717E-04  1.796E-04  0.000E+00  0.000E+00  1.000E-03  7.927E-02
  1.796E-04  1.880E-04  0.000E+00  0.000E+00  1.000E-03  7.927E-02
  1.880E-04  1.967E-04  0.000E+00  0.000E+00  1.000E-03  7.927E-02
  1.967E-04  2.058E-04  0.000E+00  0.000E+00  1.000E-03  7.927E-02
  2.058E-04  2.154E-04  0.000E+00  0.000E+00  1.000E-03  7.927E-02
  2.154E-04  2.253E-04  0.000E+00  0.000E+00  1.000E-03  7.927E-02
  2.253E-04  2.358E-04  0.000E+00  0.000E+00  1.000E-03  7.927E-02
  2.358E-04  2.467E-04  0.000E+00  0.000E+00  1.000E-03  7.927E-02
  2.467E-04  2.582E-04  0.000E+00  0.000E+00  1.000E-03  7.927E-02
  2.582E-04  2.701E-04  0.000E+00  0.000E+00  1.000E-03  7.927E-02
  2.701E-04  2.827E-04  0.000E+00  0.000E+00  1.000E-03  7.927E-02
  2.827E-04  2.958E-04  0.000E+00  0.000E+00  1.000E-03  7.927E-02
  2.958E-04  3.095E-04  0.000E+00  0.000E+00  1.000E-03  7.927E-02
  3.095E-04  3.239E-04  0.000E+00  0.000E+00  1.000E-03  7.927E-02
  3.239E-04  3.389E-04  0.000E+00  0.000E+00  1.000E-03  7.927E-02
  3.389E-04  3.546E-04  0.000E+00  0.000E+00  1.000E-03  7.927E-02
  3.546E-04  3.711E-04  0.000E+00  0.000E+00  1.000E-03  7.927E-02
  3.711E-04  3.883E-04  0.000E+00  0.000E+00  1.000E-03  7.927E-02
  3.883E-04  4.063E-04  0.000E+00  0.000E+00  1.000E-03  7.927E-02
  4.063E-04  4.251E-04  0.000E+00  0.000E+00  1.000E-03  7.927E-02
  4.251E-04  4.448E-04  0.000E+00  0.000E+00  1.000E-03  7.927E-02
  4.448E-04  4.655E-04  0.000E+00  0.000E+00  1.000E-03  7.927E-02
  4.655E-04  4.871E-04  0.000E+00  0.000E+00  1.000E-03  7.927E-02
  4.871E-04  5.096E-04  0.000E+00  0.000E+00  1.000E-03  7.927E-02
  5.096E-04  5.333E-04  0.000E+00  0.000E+00  1.000E-03  7.927E-02
  5.333E-04  5.580E-04  0.000E+00  0.000E+00  1.000E-03  7.927E-02
  5.580E-04  5.839E-04  0.000E+00  0.000E+00  1.000E-03  7.927E-02
  5.839E-04  6.110E-04  0.000E+00  0.000E+00  1.000E-03  7.927E-02
  6.110E-04  6.393E-04  0.000E+00  0.000E+00  1.000E-03  7.927E-02
  6.393E-04  6.690E-04  0.000E+00  0.000E+00  1.000E-03  7.927E-02
  6.690E-04  7.000E-04  0.000E+00  0.000E+00  1.000E-03  7.927E-02
  7.000E-04  7.000E-04  0.000E+00  0.000E+00  1.000E-03  7.927E-02

 # Block n:            3     7.92665556E-02  :   6.28318596    
  1.000E-13  1.046E-13  0.000E+00  0.000E+00  7.927E-02  6.283E+00
  1.046E-13  1.095E-13  0.000E+00  0.000E+00  7.927E-02  6.283E+00
  1.095E-13  1.146E-13  0.000E+00  0.000E+00  7.927E-02  6.283E+00
  1.146E-13  1.199E-13  0.000E+00  0.000E+00  7.927E-02  6.283E+00
  1.199E-13  1.254E-13  0.000E+00  0.000E+00  7.927E-02  6.283E+00
  1.254E-13  1.313E-13  0.000E+00  0.000E+00  7.927E-02  6.283E+00
  1.313E-13  1.374E-13  0.000E+00  0.000E+00  7.927E-02  6.283E+00
  1.374E-13  1.437E-13  0.000E+00  0.000E+00  7.927E-02  6.283E+00
  1.437E-13  1.504E-13  0.000E+00  0.000E+00  7.927E-02  6.283E+00
  1.504E-13  1.574E-13  0.000E+00  0.000E+00  7.927E-02  6.283E+00
  1.574E-13  1.647E-13  0.000E+00  0.000E+00  7.927E-02  6.283E+00
  1.647E-13  1.723E-13  0.000E+00  0.000E+00  7.927E-02  6.283E+00
  1.723E-13  1.803E-13  0.000E+00  0.000E+00  7.927E-02  6.283E+00
  1.803E-13  1.887E-13  0.000E+00  0.000E+00  7.927E-02  6.283E+00
  1.887E-13  1.974E-13  0.000E+00  0.000E+00  7.927E-02  6.283E+00
  1.974E-13  2.066E-13  0.000E+00  0.000E+00  7.927E-02  6.283E+00
  2.066E-13  2.161E-13  0.000E+00  0.000E+00  7.927E-02  6.283E+00
  2.161E-13  2.262E-13  0.000E+00  0.000E+00  7.927E-02  6.283E+00
  2.262E-13  2.367E-13  0.000E+00  0.000E+00  7.927E-02  6.283E+00
  2.367E-13  2.476E-13  0.000E+00  0.000E+00  7.927E-02  6.283E+00
  2.476E-13  2.591E-13  0.000E+00  0.000E+00  7.927E-02  6.283E+00
  2.591E-13  2.711E-13  0.000E+00  0.000E+00  7.927E-02  6.283E+00
  2.711E-13  2.837E-13  0.000E+00  0.000E+00  7.927E-02  6.283E+00
  2.837E-13  2.969E-13  0.000E+00  0.000E+00  7.927E-02  6.283E+00
  2.969E-13  3.106E-13  0.000E+00  0.000E+00  7.927E-02  6.283E+00
  3.106E-13  3.250E-13  0.000E+00  0.000E+00  7.927E-02  6.283E+00
  3.250E-13  3.401E-13  0.000E+00  0.000E+00  7.927E-02  6.283E+00
  3.401E-13  3.559E-13  0.000E+00  0.000E+00  7.927E-02  6.283E+00
  3.559E-13  3.724E-13  0.000E+00  0.000E+00  7.927E-02  6.283E+00
  3.724E-13  3.897E-13  0.000E+00  0.000E+00  7.927E-02  6.283E+00
  3.897E-13  4.078E-13  0.000E+00  0.000E+00  7.927E-02  6.283E+00
  4.078E-13  4.267E-13  0.000E+00  0.000E+00  7.927E-02  6.283E+00
  4.267E-13  4.465E-13  0.000E+00  0.000E+00  7.927E-02  6.283E+00
  4.465E-13  4.672E-13  0.000E+00  0.000E+00  7.927E-02  6.283E+00
  4.672E-13  4.888E-13  0.000E+00  0.000E+00  7.927E-02  6.283E+00
  4.888E-13  5.115E-13  0.000E+00  0.000E+00  7.927E-02  6.283E+00
  5.115E-13  5.352E-13  0.000E+00  0.000E+00  7.927E-02  6.283E+00
  5.352E-13  5.601E-13  0.000E+00  0.000E+00  7.927E-02  6.283E+00
  5.601E-13  5.860E-13  0.000E+00  0.000E+00  7.927E-02  6.283E+00
  5.860E-13  6.132E-13  0.000E+00  0.000E+00  7.927E-02  6.283E+00
  6.132E-13  6.416E-13  0.000E+00  0.000E+00  7.927E-02  6.283E+00
  6.416E-13  6.714E-13  0.000E+00  0.000E+00  7.927E-02  6.283E+00
  6.714E-13  7.026E-13  0.000E+00  0.000E+00  7.927E-02  6.283E+00
  7.026E-13  7.351E-13  0.000E+00  0.000E+00  7.927E-02  6.283E+00
  7.351E-13  7.692E-13  0.000E+00  0.000E+00  7.927E-02  6.283E+00
  7.692E-13  8.049E-13  0.000E+00  0.000E+00  7.927E-02  6.283E+00
  8.049E-13  8.422E-13  0.000E+00  0.000E+00  7.927E-02  6.283E+00
  8.422E-13  8.813E-13  0.000E+00  0.000E+00  7.927E-02  6.283E+00
  8.813E-13  9.222E-13  0.000E+00  0.000E+00  7.927E-02  6.283E+00
  9.222E-13  9.650E-13  0.000E+00  0.000E+00  7.927E-02  6.283E+00
  9.650E-13  1.010E-12  0.000E+00  0.000E+00  7.927E-02  6.283E+00
  1.010E-12  1.057E-12  0.000E+00  0.000E+00  7.927E-02  6.283E+00
  1.057E-12  1.106E-12  0.000E+00  0.000E+00  7.927E-02  6.283E+00
  1.106E-12  1.157E-12  0.000E+00  0.000E+00  7.927E-02  6.283E+00
  1.157E-12  1.210E-12  0.000E+00  0.000E+00  7.927E-02  6.283E+00
  1.210E-12  1.267E-12  0.000E+00  0.000E+00  7.927E-02  6.283E+00
  1.267E-12  1.325E-12  0.000E+00  0.000E+00  7.927E-02  6.283E+00
  1.325E-12  1.387E-12  0.000E+00  0.000E+00  7.927E-02  6.283E+00
  1.387E-12  1.451E-12  0.000E+00  0.000E+00  7.927E-02  6.283E+00
  1.451E-12  1.518E-12  0.000E+00  0.000E+00  7.927E-02  6.283E+00
  1.518E-12  1.589E-12  0.000E+00  0.000E+00  7.927E-02  6.283E+00
  1.589E-12  1.663E-12  0.000E+00  0.000E+00  7.927E-02  6.283E+00
  1.663E-12  1.740E-12  0.000E+00  0.000E+00  7.927E-02  6.283E+00
  1.740E-12  1.820E-12  0.000E+00  0.000E+00  7.927E-02  6.283E+00
  1.820E-12  1.905E-12  0.000E+00  0.000E+00  7.927E-02  6.283E+00
  1.905E-12  1.993E-12  0.000E+00  0.000E+00  7.927E-02  6.283E+00
  1.993E-12  2.086E-12  0.000E+00  0.000E+00  7.927E-02  6.283E+00
  2.086E-12  2.182E-12  0.000E+00  0.000E+00  7.927E-02  6.283E+00
  2.182E-12  2.284E-12  0.000E+00  0.000E+00  7.927E-02  6.283E+00
  2.284E-12  2.390E-12  0.000E+00  0.000E+00  7.927E-02  6.283E+00
  2.390E-12  2.500E-12  0.000E+00  0.000E+00  7.927E-02  6.283E+00
  2.500E-12  2.616E-12  0.000E+00  0.000E+00  7.927E-02  6.283E+00
  2.616E-12  2.738E-12  0.000E+00  0.000E+00  7.927E-02  6.283E+00
  2.738E-12  2.865E-12  0.000E+00  0.000E+00  7.927E-02  6.283E+00
  2.865E-12  2.998E-12  0.000E+00  0.000E+00  7.927E-02  6.283E+00
  2.998E-12  3.137E-12  0.000E+00  0.000E+00  7.927E-02  6.283E+00
  3.137E-12  3.282E-12  0.000E+00  0.000E+00  7.927E-02  6.283E+00
  3.282E-12  3.434E-12  0.000E+00  0.000E+00  7.927E-02  6.283E+00
  3.434E-12  3.594E-12  0.000E+00  0.000E+00  7.927E-02  6.283E+00
  3.594E-12  3.760E-12  0.000E+00  0.000E+00  7.927E-02  6.283E+00
  3.760E-12  3.935E-12  0.000E+00  0.000E+00  7.927E-02  6.283E+00
  3.935E-12  4.117E-12  0.000E+00  0.000E+00  7.927E-02  6.283E+00
  4.117E-12  4.308E-12  0.000E+00  0.000E+00  7.927E-02  6.283E+00
  4.308E-12  4.508E-12  0.000E+00  0.000E+00  7.927E-02  6.283E+00
  4.508E-12  4.717E-12  0.000E+00  0.000E+00  7.927E-02  6.283E+00
  4.717E-12  4.936E-12  0.000E+00  0.000E+00  7.927E-02  6.283E+00
  4.936E-12  5.165E-12  0.000E+00  0.000E+00  7.927E-02  6.283E+00
  5.165E-12  5.404E-12  0.000E+00  0.000E+00  7.927E-02  6.283E+00
  5.404E-12  5.655E-12  0.000E+00  0.000E+00  7.927E-02  6.283E+00
  5.655E-12  5.917E-12  0.000E+00  0.000E+00  7.927E-02  6.283E+00
  5.917E-12  6.192E-12  0.000E+00  0.000E+00  7.927E-02  6.283E+00
  6.192E-12  6.479E-12  0.000E+00  0.000E+00  7.927E-02  6.283E+00
  6.479E-12  6.779E-12  0.000E+00  0.000E+00  7.927E-02  6.283E+00
  6.779E-12  7.094E-12  0.000E+00  0.000E+00  7.927E-02  6.283E+00
  7.094E-12  7.423E-12  0.000E+00  0.000E+00  7.927E-02  6.283E+00
  7.423E-12  7.767E-12  0.000E+00  0.000E+00  7.927E-02  6.283E+00
  7.767E-12  8.127E-12  0.000E+00  0.000E+00  7.927E-02  6.283E+00
  8.127E-12  8.504E-12  0.000E+00  0.000E+00  7.927E-02  6.283E+00
  8.504E-12  8.899E-12  0.000E+00  0.000E+00  7.927E-02  6.283E+00
  8.899E-12  9.311E-12  0.000E+00  0.000E+00  7.927E-02  6.283E+00
  9.311E-12  9.743E-12  0.000E+00  0.000E+00  7.927E-02  6.283E+00
  9.743E-12  1.020E-11  0.000E+00  0.000E+00  7.927E-02  6.283E+00
  1.020E-11  1.067E-11  0.000E+00  0.000E+00  7.927E-02  6.283E+00
  1.067E-11  1.116E-11  0.000E+00  0.000E+00  7.927E-02  6.283E+00
  1.116E-11  1.168E-11  0.000E+00  0.000E+00  7.927E-02  6.283E+00
  1.168E-11  1.222E-11  0.000E+00  0.000E+00  7.927E-02  6.283E+00
  1.222E-11  1.279E-11  0.000E+00  0.000E+00  7.927E-02  6.283E+00
  1.279E-11  1.338E-11  0.000E+00  0.000E+00  7.927E-02  6.283E+00
  1.338E-11  1.400E-11  0.000E+00  0.000E+00  7.927E-02  6.283E+00
  1.400E-11  1.465E-11  0.000E+00  0.000E+00  7.927E-02  6.283E+00
  1.465E-11  1.533E-11  0.000E+00  0.000E+00  7.927E-02  6.283E+00
  1.533E-11  1.604E-11  0.000E+00  0.000E+00  7.927E-02  6.283E+00
  1.604E-11  1.679E-11  0.000E+00  0.000E+00  7.927E-02  6.283E+00
  1.679E-11  1.757E-11  0.000E+00  0.000E+00  7.927E-02  6.283E+00
  1.757E-11  1.838E-11  0.000E+00  0.000E+00  7.927E-02  6.283E+00
  1.838E-11  1.923E-11  0.000E+00  0.000E+00  7.927E-02  6.283E+00
  1.923E-11  2.013E-11  0.000E+00  0.000E+00  7.927E-02  6.283E+00
  2.013E-11  2.106E-11  0.000E+00  0.000E+00  7.927E-02  6.283E+00
  2.106E-11  2.204E-11  0.000E+00  0.000E+00  7.927E-02  6.283E+00
  2.204E-11  2.306E-11  0.000E+00  0.000E+00  7.927E-02  6.283E+00
  2.306E-11  2.413E-11  0.000E+00  0.000E+00  7.927E-02  6.283E+00
  2.413E-11  2.525E-11  0.000E+00  0.000E+00  7.927E-02  6.283E+00
  2.525E-11  2.642E-11  0.000E+00  0.000E+00  7.927E-02  6.283E+00
  2.642E-11  2.764E-11  0.000E+00  0.000E+00  7.927E-02  6.283E+00
  2.764E-11  2.893E-11  0.000E+00  0.000E+00  7.927E-02  6.283E+00
  2.893E-11  3.027E-11  0.000E+00  0.000E+00  7.927E-02  6.283E+00
  3.027E-11  3.167E-11  0.000E+00  0.000E+00  7.927E-02  6.283E+00
  3.167E-11  3.314E-11  0.000E+00  0.000E+00  7.927E-02  6.283E+00
  3.314E-11  3.468E-11  0.000E+00  0.000E+00  7.927E-02  6.283E+00
  3.468E-11  3.628E-11  0.000E+00  0.000E+00  7.927E-02  6.283E+00
  3.628E-11  3.797E-11  0.000E+00  0.000E+00  7.927E-02  6.283E+00
  3.797E-11  3.973E-11  0.000E+00  0.000E+00  7.927E-02  6.283E+00
  3.973E-11  4.157E-11  0.000E+00  0.000E+00  7.927E-02  6.283E+00
  4.157E-11  4.350E-11  0.000E+00  0.000E+00  7.927E-02  6.283E+00
  4.350E-11  4.552E-11  0.000E+00  0.000E+00  7.927E-02  6.283E+00
  4.552E-11  4.763E-11  0.000E+00  0.000E+00  7.927E-02  6.283E+00
  4.763E-11  4.984E-11  0.000E+00  0.000E+00  7.927E-02  6.283E+00
  4.984E-11  5.215E-11  0.000E+00  0.000E+00  7.927E-02  6.283E+00
  5.215E-11  5.457E-11  0.000E+00  0.000E+00  7.927E-02  6.283E+00
  5.457E-11  5.710E-11  0.000E+00  0.000E+00  7.927E-02  6.283E+00
  5.710E-11  5.975E-11  0.000E+00  0.000E+00  7.927E-02  6.283E+00
  5.975E-11  6.252E-11  0.000E+00  0.000E+00  7.927E-02  6.283E+00
  6.252E-11  6.542E-11  0.000E+00  0.000E+00  7.927E-02  6.283E+00
  6.542E-11  6.845E-11  0.000E+00  0.000E+00  7.927E-02  6.283E+00
  6.845E-11  7.163E-11  0.000E+00  0.000E+00  7.927E-02  6.283E+00
  7.163E-11  7.495E-11  0.000E+00  0.000E+00  7.927E-02  6.283E+00
  7.495E-11  7.843E-11  0.000E+00  0.000E+00  7.927E-02  6.283E+00
  7.843E-11  8.206E-11  0.000E+00  0.000E+00  7.927E-02  6.283E+00
  8.206E-11  8.587E-11  0.000E+00  0.000E+00  7.927E-02  6.283E+00
  8.587E-11  8.985E-11  0.000E+00  0.000E+00  7.927E-02  6.283E+00
  8.985E-11  9.402E-11  0.000E+00  0.000E+00  7.927E-02  6.283E+00
  9.402E-11  9.838E-11  0.000E+00  0.000E+00  7.927E-02  6.283E+00
  9.838E-11  1.029E-10  0.000E+00  0.000E+00  7.927E-02  6.283E+00
  1.029E-10  1.077E-10  0.000E+00  0.000E+00  7.927E-02  6.283E+00
  1.077E-10  1.127E-10  0.000E+00  0.000E+00  7.927E-02  6.283E+00
  1.127E-10  1.179E-10  0.000E+00  0.000E+00  7.927E-02  6.283E+00
  1.179E-10  1.234E-10  0.000E+00  0.000E+00  7.927E-02  6.283E+00
  1.234E-10  1.291E-10  0.000E+00  0.000E+00  7.927E-02  6.283E+00
  1.291E-10  1.351E-10  0.000E+00  0.000E+00  7.927E-02  6.283E+00
  1.351E-10  1.414E-10  0.000E+00  0.000E+00  7.927E-02  6.283E+00
  1.414E-10  1.480E-10  0.000E+00  0.000E+00  7.927E-02  6.283E+00
  1.480E-10  1.548E-10  0.000E+00  0.000E+00  7.927E-02  6.283E+00
  1.548E-10  1.620E-10  0.000E+00  0.000E+00  7.927E-02  6.283E+00
  1.620E-10  1.695E-10  0.000E+00  0.000E+00  7.927E-02  6.283E+00
  1.695E-10  1.774E-10  0.000E+00  0.000E+00  7.927E-02  6.283E+00
  1.774E-10  1.856E-10  0.000E+00  0.000E+00  7.927E-02  6.283E+00
  1.856E-10  1.942E-10  0.000E+00  0.000E+00  7.927E-02  6.283E+00
  1.942E-10  2.032E-10  0.000E+00  0.000E+00  7.927E-02  6.283E+00
  2.032E-10  2.126E-10  0.000E+00  0.000E+00  7.927E-02  6.283E+00
  2.126E-10  2.225E-10  0.000E+00  0.000E+00  7.927E-02  6.283E+00
  2.225E-10  2.328E-10  0.000E+00  0.000E+00  7.927E-02  6.283E+00
  2.328E-10  2.436E-10  0.000E+00  0.000E+00  7.927E-02  6.283E+00
  2.436E-10  2.549E-10  0.000E+00  0.000E+00  7.927E-02  6.283E+00
  2.549E-10  2.667E-10  0.000E+00  0.000E+00  7.927E-02  6.283E+00
  2.667E-10  2.791E-10  0.000E+00  0.000E+00  7.927E-02  6.283E+00
  2.791E-10  2.921E-10  0.000E+00  0.000E+00  7.927E-02  6.283E+00
  2.921E-10  3.056E-10  0.000E+00  0.000E+00  7.927E-02  6.283E+00
  3.056E-10  3.198E-10  0.000E+00  0.000E+00  7.927E-02  6.283E+00
  3.198E-10  3.346E-10  0.000E+00  0.000E+00  7.927E-02  6.283E+00
  3.346E-10  3.501E-10  0.000E+00  0.000E+00  7.927E-02  6.283E+00
  3.501E-10  3.664E-10  0.000E+00  0.000E+00  7.927E-02  6.283E+00
  3.664E-10  3.834E-10  0.000E+00  0.000E+00  7.927E-02  6.283E+00
  3.834E-10  4.011E-10  0.000E+00  0.000E+00  7.927E-02  6.283E+00
  4.011E-10  4.198E-10  0.000E+00  0.000E+00  7.927E-02  6.283E+00
  4.198E-10  4.392E-10  0.000E+00  0.000E+00  7.927E-02  6.283E+00
  4.392E-10  4.596E-10  0.000E+00  0.000E+00  7.927E-02  6.283E+00
  4.596E-10  4.809E-10  0.000E+00  0.000E+00  7.927E-02  6.283E+00
  4.809E-10  5.032E-10  0.000E+00  0.000E+00  7.927E-02  6.283E+00
  5.032E-10  5.266E-10  0.000E+00  0.000E+00  7.927E-02  6.283E+00
  5.266E-10  5.510E-10  0.000E+00  0.000E+00  7.927E-02  6.283E+00
  5.510E-10  5.765E-10  0.000E+00  0.000E+00  7.927E-02  6.283E+00
  5.765E-10  6.033E-10  0.000E+00  0.000E+00  7.927E-02  6.283E+00
  6.033E-10  6.313E-10  0.000E+00  0.000E+00  7.927E-02  6.283E+00
  6.313E-10  6.605E-10  0.000E+00  0.000E+00  7.927E-02  6.283E+00
  6.605E-10  6.912E-10  0.000E+00  0.000E+00  7.927E-02  6.283E+00
  6.912E-10  7.232E-10  0.000E+00  0.000E+00  7.927E-02  6.283E+00
  7.232E-10  7.568E-10  0.000E+00  0.000E+00  7.927E-02  6.283E+00
  7.568E-10  7.919E-10  0.000E+00  0.000E+00  7.927E-02  6.283E+00
  7.919E-10  8.286E-10  0.000E+00  0.000E+00  7.927E-02  6.283E+00
  8.286E-10  8.670E-10  0.000E+00  0.000E+00  7.927E-02  6.283E+00
  8.670E-10  9.073E-10  0.000E+00  0.000E+00  7.927E-02  6.283E+00
  9.073E-10  9.493E-10  0.000E+00  0.000E+00  7.927E-02  6.283E+00
  9.493E-10  9.934E-10  0.000E+00  0.000E+00  7.927E-02  6.283E+00
  9.934E-10  1.039E-09  0.000E+00  0.000E+00  7.927E-02  6.283E+00
  1.039E-09  1.088E-09  0.000E+00  0.000E+00  7.927E-02  6.283E+00
  1.088E-09  1.138E-09  0.000E+00  0.000E+00  7.927E-02  6.283E+00
  1.138E-09  1.191E-09  0.000E+00  0.000E+00  7.927E-02  6.283E+00
  1.191E-09  1.246E-09  0.000E+00  0.000E+00  7.927E-02  6.283E+00
  1.246E-09  1.304E-09  0.000E+00  0.000E+00  7.927E-02  6.283E+00
  1.304E-09  1.364E-09  0.000E+00  0.000E+00  7.927E-02  6.283E+00
  1.364E-09  1.428E-09  0.000E+00  0.000E+00  7.927E-02  6.283E+00
  1.428E-09  1.494E-09  0.000E+00  0.000E+00  7.927E-02  6.283E+00
  1.494E-09  1.563E-09  0.000E+00  0.000E+00  7.927E-02  6.283E+00
  1.563E-09  1.636E-09  0.000E+00  0.000E+00  7.927E-02  6.283E+00
  1.636E-09  1.712E-09  0.000E+00  0.000E+00  7.927E-02  6.283E+00
  1.712E-09  1.791E-09  0.000E+00  0.000E+00  7.927E-02  6.283E+00
  1.791E-09  1.874E-09  0.000E+00  0.000E+00  7.927E-02  6.283E+00
  1.874E-09  1.961E-09  0.000E+00  0.000E+00  7.927E-02  6.283E+00
  1.961E-09  2.052E-09  0.000E+00  0.000E+00  7.927E-02  6.283E+00
  2.052E-09  2.147E-09  0.000E+00  0.000E+00  7.927E-02  6.283E+00
  2.147E-09  2.247E-09  0.000E+00  0.000E+00  7.927E-02  6.283E+00
  2.247E-09  2.351E-09  0.000E+00  0.000E+00  7.927E-02  6.283E+00
  2.351E-09  2.460E-09  0.000E+00  0.000E+00  7.927E-02  6.283E+00
  2.460E-09  2.574E-09  0.000E+00  0.000E+00  7.927E-02  6.283E+00
  2.574E-09  2.693E-09  0.000E+00  0.000E+00  7.927E-02  6.283E+00
  2.693E-09  2.818E-09  0.000E+00  0.000E+00  7.927E-02  6.283E+00
  2.818E-09  2.949E-09  0.000E+00  0.000E+00  7.927E-02  6.283E+00
  2.949E-09  3.086E-09  0.000E+00  0.000E+00  7.927E-02  6.283E+00
  3.086E-09  3.229E-09  0.000E+00  0.000E+00  7.927E-02  6.283E+00
  3.229E-09  3.379E-09  0.000E+00  0.000E+00  7.927E-02  6.283E+00
  3.379E-09  3.535E-09  0.000E+00  0.000E+00  7.927E-02  6.283E+00
  3.535E-09  3.699E-09  0.000E+00  0.000E+00  7.927E-02  6.283E+00
  3.699E-09  3.871E-09  0.000E+00  0.000E+00  7.927E-02  6.283E+00
  3.871E-09  4.050E-09  0.000E+00  0.000E+00  7.927E-02  6.283E+00
  4.050E-09  4.238E-09  0.000E+00  0.000E+00  7.927E-02  6.283E+00
  4.238E-09  4.435E-09  0.000E+00  0.000E+00  7.927E-02  6.283E+00
  4.435E-09  4.641E-09  0.000E+00  0.000E+00  7.927E-02  6.283E+00
  4.641E-09  4.856E-09  0.000E+00  0.000E+00  7.927E-02  6.283E+00
  4.856E-09  5.081E-09  0.000E+00  0.000E+00  7.927E-02  6.283E+00
  5.081E-09  5.317E-09  0.000E+00  0.000E+00  7.927E-02  6.283E+00
  5.317E-09  5.563E-09  0.000E+00  0.000E+00  7.927E-02  6.283E+00
  5.563E-09  5.821E-09  0.000E+00  0.000E+00  7.927E-02  6.283E+00
  5.821E-09  6.091E-09  0.000E+00  0.000E+00  7.927E-02  6.283E+00
  6.091E-09  6.374E-09  0.000E+00  0.000E+00  7.927E-02  6.283E+00
  6.374E-09  6.670E-09  0.000E+00  0.000E+00  7.927E-02  6.283E+00
  6.670E-09  6.979E-09  0.000E+00  0.000E+00  7.927E-02  6.283E+00
  6.979E-09  7.303E-09  0.000E+00  0.000E+00  7.927E-02  6.283E+00
  7.303E-09  7.641E-09  0.000E+00  0.000E+00  7.927E-02  6.283E+00
  7.641E-09  7.996E-09  0.000E+00  0.000E+00  7.927E-02  6.283E+00
  7.996E-09  8.367E-09  0.000E+00  0.000E+00  7.927E-02  6.283E+00
  8.367E-09  8.755E-09  0.000E+00  0.000E+00  7.927E-02  6.283E+00
  8.755E-09  9.161E-09  0.000E+00  0.000E+00  7.927E-02  6.283E+00
  9.161E-09  9.586E-09  0.000E+00  0.000E+00  7.927E-02  6.283E+00
  9.586E-09  1.003E-08  0.000E+00  0.000E+00  7.927E-02  6.283E+00
  1.003E-08  1.050E-08  0.000E+00  0.000E+00  7.927E-02  6.283E+00
  1.050E-08  1.098E-08  0.000E+00  0.000E+00  7.927E-02  6.283E+00
  1.098E-08  1.149E-08  0.000E+00  0.000E+00  7.927E-02  6.283E+00
  1.149E-08  1.202E-08  0.000E+00  0.000E+00  7.927E-02  6.283E+00
  1.202E-08  1.258E-08  0.000E+00  0.000E+00  7.927E-02  6.283E+00
  1.258E-08  1.317E-08  0.000E+00  0.000E+00  7.927E-02  6.283E+00
  1.317E-08  1.378E-08  0.000E+00  0.000E+00  7.927E-02  6.283E+00
  1.378E-08  1.442E-08  0.000E+00  0.000E+00  7.927E-02  6.283E+00
  1.442E-08  1.508E-08  0.000E+00  0.000E+00  7.927E-02  6.283E+00
  1.508E-08  1.578E-08  0.000E+00  0.000E+00  7.927E-02  6.283E+00
  1.578E-08  1.652E-08  0.000E+00  0.000E+00  7.927E-02  6.283E+00
  1.652E-08  1.728E-08  0.000E+00  0.000E+00  7.927E-02  6.283E+00
  1.728E-08  1.808E-08  0.000E+00  0.000E+00  7.927E-02  6.283E+00
  1.808E-08  1.892E-08  0.000E+00  0.000E+00  7.927E-02  6.283E+00
  1.892E-08  1.980E-08  0.000E+00  0.000E+00  7.927E-02  6.283E+00
  1.980E-08  2.072E-08  0.000E+00  0.000E+00  7.927E-02  6.283E+00
  2.072E-08  2.168E-08  0.000E+00  0.000E+00  7.927E-02  6.283E+00
  2.168E-08  2.268E-08  0.000E+00  0.000E+00  7.927E-02  6.283E+00
  2.268E-08  2.374E-08  0.000E+00  0.000E+00  7.927E-02  6.283E+00
  2.374E-08  2.484E-08  0.000E+00  0.000E+00  7.927E-02  6.283E+00
  2.484E-08  2.599E-08  0.000E+00  0.000E+00  7.927E-02  6.283E+00
  2.599E-08  2.720E-08  0.000E+00  0.000E+00  7.927E-02  6.283E+00
  2.720E-08  2.846E-08  0.000E+00  0.000E+00  7.927E-02  6.283E+00
  2.846E-08  2.978E-08  0.000E+00  0.000E+00  7.927E-02  6.283E+00
  2.978E-08  3.116E-08  0.000E+00  0.000E+00  7.927E-02  6.283E+00
  3.116E-08  3.260E-08  0.000E+00  0.000E+00  7.927E-02  6.283E+00
  3.260E-08  3.411E-08  0.000E+00  0.000E+00  7.927E-02  6.283E+00
  3.411E-08  3.570E-08  0.000E+00  0.000E+00  7.927E-02  6.283E+00
  3.570E-08  3.735E-08  0.000E+00  0.000E+00  7.927E-02  6.283E+00
  3.735E-08  3.909E-08  0.000E+00  0.000E+00  7.927E-02  6.283E+00
  3.909E-08  4.090E-08  0.000E+00  0.000E+00  7.927E-02  6.283E+00
  4.090E-08  4.280E-08  0.000E+00  0.000E+00  7.927E-02  6.283E+00
  4.280E-08  4.478E-08  0.000E+00  0.000E+00  7.927E-02  6.283E+00
  4.478E-08  4.686E-08  0.000E+00  0.000E+00  7.927E-02  6.283E+00
  4.686E-08  4.903E-08  0.000E+00  0.000E+00  7.927E-02  6.283E+00
  4.903E-08  5.130E-08  0.000E+00  0.000E+00  7.927E-02  6.283E+00
  5.130E-08  5.368E-08  0.000E+00  0.000E+00  7.927E-02  6.283E+00
  5.368E-08  5.617E-08  0.000E+00  0.000E+00  7.927E-02  6.283E+00
  5.617E-08  5.878E-08  0.000E+00  0.000E+00  7.927E-02  6.283E+00
  5.878E-08  6.151E-08  0.000E+00  0.000E+00  7.927E-02  6.283E+00
  6.151E-08  6.436E-08  0.000E+00  0.000E+00  7.927E-02  6.283E+00
  6.436E-08  6.734E-08  0.000E+00  0.000E+00  7.927E-02  6.283E+00
  6.734E-08  7.047E-08  0.000E+00  0.000E+00  7.927E-02  6.283E+00
  7.047E-08  7.374E-08  0.000E+00  0.000E+00  7.927E-02  6.283E+00
  7.374E-08  7.716E-08  0.000E+00  0.000E+00  7.927E-02  6.283E+00
  7.716E-08  8.073E-08  0.000E+00  0.000E+00  7.927E-02  6.283E+00
  8.073E-08  8.448E-08  0.000E+00  0.000E+00  7.927E-02  6.283E+00
  8.448E-08  8.840E-08  0.000E+00  0.000E+00  7.927E-02  6.283E+00
  8.840E-08  9.250E-08  0.000E+00  0.000E+00  7.927E-02  6.283E+00
  9.250E-08  9.679E-08  0.000E+00  0.000E+00  7.927E-02  6.283E+00
  9.679E-08  1.013E-07  0.000E+00  0.000E+00  7.927E-02  6.283E+00
  1.013E-07  1.060E-07  0.000E+00  0.000E+00  7.927E-02  6.283E+00
  1.060E-07  1.109E-07  0.000E+00  0.000E+00  7.927E-02  6.283E+00
  1.109E-07  1.160E-07  0.000E+00  0.000E+00  7.927E-02  6.283E+00
  1.160E-07  1.214E-07  0.000E+00  0.000E+00  7.927E-02  6.283E+00
  1.214E-07  1.270E-07  0.000E+00  0.000E+00  7.927E-02  6.283E+00
  1.270E-07  1.329E-07  0.000E+00  0.000E+00  7.927E-02  6.283E+00
  1.329E-07  1.391E-07  0.000E+00  0.000E+00  7.927E-02  6.283E+00
  1.391E-07  1.456E-07  0.000E+00  0.000E+00  7.927E-02  6.283E+00
  1.456E-07  1.523E-07  0.000E+00  0.000E+00  7.927E-02  6.283E+00
  1.523E-07  1.594E-07  0.000E+00  0.000E+00  7.927E-02  6.283E+00
  1.594E-07  1.668E-07  0.000E+00  0.000E+00  7.927E-02  6.283E+00
  1.668E-07  1.745E-07  0.000E+00  0.000E+00  7.927E-02  6.283E+00
  1.745E-07  1.826E-07  0.000E+00  0.000E+00  7.927E-02  6.283E+00
  1.826E-07  1.911E-07  0.000E+00  0.000E+00  7.927E-02  6.283E+00
  1.911E-07  1.999E-07  0.000E+00  0.000E+00  7.927E-02  6.283E+00
  1.999E-07  2.092E-07  0.000E+00  0.000E+00  7.927E-02  6.283E+00
  2.092E-07  2.189E-07  0.000E+00  0.000E+00  7.927E-02  6.283E+00
  2.189E-07  2.291E-07  0.000E+00  0.000E+00  7.927E-02  6.283E+00
  2.291E-07  2.397E-07  0.000E+00  0.000E+00  7.927E-02  6.283E+00
  2.397E-07  2.508E-07  0.000E+00  0.000E+00  7.927E-02  6.283E+00
  2.508E-07  2.624E-07  0.000E+00  0.000E+00  7.927E-02  6.283E+00
  2.624E-07  2.746E-07  0.000E+00  0.000E+00  7.927E-02  6.283E+00
  2.746E-07  2.873E-07  0.000E+00  0.000E+00  7.927E-02  6.283E+00
  2.873E-07  3.007E-07  0.000E+00  0.000E+00  7.927E-02  6.283E+00
  3.007E-07  3.146E-07  0.000E+00  0.000E+00  7.927E-02  6.283E+00
  3.146E-07  3.292E-07  0.000E+00  0.000E+00  7.927E-02  6.283E+00
  3.292E-07  3.445E-07  0.000E+00  0.000E+00  7.927E-02  6.283E+00
  3.445E-07  3.604E-07  0.000E+00  0.000E+00  7.927E-02  6.283E+00
  3.604E-07  3.772E-07  0.000E+00  0.000E+00  7.927E-02  6.283E+00
  3.772E-07  3.947E-07  0.000E+00  0.000E+00  7.927E-02  6.283E+00
  3.947E-07  4.130E-07  0.000E+00  0.000E+00  7.927E-02  6.283E+00
  4.130E-07  4.321E-07  0.000E+00  0.000E+00  7.927E-02  6.283E+00
  4.321E-07  4.522E-07  0.000E+00  0.000E+00  7.927E-02  6.283E+00
  4.522E-07  4.731E-07  0.000E+00  0.000E+00  7.927E-02  6.283E+00
  4.731E-07  4.951E-07  0.000E+00  0.000E+00  7.927E-02  6.283E+00
  4.951E-07  5.180E-07  0.000E+00  0.000E+00  7.927E-02  6.283E+00
  5.180E-07  5.421E-07  0.000E+00  0.000E+00  7.927E-02  6.283E+00
  5.421E-07  5.672E-07  0.000E+00  0.000E+00  7.927E-02  6.283E+00
  5.672E-07  5.935E-07  0.000E+00  0.000E+00  7.927E-02  6.283E+00
  5.935E-07  6.210E-07  0.000E+00  0.000E+00  7.927E-02  6.283E+00
  6.210E-07  6.498E-07  0.000E+00  0.000E+00  7.927E-02  6.283E+00
  6.498E-07  6.800E-07  0.000E+00  0.000E+00  7.927E-02  6.283E+00
  6.800E-07  7.115E-07  0.000E+00  0.000E+00  7.927E-02  6.283E+00
  7.115E-07  7.445E-07  0.000E+00  0.000E+00  7.927E-02  6.283E+00
  7.445E-07  7.791E-07  0.000E+00  0.000E+00  7.927E-02  6.283E+00
  7.791E-07  8.152E-07  0.000E+00  0.000E+00  7.927E-02  6.283E+00
  8.152E-07  8.530E-07  0.000E+00  0.000E+00  7.927E-02  6.283E+00
  8.530E-07  8.926E-07  0.000E+00  0.000E+00  7.927E-02  6.283E+00
  8.926E-07  9.340E-07  0.000E+00  0.000E+00  7.927E-02  6.283E+00
  9.340E-07  9.773E-07  0.000E+00  0.000E+00  7.927E-02  6.283E+00
  9.773E-07  1.023E-06  0.000E+00  0.000E+00  7.927E-02  6.283E+00
  1.023E-06  1.070E-06  0.000E+00  0.000E+00  7.927E-02  6.283E+00
  1.070E-06  1.120E-06  0.000E+00  0.000E+00  7.927E-02  6.283E+00
  1.120E-06  1.172E-06  0.000E+00  0.000E+00  7.927E-02  6.283E+00
  1.172E-06  1.226E-06  0.000E+00  0.000E+00  7.927E-02  6.283E+00
  1.226E-06  1.283E-06  0.000E+00  0.000E+00  7.927E-02  6.283E+00
  1.283E-06  1.342E-06  0.000E+00  0.000E+00  7.927E-02  6.283E+00
  1.342E-06  1.405E-06  0.000E+00  0.000E+00  7.927E-02  6.283E+00
  1.405E-06  1.470E-06  0.000E+00  0.000E+00  7.927E-02  6.283E+00
  1.470E-06  1.538E-06  0.000E+00  0.000E+00  7.927E-02  6.283E+00
  1.538E-06  1.609E-06  0.000E+00  0.000E+00  7.927E-02  6.283E+00
  1.609E-06  1.684E-06  0.000E+00  0.000E+00  7.927E-02  6.283E+00
  1.684E-06  1.762E-06  0.000E+00  0.000E+00  7.927E-02  6.283E+00
  1.762E-06  1.844E-06  0.000E+00  0.000E+00  7.927E-02  6.283E+00
  1.844E-06  1.929E-06  0.000E+00  0.000E+00  7.927E-02  6.283E+00
  1.929E-06  2.019E-06  0.000E+00  0.000E+00  7.927E-02  6.283E+00
  2.019E-06  2.112E-06  0.000E+00  0.000E+00  7.927E-02  6.283E+00
  2.112E-06  2.210E-06  0.000E+00  0.000E+00  7.927E-02  6.283E+00
  2.210E-06  2.313E-06  0.000E+00  0.000E+00  7.927E-02  6.283E+00
  2.313E-06  2.420E-06  0.000E+00  0.000E+00  7.927E-02  6.283E+00
  2.420E-06  2.532E-06  0.000E+00  0.000E+00  7.927E-02  6.283E+00
  2.532E-06  2.650E-06  0.000E+00  0.000E+00  7.927E-02  6.283E+00
  2.650E-06  2.773E-06  0.000E+00  0.000E+00  7.927E-02  6.283E+00
  2.773E-06  2.901E-06  0.000E+00  0.000E+00  7.927E-02  6.283E+00
  2.901E-06  3.036E-06  0.000E+00  0.000E+00  7.927E-02  6.283E+00
  3.036E-06  3.177E-06  0.000E+00  0.000E+00  7.927E-02  6.283E+00
  3.177E-06  3.324E-06  0.000E+00  0.000E+00  7.927E-02  6.283E+00
  3.324E-06  3.478E-06  0.000E+00  0.000E+00  7.927E-02  6.283E+00
  3.478E-06  3.639E-06  0.000E+00  0.000E+00  7.927E-02  6.283E+00
  3.639E-06  3.808E-06  0.000E+00  0.000E+00  7.927E-02  6.283E+00
  3.808E-06  3.985E-06  0.000E+00  0.000E+00  7.927E-02  6.283E+00
  3.985E-06  4.170E-06  0.000E+00  0.000E+00  7.927E-02  6.283E+00
  4.170E-06  4.363E-06  0.000E+00  0.000E+00  7.927E-02  6.283E+00
  4.363E-06  4.565E-06  0.000E+00  0.000E+00  7.927E-02  6.283E+00
  4.565E-06  4.777E-06  0.000E+00  0.000E+00  7.927E-02  6.283E+00
  4.777E-06  4.999E-06  0.000E+00  0.000E+00  7.927E-02  6.283E+00
  4.999E-06  5.231E-06  0.000E+00  0.000E+00  7.927E-02  6.283E+00
  5.231E-06  5.473E-06  0.000E+00  0.000E+00  7.927E-02  6.283E+00
  5.473E-06  5.727E-06  0.000E+00  0.000E+00  7.927E-02  6.283E+00
  5.727E-06  5.993E-06  0.000E+00  0.000E+00  7.927E-02  6.283E+00
  5.993E-06  6.271E-06  0.000E+00  0.000E+00  7.927E-02  6.283E+00
  6.271E-06  6.562E-06  0.000E+00  0.000E+00  7.927E-02  6.283E+00
  6.562E-06  6.866E-06  0.000E+00  0.000E+00  7.927E-02  6.283E+00
  6.866E-06  7.184E-06  0.000E+00  0.000E+00  7.927E-02  6.283E+00
  7.184E-06  7.518E-06  0.000E+00  0.000E+00  7.927E-02  6.283E+00
  7.518E-06  7.866E-06  0.000E+00  0.000E+00  7.927E-02  6.283E+00
  7.866E-06  8.231E-06  0.000E+00  0.000E+00  7.927E-02  6.283E+00
  8.231E-06  8.613E-06  0.000E+00  0.000E+00  7.927E-02  6.283E+00
  8.613E-06  9.012E-06  0.000E+00  0.000E+00  7.927E-02  6.283E+00
  9.012E-06  9.430E-06  0.000E+00  0.000E+00  7.927E-02  6.283E+00
  9.430E-06  9.868E-06  0.000E+00  0.000E+00  7.927E-02  6.283E+00
  9.868E-06  1.033E-05  0.000E+00  0.000E+00  7.927E-02  6.283E+00
  1.033E-05  1.080E-05  0.000E+00  0.000E+00  7.927E-02  6.283E+00
  1.080E-05  1.131E-05  0.000E+00  0.000E+00  7.927E-02  6.283E+00
  1.131E-05  1.183E-05  0.000E+00  0.000E+00  7.927E-02  6.283E+00
  1.183E-05  1.238E-05  0.000E+00  0.000E+00  7.927E-02  6.283E+00
  1.238E-05  1.295E-05  0.000E+00  0.000E+00  7.927E-02  6.283E+00
  1.295E-05  1.355E-05  0.000E+00  0.000E+00  7.927E-02  6.283E+00
  1.355E-05  1.418E-05  0.000E+00  0.000E+00  7.927E-02  6.283E+00
  1.418E-05  1.484E-05  0.000E+00  0.000E+00  7.927E-02  6.283E+00
  1.484E-05  1.553E-05  0.000E+00  0.000E+00  7.927E-02  6.283E+00
  1.553E-05  1.625E-05  0.000E+00  0.000E+00  7.927E-02  6.283E+00
  1.625E-05  1.700E-05  0.000E+00  0.000E+00  7.927E-02  6.283E+00
  1.700E-05  1.779E-05  0.000E+00  0.000E+00  7.927E-02  6.283E+00
  1.779E-05  1.862E-05  0.000E+00  0.000E+00  7.927E-02  6.283E+00
  1.862E-05  1.948E-05  0.000E+00  0.000E+00  7.927E-02  6.283E+00
  1.948E-05  2.038E-05  0.000E+00  0.000E+00  7.927E-02  6.283E+00
  2.038E-05  2.133E-05  0.000E+00  0.000E+00  7.927E-02  6.283E+00
  2.133E-05  2.232E-05  0.000E+00  0.000E+00  7.927E-02  6.283E+00
  2.232E-05  2.335E-05  0.000E+00  0.000E+00  7.927E-02  6.283E+00
  2.335E-05  2.444E-05  0.000E+00  0.000E+00  7.927E-02  6.283E+00
  2.444E-05  2.557E-05  0.000E+00  0.000E+00  7.927E-02  6.283E+00
  2.557E-05  2.675E-05  0.000E+00  0.000E+00  7.927E-02  6.283E+00
  2.675E-05  2.800E-05  0.000E+00  0.000E+00  7.927E-02  6.283E+00
  2.800E-05  2.929E-05  0.000E+00  0.000E+00  7.927E-02  6.283E+00
  2.929E-05  3.065E-05  0.000E+00  0.000E+00  7.927E-02  6.283E+00
  3.065E-05  3.207E-05  0.000E+00  0.000E+00  7.927E-02  6.283E+00
  3.207E-05  3.356E-05  0.000E+00  0.000E+00  7.927E-02  6.283E+00
  3.356E-05  3.512E-05  0.000E+00  0.000E+00  7.927E-02  6.283E+00
  3.512E-05  3.675E-05  0.000E+00  0.000E+00  7.927E-02  6.283E+00
  3.675E-05  3.845E-05  0.000E+00  0.000E+00  7.927E-02  6.283E+00
  3.845E-05  4.024E-05  0.000E+00  0.000E+00  7.927E-02  6.283E+00
  4.024E-05  4.210E-05  0.000E+00  0.000E+00  7.927E-02  6.283E+00
  4.210E-05  4.405E-05  0.000E+00  0.000E+00  7.927E-02  6.283E+00
  4.405E-05  4.610E-05  0.000E+00  0.000E+00  7.927E-02  6.283E+00
  4.610E-05  4.824E-05  0.000E+00  0.000E+00  7.927E-02  6.283E+00
  4.824E-05  5.047E-05  0.000E+00  0.000E+00  7.927E-02  6.283E+00
  5.047E-05  5.281E-05  0.000E+00  0.000E+00  7.927E-02  6.283E+00
  5.281E-05  5.526E-05  0.000E+00  0.000E+00  7.927E-02  6.283E+00
  5.526E-05  5.783E-05  0.000E+00  0.000E+00  7.927E-02  6.283E+00
  5.783E-05  6.051E-05  0.000E+00  0.000E+00  7.927E-02  6.283E+00
  6.051E-05  6.332E-05  0.000E+00  0.000E+00  7.927E-02  6.283E+00
  6.332E-05  6.625E-05  0.000E+00  0.000E+00  7.927E-02  6.283E+00
  6.625E-05  6.933E-05  0.000E+00  0.000E+00  7.927E-02  6.283E+00
  6.933E-05  7.254E-05  0.000E+00  0.000E+00  7.927E-02  6.283E+00
  7.254E-05  7.591E-05  0.000E+00  0.000E+00  7.927E-02  6.283E+00
  7.591E-05  7.943E-05  0.000E+00  0.000E+00  7.927E-02  6.283E+00
  7.943E-05  8.311E-05  0.000E+00  0.000E+00  7.927E-02  6.283E+00
  8.311E-05  8.697E-05  0.000E+00  0.000E+00  7.927E-02  6.283E+00
  8.697E-05  9.100E-05  0.000E+00  0.000E+00  7.927E-02  6.283E+00
  9.100E-05  9.522E-05  0.000E+00  0.000E+00  7.927E-02  6.283E+00
  9.522E-05  9.964E-05  0.000E+00  0.000E+00  7.927E-02  6.283E+00
  9.964E-05  1.043E-04  0.000E+00  0.000E+00  7.927E-02  6.283E+00
  1.043E-04  1.091E-04  0.000E+00  0.000E+00  7.927E-02  6.283E+00
  1.091E-04  1.142E-04  0.000E+00  0.000E+00  7.927E-02  6.283E+00
  1.142E-04  1.194E-04  0.000E+00  0.000E+00  7.927E-02  6.283E+00
  1.194E-04  1.250E-04  0.000E+00  0.000E+00  7.927E-02  6.283E+00
  1.250E-04  1.308E-04  0.000E+00  0.000E+00  7.927E-02  6.283E+00
  1.308E-04  1.369E-04  0.000E+00  0.000E+00  7.927E-02  6.283E+00
  1.369E-04  1.432E-04  0.000E+00  0.000E+00  7.927E-02  6.283E+00
  1.432E-04  1.498E-04  0.000E+00  0.000E+00  7.927E-02  6.283E+00
  1.498E-04  1.568E-04  0.000E+00  0.000E+00  7.927E-02  6.283E+00
  1.568E-04  1.641E-04  0.000E+00  0.000E+00  7.927E-02  6.283E+00
  1.641E-04  1.717E-04  0.000E+00  0.000E+00  7.927E-02  6.283E+00
  1.717E-04  1.796E-04  0.000E+00  0.000E+00  7.927E-02  6.283E+00
  1.796E-04  1.880E-04  0.000E+00  0.000E+00  7.927E-02  6.283E+00
  1.880E-04  1.967E-04  0.000E+00  0.000E+00  7.927E-02  6.283E+00
  1.967E-04  2.058E-04  0.000E+00  0.000E+00  7.927E-02  6.283E+00
  2.058E-04  2.154E-04  0.000E+00  0.000E+00  7.927E-02  6.283E+00
  2.154E-04  2.253E-04  0.000E+00  0.000E+00  7.927E-02  6.283E+00
  2.253E-04  2.358E-04  0.000E+00  0.000E+00  7.927E-02  6.283E+00
  2.358E-04  2.467E-04  0.000E+00  0.000E+00  7.927E-02  6.283E+00
  2.467E-04  2.582E-04  0.000E+00  0.000E+00  7.927E-02  6.283E+00
  2.582E-04  2.701E-04  0.000E+00  0.000E+00  7.927E-02  6.283E+00
  2.701E-04  2.827E-04  0.000E+00  0.000E+00  7.927E-02  6.283E+00
  2.827E-04  2.958E-04  0.000E+00  0.000E+00  7.927E-02  6.283E+00
  2.958E-04  3.095E-04  0.000E+00  0.000E+00  7.927E-02  6.283E+00
  3.095E-04  3.239E-04  0.000E+00  0.000E+00  7.927E-02  6.283E+00
  3.239E-04  3.389E-04  0.000E+00  0.000E+00  7.927E-02  6.283E+00
  3.389E-04  3.546E-04  0.000E+00  0.000E+00  7.927E-02  6.283E+00
  3.546E-04  3.711E-04  0.000E+00  0.000E+00  7.927E-02  6.283E+00
  3.711E-04  3.883E-04  0.000E+00  0.000E+00  7.927E-02  6.283E+00
  3.883E-04  4.063E-04  0.000E+00  0.000E+00  7.927E-02  6.283E+00
  4.063E-04  4.251E-04  0.000E+00  0.000E+00  7.927E-02  6.283E+00
  4.251E-04  4.448E-04  0.000E+00  0.000E+00  7.927E-02  6.283E+00
  4.448E-04  4.655E-04  0.000E+00  0.000E+00  7.927E-02  6.283E+00
  4.655E-04  4.871E-04  0.000E+00  0.000E+00  7.927E-02  6.283E+00
  4.871E-04  5.096E-04  0.000E+00  0.000E+00  7.927E-02  6.283E+00
  5.096E-04  5.333E-04  0.000E+00  0.000E+00  7.927E-02  6.283E+00
  5.333E-04  5.580E-04  0.000E+00  0.000E+00  7.927E-02  6.283E+00
  5.580E-04  5.839E-04  0.000E+00  0.000E+00  7.927E-02  6.283E+00
  5.839E-04  6.110E-04  0.000E+00  0.000E+00  7.927E-02  6.283E+00
  6.110E-04  6.393E-04  0.000E+00  0.000E+00  7.927E-02  6.283E+00
  6.393E-04  6.690E-04  0.000E+00  0.000E+00  7.927E-02  6.283E+00
  6.690E-04  7.000E-04  0.000E+00  0.000E+00  7.927E-02  6.283E+00
  7.000E-04  7.000E-04  0.000E+00  0.000E+00  7.927E-02  6.283E+00

  1.000E-13  1.000E-13  0.000E+00  0.000E+00  6.283E+00  6.283E+00
  1.046E-13  1.046E-13  0.000E+00  0.000E+00  6.283E+00  6.283E+00
  1.095E-13  1.095E-13  0.000E+00  0.000E+00  6.283E+00  6.283E+00
  1.146E-13  1.146E-13  0.000E+00  0.000E+00  6.283E+00  6.283E+00
  1.199E-13  1.199E-13  0.000E+00  0.000E+00  6.283E+00  6.283E+00
  1.254E-13  1.254E-13  0.000E+00  0.000E+00  6.283E+00  6.283E+00
  1.313E-13  1.313E-13  0.000E+00  0.000E+00  6.283E+00  6.283E+00
  1.374E-13  1.374E-13  0.000E+00  0.000E+00  6.283E+00  6.283E+00
  1.437E-13  1.437E-13  0.000E+00  0.000E+00  6.283E+00  6.283E+00
  1.504E-13  1.504E-13  0.000E+00  0.000E+00  6.283E+00  6.283E+00
  1.574E-13  1.574E-13  0.000E+00  0.000E+00  6.283E+00  6.283E+00
  1.647E-13  1.647E-13  0.000E+00  0.000E+00  6.283E+00  6.283E+00
  1.723E-13  1.723E-13  0.000E+00  0.000E+00  6.283E+00  6.283E+00
  1.803E-13  1.803E-13  0.000E+00  0.000E+00  6.283E+00  6.283E+00
  1.887E-13  1.887E-13  0.000E+00  0.000E+00  6.283E+00  6.283E+00
  1.974E-13  1.974E-13  0.000E+00  0.000E+00  6.283E+00  6.283E+00
  2.066E-13  2.066E-13  0.000E+00  0.000E+00  6.283E+00  6.283E+00
  2.161E-13  2.161E-13  0.000E+00  0.000E+00  6.283E+00  6.283E+00
  2.262E-13  2.262E-13  0.000E+00  0.000E+00  6.283E+00  6.283E+00
  2.367E-13  2.367E-13  0.000E+00  0.000E+00  6.283E+00  6.283E+00
  2.476E-13  2.476E-13  0.000E+00  0.000E+00  6.283E+00  6.283E+00
  2.591E-13  2.591E-13  0.000E+00  0.000E+00  6.283E+00  6.283E+00
  2.711E-13  2.711E-13  0.000E+00  0.000E+00  6.283E+00  6.283E+00
  2.837E-13  2.837E-13  0.000E+00  0.000E+00  6.283E+00  6.283E+00
  2.969E-13  2.969E-13  0.000E+00  0.000E+00  6.283E+00  6.283E+00
  3.106E-13  3.106E-13  0.000E+00  0.000E+00  6.283E+00  6.283E+00
  3.250E-13  3.250E-13  0.000E+00  0.000E+00  6.283E+00  6.283E+00
  3.401E-13  3.401E-13  0.000E+00  0.000E+00  6.283E+00  6.283E+00
  3.559E-13  3.559E-13  0.000E+00  0.000E+00  6.283E+00  6.283E+00
  3.724E-13  3.724E-13  0.000E+00  0.000E+00  6.283E+00  6.283E+00
  3.897E-13  3.897E-13  0.000E+00  0.000E+00  6.283E+00  6.283E+00
  4.078E-13  4.078E-13  0.000E+00  0.000E+00  6.283E+00  6.283E+00
  4.267E-13  4.267E-13  0.000E+00  0.000E+00  6.283E+00  6.283E+00
  4.465E-13  4.465E-13  0.000E+00  0.000E+00  6.283E+00  6.283E+00
  4.672E-13  4.672E-13  0.000E+00  0.000E+00  6.283E+00  6.283E+00
  4.888E-13  4.888E-13  0.000E+00  0.000E+00  6.283E+00  6.283E+00
  5.115E-13  5.115E-13  0.000E+00  0.000E+00  6.283E+00  6.283E+00
  5.352E-13  5.352E-13  0.000E+00  0.000E+00  6.283E+00  6.283E+00
  5.601E-13  5.601E-13  0.000E+00  0.000E+00  6.283E+00  6.283E+00
  5.860E-13  5.860E-13  0.000E+00  0.000E+00  6.283E+00  6.283E+00
  6.132E-13  6.132E-13  0.000E+00  0.000E+00  6.283E+00  6.283E+00
  6.416E-13  6.416E-13  0.000E+00  0.000E+00  6.283E+00  6.283E+00
  6.714E-13  6.714E-13  0.000E+00  0.000E+00  6.283E+00  6.283E+00
  7.026E-13  7.026E-13  0.000E+00  0.000E+00  6.283E+00  6.283E+00
  7.351E-13  7.351E-13  0.000E+00  0.000E+00  6.283E+00  6.283E+00
  7.692E-13  7.692E-13  0.000E+00  0.000E+00  6.283E+00  6.283E+00
  8.049E-13  8.049E-13  0.000E+00  0.000E+00  6.283E+00  6.283E+00
  8.422E-13  8.422E-13  0.000E+00  0.000E+00  6.283E+00  6.283E+00
  8.813E-13  8.813E-13  0.000E+00  0.000E+00  6.283E+00  6.283E+00
  9.222E-13  9.222E-13  0.000E+00  0.000E+00  6.283E+00  6.283E+00
  9.650E-13  9.650E-13  0.000E+00  0.000E+00  6.283E+00  6.283E+00
  1.010E-12  1.010E-12  0.000E+00  0.000E+00  6.283E+00  6.283E+00
  1.057E-12  1.057E-12  0.000E+00  0.000E+00  6.283E+00  6.283E+00
  1.106E-12  1.106E-12  0.000E+00  0.000E+00  6.283E+00  6.283E+00
  1.157E-12  1.157E-12  0.000E+00  0.000E+00  6.283E+00  6.283E+00
  1.210E-12  1.210E-12  0.000E+00  0.000E+00  6.283E+00  6.283E+00
  1.267E-12  1.267E-12  0.000E+00  0.000E+00  6.283E+00  6.283E+00
  1.325E-12  1.325E-12  0.000E+00  0.000E+00  6.283E+00  6.283E+00
  1.387E-12  1.387E-12  0.000E+00  0.000E+00  6.283E+00  6.283E+00
  1.451E-12  1.451E-12  0.000E+00  0.000E+00  6.283E+00  6.283E+00
  1.518E-12  1.518E-12  0.000E+00  0.000E+00  6.283E+00  6.283E+00
  1.589E-12  1.589E-12  0.000E+00  0.000E+00  6.283E+00  6.283E+00
  1.663E-12  1.663E-12  0.000E+00  0.000E+00  6.283E+00  6.283E+00
  1.740E-12  1.740E-12  0.000E+00  0.000E+00  6.283E+00  6.283E+00
  1.820E-12  1.820E-12  0.000E+00  0.000E+00  6.283E+00  6.283E+00
  1.905E-12  1.905E-12  0.000E+00  0.000E+00  6.283E+00  6.283E+00
  1.993E-12  1.993E-12  0.000E+00  0.000E+00  6.283E+00  6.283E+00
  2.086E-12  2.086E-12  0.000E+00  0.000E+00  6.283E+00  6.283E+00
  2.182E-12  2.182E-12  0.000E+00  0.000E+00  6.283E+00  6.283E+00
  2.284E-12  2.284E-12  0.000E+00  0.000E+00  6.283E+00  6.283E+00
  2.390E-12  2.390E-12  0.000E+00  0.000E+00  6.283E+00  6.283E+00
  2.500E-12  2.500E-12  0.000E+00  0.000E+00  6.283E+00  6.283E+00
  2.616E-12  2.616E-12  0.000E+00  0.000E+00  6.283E+00  6.283E+00
  2.738E-12  2.738E-12  0.000E+00  0.000E+00  6.283E+00  6.283E+00
  2.865E-12  2.865E-12  0.000E+00  0.000E+00  6.283E+00  6.283E+00
  2.998E-12  2.998E-12  0.000E+00  0.000E+00  6.283E+00  6.283E+00
  3.137E-12  3.137E-12  0.000E+00  0.000E+00  6.283E+00  6.283E+00
  3.282E-12  3.282E-12  0.000E+00  0.000E+00  6.283E+00  6.283E+00
  3.434E-12  3.434E-12  0.000E+00  0.000E+00  6.283E+00  6.283E+00
  3.594E-12  3.594E-12  0.000E+00  0.000E+00  6.283E+00  6.283E+00
  3.760E-12  3.760E-12  0.000E+00  0.000E+00  6.283E+00  6.283E+00
  3.935E-12  3.935E-12  0.000E+00  0.000E+00  6.283E+00  6.283E+00
  4.117E-12  4.117E-12  0.000E+00  0.000E+00  6.283E+00  6.283E+00
  4.308E-12  4.308E-12  0.000E+00  0.000E+00  6.283E+00  6.283E+00
  4.508E-12  4.508E-12  0.000E+00  0.000E+00  6.283E+00  6.283E+00
  4.717E-12  4.717E-12  0.000E+00  0.000E+00  6.283E+00  6.283E+00
  4.936E-12  4.936E-12  0.000E+00  0.000E+00  6.283E+00  6.283E+00
  5.165E-12  5.165E-12  0.000E+00  0.000E+00  6.283E+00  6.283E+00
  5.404E-12  5.404E-12  0.000E+00  0.000E+00  6.283E+00  6.283E+00
  5.655E-12  5.655E-12  0.000E+00  0.000E+00  6.283E+00  6.283E+00
  5.917E-12  5.917E-12  0.000E+00  0.000E+00  6.283E+00  6.283E+00
  6.192E-12  6.192E-12  0.000E+00  0.000E+00  6.283E+00  6.283E+00
  6.479E-12  6.479E-12  0.000E+00  0.000E+00  6.283E+00  6.283E+00
  6.779E-12  6.779E-12  0.000E+00  0.000E+00  6.283E+00  6.283E+00
  7.094E-12  7.094E-12  0.000E+00  0.000E+00  6.283E+00  6.283E+00
  7.423E-12  7.423E-12  0.000E+00  0.000E+00  6.283E+00  6.283E+00
  7.767E-12  7.767E-12  0.000E+00  0.000E+00  6.283E+00  6.283E+00
  8.127E-12  8.127E-12  0.000E+00  0.000E+00  6.283E+00  6.283E+00
  8.504E-12  8.504E-12  0.000E+00  0.000E+00  6.283E+00  6.283E+00
  8.899E-12  8.899E-12  0.000E+00  0.000E+00  6.283E+00  6.283E+00
  9.311E-12  9.311E-12  0.000E+00  0.000E+00  6.283E+00  6.283E+00
  9.743E-12  9.743E-12  0.000E+00  0.000E+00  6.283E+00  6.283E+00
  1.020E-11  1.020E-11  0.000E+00  0.000E+00  6.283E+00  6.283E+00
  1.067E-11  1.067E-11  0.000E+00  0.000E+00  6.283E+00  6.283E+00
  1.116E-11  1.116E-11  0.000E+00  0.000E+00  6.283E+00  6.283E+00
  1.168E-11  1.168E-11  0.000E+00  0.000E+00  6.283E+00  6.283E+00
  1.222E-11  1.222E-11  0.000E+00  0.000E+00  6.283E+00  6.283E+00
  1.279E-11  1.279E-11  0.000E+00  0.000E+00  6.283E+00  6.283E+00
  1.338E-11  1.338E-11  0.000E+00  0.000E+00  6.283E+00  6.283E+00
  1.400E-11  1.400E-11  0.000E+00  0.000E+00  6.283E+00  6.283E+00
  1.465E-11  1.465E-11  0.000E+00  0.000E+00  6.283E+00  6.283E+00
  1.533E-11  1.533E-11  0.000E+00  0.000E+00  6.283E+00  6.283E+00
  1.604E-11  1.604E-11  0.000E+00  0.000E+00  6.283E+00  6.283E+00
  1.679E-11  1.679E-11  0.000E+00  0.000E+00  6.283E+00  6.283E+00
  1.757E-11  1.757E-11  0.000E+00  0.000E+00  6.283E+00  6.283E+00
  1.838E-11  1.838E-11  0.000E+00  0.000E+00  6.283E+00  6.283E+00
  1.923E-11  1.923E-11  0.000E+00  0.000E+00  6.283E+00  6.283E+00
  2.013E-11  2.013E-11  0.000E+00  0.000E+00  6.283E+00  6.283E+00
  2.106E-11  2.106E-11  0.000E+00  0.000E+00  6.283E+00  6.283E+00
  2.204E-11  2.204E-11  0.000E+00  0.000E+00  6.283E+00  6.283E+00
  2.306E-11  2.306E-11  0.000E+00  0.000E+00  6.283E+00  6.283E+00
  2.413E-11  2.413E-11  0.000E+00  0.000E+00  6.283E+00  6.283E+00
  2.525E-11  2.525E-11  0.000E+00  0.000E+00  6.283E+00  6.283E+00
  2.642E-11  2.642E-11  0.000E+00  0.000E+00  6.283E+00  6.283E+00
  2.764E-11  2.764E-11  0.000E+00  0.000E+00  6.283E+00  6.283E+00
  2.893E-11  2.893E-11  0.000E+00  0.000E+00  6.283E+00  6.283E+00
  3.027E-11  3.027E-11  0.000E+00  0.000E+00  6.283E+00  6.283E+00
  3.167E-11  3.167E-11  0.000E+00  0.000E+00  6.283E+00  6.283E+00
  3.314E-11  3.314E-11  0.000E+00  0.000E+00  6.283E+00  6.283E+00
  3.468E-11  3.468E-11  0.000E+00  0.000E+00  6.283E+00  6.283E+00
  3.628E-11  3.628E-11  0.000E+00  0.000E+00  6.283E+00  6.283E+00
  3.797E-11  3.797E-11  0.000E+00  0.000E+00  6.283E+00  6.283E+00
  3.973E-11  3.973E-11  0.000E+00  0.000E+00  6.283E+00  6.283E+00
  4.157E-11  4.157E-11  0.000E+00  0.000E+00  6.283E+00  6.283E+00
  4.350E-11  4.350E-11  0.000E+00  0.000E+00  6.283E+00  6.283E+00
  4.552E-11  4.552E-11  0.000E+00  0.000E+00  6.283E+00  6.283E+00
  4.763E-11  4.763E-11  0.000E+00  0.000E+00  6.283E+00  6.283E+00
  4.984E-11  4.984E-11  0.000E+00  0.000E+00  6.283E+00  6.283E+00
  5.215E-11  5.215E-11  0.000E+00  0.000E+00  6.283E+00  6.283E+00
  5.457E-11  5.457E-11  0.000E+00  0.000E+00  6.283E+00  6.283E+00
  5.710E-11  5.710E-11  0.000E+00  0.000E+00  6.283E+00  6.283E+00
  5.975E-11  5.975E-11  0.000E+00  0.000E+00  6.283E+00  6.283E+00
  6.252E-11  6.252E-11  0.000E+00  0.000E+00  6.283E+00  6.283E+00
  6.542E-11  6.542E-11  0.000E+00  0.000E+00  6.283E+00  6.283E+00
  6.845E-11  6.845E-11  0.000E+00  0.000E+00  6.283E+00  6.283E+00
  7.163E-11  7.163E-11  0.000E+00  0.000E+00  6.283E+00  6.283E+00
  7.495E-11  7.495E-11  0.000E+00  0.000E+00  6.283E+00  6.283E+00
  7.843E-11  7.843E-11  0.000E+00  0.000E+00  6.283E+00  6.283E+00
  8.206E-11  8.206E-11  0.000E+00  0.000E+00  6.283E+00  6.283E+00
  8.587E-11  8.587E-11  0.000E+00  0.000E+00  6.283E+00  6.283E+00
  8.985E-11  8.985E-11  0.000E+00  0.000E+00  6.283E+00  6.283E+00
  9.402E-11  9.402E-11  0.000E+00  0.000E+00  6.283E+00  6.283E+00
  9.838E-11  9.838E-11  0.000E+00  0.000E+00  6.283E+00  6.283E+00
  1.029E-10  1.029E-10  0.000E+00  0.000E+00  6.283E+00  6.283E+00
  1.077E-10  1.077E-10  0.000E+00  0.000E+00  6.283E+00  6.283E+00
  1.127E-10  1.127E-10  0.000E+00  0.000E+00  6.283E+00  6.283E+00
  1.179E-10  1.179E-10  0.000E+00  0.000E+00  6.283E+00  6.283E+00
  1.234E-10  1.234E-10  0.000E+00  0.000E+00  6.283E+00  6.283E+00
  1.291E-10  1.291E-10  0.000E+00  0.000E+00  6.283E+00  6.283E+00
  1.351E-10  1.351E-10  0.000E+00  0.000E+00  6.283E+00  6.283E+00
  1.414E-10  1.414E-10  0.000E+00  0.000E+00  6.283E+00  6.283E+00
  1.480E-10  1.480E-10  0.000E+00  0.000E+00  6.283E+00  6.283E+00
  1.548E-10  1.548E-10  0.000E+00  0.000E+00  6.283E+00  6.283E+00
  1.620E-10  1.620E-10  0.000E+00  0.000E+00  6.283E+00  6.283E+00
  1.695E-10  1.695E-10  0.000E+00  0.000E+00  6.283E+00  6.283E+00
  1.774E-10  1.774E-10  0.000E+00  0.000E+00  6.283E+00  6.283E+00
  1.856E-10  1.856E-10  0.000E+00  0.000E+00  6.283E+00  6.283E+00
  1.942E-10  1.942E-10  0.000E+00  0.000E+00  6.283E+00  6.283E+00
  2.032E-10  2.032E-10  0.000E+00  0.000E+00  6.283E+00  6.283E+00
  2.126E-10  2.126E-10  0.000E+00  0.000E+00  6.283E+00  6.283E+00
  2.225E-10  2.225E-10  0.000E+00  0.000E+00  6.283E+00  6.283E+00
  2.328E-10  2.328E-10  0.000E+00  0.000E+00  6.283E+00  6.283E+00
  2.436E-10  2.436E-10  0.000E+00  0.000E+00  6.283E+00  6.283E+00
  2.549E-10  2.549E-10  0.000E+00  0.000E+00  6.283E+00  6.283E+00
  2.667E-10  2.667E-10  0.000E+00  0.000E+00  6.283E+00  6.283E+00
  2.791E-10  2.791E-10  0.000E+00  0.000E+00  6.283E+00  6.283E+00
  2.921E-10  2.921E-10  0.000E+00  0.000E+00  6.283E+00  6.283E+00
  3.056E-10  3.056E-10  0.000E+00  0.000E+00  6.283E+00  6.283E+00
  3.198E-10  3.198E-10  0.000E+00  0.000E+00  6.283E+00  6.283E+00
  3.346E-10  3.346E-10  0.000E+00  0.000E+00  6.283E+00  6.283E+00
  3.501E-10  3.501E-10  0.000E+00  0.000E+00  6.283E+00  6.283E+00
  3.664E-10  3.664E-10  0.000E+00  0.000E+00  6.283E+00  6.283E+00
  3.834E-10  3.834E-10  0.000E+00  0.000E+00  6.283E+00  6.283E+00
  4.011E-10  4.011E-10  0.000E+00  0.000E+00  6.283E+00  6.283E+00
  4.198E-10  4.198E-10  0.000E+00  0.000E+00  6.283E+00  6.283E+00
  4.392E-10  4.392E-10  0.000E+00  0.000E+00  6.283E+00  6.283E+00
  4.596E-10  4.596E-10  0.000E+00  0.000E+00  6.283E+00  6.283E+00
  4.809E-10  4.809E-10  0.000E+00  0.000E+00  6.283E+00  6.283E+00
  5.032E-10  5.032E-10  0.000E+00  0.000E+00  6.283E+00  6.283E+00
  5.266E-10  5.266E-10  0.000E+00  0.000E+00  6.283E+00  6.283E+00
  5.510E-10  5.510E-10  0.000E+00  0.000E+00  6.283E+00  6.283E+00
  5.765E-10  5.765E-10  0.000E+00  0.000E+00  6.283E+00  6.283E+00
  6.033E-10  6.033E-10  0.000E+00  0.000E+00  6.283E+00  6.283E+00
  6.313E-10  6.313E-10  0.000E+00  0.000E+00  6.283E+00  6.283E+00
  6.605E-10  6.605E-10  0.000E+00  0.000E+00  6.283E+00  6.283E+00
  6.912E-10  6.912E-10  0.000E+00  0.000E+00  6.283E+00  6.283E+00
  7.232E-10  7.232E-10  0.000E+00  0.000E+00  6.283E+00  6.283E+00
  7.568E-10  7.568E-10  0.000E+00  0.000E+00  6.283E+00  6.283E+00
  7.919E-10  7.919E-10  0.000E+00  0.000E+00  6.283E+00  6.283E+00
  8.286E-10  8.286E-10  0.000E+00  0.000E+00  6.283E+00  6.283E+00
  8.670E-10  8.670E-10  0.000E+00  0.000E+00  6.283E+00  6.283E+00
  9.073E-10  9.073E-10  0.000E+00  0.000E+00  6.283E+00  6.283E+00
  9.493E-10  9.493E-10  0.000E+00  0.000E+00  6.283E+00  6.283E+00
  9.934E-10  9.934E-10  0.000E+00  0.000E+00  6.283E+00  6.283E+00
  1.039E-09  1.039E-09  0.000E+00  0.000E+00  6.283E+00  6.283E+00
  1.088E-09  1.088E-09  0.000E+00  0.000E+00  6.283E+00  6.283E+00
  1.138E-09  1.138E-09  0.000E+00  0.000E+00  6.283E+00  6.283E+00
  1.191E-09  1.191E-09  0.000E+00  0.000E+00  6.283E+00  6.283E+00
  1.246E-09  1.246E-09  0.000E+00  0.000E+00  6.283E+00  6.283E+00
  1.304E-09  1.304E-09  0.000E+00  0.000E+00  6.283E+00  6.283E+00
  1.364E-09  1.364E-09  0.000E+00  0.000E+00  6.283E+00  6.283E+00
  1.428E-09  1.428E-09  0.000E+00  0.000E+00  6.283E+00  6.283E+00
  1.494E-09  1.494E-09  0.000E+00  0.000E+00  6.283E+00  6.283E+00
  1.563E-09  1.563E-09  0.000E+00  0.000E+00  6.283E+00  6.283E+00
  1.636E-09  1.636E-09  0.000E+00  0.000E+00  6.283E+00  6.283E+00
  1.712E-09  1.712E-09  0.000E+00  0.000E+00  6.283E+00  6.283E+00
  1.791E-09  1.791E-09  0.000E+00  0.000E+00  6.283E+00  6.283E+00
  1.874E-09  1.874E-09  0.000E+00  0.000E+00  6.283E+00  6.283E+00
  1.961E-09  1.961E-09  0.000E+00  0.000E+00  6.283E+00  6.283E+00
  2.052E-09  2.052E-09  0.000E+00  0.000E+00  6.283E+00  6.283E+00
  2.147E-09  2.147E-09  0.000E+00  0.000E+00  6.283E+00  6.283E+00
  2.247E-09  2.247E-09  0.000E+00  0.000E+00  6.283E+00  6.283E+00
  2.351E-09  2.351E-09  0.000E+00  0.000E+00  6.283E+00  6.283E+00
  2.460E-09  2.460E-09  0.000E+00  0.000E+00  6.283E+00  6.283E+00
  2.574E-09  2.574E-09  0.000E+00  0.000E+00  6.283E+00  6.283E+00
  2.693E-09  2.693E-09  0.000E+00  0.000E+00  6.283E+00  6.283E+00
  2.818E-09  2.818E-09  0.000E+00  0.000E+00  6.283E+00  6.283E+00
  2.949E-09  2.949E-09  0.000E+00  0.000E+00  6.283E+00  6.283E+00
  3.086E-09  3.086E-09  0.000E+00  0.000E+00  6.283E+00  6.283E+00
  3.229E-09  3.229E-09  0.000E+00  0.000E+00  6.283E+00  6.283E+00
  3.379E-09  3.379E-09  0.000E+00  0.000E+00  6.283E+00  6.283E+00
  3.535E-09  3.535E-09  0.000E+00  0.000E+00  6.283E+00  6.283E+00
  3.699E-09  3.699E-09  0.000E+00  0.000E+00  6.283E+00  6.283E+00
  3.871E-09  3.871E-09  0.000E+00  0.000E+00  6.283E+00  6.283E+00
  4.050E-09  4.050E-09  0.000E+00  0.000E+00  6.283E+00  6.283E+00
  4.238E-09  4.238E-09  0.000E+00  0.000E+00  6.283E+00  6.283E+00
  4.435E-09  4.435E-09  0.000E+00  0.000E+00  6.283E+00  6.283E+00
  4.641E-09  4.641E-09  0.000E+00  0.000E+00  6.283E+00  6.283E+00
  4.856E-09  4.856E-09  0.000E+00  0.000E+00  6.283E+00  6.283E+00
  5.081E-09  5.081E-09  0.000E+00  0.000E+00  6.283E+00  6.283E+00
  5.317E-09  5.317E-09  0.000E+00  0.000E+00  6.283E+00  6.283E+00
  5.563E-09  5.563E-09  0.000E+00  0.000E+00  6.283E+00  6.283E+00
  5.821E-09  5.821E-09  0.000E+00  0.000E+00  6.283E+00  6.283E+00
  6.091E-09  6.091E-09  0.000E+00  0.000E+00  6.283E+00  6.283E+00
  6.374E-09  6.374E-09  0.000E+00  0.000E+00  6.283E+00  6.283E+00
  6.670E-09  6.670E-09  0.000E+00  0.000E+00  6.283E+00  6.283E+00
  6.979E-09  6.979E-09  0.000E+00  0.000E+00  6.283E+00  6.283E+00
  7.303E-09  7.303E-09  0.000E+00  0.000E+00  6.283E+00  6.283E+00
  7.641E-09  7.641E-09  0.000E+00  0.000E+00  6.283E+00  6.283E+00
  7.996E-09  7.996E-09  0.000E+00  0.000E+00  6.283E+00  6.283E+00
  8.367E-09  8.367E-09  0.000E+00  0.000E+00  6.283E+00  6.283E+00
  8.755E-09  8.755E-09  0.000E+00  0.000E+00  6.283E+00  6.283E+00
  9.161E-09  9.161E-09  0.000E+00  0.000E+00  6.283E+00  6.283E+00
  9.586E-09  9.586E-09  0.000E+00  0.000E+00  6.283E+00  6.283E+00
  1.003E-08  1.003E-08  0.000E+00  0.000E+00  6.283E+00  6.283E+00
  1.050E-08  1.050E-08  0.000E+00  0.000E+00  6.283E+00  6.283E+00
  1.098E-08  1.098E-08  0.000E+00  0.000E+00  6.283E+00  6.283E+00
  1.149E-08  1.149E-08  0.000E+00  0.000E+00  6.283E+00  6.283E+00
  1.202E-08  1.202E-08  0.000E+00  0.000E+00  6.283E+00  6.283E+00
  1.258E-08  1.258E-08  0.000E+00  0.000E+00  6.283E+00  6.283E+00
  1.317E-08  1.317E-08  0.000E+00  0.000E+00  6.283E+00  6.283E+00
  1.378E-08  1.378E-08  0.000E+00  0.000E+00  6.283E+00  6.283E+00
  1.442E-08  1.442E-08  0.000E+00  0.000E+00  6.283E+00  6.283E+00
  1.508E-08  1.508E-08  0.000E+00  0.000E+00  6.283E+00  6.283E+00
  1.578E-08  1.578E-08  0.000E+00  0.000E+00  6.283E+00  6.283E+00
  1.652E-08  1.652E-08  0.000E+00  0.000E+00  6.283E+00  6.283E+00
  1.728E-08  1.728E-08  0.000E+00  0.000E+00  6.283E+00  6.283E+00
  1.808E-08  1.808E-08  0.000E+00  0.000E+00  6.283E+00  6.283E+00
  1.892E-08  1.892E-08  0.000E+00  0.000E+00  6.283E+00  6.283E+00
  1.980E-08  1.980E-08  0.000E+00  0.000E+00  6.283E+00  6.283E+00
  2.072E-08  2.072E-08  0.000E+00  0.000E+00  6.283E+00  6.283E+00
  2.168E-08  2.168E-08  0.000E+00  0.000E+00  6.283E+00  6.283E+00
  2.268E-08  2.268E-08  0.000E+00  0.000E+00  6.283E+00  6.283E+00
  2.374E-08  2.374E-08  0.000E+00  0.000E+00  6.283E+00  6.283E+00
  2.484E-08  2.484E-08  0.000E+00  0.000E+00  6.283E+00  6.283E+00
  2.599E-08  2.599E-08  0.000E+00  0.000E+00  6.283E+00  6.283E+00
  2.720E-08  2.720E-08  0.000E+00  0.000E+00  6.283E+00  6.283E+00
  2.846E-08  2.846E-08  0.000E+00  0.000E+00  6.283E+00  6.283E+00
  2.978E-08  2.978E-08  0.000E+00  0.000E+00  6.283E+00  6.283E+00
  3.116E-08  3.116E-08  0.000E+00  0.000E+00  6.283E+00  6.283E+00
  3.260E-08  3.260E-08  0.000E+00  0.000E+00  6.283E+00  6.283E+00
  3.411E-08  3.411E-08  0.000E+00  0.000E+00  6.283E+00  6.283E+00
  3.570E-08  3.570E-08  0.000E+00  0.000E+00  6.283E+00  6.283E+00
  3.735E-08  3.735E-08  0.000E+00  0.000E+00  6.283E+00  6.283E+00
  3.909E-08  3.909E-08  0.000E+00  0.000E+00  6.283E+00  6.283E+00
  4.090E-08  4.090E-08  0.000E+00  0.000E+00  6.283E+00  6.283E+00
  4.280E-08  4.280E-08  0.000E+00  0.000E+00  6.283E+00  6.283E+00
  4.478E-08  4.478E-08  0.000E+00  0.000E+00  6.283E+00  6.283E+00
  4.686E-08  4.686E-08  0.000E+00  0.000E+00  6.283E+00  6.283E+00
  4.903E-08  4.903E-08  0.000E+00  0.000E+00  6.283E+00  6.283E+00
  5.130E-08  5.130E-08  0.000E+00  0.000E+00  6.283E+00  6.283E+00
  5.368E-08  5.368E-08  0.000E+00  0.000E+00  6.283E+00  6.283E+00
  5.617E-08  5.617E-08  0.000E+00  0.000E+00  6.283E+00  6.283E+00
  5.878E-08  5.878E-08  0.000E+00  0.000E+00  6.283E+00  6.283E+00
  6.151E-08  6.151E-08  0.000E+00  0.000E+00  6.283E+00  6.283E+00
  6.436E-08  6.436E-08  0.000E+00  0.000E+00  6.283E+00  6.283E+00
  6.734E-08  6.734E-08  0.000E+00  0.000E+00  6.283E+00  6.283E+00
  7.047E-08  7.047E-08  0.000E+00  0.000E+00  6.283E+00  6.283E+00
  7.374E-08  7.374E-08  0.000E+00  0.000E+00  6.283E+00  6.283E+00
  7.716E-08  7.716E-08  0.000E+00  0.000E+00  6.283E+00  6.283E+00
  8.073E-08  8.073E-08  0.000E+00  0.000E+00  6.283E+00  6.283E+00
  8.448E-08  8.448E-08  0.000E+00  0.000E+00  6.283E+00  6.283E+00
  8.840E-08  8.840E-08  0.000E+00  0.000E+00  6.283E+00  6.283E+00
  9.250E-08  9.250E-08  0.000E+00  0.000E+00  6.283E+00  6.283E+00
  9.679E-08  9.679E-08  0.000E+00  0.000E+00  6.283E+00  6.283E+00
  1.013E-07  1.013E-07  0.000E+00  0.000E+00  6.283E+00  6.283E+00
  1.060E-07  1.060E-07  0.000E+00  0.000E+00  6.283E+00  6.283E+00
  1.109E-07  1.109E-07  0.000E+00  0.000E+00  6.283E+00  6.283E+00
  1.160E-07  1.160E-07  0.000E+00  0.000E+00  6.283E+00  6.283E+00
  1.214E-07  1.214E-07  0.000E+00  0.000E+00  6.283E+00  6.283E+00
  1.270E-07  1.270E-07  0.000E+00  0.000E+00  6.283E+00  6.283E+00
  1.329E-07  1.329E-07  0.000E+00  0.000E+00  6.283E+00  6.283E+00
  1.391E-07  1.391E-07  0.000E+00  0.000E+00  6.283E+00  6.283E+00
  1.456E-07  1.456E-07  0.000E+00  0.000E+00  6.283E+00  6.283E+00
  1.523E-07  1.523E-07  0.000E+00  0.000E+00  6.283E+00  6.283E+00
  1.594E-07  1.594E-07  0.000E+00  0.000E+00  6.283E+00  6.283E+00
  1.668E-07  1.668E-07  0.000E+00  0.000E+00  6.283E+00  6.283E+00
  1.745E-07  1.745E-07  0.000E+00  0.000E+00  6.283E+00  6.283E+00
  1.826E-07  1.826E-07  0.000E+00  0.000E+00  6.283E+00  6.283E+00
  1.911E-07  1.911E-07  0.000E+00  0.000E+00  6.283E+00  6.283E+00
  1.999E-07  1.999E-07  0.000E+00  0.000E+00  6.283E+00  6.283E+00
  2.092E-07  2.092E-07  0.000E+00  0.000E+00  6.283E+00  6.283E+00
  2.189E-07  2.189E-07  0.000E+00  0.000E+00  6.283E+00  6.283E+00
  2.291E-07  2.291E-07  0.000E+00  0.000E+00  6.283E+00  6.283E+00
  2.397E-07  2.397E-07  0.000E+00  0.000E+00  6.283E+00  6.283E+00
  2.508E-07  2.508E-07  0.000E+00  0.000E+00  6.283E+00  6.283E+00
  2.624E-07  2.624E-07  0.000E+00  0.000E+00  6.283E+00  6.283E+00
  2.746E-07  2.746E-07  0.000E+00  0.000E+00  6.283E+00  6.283E+00
  2.873E-07  2.873E-07  0.000E+00  0.000E+00  6.283E+00  6.283E+00
  3.007E-07  3.007E-07  0.000E+00  0.000E+00  6.283E+00  6.283E+00
  3.146E-07  3.146E-07  0.000E+00  0.000E+00  6.283E+00  6.283E+00
  3.292E-07  3.292E-07  0.000E+00  0.000E+00  6.283E+00  6.283E+00
  3.445E-07  3.445E-07  0.000E+00  0.000E+00  6.283E+00  6.283E+00
  3.604E-07  3.604E-07  0.000E+00  0.000E+00  6.283E+00  6.283E+00
  3.772E-07  3.772E-07  0.000E+00  0.000E+00  6.283E+00  6.283E+00
  3.947E-07  3.947E-07  0.000E+00  0.000E+00  6.283E+00  6.283E+00
  4.130E-07  4.130E-07  0.000E+00  0.000E+00  6.283E+00  6.283E+00
  4.321E-07  4.321E-07  0.000E+00  0.000E+00  6.283E+00  6.283E+00
  4.522E-07  4.522E-07  0.000E+00  0.000E+00  6.283E+00  6.283E+00
  4.731E-07  4.731E-07  0.000E+00  0.000E+00  6.283E+00  6.283E+00
  4.951E-07  4.951E-07  0.000E+00  0.000E+00  6.283E+00  6.283E+00
  5.180E-07  5.180E-07  0.000E+00  0.000E+00  6.283E+00  6.283E+00
  5.421E-07  5.421E-07  0.000E+00  0.000E+00  6.283E+00  6.283E+00
  5.672E-07  5.672E-07  0.000E+00  0.000E+00  6.283E+00  6.283E+00
  5.935E-07  5.935E-07  0.000E+00  0.000E+00  6.283E+00  6.283E+00
  6.210E-07  6.210E-07  0.000E+00  0.000E+00  6.283E+00  6.283E+00
  6.498E-07  6.498E-07  0.000E+00  0.000E+00  6.283E+00  6.283E+00
  6.800E-07  6.800E-07  0.000E+00  0.000E+00  6.283E+00  6.283E+00
  7.115E-07  7.115E-07  0.000E+00  0.000E+00  6.283E+00  6.283E+00
  7.445E-07  7.445E-07  0.000E+00  0.000E+00  6.283E+00  6.283E+00
  7.791E-07  7.791E-07  0.000E+00  0.000E+00  6.283E+00  6.283E+00
  8.152E-07  8.152E-07  0.000E+00  0.000E+00  6.283E+00  6.283E+00
  8.530E-07  8.530E-07  0.000E+00  0.000E+00  6.283E+00  6.283E+00
  8.926E-07  8.926E-07  0.000E+00  0.000E+00  6.283E+00  6.283E+00
  9.340E-07  9.340E-07  0.000E+00  0.000E+00  6.283E+00  6.283E+00
  9.773E-07  9.773E-07  0.000E+00  0.000E+00  6.283E+00  6.283E+00
  1.023E-06  1.023E-06  0.000E+00  0.000E+00  6.283E+00  6.283E+00
  1.070E-06  1.070E-06  0.000E+00  0.000E+00  6.283E+00  6.283E+00
  1.120E-06  1.120E-06  0.000E+00  0.000E+00  6.283E+00  6.283E+00
  1.172E-06  1.172E-06  0.000E+00  0.000E+00  6.283E+00  6.283E+00
  1.226E-06  1.226E-06  0.000E+00  0.000E+00  6.283E+00  6.283E+00
  1.283E-06  1.283E-06  0.000E+00  0.000E+00  6.283E+00  6.283E+00
  1.342E-06  1.342E-06  0.000E+00  0.000E+00  6.283E+00  6.283E+00
  1.405E-06  1.405E-06  0.000E+00  0.000E+00  6.283E+00  6.283E+00
  1.470E-06  1.470E-06  0.000E+00  0.000E+00  6.283E+00  6.283E+00
  1.538E-06  1.538E-06  0.000E+00  0.000E+00  6.283E+00  6.283E+00
  1.609E-06  1.609E-06  0.000E+00  0.000E+00  6.283E+00  6.283E+00
  1.684E-06  1.684E-06  0.000E+00  0.000E+00  6.283E+00  6.283E+00
  1.762E-06  1.762E-06  0.000E+00  0.000E+00  6.283E+00  6.283E+00
  1.844E-06  1.844E-06  0.000E+00  0.000E+00  6.283E+00  6.283E+00
  1.929E-06  1.929E-06  0.000E+00  0.000E+00  6.283E+00  6.283E+00
  2.019E-06  2.019E-06  0.000E+00  0.000E+00  6.283E+00  6.283E+00
  2.112E-06  2.112E-06  0.000E+00  0.000E+00  6.283E+00  6.283E+00
  2.210E-06  2.210E-06  0.000E+00  0.000E+00  6.283E+00  6.283E+00
  2.313E-06  2.313E-06  0.000E+00  0.000E+00  6.283E+00  6.283E+00
  2.420E-06  2.420E-06  0.000E+00  0.000E+00  6.283E+00  6.283E+00
  2.532E-06  2.532E-06  0.000E+00  0.000E+00  6.283E+00  6.283E+00
  2.650E-06  2.650E-06  0.000E+00  0.000E+00  6.283E+00  6.283E+00
  2.773E-06  2.773E-06  0.000E+00  0.000E+00  6.283E+00  6.283E+00
  2.901E-06  2.901E-06  0.000E+00  0.000E+00  6.283E+00  6.283E+00
  3.036E-06  3.036E-06  0.000E+00  0.000E+00  6.283E+00  6.283E+00
  3.177E-06  3.177E-06  0.000E+00  0.000E+00  6.283E+00  6.283E+00
  3.324E-06  3.324E-06  0.000E+00  0.000E+00  6.283E+00  6.283E+00
  3.478E-06  3.478E-06  0.000E+00  0.000E+00  6.283E+00  6.283E+00
  3.639E-06  3.639E-06  0.000E+00  0.000E+00  6.283E+00  6.283E+00
  3.808E-06  3.808E-06  0.000E+00  0.000E+00  6.283E+00  6.283E+00
  3.985E-06  3.985E-06  0.000E+00  0.000E+00  6.283E+00  6.283E+00
  4.170E-06  4.170E-06  0.000E+00  0.000E+00  6.283E+00  6.283E+00
  4.363E-06  4.363E-06  0.000E+00  0.000E+00  6.283E+00  6.283E+00
  4.565E-06  4.565E-06  0.000E+00  0.000E+00  6.283E+00  6.283E+00
  4.777E-06  4.777E-06  0.000E+00  0.000E+00  6.283E+00  6.283E+00
  4.999E-06  4.999E-06  0.000E+00  0.000E+00  6.283E+00  6.283E+00
  5.231E-06  5.231E-06  0.000E+00  0.000E+00  6.283E+00  6.283E+00
  5.473E-06  5.473E-06  0.000E+00  0.000E+00  6.283E+00  6.283E+00
  5.727E-06  5.727E-06  0.000E+00  0.000E+00  6.283E+00  6.283E+00
  5.993E-06  5.993E-06  0.000E+00  0.000E+00  6.283E+00  6.283E+00
  6.271E-06  6.271E-06  0.000E+00  0.000E+00  6.283E+00  6.283E+00
  6.562E-06  6.562E-06  0.000E+00  0.000E+00  6.283E+00  6.283E+00
  6.866E-06  6.866E-06  0.000E+00  0.000E+00  6.283E+00  6.283E+00
  7.184E-06  7.184E-06  0.000E+00  0.000E+00  6.283E+00  6.283E+00
  7.518E-06  7.518E-06  0.000E+00  0.000E+00  6.283E+00  6.283E+00
  7.866E-06  7.866E-06  0.000E+00  0.000E+00  6.283E+00  6.283E+00
  8.231E-06  8.231E-06  0.000E+00  0.000E+00  6.283E+00  6.283E+00
  8.613E-06  8.613E-06  0.000E+00  0.000E+00  6.283E+00  6.283E+00
  9.012E-06  9.012E-06  0.000E+00  0.000E+00  6.283E+00  6.283E+00
  9.430E-06  9.430E-06  0.000E+00  0.000E+00  6.283E+00  6.283E+00
  9.868E-06  9.868E-06  0.000E+00  0.000E+00  6.283E+00  6.283E+00
  1.033E-05  1.033E-05  0.000E+00  0.000E+00  6.283E+00  6.283E+00
  1.080E-05  1.080E-05  0.000E+00  0.000E+00  6.283E+00  6.283E+00
  1.131E-05  1.131E-05  0.000E+00  0.000E+00  6.283E+00  6.283E+00
  1.183E-05  1.183E-05  0.000E+00  0.000E+00  6.283E+00  6.283E+00
  1.238E-05  1.238E-05  0.000E+00  0.000E+00  6.283E+00  6.283E+00
  1.295E-05  1.295E-05  0.000E+00  0.000E+00  6.283E+00  6.283E+00
  1.355E-05  1.355E-05  0.000E+00  0.000E+00  6.283E+00  6.283E+00
  1.418E-05  1.418E-05  0.000E+00  0.000E+00  6.283E+00  6.283E+00
  1.484E-05  1.484E-05  0.000E+00  0.000E+00  6.283E+00  6.283E+00
  1.553E-05  1.553E-05  0.000E+00  0.000E+00  6.283E+00  6.283E+00
  1.625E-05  1.625E-05  0.000E+00  0.000E+00  6.283E+00  6.283E+00
  1.700E-05  1.700E-05  0.000E+00  0.000E+00  6.283E+00  6.283E+00
  1.779E-05  1.779E-05  0.000E+00  0.000E+00  6.283E+00  6.283E+00
  1.862E-05  1.862E-05  0.000E+00  0.000E+00  6.283E+00  6.283E+00
  1.948E-05  1.948E-05  0.000E+00  0.000E+00  6.283E+00  6.283E+00
  2.038E-05  2.038E-05  0.000E+00  0.000E+00  6.283E+00  6.283E+00
  2.133E-05  2.133E-05  0.000E+00  0.000E+00  6.283E+00  6.283E+00
  2.232E-05  2.232E-05  0.000E+00  0.000E+00  6.283E+00  6.283E+00
  2.335E-05  2.335E-05  0.000E+00  0.000E+00  6.283E+00  6.283E+00
  2.444E-05  2.444E-05  0.000E+00  0.000E+00  6.283E+00  6.283E+00
  2.557E-05  2.557E-05  0.000E+00  0.000E+00  6.283E+00  6.283E+00
  2.675E-05  2.675E-05  0.000E+00  0.000E+00  6.283E+00  6.283E+00
  2.800E-05  2.800E-05  0.000E+00  0.000E+00  6.283E+00  6.283E+00
  2.929E-05  2.929E-05  0.000E+00  0.000E+00  6.283E+00  6.283E+00
  3.065E-05  3.065E-05  0.000E+00  0.000E+00  6.283E+00  6.283E+00
  3.207E-05  3.207E-05  0.000E+00  0.000E+00  6.283E+00  6.283E+00
  3.356E-05  3.356E-05  0.000E+00  0.000E+00  6.283E+00  6.283E+00
  3.512E-05  3.512E-05  0.000E+00  0.000E+00  6.283E+00  6.283E+00
  3.675E-05  3.675E-05  0.000E+00  0.000E+00  6.283E+00  6.283E+00
  3.845E-05  3.845E-05  0.000E+00  0.000E+00  6.283E+00  6.283E+00
  4.024E-05  4.024E-05  0.000E+00  0.000E+00  6.283E+00  6.283E+00
  4.210E-05  4.210E-05  0.000E+00  0.000E+00  6.283E+00  6.283E+00
  4.405E-05  4.405E-05  0.000E+00  0.000E+00  6.283E+00  6.283E+00
  4.610E-05  4.610E-05  0.000E+00  0.000E+00  6.283E+00  6.283E+00
  4.824E-05  4.824E-05  0.000E+00  0.000E+00  6.283E+00  6.283E+00
  5.047E-05  5.047E-05  0.000E+00  0.000E+00  6.283E+00  6.283E+00
  5.281E-05  5.281E-05  0.000E+00  0.000E+00  6.283E+00  6.283E+00
  5.526E-05  5.526E-05  0.000E+00  0.000E+00  6.283E+00  6.283E+00
  5.783E-05  5.783E-05  0.000E+00  0.000E+00  6.283E+00  6.283E+00
  6.051E-05  6.051E-05  0.000E+00  0.000E+00  6.283E+00  6.283E+00
  6.332E-05  6.332E-05  0.000E+00  0.000E+00  6.283E+00  6.283E+00
  6.625E-05  6.625E-05  0.000E+00  0.000E+00  6.283E+00  6.283E+00
  6.933E-05  6.933E-05  0.000E+00  0.000E+00  6.283E+00  6.283E+00
  7.254E-05  7.254E-05  0.000E+00  0.000E+00  6.283E+00  6.283E+00
  7.591E-05  7.591E-05  0.000E+00  0.000E+00  6.283E+00  6.283E+00
  7.943E-05  7.943E-05  0.000E+00  0.000E+00  6.283E+00  6.283E+00
  8.311E-05  8.311E-05  0.000E+00  0.000E+00  6.283E+00  6.283E+00
  8.697E-05  8.697E-05  0.000E+00  0.000E+00  6.283E+00  6.283E+00
  9.100E-05  9.100E-05  0.000E+00  0.000E+00  6.283E+00  6.283E+00
  9.522E-05  9.522E-05  0.000E+00  0.000E+00  6.283E+00  6.283E+00
  9.964E-05  9.964E-05  0.000E+00  0.000E+00  6.283E+00  6.283E+00
  1.043E-04  1.043E-04  0.000E+00  0.000E+00  6.283E+00  6.283E+00
  1.091E-04  1.091E-04  0.000E+00  0.000E+00  6.283E+00  6.283E+00
  1.142E-04  1.142E-04  0.000E+00  0.000E+00  6.283E+00  6.283E+00
  1.194E-04  1.194E-04  0.000E+00  0.000E+00  6.283E+00  6.283E+00
  1.250E-04  1.250E-04  0.000E+00  0.000E+00  6.283E+00  6.283E+00
  1.308E-04  1.308E-04  0.000E+00  0.000E+00  6.283E+00  6.283E+00
  1.369E-04  1.369E-04  0.000E+00  0.000E+00  6.283E+00  6.283E+00
  1.432E-04  1.432E-04  0.000E+00  0.000E+00  6.283E+00  6.283E+00
  1.498E-04  1.498E-04  0.000E+00  0.000E+00  6.283E+00  6.283E+00
  1.568E-04  1.568E-04  0.000E+00  0.000E+00  6.283E+00  6.283E+00
  1.641E-04  1.641E-04  0.000E+00  0.000E+00  6.283E+00  6.283E+00
  1.717E-04  1.717E-04  0.000E+00  0.000E+00  6.283E+00  6.283E+00
  1.796E-04  1.796E-04  0.000E+00  0.000E+00  6.283E+00  6.283E+00
  1.880E-04  1.880E-04  0.000E+00  0.000E+00  6.283E+00  6.283E+00
  1.967E-04  1.967E-04  0.000E+00  0.000E+00  6.283E+00  6.283E+00
  2.058E-04  2.058E-04  0.000E+00  0.000E+00  6.283E+00  6.283E+00
  2.154E-04  2.154E-04  0.000E+00  0.000E+00  6.283E+00  6.283E+00
  2.253E-04  2.253E-04  0.000E+00  0.000E+00  6.283E+00  6.283E+00
  2.358E-04  2.358E-04  0.000E+00  0.000E+00  6.283E+00  6.283E+00
  2.467E-04  2.467E-04  0.000E+00  0.000E+00  6.283E+00  6.283E+00
  2.582E-04  2.582E-04  0.000E+00  0.000E+00  6.283E+00  6.283E+00
  2.701E-04  2.701E-04  0.000E+00  0.000E+00  6.283E+00  6.283E+00
  2.827E-04  2.827E-04  0.000E+00  0.000E+00  6.283E+00  6.283E+00
  2.958E-04  2.958E-04  0.000E+00  0.000E+00  6.283E+00  6.283E+00
  3.095E-04  3.095E-04  0.000E+00  0.000E+00  6.283E+00  6.283E+00
  3.239E-04  3.239E-04  0.000E+00  0.000E+00  6.283E+00  6.283E+00
  3.389E-04  3.389E-04  0.000E+00  0.000E+00  6.283E+00  6.283E+00
  3.546E-04  3.546E-04  0.000E+00  0.000E+00  6.283E+00  6.283E+00
  3.711E-04  3.711E-04  0.000E+00  0.000E+00  6.283E+00  6.283E+00
  3.883E-04  3.883E-04  0.000E+00  0.000E+00  6.283E+00  6.283E+00
  4.063E-04  4.063E-04  0.000E+00  0.000E+00  6.283E+00  6.283E+00
  4.251E-04  4.251E-04  0.000E+00  0.000E+00  6.283E+00  6.283E+00
  4.448E-04  4.448E-04  0.000E+00  0.000E+00  6.283E+00  6.283E+00
  4.655E-04  4.655E-04  0.000E+00  0.000E+00  6.283E+00  6.283E+00
  4.871E-04  4.871E-04  0.000E+00  0.000E+00  6.283E+00  6.283E+00
  5.096E-04  5.096E-04  0.000E+00  0.000E+00  6.283E+00  6.283E+00
  5.333E-04  5.333E-04  0.000E+00  0.000E+00  6.283E+00  6.283E+00
  5.580E-04  5.580E-04  0.000E+00  0.000E+00  6.283E+00  6.283E+00
  5.839E-04  5.839E-04  0.000E+00  0.000E+00  6.283E+00  6.283E+00
  6.110E-04  6.110E-04  0.000E+00  0.000E+00  6.283E+00  6.283E+00
  6.393E-04  6.393E-04  0.000E+00  0.000E+00  6.283E+00  6.283E+00
  6.690E-04  6.690E-04  0.000E+00  0.000E+00  6.283E+00  6.283E+00
  7.000E-04  7.000E-04  0.000E+00  0.000E+00  6.283E+00  6.283E+00
