 # Detector n:            1   I2_9      (integrated over solid angle)
 # N. of energy intervals         500
  1.000E-14  1.059E-14  0.000E+00  0.000E+00
  1.059E-14  1.122E-14  0.000E+00  0.000E+00
  1.122E-14  1.189E-14  0.000E+00  0.000E+00
  1.189E-14  1.260E-14  1.416E+07  9.900E+01
  1.260E-14  1.334E-14  1.337E+07  9.900E+01
  1.334E-14  1.414E-14  0.000E+00  0.000E+00
  1.414E-14  1.497E-14  0.000E+00  0.000E+00
  1.497E-14  1.586E-14  0.000E+00  0.000E+00
  1.586E-14  1.681E-14  0.000E+00  0.000E+00
  1.681E-14  1.780E-14  0.000E+00  0.000E+00
  1.780E-14  1.886E-14  0.000E+00  0.000E+00
  1.886E-14  1.998E-14  0.000E+00  0.000E+00
  1.998E-14  2.117E-14  0.000E+00  0.000E+00
  2.117E-14  2.242E-14  0.000E+00  0.000E+00
  2.242E-14  2.376E-14  7.510E+06  9.900E+01
  2.376E-14  2.517E-14  0.000E+00  0.000E+00
  2.517E-14  2.666E-14  6.691E+06  9.900E+01
  2.666E-14  2.824E-14  0.000E+00  0.000E+00
  2.824E-14  2.992E-14  0.000E+00  0.000E+00
  2.992E-14  3.170E-14  0.000E+00  0.000E+00
  3.170E-14  3.358E-14  0.000E+00  0.000E+00
  3.358E-14  3.558E-14  5.015E+06  9.900E+01
  3.558E-14  3.769E-14  0.000E+00  0.000E+00
  3.769E-14  3.993E-14  0.000E+00  0.000E+00
  3.993E-14  4.230E-14  0.000E+00  0.000E+00
  4.230E-14  4.481E-14  7.963E+06  7.035E+01
  4.481E-14  4.747E-14  0.000E+00  0.000E+00
  4.747E-14  5.029E-14  7.095E+06  7.035E+01
  5.029E-14  5.327E-14  0.000E+00  0.000E+00
  5.327E-14  5.644E-14  0.000E+00  0.000E+00
  5.644E-14  5.979E-14  2.984E+06  9.900E+01
  5.979E-14  6.334E-14  2.817E+06  9.900E+01
  6.334E-14  6.710E-14  5.318E+06  7.035E+01
  6.710E-14  7.108E-14  2.510E+06  9.900E+01
  7.108E-14  7.531E-14  4.738E+06  7.035E+01
  7.531E-14  7.978E-14  8.945E+06  4.924E+01
  7.978E-14  8.451E-14  6.333E+06  5.715E+01
  8.451E-14  8.953E-14  1.993E+06  9.900E+01
  8.953E-14  9.485E-14  0.000E+00  0.000E+00
  9.485E-14  1.005E-13  3.551E+06  7.035E+01
  1.005E-13  1.064E-13  6.704E+06  4.924E+01
  1.064E-13  1.128E-13  7.910E+06  4.381E+01
  1.128E-13  1.195E-13  2.987E+06  7.035E+01
  1.195E-13  1.266E-13  2.819E+06  7.035E+01
  1.266E-13  1.341E-13  6.653E+06  5.222E+01
  1.341E-13  1.420E-13  0.000E+00  0.000E+00
  1.420E-13  1.505E-13  5.928E+06  5.222E+01
  1.505E-13  1.594E-13  1.119E+07  3.333E+01
  1.594E-13  1.689E-13  7.395E+06  3.663E+01
  1.689E-13  1.789E-13  6.981E+06  3.663E+01
  1.789E-13  1.895E-13  7.531E+06  3.408E+01
  1.895E-13  2.008E-13  2.666E+06  5.715E+01
  2.008E-13  2.127E-13  7.549E+06  3.196E+01
  2.127E-13  2.253E-13  1.188E+07  2.392E+01
  2.253E-13  2.387E-13  1.121E+07  2.742E+01
  2.387E-13  2.529E-13  9.171E+06  2.600E+01
  2.529E-13  2.679E-13  1.132E+07  2.221E+01
  2.679E-13  2.838E-13  1.131E+07  2.418E+01
  2.838E-13  3.007E-13  1.483E+07  1.917E+01
  3.007E-13  3.185E-13  1.064E+07  2.446E+01
  3.185E-13  3.374E-13  1.428E+07  1.813E+01
  3.374E-13  3.575E-13  1.397E+07  1.905E+01
  3.575E-13  3.787E-13  1.319E+07  1.764E+01
  3.787E-13  4.012E-13  1.423E+07  1.770E+01
  4.012E-13  4.250E-13  1.847E+07  1.492E+01
  4.250E-13  4.502E-13  2.060E+07  1.509E+01
  4.502E-13  4.770E-13  1.721E+07  1.396E+01
  4.770E-13  5.053E-13  2.507E+07  1.391E+01
  5.053E-13  5.353E-13  2.666E+07  1.138E+01
  5.353E-13  5.671E-13  2.580E+07  1.016E+01
  5.671E-13  6.008E-13  2.613E+07  9.594E+00
  6.008E-13  6.364E-13  2.999E+07  9.510E+00
  6.364E-13  6.742E-13  3.440E+07  8.712E+00
  6.742E-13  7.143E-13  3.097E+07  8.432E+00
  7.143E-13  7.567E-13  3.442E+07  8.454E+00
  7.567E-13  8.016E-13  4.384E+07  7.086E+00
  8.016E-13  8.492E-13  3.739E+07  6.613E+00
  8.492E-13  8.997E-13  4.184E+07  6.932E+00
  8.997E-13  9.531E-13  4.736E+07  6.191E+00
  9.531E-13  1.010E-12  5.089E+07  6.150E+00
  1.010E-12  1.070E-12  5.337E+07  6.187E+00
  1.070E-12  1.133E-12  5.794E+07  5.364E+00
  1.133E-12  1.200E-12  6.138E+07  5.147E+00
  1.200E-12  1.272E-12  6.902E+07  4.637E+00
  1.272E-12  1.347E-12  6.714E+07  4.488E+00
  1.347E-12  1.427E-12  7.950E+07  4.615E+00
  1.427E-12  1.512E-12  8.224E+07  4.004E+00
  1.512E-12  1.602E-12  8.966E+07  3.918E+00
  1.602E-12  1.697E-12  8.432E+07  3.743E+00
  1.697E-12  1.798E-12  9.279E+07  3.258E+00
  1.798E-12  1.904E-12  1.023E+08  3.101E+00
  1.904E-12  2.017E-12  1.059E+08  3.039E+00
  2.017E-12  2.137E-12  1.118E+08  2.543E+00
  2.137E-12  2.264E-12  1.193E+08  2.619E+00
  2.264E-12  2.399E-12  1.243E+08  2.378E+00
  2.399E-12  2.541E-12  1.296E+08  2.440E+00
  2.541E-12  2.692E-12  1.431E+08  2.145E+00
  2.692E-12  2.852E-12  1.467E+08  2.082E+00
  2.852E-12  3.021E-12  1.551E+08  1.960E+00
  3.021E-12  3.201E-12  1.674E+08  1.798E+00
  3.201E-12  3.391E-12  1.839E+08  1.668E+00
  3.391E-12  3.592E-12  1.874E+08  1.555E+00
  3.592E-12  3.805E-12  2.088E+08  1.451E+00
  3.805E-12  4.031E-12  2.193E+08  1.259E+00
  4.031E-12  4.271E-12  2.334E+08  1.460E+00
  4.271E-12  4.524E-12  2.522E+08  1.223E+00
  4.524E-12  4.793E-12  2.687E+08  9.879E-01
  4.793E-12  5.077E-12  2.850E+08  1.060E+00
  5.077E-12  5.379E-12  2.965E+08  1.107E+00
  5.379E-12  5.698E-12  3.139E+08  8.987E-01
  5.698E-12  6.037E-12  3.328E+08  9.276E-01
  6.037E-12  6.395E-12  3.544E+08  8.345E-01
  6.395E-12  6.775E-12  3.705E+08  8.458E-01
  6.775E-12  7.177E-12  3.857E+08  7.116E-01
  7.177E-12  7.603E-12  4.135E+08  7.269E-01
  7.603E-12  8.055E-12  4.393E+08  6.988E-01
  8.055E-12  8.533E-12  4.695E+08  7.228E-01
  8.533E-12  9.040E-12  5.036E+08  6.242E-01
  9.040E-12  9.577E-12  5.274E+08  6.607E-01
  9.577E-12  1.015E-11  5.535E+08  6.154E-01
  1.015E-11  1.075E-11  5.870E+08  5.200E-01
  1.075E-11  1.139E-11  6.214E+08  5.242E-01
  1.139E-11  1.206E-11  6.499E+08  4.754E-01
  1.206E-11  1.278E-11  6.852E+08  4.348E-01
  1.278E-11  1.354E-11  7.236E+08  3.978E-01
  1.354E-11  1.434E-11  7.641E+08  4.264E-01
  1.434E-11  1.519E-11  8.019E+08  3.873E-01
  1.519E-11  1.609E-11  8.404E+08  3.387E-01
  1.609E-11  1.705E-11  8.790E+08  3.376E-01
  1.705E-11  1.806E-11  9.265E+08  3.446E-01
  1.806E-11  1.914E-11  9.647E+08  3.683E-01
  1.914E-11  2.027E-11  1.002E+09  2.954E-01
  2.027E-11  2.148E-11  1.038E+09  2.898E-01
  2.148E-11  2.275E-11  1.082E+09  2.349E-01
  2.275E-11  2.410E-11  1.110E+09  2.469E-01
  2.410E-11  2.553E-11  1.149E+09  2.512E-01
  2.553E-11  2.705E-11  1.178E+09  2.374E-01
  2.705E-11  2.866E-11  1.200E+09  2.056E-01
  2.866E-11  3.036E-11  1.232E+09  2.391E-01
  3.036E-11  3.216E-11  1.255E+09  2.039E-01
  3.216E-11  3.407E-11  1.266E+09  1.991E-01
  3.407E-11  3.609E-11  1.277E+09  1.992E-01
  3.609E-11  3.824E-11  1.278E+09  1.996E-01
  3.824E-11  4.051E-11  1.277E+09  1.817E-01
  4.051E-11  4.291E-11  1.273E+09  1.754E-01
  4.291E-11  4.546E-11  1.256E+09  1.634E-01
  4.546E-11  4.816E-11  1.224E+09  1.614E-01
  4.816E-11  5.102E-11  1.197E+09  1.862E-01
  5.102E-11  5.405E-11  1.153E+09  1.770E-01
  5.405E-11  5.726E-11  1.113E+09  1.594E-01
  5.726E-11  6.066E-11  1.057E+09  1.740E-01
  6.066E-11  6.426E-11  9.994E+08  1.751E-01
  6.426E-11  6.808E-11  9.333E+08  1.798E-01
  6.808E-11  7.212E-11  8.709E+08  1.762E-01
  7.212E-11  7.640E-11  7.997E+08  1.450E-01
  7.640E-11  8.094E-11  7.324E+08  1.755E-01
  8.094E-11  8.574E-11  6.640E+08  1.608E-01
  8.574E-11  9.083E-11  5.963E+08  1.852E-01
  9.083E-11  9.623E-11  5.328E+08  1.681E-01
  9.623E-11  1.019E-10  4.704E+08  2.039E-01
  1.019E-10  1.080E-10  4.109E+08  1.947E-01
  1.080E-10  1.144E-10  3.577E+08  2.184E-01
  1.144E-10  1.212E-10  3.094E+08  2.270E-01
  1.212E-10  1.284E-10  2.633E+08  2.338E-01
  1.284E-10  1.360E-10  2.241E+08  2.529E-01
  1.360E-10  1.441E-10  1.893E+08  2.323E-01
  1.441E-10  1.527E-10  1.587E+08  2.880E-01
  1.527E-10  1.617E-10  1.334E+08  3.225E-01
  1.617E-10  1.713E-10  1.116E+08  2.989E-01
  1.713E-10  1.815E-10  9.385E+07  3.525E-01
  1.815E-10  1.923E-10  7.944E+07  3.474E-01
  1.923E-10  2.037E-10  6.782E+07  3.692E-01
  2.037E-10  2.158E-10  5.855E+07  3.451E-01
  2.158E-10  2.286E-10  5.113E+07  4.288E-01
  2.286E-10  2.422E-10  4.496E+07  4.523E-01
  2.422E-10  2.566E-10  4.039E+07  4.596E-01
  2.566E-10  2.718E-10  3.676E+07  3.952E-01
  2.718E-10  2.879E-10  3.376E+07  4.704E-01
  2.879E-10  3.050E-10  3.121E+07  4.471E-01
  3.050E-10  3.231E-10  2.940E+07  5.018E-01
  3.231E-10  3.423E-10  2.753E+07  4.849E-01
  3.423E-10  3.627E-10  2.570E+07  4.527E-01
  3.627E-10  3.842E-10  2.443E+07  4.699E-01
  3.842E-10  4.070E-10  2.295E+07  3.836E-01
  4.070E-10  4.312E-10  2.149E+07  4.457E-01
  4.312E-10  4.568E-10  2.052E+07  4.767E-01
  4.568E-10  4.839E-10  1.942E+07  3.726E-01
  4.839E-10  5.126E-10  1.821E+07  3.699E-01
  5.126E-10  5.431E-10  1.718E+07  4.544E-01
  5.431E-10  5.753E-10  1.615E+07  4.189E-01
  5.753E-10  6.095E-10  1.511E+07  4.527E-01
  6.095E-10  6.457E-10  1.424E+07  4.906E-01
  6.457E-10  6.840E-10  1.352E+07  4.048E-01
  6.840E-10  7.247E-10  1.252E+07  4.321E-01
  7.247E-10  7.677E-10  1.190E+07  4.201E-01
  7.677E-10  8.133E-10  1.106E+07  4.045E-01
  8.133E-10  8.616E-10  1.045E+07  3.483E-01
  8.616E-10  9.127E-10  9.864E+06  4.057E-01
  9.127E-10  9.669E-10  9.336E+06  4.831E-01
  9.669E-10  1.024E-09  8.766E+06  4.539E-01
  1.024E-09  1.085E-09  8.222E+06  4.119E-01
  1.085E-09  1.150E-09  7.786E+06  4.368E-01
  1.150E-09  1.218E-09  7.396E+06  4.332E-01
  1.218E-09  1.290E-09  6.969E+06  4.127E-01
  1.290E-09  1.367E-09  6.537E+06  4.292E-01
  1.367E-09  1.448E-09  6.118E+06  4.166E-01
  1.448E-09  1.534E-09  5.832E+06  4.634E-01
  1.534E-09  1.625E-09  5.461E+06  4.645E-01
  1.625E-09  1.722E-09  5.181E+06  4.226E-01
  1.722E-09  1.824E-09  4.869E+06  4.238E-01
  1.824E-09  1.932E-09  4.618E+06  4.342E-01
  1.932E-09  2.047E-09  4.346E+06  4.657E-01
  2.047E-09  2.168E-09  4.066E+06  5.052E-01
  2.168E-09  2.297E-09  3.844E+06  4.355E-01
  2.297E-09  2.433E-09  3.680E+06  4.416E-01
  2.433E-09  2.578E-09  3.456E+06  4.619E-01
  2.578E-09  2.731E-09  3.250E+06  4.210E-01
  2.731E-09  2.893E-09  3.081E+06  4.184E-01
  2.893E-09  3.065E-09  2.939E+06  4.574E-01
  3.065E-09  3.247E-09  2.755E+06  4.568E-01
  3.247E-09  3.440E-09  2.613E+06  4.471E-01
  3.440E-09  3.644E-09  2.484E+06  4.551E-01
  3.644E-09  3.861E-09  2.347E+06  4.479E-01
  3.861E-09  4.090E-09  2.212E+06  5.045E-01
  4.090E-09  4.333E-09  2.067E+06  4.128E-01
  4.333E-09  4.590E-09  1.959E+06  4.782E-01
  4.590E-09  4.862E-09  1.846E+06  4.529E-01
  4.862E-09  5.151E-09  1.732E+06  4.315E-01
  5.151E-09  5.457E-09  1.631E+06  5.165E-01
  5.457E-09  5.781E-09  1.555E+06  4.238E-01
  5.781E-09  6.124E-09  1.464E+06  3.942E-01
  6.124E-09  6.488E-09  1.383E+06  4.369E-01
  6.488E-09  6.873E-09  1.315E+06  4.495E-01
  6.873E-09  7.282E-09  1.244E+06  4.368E-01
  7.282E-09  7.714E-09  1.176E+06  4.570E-01
  7.714E-09  8.172E-09  1.110E+06  4.611E-01
  8.172E-09  8.657E-09  1.039E+06  4.560E-01
  8.657E-09  9.171E-09  9.951E+05  4.740E-01
  9.171E-09  9.716E-09  9.344E+05  3.948E-01
  9.716E-09  1.029E-08  8.813E+05  4.555E-01
  1.029E-08  1.090E-08  8.356E+05  4.027E-01
  1.090E-08  1.155E-08  7.901E+05  4.326E-01
  1.155E-08  1.224E-08  7.490E+05  4.402E-01
  1.224E-08  1.296E-08  7.049E+05  4.367E-01
  1.296E-08  1.373E-08  6.645E+05  4.723E-01
  1.373E-08  1.455E-08  6.283E+05  4.194E-01
  1.455E-08  1.541E-08  5.932E+05  4.156E-01
  1.541E-08  1.633E-08  5.655E+05  4.517E-01
  1.633E-08  1.730E-08  5.342E+05  4.165E-01
  1.730E-08  1.833E-08  5.046E+05  4.314E-01
  1.833E-08  1.941E-08  4.765E+05  3.937E-01
  1.941E-08  2.057E-08  4.495E+05  4.432E-01
  2.057E-08  2.179E-08  4.219E+05  4.486E-01
  2.179E-08  2.308E-08  4.015E+05  4.152E-01
  2.308E-08  2.445E-08  3.809E+05  4.370E-01
  2.445E-08  2.590E-08  3.598E+05  4.415E-01
  2.590E-08  2.744E-08  3.378E+05  4.333E-01
  2.744E-08  2.907E-08  3.205E+05  4.700E-01
  2.907E-08  3.080E-08  3.028E+05  4.548E-01
  3.080E-08  3.263E-08  2.864E+05  5.039E-01
  3.263E-08  3.456E-08  2.710E+05  4.215E-01
  3.456E-08  3.662E-08  2.536E+05  4.900E-01
  3.662E-08  3.879E-08  2.424E+05  4.174E-01
  3.879E-08  4.109E-08  2.282E+05  3.953E-01
  4.109E-08  4.354E-08  2.158E+05  4.217E-01
  4.354E-08  4.612E-08  2.044E+05  4.531E-01
  4.612E-08  4.886E-08  1.923E+05  4.297E-01
  4.886E-08  5.176E-08  1.832E+05  4.210E-01
  5.176E-08  5.483E-08  1.728E+05  4.504E-01
  5.483E-08  5.809E-08  1.633E+05  4.378E-01
  5.809E-08  6.154E-08  1.540E+05  4.355E-01
  6.154E-08  6.519E-08  1.467E+05  4.664E-01
  6.519E-08  6.907E-08  1.376E+05  4.592E-01
  6.907E-08  7.317E-08  1.295E+05  4.527E-01
  7.317E-08  7.751E-08  1.222E+05  4.344E-01
  7.751E-08  8.211E-08  1.157E+05  4.036E-01
  8.211E-08  8.699E-08  1.095E+05  4.209E-01
  8.699E-08  9.216E-08  1.038E+05  4.731E-01
  9.216E-08  9.763E-08  9.754E+04  4.099E-01
  9.763E-08  1.034E-07  9.227E+04  4.090E-01
  1.034E-07  1.096E-07  8.670E+04  4.614E-01
  1.096E-07  1.161E-07  8.240E+04  4.718E-01
  1.161E-07  1.230E-07  7.801E+04  3.900E-01
  1.230E-07  1.303E-07  7.384E+04  4.725E-01
  1.303E-07  1.380E-07  7.019E+04  4.184E-01
  1.380E-07  1.462E-07  6.569E+04  4.593E-01
  1.462E-07  1.549E-07  6.211E+04  4.161E-01
  1.549E-07  1.641E-07  5.923E+04  4.222E-01
  1.641E-07  1.738E-07  5.594E+04  4.119E-01
  1.738E-07  1.841E-07  5.312E+04  4.041E-01
  1.841E-07  1.951E-07  4.929E+04  4.143E-01
  1.951E-07  2.067E-07  4.723E+04  4.455E-01
  2.067E-07  2.189E-07  4.455E+04  4.493E-01
  2.189E-07  2.319E-07  4.199E+04  3.991E-01
  2.319E-07  2.457E-07  3.994E+04  4.834E-01
  2.457E-07  2.603E-07  3.760E+04  4.262E-01
  2.603E-07  2.757E-07  3.527E+04  4.067E-01
  2.757E-07  2.921E-07  3.370E+04  4.543E-01
  2.921E-07  3.095E-07  3.184E+04  3.761E-01
  3.095E-07  3.278E-07  3.000E+04  4.255E-01
  3.278E-07  3.473E-07  2.838E+04  4.443E-01
  3.473E-07  3.679E-07  2.668E+04  5.067E-01
  3.679E-07  3.898E-07  2.523E+04  4.607E-01
  3.898E-07  4.129E-07  2.394E+04  4.260E-01
  4.129E-07  4.375E-07  2.242E+04  4.695E-01
  4.375E-07  4.634E-07  2.119E+04  3.859E-01
  4.634E-07  4.909E-07  2.000E+04  4.515E-01
  4.909E-07  5.201E-07  1.895E+04  4.264E-01
  5.201E-07  5.510E-07  1.799E+04  4.659E-01
  5.510E-07  5.837E-07  1.710E+04  4.233E-01
  5.837E-07  6.184E-07  1.610E+04  4.002E-01
  6.184E-07  6.551E-07  1.514E+04  4.149E-01
  6.551E-07  6.940E-07  1.440E+04  4.161E-01
  6.940E-07  7.352E-07  1.353E+04  3.828E-01
  7.352E-07  7.788E-07  1.283E+04  4.672E-01
  7.788E-07  8.251E-07  1.206E+04  3.756E-01
  8.251E-07  8.741E-07  1.145E+04  4.136E-01
  8.741E-07  9.260E-07  1.076E+04  4.316E-01
  9.260E-07  9.810E-07  1.027E+04  3.753E-01
  9.810E-07  1.039E-06  9.604E+03  4.384E-01
  1.039E-06  1.101E-06  9.265E+03  4.046E-01
  1.101E-06  1.166E-06  8.598E+03  4.740E-01
  1.166E-06  1.236E-06  8.166E+03  4.058E-01
  1.236E-06  1.309E-06  7.743E+03  3.986E-01
  1.309E-06  1.387E-06  7.288E+03  3.668E-01
  1.387E-06  1.469E-06  6.893E+03  3.716E-01
  1.469E-06  1.556E-06  6.530E+03  4.318E-01
  1.556E-06  1.649E-06  6.168E+03  4.224E-01
  1.649E-06  1.747E-06  5.876E+03  3.954E-01
  1.747E-06  1.850E-06  5.558E+03  4.159E-01
  1.850E-06  1.960E-06  5.239E+03  3.910E-01
  1.960E-06  2.077E-06  4.942E+03  3.913E-01
  2.077E-06  2.200E-06  4.680E+03  4.730E-01
  2.200E-06  2.330E-06  4.426E+03  3.701E-01
  2.330E-06  2.469E-06  4.186E+03  4.427E-01
  2.469E-06  2.615E-06  3.979E+03  4.041E-01
  2.615E-06  2.771E-06  3.711E+03  4.317E-01
  2.771E-06  2.935E-06  3.538E+03  4.179E-01
  2.935E-06  3.110E-06  3.331E+03  3.842E-01
  3.110E-06  3.294E-06  3.149E+03  4.074E-01
  3.294E-06  3.490E-06  3.010E+03  4.652E-01
  3.490E-06  3.697E-06  2.825E+03  4.285E-01
  3.697E-06  3.917E-06  2.687E+03  4.188E-01
  3.917E-06  4.149E-06  2.524E+03  4.741E-01
  4.149E-06  4.396E-06  2.412E+03  4.101E-01
  4.396E-06  4.657E-06  2.272E+03  4.620E-01
  4.657E-06  4.933E-06  2.162E+03  4.056E-01
  4.933E-06  5.226E-06  2.055E+03  3.858E-01
  5.226E-06  5.536E-06  1.932E+03  3.595E-01
  5.536E-06  5.865E-06  1.834E+03  3.900E-01
  5.865E-06  6.213E-06  1.745E+03  4.113E-01
  6.213E-06  6.582E-06  1.642E+03  4.238E-01
  6.582E-06  6.973E-06  1.564E+03  4.192E-01
  6.973E-06  7.387E-06  1.484E+03  4.229E-01
  7.387E-06  7.826E-06  1.411E+03  3.493E-01
  7.826E-06  8.291E-06  1.334E+03  4.150E-01
  8.291E-06  8.783E-06  1.265E+03  3.988E-01
  8.783E-06  9.305E-06  1.208E+03  4.288E-01
  9.305E-06  9.857E-06  1.134E+03  3.962E-01
  9.857E-06  1.044E-05  1.080E+03  3.841E-01
  1.044E-05  1.106E-05  1.023E+03  4.014E-01
  1.106E-05  1.172E-05  9.701E+02  3.893E-01
  1.172E-05  1.242E-05  9.240E+02  4.452E-01
  1.242E-05  1.315E-05  8.728E+02  4.469E-01
  1.315E-05  1.393E-05  8.400E+02  4.031E-01
  1.393E-05  1.476E-05  7.927E+02  3.629E-01
  1.476E-05  1.564E-05  7.532E+02  3.276E-01
  1.564E-05  1.657E-05  7.190E+02  3.807E-01
  1.657E-05  1.755E-05  6.851E+02  3.900E-01
  1.755E-05  1.859E-05  6.514E+02  3.824E-01
  1.859E-05  1.970E-05  6.164E+02  3.735E-01
  1.970E-05  2.087E-05  5.839E+02  4.148E-01
  2.087E-05  2.210E-05  5.625E+02  3.606E-01
  2.210E-05  2.342E-05  5.329E+02  3.910E-01
  2.342E-05  2.481E-05  5.072E+02  3.412E-01
  2.481E-05  2.628E-05  4.848E+02  3.590E-01
  2.628E-05  2.784E-05  4.596E+02  3.536E-01
  2.784E-05  2.949E-05  4.431E+02  3.551E-01
  2.949E-05  3.125E-05  4.219E+02  3.652E-01
  3.125E-05  3.310E-05  4.041E+02  3.591E-01
  3.310E-05  3.507E-05  3.873E+02  3.642E-01
  3.507E-05  3.715E-05  3.719E+02  3.696E-01
  3.715E-05  3.936E-05  3.539E+02  3.479E-01
  3.936E-05  4.169E-05  3.386E+02  3.401E-01
  4.169E-05  4.417E-05  3.262E+02  3.135E-01
  4.417E-05  4.679E-05  3.122E+02  3.593E-01
  4.679E-05  4.957E-05  2.986E+02  3.250E-01
  4.957E-05  5.251E-05  2.858E+02  3.367E-01
  5.251E-05  5.563E-05  2.764E+02  3.444E-01
  5.563E-05  5.893E-05  2.657E+02  3.393E-01
  5.893E-05  6.243E-05  2.543E+02  3.162E-01
  6.243E-05  6.614E-05  2.473E+02  3.171E-01
  6.614E-05  7.007E-05  2.388E+02  2.988E-01
  7.007E-05  7.423E-05  2.287E+02  3.256E-01
  7.423E-05  7.864E-05  2.213E+02  3.247E-01
  7.864E-05  8.331E-05  2.137E+02  3.019E-01
  8.331E-05  8.825E-05  2.077E+02  3.200E-01
  8.825E-05  9.349E-05  1.986E+02  3.237E-01
  9.349E-05  9.905E-05  1.928E+02  2.972E-01
  9.905E-05  1.049E-04  1.878E+02  3.065E-01
  1.049E-04  1.112E-04  1.817E+02  2.908E-01
  1.112E-04  1.178E-04  1.763E+02  2.855E-01
  1.178E-04  1.248E-04  1.713E+02  2.901E-01
  1.248E-04  1.322E-04  1.667E+02  2.884E-01
  1.322E-04  1.400E-04  1.634E+02  2.721E-01
  1.400E-04  1.483E-04  1.594E+02  2.809E-01
  1.483E-04  1.571E-04  1.531E+02  2.820E-01
  1.571E-04  1.665E-04  1.522E+02  2.903E-01
  1.665E-04  1.763E-04  1.482E+02  2.682E-01
  1.763E-04  1.868E-04  1.457E+02  2.702E-01
  1.868E-04  1.979E-04  1.424E+02  2.271E-01
  1.979E-04  2.097E-04  1.398E+02  2.742E-01
  2.097E-04  2.221E-04  1.371E+02  2.335E-01
  2.221E-04  2.353E-04  1.351E+02  2.558E-01
  2.353E-04  2.493E-04  1.325E+02  2.353E-01
  2.493E-04  2.641E-04  1.301E+02  2.047E-01
  2.641E-04  2.798E-04  1.287E+02  2.279E-01
  2.798E-04  2.964E-04  1.298E+02  1.820E-01
  2.964E-04  3.140E-04  1.280E+02  2.278E-01
  3.140E-04  3.326E-04  1.282E+02  2.012E-01
  3.326E-04  3.524E-04  1.273E+02  2.017E-01
  3.524E-04  3.733E-04  1.244E+02  1.853E-01
  3.733E-04  3.955E-04  1.223E+02  1.908E-01
  3.955E-04  4.189E-04  1.176E+02  2.010E-01
  4.189E-04  4.438E-04  1.013E+02  1.986E-01
  4.438E-04  4.702E-04  1.148E+02  1.878E-01
  4.702E-04  4.981E-04  1.306E+02  1.768E-01
  4.981E-04  5.277E-04  1.398E+02  1.539E-01
  5.277E-04  5.590E-04  1.657E+02  1.466E-01
  5.590E-04  5.922E-04  2.376E+02  1.224E-01
  5.922E-04  6.274E-04  6.902E+02  6.464E-02
  6.274E-04  6.646E-04  0.000E+00  0.000E+00
  6.646E-04  7.041E-04  0.000E+00  0.000E+00
  7.041E-04  7.459E-04  0.000E+00  0.000E+00
  7.459E-04  7.902E-04  0.000E+00  0.000E+00
  7.902E-04  8.371E-04  0.000E+00  0.000E+00
  8.371E-04  8.868E-04  0.000E+00  0.000E+00
  8.868E-04  9.395E-04  0.000E+00  0.000E+00
  9.395E-04  9.952E-04  0.000E+00  0.000E+00
  9.952E-04  1.054E-03  0.000E+00  0.000E+00
  1.054E-03  1.117E-03  0.000E+00  0.000E+00
  1.117E-03  1.183E-03  0.000E+00  0.000E+00
  1.183E-03  1.254E-03  0.000E+00  0.000E+00
  1.254E-03  1.328E-03  0.000E+00  0.000E+00
  1.328E-03  1.407E-03  0.000E+00  0.000E+00
  1.407E-03  1.490E-03  0.000E+00  0.000E+00
  1.490E-03  1.579E-03  0.000E+00  0.000E+00
  1.579E-03  1.673E-03  0.000E+00  0.000E+00
  1.673E-03  1.772E-03  0.000E+00  0.000E+00
  1.772E-03  1.877E-03  0.000E+00  0.000E+00
  1.877E-03  1.989E-03  0.000E+00  0.000E+00
  1.989E-03  2.107E-03  0.000E+00  0.000E+00
  2.107E-03  2.232E-03  0.000E+00  0.000E+00
  2.232E-03  2.364E-03  0.000E+00  0.000E+00
  2.364E-03  2.505E-03  0.000E+00  0.000E+00
  2.505E-03  2.653E-03  0.000E+00  0.000E+00
  2.653E-03  2.811E-03  0.000E+00  0.000E+00
  2.811E-03  2.978E-03  0.000E+00  0.000E+00
  2.978E-03  3.155E-03  0.000E+00  0.000E+00
  3.155E-03  3.342E-03  0.000E+00  0.000E+00
  3.342E-03  3.541E-03  0.000E+00  0.000E+00
  3.541E-03  3.751E-03  0.000E+00  0.000E+00
  3.751E-03  3.974E-03  0.000E+00  0.000E+00
  3.974E-03  4.210E-03  0.000E+00  0.000E+00
  4.210E-03  4.459E-03  0.000E+00  0.000E+00
  4.459E-03  4.724E-03  0.000E+00  0.000E+00
  4.724E-03  5.005E-03  0.000E+00  0.000E+00
  5.005E-03  5.302E-03  0.000E+00  0.000E+00
  5.302E-03  5.617E-03  0.000E+00  0.000E+00
  5.617E-03  5.950E-03  0.000E+00  0.000E+00
  5.950E-03  6.304E-03  0.000E+00  0.000E+00
  6.304E-03  6.678E-03  0.000E+00  0.000E+00
  6.678E-03  7.075E-03  0.000E+00  0.000E+00
  7.075E-03  7.495E-03  0.000E+00  0.000E+00
  7.495E-03  7.940E-03  0.000E+00  0.000E+00
  7.940E-03  8.411E-03  0.000E+00  0.000E+00
  8.411E-03  8.911E-03  0.000E+00  0.000E+00
  8.911E-03  9.440E-03  0.000E+00  0.000E+00
  9.440E-03  1.000E-02  0.000E+00  0.000E+00
  1.000E-02  1.059E-02  0.000E+00  0.000E+00
  1.059E-02  1.122E-02  0.000E+00  0.000E+00
  1.122E-02  1.189E-02  0.000E+00  0.000E+00
  1.189E-02  1.260E-02  0.000E+00  0.000E+00
  1.260E-02  1.334E-02  0.000E+00  0.000E+00
  1.334E-02  1.414E-02  0.000E+00  0.000E+00
  1.414E-02  1.498E-02  0.000E+00  0.000E+00
  1.498E-02  1.586E-02  0.000E+00  0.000E+00
  1.586E-02  1.681E-02  0.000E+00  0.000E+00
  1.681E-02  1.780E-02  0.000E+00  0.000E+00
  1.780E-02  1.886E-02  0.000E+00  0.000E+00
  1.886E-02  1.998E-02  0.000E+00  0.000E+00
  1.998E-02  2.117E-02  0.000E+00  0.000E+00
  2.117E-02  2.243E-02  0.000E+00  0.000E+00
  2.243E-02  2.376E-02  0.000E+00  0.000E+00
  2.376E-02  2.517E-02  0.000E+00  0.000E+00
  2.517E-02  2.666E-02  0.000E+00  0.000E+00
  2.666E-02  2.825E-02  0.000E+00  0.000E+00
  2.825E-02  2.992E-02  0.000E+00  0.000E+00
  2.992E-02  3.170E-02  0.000E+00  0.000E+00
  3.170E-02  3.358E-02  0.000E+00  0.000E+00


 # double differential distributions
 # number of solid angle intervals           3
 # Block n:            1     0.00000000      :   1.00000005E-03
  1.000E-14  1.059E-14  0.000E+00  0.000E+00  0.000E+00  1.000E-03
  1.059E-14  1.122E-14  0.000E+00  0.000E+00  0.000E+00  1.000E-03
  1.122E-14  1.189E-14  0.000E+00  0.000E+00  0.000E+00  1.000E-03
  1.189E-14  1.260E-14  0.000E+00  0.000E+00  0.000E+00  1.000E-03
  1.260E-14  1.334E-14  0.000E+00  0.000E+00  0.000E+00  1.000E-03
  1.334E-14  1.414E-14  0.000E+00  0.000E+00  0.000E+00  1.000E-03
  1.414E-14  1.497E-14  0.000E+00  0.000E+00  0.000E+00  1.000E-03
  1.497E-14  1.586E-14  0.000E+00  0.000E+00  0.000E+00  1.000E-03
  1.586E-14  1.681E-14  0.000E+00  0.000E+00  0.000E+00  1.000E-03
  1.681E-14  1.780E-14  0.000E+00  0.000E+00  0.000E+00  1.000E-03
  1.780E-14  1.886E-14  0.000E+00  0.000E+00  0.000E+00  1.000E-03
  1.886E-14  1.998E-14  0.000E+00  0.000E+00  0.000E+00  1.000E-03
  1.998E-14  2.117E-14  0.000E+00  0.000E+00  0.000E+00  1.000E-03
  2.117E-14  2.242E-14  0.000E+00  0.000E+00  0.000E+00  1.000E-03
  2.242E-14  2.376E-14  0.000E+00  0.000E+00  0.000E+00  1.000E-03
  2.376E-14  2.517E-14  0.000E+00  0.000E+00  0.000E+00  1.000E-03
  2.517E-14  2.666E-14  0.000E+00  0.000E+00  0.000E+00  1.000E-03
  2.666E-14  2.824E-14  0.000E+00  0.000E+00  0.000E+00  1.000E-03
  2.824E-14  2.992E-14  0.000E+00  0.000E+00  0.000E+00  1.000E-03
  2.992E-14  3.170E-14  0.000E+00  0.000E+00  0.000E+00  1.000E-03
  3.170E-14  3.358E-14  0.000E+00  0.000E+00  0.000E+00  1.000E-03
  3.358E-14  3.558E-14  0.000E+00  0.000E+00  0.000E+00  1.000E-03
  3.558E-14  3.769E-14  0.000E+00  0.000E+00  0.000E+00  1.000E-03
  3.769E-14  3.993E-14  0.000E+00  0.000E+00  0.000E+00  1.000E-03
  3.993E-14  4.230E-14  0.000E+00  0.000E+00  0.000E+00  1.000E-03
  4.230E-14  4.481E-14  0.000E+00  0.000E+00  0.000E+00  1.000E-03
  4.481E-14  4.747E-14  0.000E+00  0.000E+00  0.000E+00  1.000E-03
  4.747E-14  5.029E-14  0.000E+00  0.000E+00  0.000E+00  1.000E-03
  5.029E-14  5.327E-14  0.000E+00  0.000E+00  0.000E+00  1.000E-03
  5.327E-14  5.644E-14  0.000E+00  0.000E+00  0.000E+00  1.000E-03
  5.644E-14  5.979E-14  0.000E+00  0.000E+00  0.000E+00  1.000E-03
  5.979E-14  6.334E-14  0.000E+00  0.000E+00  0.000E+00  1.000E-03
  6.334E-14  6.710E-14  0.000E+00  0.000E+00  0.000E+00  1.000E-03
  6.710E-14  7.108E-14  0.000E+00  0.000E+00  0.000E+00  1.000E-03
  7.108E-14  7.531E-14  0.000E+00  0.000E+00  0.000E+00  1.000E-03
  7.531E-14  7.978E-14  0.000E+00  0.000E+00  0.000E+00  1.000E-03
  7.978E-14  8.451E-14  0.000E+00  0.000E+00  0.000E+00  1.000E-03
  8.451E-14  8.953E-14  0.000E+00  0.000E+00  0.000E+00  1.000E-03
  8.953E-14  9.485E-14  0.000E+00  0.000E+00  0.000E+00  1.000E-03
  9.485E-14  1.005E-13  0.000E+00  0.000E+00  0.000E+00  1.000E-03
  1.005E-13  1.064E-13  0.000E+00  0.000E+00  0.000E+00  1.000E-03
  1.064E-13  1.128E-13  0.000E+00  0.000E+00  0.000E+00  1.000E-03
  1.128E-13  1.195E-13  0.000E+00  0.000E+00  0.000E+00  1.000E-03
  1.195E-13  1.266E-13  0.000E+00  0.000E+00  0.000E+00  1.000E-03
  1.266E-13  1.341E-13  0.000E+00  0.000E+00  0.000E+00  1.000E-03
  1.341E-13  1.420E-13  0.000E+00  0.000E+00  0.000E+00  1.000E-03
  1.420E-13  1.505E-13  0.000E+00  0.000E+00  0.000E+00  1.000E-03
  1.505E-13  1.594E-13  0.000E+00  0.000E+00  0.000E+00  1.000E-03
  1.594E-13  1.689E-13  0.000E+00  0.000E+00  0.000E+00  1.000E-03
  1.689E-13  1.789E-13  0.000E+00  0.000E+00  0.000E+00  1.000E-03
  1.789E-13  1.895E-13  0.000E+00  0.000E+00  0.000E+00  1.000E-03
  1.895E-13  2.008E-13  0.000E+00  0.000E+00  0.000E+00  1.000E-03
  2.008E-13  2.127E-13  0.000E+00  0.000E+00  0.000E+00  1.000E-03
  2.127E-13  2.253E-13  0.000E+00  0.000E+00  0.000E+00  1.000E-03
  2.253E-13  2.387E-13  0.000E+00  0.000E+00  0.000E+00  1.000E-03
  2.387E-13  2.529E-13  0.000E+00  0.000E+00  0.000E+00  1.000E-03
  2.529E-13  2.679E-13  0.000E+00  0.000E+00  0.000E+00  1.000E-03
  2.679E-13  2.838E-13  0.000E+00  0.000E+00  0.000E+00  1.000E-03
  2.838E-13  3.007E-13  0.000E+00  0.000E+00  0.000E+00  1.000E-03
  3.007E-13  3.185E-13  0.000E+00  0.000E+00  0.000E+00  1.000E-03
  3.185E-13  3.374E-13  0.000E+00  0.000E+00  0.000E+00  1.000E-03
  3.374E-13  3.575E-13  0.000E+00  0.000E+00  0.000E+00  1.000E-03
  3.575E-13  3.787E-13  0.000E+00  0.000E+00  0.000E+00  1.000E-03
  3.787E-13  4.012E-13  0.000E+00  0.000E+00  0.000E+00  1.000E-03
  4.012E-13  4.250E-13  0.000E+00  0.000E+00  0.000E+00  1.000E-03
  4.250E-13  4.502E-13  0.000E+00  0.000E+00  0.000E+00  1.000E-03
  4.502E-13  4.770E-13  0.000E+00  0.000E+00  0.000E+00  1.000E-03
  4.770E-13  5.053E-13  0.000E+00  0.000E+00  0.000E+00  1.000E-03
  5.053E-13  5.353E-13  0.000E+00  0.000E+00  0.000E+00  1.000E-03
  5.353E-13  5.671E-13  0.000E+00  0.000E+00  0.000E+00  1.000E-03
  5.671E-13  6.008E-13  0.000E+00  0.000E+00  0.000E+00  1.000E-03
  6.008E-13  6.364E-13  0.000E+00  0.000E+00  0.000E+00  1.000E-03
  6.364E-13  6.742E-13  0.000E+00  0.000E+00  0.000E+00  1.000E-03
  6.742E-13  7.143E-13  0.000E+00  0.000E+00  0.000E+00  1.000E-03
  7.143E-13  7.567E-13  2.358E+08  9.900E+01  0.000E+00  1.000E-03
  7.567E-13  8.016E-13  0.000E+00  0.000E+00  0.000E+00  1.000E-03
  8.016E-13  8.492E-13  0.000E+00  0.000E+00  0.000E+00  1.000E-03
  8.492E-13  8.997E-13  1.983E+08  9.900E+01  0.000E+00  1.000E-03
  8.997E-13  9.531E-13  0.000E+00  0.000E+00  0.000E+00  1.000E-03
  9.531E-13  1.010E-12  0.000E+00  0.000E+00  0.000E+00  1.000E-03
  1.010E-12  1.070E-12  0.000E+00  0.000E+00  0.000E+00  1.000E-03
  1.070E-12  1.133E-12  0.000E+00  0.000E+00  0.000E+00  1.000E-03
  1.133E-12  1.200E-12  0.000E+00  0.000E+00  0.000E+00  1.000E-03
  1.200E-12  1.272E-12  0.000E+00  0.000E+00  0.000E+00  1.000E-03
  1.272E-12  1.347E-12  0.000E+00  0.000E+00  0.000E+00  1.000E-03
  1.347E-12  1.427E-12  0.000E+00  0.000E+00  0.000E+00  1.000E-03
  1.427E-12  1.512E-12  0.000E+00  0.000E+00  0.000E+00  1.000E-03
  1.512E-12  1.602E-12  1.114E+08  9.900E+01  0.000E+00  1.000E-03
  1.602E-12  1.697E-12  0.000E+00  0.000E+00  0.000E+00  1.000E-03
  1.697E-12  1.798E-12  0.000E+00  0.000E+00  0.000E+00  1.000E-03
  1.798E-12  1.904E-12  9.368E+07  9.900E+01  0.000E+00  1.000E-03
  1.904E-12  2.017E-12  0.000E+00  0.000E+00  0.000E+00  1.000E-03
  2.017E-12  2.137E-12  0.000E+00  0.000E+00  0.000E+00  1.000E-03
  2.137E-12  2.264E-12  0.000E+00  0.000E+00  0.000E+00  1.000E-03
  2.264E-12  2.399E-12  2.231E+08  5.715E+01  0.000E+00  1.000E-03
  2.399E-12  2.541E-12  0.000E+00  0.000E+00  0.000E+00  1.000E-03
  2.541E-12  2.692E-12  1.325E+08  7.035E+01  0.000E+00  1.000E-03
  2.692E-12  2.852E-12  0.000E+00  0.000E+00  0.000E+00  1.000E-03
  2.852E-12  3.021E-12  0.000E+00  0.000E+00  0.000E+00  1.000E-03
  3.021E-12  3.201E-12  0.000E+00  0.000E+00  0.000E+00  1.000E-03
  3.201E-12  3.391E-12  1.052E+08  7.035E+01  0.000E+00  1.000E-03
  3.391E-12  3.592E-12  4.967E+07  9.900E+01  0.000E+00  1.000E-03
  3.592E-12  3.805E-12  1.407E+08  5.715E+01  0.000E+00  1.000E-03
  3.805E-12  4.031E-12  1.328E+08  5.715E+01  0.000E+00  1.000E-03
  4.031E-12  4.271E-12  8.355E+07  7.035E+01  0.000E+00  1.000E-03
  4.271E-12  4.524E-12  7.887E+07  7.035E+01  0.000E+00  1.000E-03
  4.524E-12  4.793E-12  1.489E+08  4.924E+01  0.000E+00  1.000E-03
  4.793E-12  5.077E-12  7.027E+07  7.035E+01  0.000E+00  1.000E-03
  5.077E-12  5.379E-12  9.950E+07  5.715E+01  0.000E+00  1.000E-03
  5.379E-12  5.698E-12  1.252E+08  4.924E+01  0.000E+00  1.000E-03
  5.698E-12  6.037E-12  5.911E+07  7.035E+01  0.000E+00  1.000E-03
  6.037E-12  6.395E-12  2.232E+08  3.408E+01  0.000E+00  1.000E-03
  6.395E-12  6.775E-12  1.053E+08  4.924E+01  0.000E+00  1.000E-03
  6.775E-12  7.177E-12  9.943E+07  4.924E+01  0.000E+00  1.000E-03
  7.177E-12  7.603E-12  1.408E+08  3.978E+01  0.000E+00  1.000E-03
  7.603E-12  8.055E-12  1.550E+08  3.663E+01  0.000E+00  1.000E-03
  8.055E-12  8.533E-12  1.882E+08  3.196E+01  0.000E+00  1.000E-03
  8.533E-12  9.040E-12  2.960E+08  2.392E+01  0.000E+00  1.000E-03
  9.040E-12  9.577E-12  2.235E+08  2.968E+01  0.000E+00  1.000E-03
  9.577E-12  1.015E-11  2.638E+08  2.742E+01  0.000E+00  1.000E-03
  1.015E-11  1.075E-11  2.158E+08  2.821E+01  0.000E+00  1.000E-03
  1.075E-11  1.139E-11  2.664E+08  2.373E+01  0.000E+00  1.000E-03
  1.139E-11  1.206E-11  3.550E+08  1.884E+01  0.000E+00  1.000E-03
  1.206E-11  1.278E-11  2.373E+08  2.373E+01  0.000E+00  1.000E-03
  1.278E-11  1.354E-11  2.504E+08  2.329E+01  0.000E+00  1.000E-03
  1.354E-11  1.434E-11  2.612E+08  2.559E+01  0.000E+00  1.000E-03
  1.434E-11  1.519E-11  2.936E+08  2.000E+01  0.000E+00  1.000E-03
  1.519E-11  1.609E-11  3.658E+08  1.556E+01  0.000E+00  1.000E-03
  1.609E-11  1.705E-11  3.139E+08  2.038E+01  0.000E+00  1.000E-03
  1.705E-11  1.806E-11  4.247E+08  1.594E+01  0.000E+00  1.000E-03
  1.806E-11  1.914E-11  3.356E+08  1.699E+01  0.000E+00  1.000E-03
  1.914E-11  2.027E-11  4.400E+08  1.491E+01  0.000E+00  1.000E-03
  2.027E-11  2.148E-11  4.486E+08  1.694E+01  0.000E+00  1.000E-03
  2.148E-11  2.275E-11  5.332E+08  1.234E+01  0.000E+00  1.000E-03
  2.275E-11  2.410E-11  4.589E+08  1.164E+01  0.000E+00  1.000E-03
  2.410E-11  2.553E-11  6.009E+08  1.145E+01  0.000E+00  1.000E-03
  2.553E-11  2.705E-11  5.342E+08  1.034E+01  0.000E+00  1.000E-03
  2.705E-11  2.866E-11  5.541E+08  1.070E+01  0.000E+00  1.000E-03
  2.866E-11  3.036E-11  4.878E+08  1.162E+01  0.000E+00  1.000E-03
  3.036E-11  3.216E-11  5.547E+08  9.320E+00  0.000E+00  1.000E-03
  3.216E-11  3.407E-11  4.818E+08  1.044E+01  0.000E+00  1.000E-03
  3.407E-11  3.609E-11  5.783E+08  9.336E+00  0.000E+00  1.000E-03
  3.609E-11  3.824E-11  4.713E+08  8.501E+00  0.000E+00  1.000E-03
  3.824E-11  4.051E-11  4.801E+08  9.321E+00  0.000E+00  1.000E-03
  4.051E-11  4.291E-11  5.405E+08  8.644E+00  0.000E+00  1.000E-03
  4.291E-11  4.546E-11  5.887E+08  8.659E+00  0.000E+00  1.000E-03
  4.546E-11  4.816E-11  5.223E+08  8.793E+00  0.000E+00  1.000E-03
  4.816E-11  5.102E-11  4.336E+08  8.587E+00  0.000E+00  1.000E-03
  5.102E-11  5.405E-11  4.258E+08  9.105E+00  0.000E+00  1.000E-03
  5.405E-11  5.726E-11  4.767E+08  7.283E+00  0.000E+00  1.000E-03
  5.726E-11  6.066E-11  4.000E+08  8.063E+00  0.000E+00  1.000E-03
  6.066E-11  6.426E-11  4.053E+08  9.154E+00  0.000E+00  1.000E-03
  6.426E-11  6.808E-11  4.245E+08  8.267E+00  0.000E+00  1.000E-03
  6.808E-11  7.212E-11  4.082E+08  7.866E+00  0.000E+00  1.000E-03
  7.212E-11  7.640E-11  3.246E+08  8.790E+00  0.000E+00  1.000E-03
  7.640E-11  8.094E-11  2.976E+08  8.513E+00  0.000E+00  1.000E-03
  8.094E-11  8.574E-11  2.268E+08  8.853E+00  0.000E+00  1.000E-03
  8.574E-11  9.083E-11  2.259E+08  8.859E+00  0.000E+00  1.000E-03
  9.083E-11  9.623E-11  2.503E+08  1.044E+01  0.000E+00  1.000E-03
  9.623E-11  1.019E-10  1.855E+08  1.046E+01  0.000E+00  1.000E-03
  1.019E-10  1.080E-10  1.553E+08  1.099E+01  0.000E+00  1.000E-03
  1.080E-10  1.144E-10  1.232E+08  1.054E+01  0.000E+00  1.000E-03
  1.144E-10  1.212E-10  1.281E+08  1.054E+01  0.000E+00  1.000E-03
  1.212E-10  1.284E-10  1.098E+08  1.156E+01  0.000E+00  1.000E-03
  1.284E-10  1.360E-10  8.656E+07  1.184E+01  0.000E+00  1.000E-03
  1.360E-10  1.441E-10  6.314E+07  1.199E+01  0.000E+00  1.000E-03
  1.441E-10  1.527E-10  6.311E+07  1.301E+01  0.000E+00  1.000E-03
  1.527E-10  1.617E-10  5.516E+07  1.407E+01  0.000E+00  1.000E-03
  1.617E-10  1.713E-10  5.206E+07  1.223E+01  0.000E+00  1.000E-03
  1.713E-10  1.815E-10  3.637E+07  1.420E+01  0.000E+00  1.000E-03
  1.815E-10  1.923E-10  2.412E+07  2.161E+01  0.000E+00  1.000E-03
  1.923E-10  2.037E-10  2.890E+07  1.726E+01  0.000E+00  1.000E-03
  2.037E-10  2.158E-10  2.480E+07  1.741E+01  0.000E+00  1.000E-03
  2.158E-10  2.286E-10  2.185E+07  1.836E+01  0.000E+00  1.000E-03
  2.286E-10  2.422E-10  1.989E+07  1.887E+01  0.000E+00  1.000E-03
  2.422E-10  2.566E-10  1.808E+07  2.482E+01  0.000E+00  1.000E-03
  2.566E-10  2.718E-10  1.838E+07  1.764E+01  0.000E+00  1.000E-03
  2.718E-10  2.879E-10  1.363E+07  2.199E+01  0.000E+00  1.000E-03
  2.879E-10  3.050E-10  1.579E+07  2.096E+01  0.000E+00  1.000E-03
  3.050E-10  3.231E-10  1.049E+07  2.206E+01  0.000E+00  1.000E-03
  3.231E-10  3.423E-10  1.303E+07  2.156E+01  0.000E+00  1.000E-03
  3.423E-10  3.627E-10  9.346E+06  2.446E+01  0.000E+00  1.000E-03
  3.627E-10  3.842E-10  7.430E+06  2.303E+01  0.000E+00  1.000E-03
  3.842E-10  4.070E-10  9.643E+06  1.892E+01  0.000E+00  1.000E-03
  4.070E-10  4.312E-10  9.102E+06  2.101E+01  0.000E+00  1.000E-03
  4.312E-10  4.568E-10  7.030E+06  2.145E+01  0.000E+00  1.000E-03
  4.568E-10  4.839E-10  5.899E+06  2.623E+01  0.000E+00  1.000E-03
  4.839E-10  5.126E-10  9.048E+06  1.863E+01  0.000E+00  1.000E-03
  5.126E-10  5.431E-10  6.898E+06  2.172E+01  0.000E+00  1.000E-03
  5.431E-10  5.753E-10  6.512E+06  1.949E+01  0.000E+00  1.000E-03
  5.753E-10  6.095E-10  6.147E+06  2.373E+01  0.000E+00  1.000E-03
  6.095E-10  6.457E-10  6.078E+06  2.101E+01  0.000E+00  1.000E-03
  6.457E-10  6.840E-10  3.651E+06  2.491E+01  0.000E+00  1.000E-03
  6.840E-10  7.247E-10  5.170E+06  2.373E+01  0.000E+00  1.000E-03
  7.247E-10  7.677E-10  6.042E+06  1.942E+01  0.000E+00  1.000E-03
  7.677E-10  8.133E-10  5.484E+06  2.079E+01  0.000E+00  1.000E-03
  8.133E-10  8.616E-10  3.313E+06  2.623E+01  0.000E+00  1.000E-03
  8.616E-10  9.127E-10  2.346E+06  2.968E+01  0.000E+00  1.000E-03
  9.127E-10  9.669E-10  4.613E+06  2.000E+01  0.000E+00  1.000E-03
  9.669E-10  1.024E-09  3.309E+06  2.329E+01  0.000E+00  1.000E-03
  1.024E-09  1.085E-09  4.603E+06  2.098E+01  0.000E+00  1.000E-03
  1.085E-09  1.150E-09  3.414E+06  2.000E+01  0.000E+00  1.000E-03
  1.150E-09  1.218E-09  3.369E+06  2.036E+01  0.000E+00  1.000E-03
  1.218E-09  1.290E-09  3.042E+06  2.199E+01  0.000E+00  1.000E-03
  1.290E-09  1.367E-09  2.219E+06  2.651E+01  0.000E+00  1.000E-03
  1.367E-09  1.448E-09  2.711E+06  2.000E+01  0.000E+00  1.000E-03
  1.448E-09  1.534E-09  1.512E+06  3.025E+01  0.000E+00  1.000E-03
  1.534E-09  1.625E-09  2.086E+06  2.329E+01  0.000E+00  1.000E-03
  1.625E-09  1.722E-09  1.762E+06  2.221E+01  0.000E+00  1.000E-03
  1.722E-09  1.824E-09  2.348E+06  1.975E+01  0.000E+00  1.000E-03
  1.824E-09  1.932E-09  2.124E+06  2.128E+01  0.000E+00  1.000E-03
  1.932E-09  2.047E-09  1.569E+06  2.778E+01  0.000E+00  1.000E-03
  2.047E-09  2.168E-09  1.810E+06  2.291E+01  0.000E+00  1.000E-03
  2.168E-09  2.297E-09  1.087E+06  2.690E+01  0.000E+00  1.000E-03
  2.297E-09  2.433E-09  1.100E+06  2.742E+01  0.000E+00  1.000E-03
  2.433E-09  2.578E-09  1.315E+06  2.075E+01  0.000E+00  1.000E-03
  2.578E-09  2.731E-09  1.568E+06  2.062E+01  0.000E+00  1.000E-03
  2.731E-09  2.893E-09  1.233E+06  2.247E+01  0.000E+00  1.000E-03
  2.893E-09  3.065E-09  1.222E+06  2.172E+01  0.000E+00  1.000E-03
  3.065E-09  3.247E-09  1.099E+06  2.010E+01  0.000E+00  1.000E-03
  3.247E-09  3.440E-09  1.193E+06  2.036E+01  0.000E+00  1.000E-03
  3.440E-09  3.644E-09  1.273E+06  1.942E+01  0.000E+00  1.000E-03
  3.644E-09  3.861E-09  1.155E+06  1.917E+01  0.000E+00  1.000E-03
  3.861E-09  4.090E-09  9.161E+05  2.063E+01  0.000E+00  1.000E-03
  4.090E-09  4.333E-09  7.000E+05  2.373E+01  0.000E+00  1.000E-03
  4.333E-09  4.590E-09  5.830E+05  2.573E+01  0.000E+00  1.000E-03
  4.590E-09  4.862E-09  5.137E+05  2.491E+01  0.000E+00  1.000E-03
  4.862E-09  5.151E-09  5.541E+05  2.468E+01  0.000E+00  1.000E-03
  5.151E-09  5.457E-09  6.865E+05  2.172E+01  0.000E+00  1.000E-03
  5.457E-09  5.781E-09  5.863E+05  2.206E+01  0.000E+00  1.000E-03
  5.781E-09  6.124E-09  5.826E+05  2.462E+01  0.000E+00  1.000E-03
  6.124E-09  6.488E-09  5.499E+05  2.132E+01  0.000E+00  1.000E-03
  6.488E-09  6.873E-09  5.451E+05  2.275E+01  0.000E+00  1.000E-03
  6.873E-09  7.282E-09  5.635E+05  2.036E+01  0.000E+00  1.000E-03
  7.282E-09  7.714E-09  6.013E+05  1.782E+01  0.000E+00  1.000E-03
  7.714E-09  8.172E-09  5.021E+05  2.216E+01  0.000E+00  1.000E-03
  8.172E-09  8.657E-09  3.709E+05  2.544E+01  0.000E+00  1.000E-03
  8.657E-09  9.171E-09  3.696E+05  2.329E+01  0.000E+00  1.000E-03
  9.171E-09  9.716E-09  3.856E+05  2.559E+01  0.000E+00  1.000E-03
  9.716E-09  1.029E-08  3.467E+05  2.132E+01  0.000E+00  1.000E-03
  1.029E-08  1.090E-08  3.109E+05  2.206E+01  0.000E+00  1.000E-03
  1.090E-08  1.155E-08  2.471E+05  2.468E+01  0.000E+00  1.000E-03
  1.155E-08  1.224E-08  3.061E+05  2.172E+01  0.000E+00  1.000E-03
  1.224E-08  1.296E-08  2.615E+05  2.075E+01  0.000E+00  1.000E-03
  1.296E-08  1.373E-08  2.988E+05  2.036E+01  0.000E+00  1.000E-03
  1.373E-08  1.455E-08  2.698E+05  2.101E+01  0.000E+00  1.000E-03
  1.455E-08  1.541E-08  1.852E+05  2.623E+01  0.000E+00  1.000E-03
  1.541E-08  1.633E-08  2.076E+05  2.075E+01  0.000E+00  1.000E-03
  1.633E-08  1.730E-08  1.960E+05  2.329E+01  0.000E+00  1.000E-03
  1.730E-08  1.833E-08  2.434E+05  2.000E+01  0.000E+00  1.000E-03
  1.833E-08  1.941E-08  2.114E+05  1.940E+01  0.000E+00  1.000E-03
  1.941E-08  2.057E-08  1.561E+05  2.286E+01  0.000E+00  1.000E-03
  2.057E-08  2.179E-08  1.146E+05  2.491E+01  0.000E+00  1.000E-03
  2.179E-08  2.308E-08  1.005E+05  2.821E+01  0.000E+00  1.000E-03
  2.308E-08  2.445E-08  1.605E+05  2.291E+01  0.000E+00  1.000E-03
  2.445E-08  2.590E-08  1.653E+05  1.788E+01  0.000E+00  1.000E-03
  2.590E-08  2.744E-08  2.275E+05  1.592E+01  0.000E+00  1.000E-03
  2.744E-08  2.907E-08  1.227E+05  2.132E+01  0.000E+00  1.000E-03
  2.907E-08  3.080E-08  7.530E+04  2.821E+01  0.000E+00  1.000E-03
  3.080E-08  3.263E-08  8.749E+04  2.303E+01  0.000E+00  1.000E-03
  3.263E-08  3.456E-08  8.774E+04  2.780E+01  0.000E+00  1.000E-03
  3.456E-08  3.662E-08  1.072E+05  2.199E+01  0.000E+00  1.000E-03
  3.662E-08  3.879E-08  5.979E+04  2.821E+01  0.000E+00  1.000E-03
  3.879E-08  4.109E-08  1.129E+05  2.017E+01  0.000E+00  1.000E-03
  4.109E-08  4.354E-08  8.606E+04  2.373E+01  0.000E+00  1.000E-03
  4.354E-08  4.612E-08  8.510E+04  1.892E+01  0.000E+00  1.000E-03
  4.612E-08  4.886E-08  6.938E+04  2.206E+01  0.000E+00  1.000E-03
  4.886E-08  5.176E-08  6.204E+04  2.286E+01  0.000E+00  1.000E-03
  5.176E-08  5.483E-08  8.459E+04  1.863E+01  0.000E+00  1.000E-03
  5.483E-08  5.809E-08  5.528E+04  2.418E+01  0.000E+00  1.000E-03
  5.809E-08  6.154E-08  5.798E+04  2.247E+01  0.000E+00  1.000E-03
  6.154E-08  6.519E-08  7.662E+04  1.905E+01  0.000E+00  1.000E-03
  6.519E-08  6.907E-08  6.199E+04  2.145E+01  0.000E+00  1.000E-03
  6.907E-08  7.317E-08  5.608E+04  2.216E+01  0.000E+00  1.000E-03
  7.317E-08  7.751E-08  4.143E+04  2.286E+01  0.000E+00  1.000E-03
  7.751E-08  8.211E-08  5.866E+04  1.813E+01  0.000E+00  1.000E-03
  8.211E-08  8.699E-08  6.153E+04  1.865E+01  0.000E+00  1.000E-03
  8.699E-08  9.216E-08  3.872E+04  2.132E+01  0.000E+00  1.000E-03
  9.216E-08  9.763E-08  4.203E+04  2.300E+01  0.000E+00  1.000E-03
  9.763E-08  1.034E-07  3.277E+04  2.075E+01  0.000E+00  1.000E-03
  1.034E-07  1.096E-07  3.582E+04  2.000E+01  0.000E+00  1.000E-03
  1.096E-07  1.161E-07  3.381E+04  2.000E+01  0.000E+00  1.000E-03
  1.161E-07  1.230E-07  1.741E+04  2.722E+01  0.000E+00  1.000E-03
  1.230E-07  1.303E-07  2.602E+04  2.558E+01  0.000E+00  1.000E-03
  1.303E-07  1.380E-07  1.681E+04  2.821E+01  0.000E+00  1.000E-03
  1.380E-07  1.462E-07  2.929E+04  1.884E+01  0.000E+00  1.000E-03
  1.462E-07  1.549E-07  3.340E+04  1.647E+01  0.000E+00  1.000E-03
  1.549E-07  1.641E-07  1.522E+04  2.690E+01  0.000E+00  1.000E-03
  1.641E-07  1.738E-07  2.053E+04  2.247E+01  0.000E+00  1.000E-03
  1.738E-07  1.841E-07  2.228E+04  2.216E+01  0.000E+00  1.000E-03
  1.841E-07  1.951E-07  1.006E+04  2.859E+01  0.000E+00  1.000E-03
  1.951E-07  2.067E-07  1.381E+04  2.770E+01  0.000E+00  1.000E-03
  2.067E-07  2.189E-07  1.548E+04  2.206E+01  0.000E+00  1.000E-03
  2.189E-07  2.319E-07  2.385E+04  1.758E+01  0.000E+00  1.000E-03
  2.319E-07  2.457E-07  1.307E+04  2.544E+01  0.000E+00  1.000E-03
  2.457E-07  2.603E-07  1.165E+04  2.373E+01  0.000E+00  1.000E-03
  2.603E-07  2.757E-07  1.876E+04  1.719E+01  0.000E+00  1.000E-03
  2.757E-07  2.921E-07  9.771E+03  2.303E+01  0.000E+00  1.000E-03
  2.921E-07  3.095E-07  1.672E+04  1.853E+01  0.000E+00  1.000E-03
  3.095E-07  3.278E-07  1.252E+04  2.036E+01  0.000E+00  1.000E-03
  3.278E-07  3.473E-07  9.246E+03  2.418E+01  0.000E+00  1.000E-03
  3.473E-07  3.679E-07  1.455E+04  1.865E+01  0.000E+00  1.000E-03
  3.679E-07  3.898E-07  9.154E+03  2.247E+01  0.000E+00  1.000E-03
  3.898E-07  4.129E-07  1.080E+04  1.831E+01  0.000E+00  1.000E-03
  4.129E-07  4.375E-07  1.142E+04  1.905E+01  0.000E+00  1.000E-03
  4.375E-07  4.634E-07  1.078E+04  1.764E+01  0.000E+00  1.000E-03
  4.634E-07  4.909E-07  1.417E+04  1.407E+01  0.000E+00  1.000E-03
  4.909E-07  5.201E-07  5.488E+03  2.303E+01  0.000E+00  1.000E-03
  5.201E-07  5.510E-07  6.476E+03  2.247E+01  0.000E+00  1.000E-03
  5.510E-07  5.837E-07  4.890E+03  2.303E+01  0.000E+00  1.000E-03
  5.837E-07  6.184E-07  6.636E+03  2.128E+01  0.000E+00  1.000E-03
  6.184E-07  6.551E-07  6.536E+03  1.884E+01  0.000E+00  1.000E-03
  6.551E-07  6.940E-07  5.141E+03  2.562E+01  0.000E+00  1.000E-03
  6.940E-07  7.352E-07  4.368E+03  2.544E+01  0.000E+00  1.000E-03
  7.352E-07  7.788E-07  5.268E+03  2.300E+01  0.000E+00  1.000E-03
  7.788E-07  8.251E-07  4.973E+03  1.940E+01  0.000E+00  1.000E-03
  8.251E-07  8.741E-07  4.490E+03  2.381E+01  0.000E+00  1.000E-03
  8.741E-07  9.260E-07  4.431E+03  1.940E+01  0.000E+00  1.000E-03
  9.260E-07  9.810E-07  4.183E+03  2.128E+01  0.000E+00  1.000E-03
  9.810E-07  1.039E-06  4.807E+03  1.905E+01  0.000E+00  1.000E-03
  1.039E-06  1.101E-06  4.051E+03  2.229E+01  0.000E+00  1.000E-03
  1.101E-06  1.166E-06  3.518E+03  1.940E+01  0.000E+00  1.000E-03
  1.166E-06  1.236E-06  4.187E+03  1.787E+01  0.000E+00  1.000E-03
  1.236E-06  1.309E-06  2.453E+03  2.145E+01  0.000E+00  1.000E-03
  1.309E-06  1.387E-06  2.830E+03  2.000E+01  0.000E+00  1.000E-03
  1.387E-06  1.469E-06  3.158E+03  2.017E+01  0.000E+00  1.000E-03
  1.469E-06  1.556E-06  2.407E+03  2.172E+01  0.000E+00  1.000E-03
  1.556E-06  1.649E-06  2.164E+03  2.247E+01  0.000E+00  1.000E-03
  1.649E-06  1.747E-06  2.758E+03  1.959E+01  0.000E+00  1.000E-03
  1.747E-06  1.850E-06  2.025E+03  2.373E+01  0.000E+00  1.000E-03
  1.850E-06  1.960E-06  1.820E+03  2.132E+01  0.000E+00  1.000E-03
  1.960E-06  2.077E-06  2.148E+03  1.917E+01  0.000E+00  1.000E-03
  2.077E-06  2.200E-06  2.352E+03  1.853E+01  0.000E+00  1.000E-03
  2.200E-06  2.330E-06  1.608E+03  2.063E+01  0.000E+00  1.000E-03
  2.330E-06  2.469E-06  1.662E+03  2.300E+01  0.000E+00  1.000E-03
  2.469E-06  2.615E-06  1.569E+03  1.940E+01  0.000E+00  1.000E-03
  2.615E-06  2.771E-06  1.481E+03  2.128E+01  0.000E+00  1.000E-03
  2.771E-06  2.935E-06  2.066E+03  1.631E+01  0.000E+00  1.000E-03
  2.935E-06  3.110E-06  1.377E+03  2.062E+01  0.000E+00  1.000E-03
  3.110E-06  3.294E-06  1.679E+03  1.697E+01  0.000E+00  1.000E-03
  3.294E-06  3.490E-06  1.125E+03  2.101E+01  0.000E+00  1.000E-03
  3.490E-06  3.697E-06  8.203E+02  2.373E+01  0.000E+00  1.000E-03
  3.697E-06  3.917E-06  6.377E+02  2.491E+01  0.000E+00  1.000E-03
  3.917E-06  4.149E-06  8.599E+02  2.247E+01  0.000E+00  1.000E-03
  4.149E-06  4.396E-06  9.741E+02  2.145E+01  0.000E+00  1.000E-03
  4.396E-06  4.657E-06  9.961E+02  1.863E+01  0.000E+00  1.000E-03
  4.657E-06  4.933E-06  6.509E+02  2.418E+01  0.000E+00  1.000E-03
  4.933E-06  5.226E-06  9.900E+02  1.978E+01  0.000E+00  1.000E-03
  5.226E-06  5.536E-06  9.667E+02  2.092E+01  0.000E+00  1.000E-03
  5.536E-06  5.865E-06  4.867E+02  2.468E+01  0.000E+00  1.000E-03
  5.865E-06  6.213E-06  8.039E+02  1.764E+01  0.000E+00  1.000E-03
  6.213E-06  6.582E-06  6.234E+02  2.128E+01  0.000E+00  1.000E-03
  6.582E-06  6.973E-06  4.605E+02  2.286E+01  0.000E+00  1.000E-03
  6.973E-06  7.387E-06  5.796E+02  1.884E+01  0.000E+00  1.000E-03
  7.387E-06  7.826E-06  7.295E+02  1.713E+01  0.000E+00  1.000E-03
  7.826E-06  8.291E-06  4.949E+02  2.036E+01  0.000E+00  1.000E-03
  8.291E-06  8.783E-06  5.890E+02  1.719E+01  0.000E+00  1.000E-03
  8.783E-06  9.305E-06  5.369E+02  1.971E+01  0.000E+00  1.000E-03
  9.305E-06  9.857E-06  6.697E+02  1.703E+01  0.000E+00  1.000E-03
  9.857E-06  1.044E-05  3.929E+02  1.940E+01  0.000E+00  1.000E-03
  1.044E-05  1.106E-05  4.515E+02  2.036E+01  0.000E+00  1.000E-03
  1.106E-05  1.172E-05  3.349E+02  2.000E+01  0.000E+00  1.000E-03
  1.172E-05  1.242E-05  3.736E+02  1.863E+01  0.000E+00  1.000E-03
  1.242E-05  1.315E-05  2.577E+02  2.206E+01  0.000E+00  1.000E-03
  1.315E-05  1.393E-05  2.945E+02  2.300E+01  0.000E+00  1.000E-03
  1.393E-05  1.476E-05  2.901E+02  1.975E+01  0.000E+00  1.000E-03
  1.476E-05  1.564E-05  4.335E+02  1.532E+01  0.000E+00  1.000E-03
  1.564E-05  1.657E-05  3.554E+02  1.779E+01  0.000E+00  1.000E-03
  1.657E-05  1.755E-05  2.643E+02  1.863E+01  0.000E+00  1.000E-03
  1.755E-05  1.859E-05  2.975E+02  1.873E+01  0.000E+00  1.000E-03
  1.859E-05  1.970E-05  2.174E+02  1.884E+01  0.000E+00  1.000E-03
  1.970E-05  2.087E-05  2.309E+02  1.959E+01  0.000E+00  1.000E-03
  2.087E-05  2.210E-05  2.098E+02  2.090E+01  0.000E+00  1.000E-03
  2.210E-05  2.342E-05  1.828E+02  2.145E+01  0.000E+00  1.000E-03
  2.342E-05  2.481E-05  2.229E+02  1.758E+01  0.000E+00  1.000E-03
  2.481E-05  2.628E-05  2.376E+02  1.643E+01  0.000E+00  1.000E-03
  2.628E-05  2.784E-05  1.474E+02  2.036E+01  0.000E+00  1.000E-03
  2.784E-05  2.949E-05  2.117E+02  1.485E+01  0.000E+00  1.000E-03
  2.949E-05  3.125E-05  1.427E+02  2.000E+01  0.000E+00  1.000E-03
  3.125E-05  3.310E-05  1.293E+02  1.975E+01  0.000E+00  1.000E-03
  3.310E-05  3.507E-05  1.628E+02  1.713E+01  0.000E+00  1.000E-03
  3.507E-05  3.715E-05  1.537E+02  1.594E+01  0.000E+00  1.000E-03
  3.715E-05  3.936E-05  1.360E+02  1.675E+01  0.000E+00  1.000E-03
  3.936E-05  4.169E-05  1.326E+02  2.136E+01  0.000E+00  1.000E-03
  4.169E-05  4.417E-05  1.454E+02  1.555E+01  0.000E+00  1.000E-03
  4.417E-05  4.679E-05  9.151E+01  2.062E+01  0.000E+00  1.000E-03
  4.679E-05  4.957E-05  1.080E+02  1.865E+01  0.000E+00  1.000E-03
  4.957E-05  5.251E-05  9.173E+01  1.813E+01  0.000E+00  1.000E-03
  5.251E-05  5.563E-05  1.026E+02  1.825E+01  0.000E+00  1.000E-03
  5.563E-05  5.893E-05  1.332E+02  1.560E+01  0.000E+00  1.000E-03
  5.893E-05  6.243E-05  1.057E+02  1.568E+01  0.000E+00  1.000E-03
  6.243E-05  6.614E-05  1.106E+02  1.554E+01  0.000E+00  1.000E-03
  6.614E-05  7.007E-05  7.893E+01  1.697E+01  0.000E+00  1.000E-03
  7.007E-05  7.423E-05  1.130E+02  1.585E+01  0.000E+00  1.000E-03
  7.423E-05  7.864E-05  9.075E+01  1.508E+01  0.000E+00  1.000E-03
  7.864E-05  8.331E-05  1.178E+02  1.401E+01  0.000E+00  1.000E-03
  8.331E-05  8.825E-05  8.894E+01  1.456E+01  0.000E+00  1.000E-03
  8.825E-05  9.349E-05  1.030E+02  1.327E+01  0.000E+00  1.000E-03
  9.349E-05  9.905E-05  7.025E+01  1.626E+01  0.000E+00  1.000E-03
  9.905E-05  1.049E-04  6.971E+01  1.391E+01  0.000E+00  1.000E-03
  1.049E-04  1.112E-04  6.099E+01  1.577E+01  0.000E+00  1.000E-03
  1.112E-04  1.178E-04  8.635E+01  1.372E+01  0.000E+00  1.000E-03
  1.178E-04  1.248E-04  5.148E+01  1.744E+01  0.000E+00  1.000E-03
  1.248E-04  1.322E-04  5.939E+01  1.526E+01  0.000E+00  1.000E-03
  1.322E-04  1.400E-04  6.881E+01  1.327E+01  0.000E+00  1.000E-03
  1.400E-04  1.483E-04  6.134E+01  1.539E+01  0.000E+00  1.000E-03
  1.483E-04  1.571E-04  5.677E+01  1.378E+01  0.000E+00  1.000E-03
  1.571E-04  1.665E-04  7.502E+01  1.175E+01  0.000E+00  1.000E-03
  1.665E-04  1.763E-04  6.171E+01  1.253E+01  0.000E+00  1.000E-03
  1.763E-04  1.868E-04  5.252E+01  1.377E+01  0.000E+00  1.000E-03
  1.868E-04  1.979E-04  5.949E+01  1.296E+01  0.000E+00  1.000E-03
  1.979E-04  2.097E-04  5.105E+01  1.184E+01  0.000E+00  1.000E-03
  2.097E-04  2.221E-04  5.703E+01  1.223E+01  0.000E+00  1.000E-03
  2.221E-04  2.353E-04  3.488E+01  1.495E+01  0.000E+00  1.000E-03
  2.353E-04  2.493E-04  6.226E+01  1.163E+01  0.000E+00  1.000E-03
  2.493E-04  2.641E-04  4.121E+01  1.357E+01  0.000E+00  1.000E-03
  2.641E-04  2.798E-04  3.954E+01  1.352E+01  0.000E+00  1.000E-03
  2.798E-04  2.964E-04  4.033E+01  1.143E+01  0.000E+00  1.000E-03
  2.964E-04  3.140E-04  4.148E+01  1.214E+01  0.000E+00  1.000E-03
  3.140E-04  3.326E-04  3.701E+01  1.330E+01  0.000E+00  1.000E-03
  3.326E-04  3.524E-04  4.759E+01  1.056E+01  0.000E+00  1.000E-03
  3.524E-04  3.733E-04  4.923E+01  9.606E+00  0.000E+00  1.000E-03
  3.733E-04  3.955E-04  4.782E+01  9.837E+00  0.000E+00  1.000E-03
  3.955E-04  4.189E-04  3.535E+01  1.162E+01  0.000E+00  1.000E-03
  4.189E-04  4.438E-04  4.583E+01  8.640E+00  0.000E+00  1.000E-03
  4.438E-04  4.702E-04  3.756E+01  9.790E+00  0.000E+00  1.000E-03
  4.702E-04  4.981E-04  5.444E+01  8.389E+00  0.000E+00  1.000E-03
  4.981E-04  5.277E-04  4.429E+01  8.522E+00  0.000E+00  1.000E-03
  5.277E-04  5.590E-04  4.500E+01  8.133E+00  0.000E+00  1.000E-03
  5.590E-04  5.922E-04  4.368E+01  8.165E+00  0.000E+00  1.000E-03
  5.922E-04  6.274E-04  6.223E+05  6.903E-02  0.000E+00  1.000E-03
  6.274E-04  6.646E-04  0.000E+00  0.000E+00  0.000E+00  1.000E-03
  6.646E-04  7.041E-04  0.000E+00  0.000E+00  0.000E+00  1.000E-03
  7.041E-04  7.459E-04  0.000E+00  0.000E+00  0.000E+00  1.000E-03
  7.459E-04  7.902E-04  0.000E+00  0.000E+00  0.000E+00  1.000E-03
  7.902E-04  8.371E-04  0.000E+00  0.000E+00  0.000E+00  1.000E-03
  8.371E-04  8.868E-04  0.000E+00  0.000E+00  0.000E+00  1.000E-03
  8.868E-04  9.395E-04  0.000E+00  0.000E+00  0.000E+00  1.000E-03
  9.395E-04  9.952E-04  0.000E+00  0.000E+00  0.000E+00  1.000E-03
  9.952E-04  1.054E-03  0.000E+00  0.000E+00  0.000E+00  1.000E-03
  1.054E-03  1.117E-03  0.000E+00  0.000E+00  0.000E+00  1.000E-03
  1.117E-03  1.183E-03  0.000E+00  0.000E+00  0.000E+00  1.000E-03
  1.183E-03  1.254E-03  0.000E+00  0.000E+00  0.000E+00  1.000E-03
  1.254E-03  1.328E-03  0.000E+00  0.000E+00  0.000E+00  1.000E-03
  1.328E-03  1.407E-03  0.000E+00  0.000E+00  0.000E+00  1.000E-03
  1.407E-03  1.490E-03  0.000E+00  0.000E+00  0.000E+00  1.000E-03
  1.490E-03  1.579E-03  0.000E+00  0.000E+00  0.000E+00  1.000E-03
  1.579E-03  1.673E-03  0.000E+00  0.000E+00  0.000E+00  1.000E-03
  1.673E-03  1.772E-03  0.000E+00  0.000E+00  0.000E+00  1.000E-03
  1.772E-03  1.877E-03  0.000E+00  0.000E+00  0.000E+00  1.000E-03
  1.877E-03  1.989E-03  0.000E+00  0.000E+00  0.000E+00  1.000E-03
  1.989E-03  2.107E-03  0.000E+00  0.000E+00  0.000E+00  1.000E-03
  2.107E-03  2.232E-03  0.000E+00  0.000E+00  0.000E+00  1.000E-03
  2.232E-03  2.364E-03  0.000E+00  0.000E+00  0.000E+00  1.000E-03
  2.364E-03  2.505E-03  0.000E+00  0.000E+00  0.000E+00  1.000E-03
  2.505E-03  2.653E-03  0.000E+00  0.000E+00  0.000E+00  1.000E-03
  2.653E-03  2.811E-03  0.000E+00  0.000E+00  0.000E+00  1.000E-03
  2.811E-03  2.978E-03  0.000E+00  0.000E+00  0.000E+00  1.000E-03
  2.978E-03  3.155E-03  0.000E+00  0.000E+00  0.000E+00  1.000E-03
  3.155E-03  3.342E-03  0.000E+00  0.000E+00  0.000E+00  1.000E-03
  3.342E-03  3.541E-03  0.000E+00  0.000E+00  0.000E+00  1.000E-03
  3.541E-03  3.751E-03  0.000E+00  0.000E+00  0.000E+00  1.000E-03
  3.751E-03  3.974E-03  0.000E+00  0.000E+00  0.000E+00  1.000E-03
  3.974E-03  4.210E-03  0.000E+00  0.000E+00  0.000E+00  1.000E-03
  4.210E-03  4.459E-03  0.000E+00  0.000E+00  0.000E+00  1.000E-03
  4.459E-03  4.724E-03  0.000E+00  0.000E+00  0.000E+00  1.000E-03
  4.724E-03  5.005E-03  0.000E+00  0.000E+00  0.000E+00  1.000E-03
  5.005E-03  5.302E-03  0.000E+00  0.000E+00  0.000E+00  1.000E-03
  5.302E-03  5.617E-03  0.000E+00  0.000E+00  0.000E+00  1.000E-03
  5.617E-03  5.950E-03  0.000E+00  0.000E+00  0.000E+00  1.000E-03
  5.950E-03  6.304E-03  0.000E+00  0.000E+00  0.000E+00  1.000E-03
  6.304E-03  6.678E-03  0.000E+00  0.000E+00  0.000E+00  1.000E-03
  6.678E-03  7.075E-03  0.000E+00  0.000E+00  0.000E+00  1.000E-03
  7.075E-03  7.495E-03  0.000E+00  0.000E+00  0.000E+00  1.000E-03
  7.495E-03  7.940E-03  0.000E+00  0.000E+00  0.000E+00  1.000E-03
  7.940E-03  8.411E-03  0.000E+00  0.000E+00  0.000E+00  1.000E-03
  8.411E-03  8.911E-03  0.000E+00  0.000E+00  0.000E+00  1.000E-03
  8.911E-03  9.440E-03  0.000E+00  0.000E+00  0.000E+00  1.000E-03
  9.440E-03  1.000E-02  0.000E+00  0.000E+00  0.000E+00  1.000E-03
  1.000E-02  1.059E-02  0.000E+00  0.000E+00  0.000E+00  1.000E-03
  1.059E-02  1.122E-02  0.000E+00  0.000E+00  0.000E+00  1.000E-03
  1.122E-02  1.189E-02  0.000E+00  0.000E+00  0.000E+00  1.000E-03
  1.189E-02  1.260E-02  0.000E+00  0.000E+00  0.000E+00  1.000E-03
  1.260E-02  1.334E-02  0.000E+00  0.000E+00  0.000E+00  1.000E-03
  1.334E-02  1.414E-02  0.000E+00  0.000E+00  0.000E+00  1.000E-03
  1.414E-02  1.498E-02  0.000E+00  0.000E+00  0.000E+00  1.000E-03
  1.498E-02  1.586E-02  0.000E+00  0.000E+00  0.000E+00  1.000E-03
  1.586E-02  1.681E-02  0.000E+00  0.000E+00  0.000E+00  1.000E-03
  1.681E-02  1.780E-02  0.000E+00  0.000E+00  0.000E+00  1.000E-03
  1.780E-02  1.886E-02  0.000E+00  0.000E+00  0.000E+00  1.000E-03
  1.886E-02  1.998E-02  0.000E+00  0.000E+00  0.000E+00  1.000E-03
  1.998E-02  2.117E-02  0.000E+00  0.000E+00  0.000E+00  1.000E-03
  2.117E-02  2.243E-02  0.000E+00  0.000E+00  0.000E+00  1.000E-03
  2.243E-02  2.376E-02  0.000E+00  0.000E+00  0.000E+00  1.000E-03
  2.376E-02  2.517E-02  0.000E+00  0.000E+00  0.000E+00  1.000E-03
  2.517E-02  2.666E-02  0.000E+00  0.000E+00  0.000E+00  1.000E-03
  2.666E-02  2.825E-02  0.000E+00  0.000E+00  0.000E+00  1.000E-03
  2.825E-02  2.992E-02  0.000E+00  0.000E+00  0.000E+00  1.000E-03
  2.992E-02  3.170E-02  0.000E+00  0.000E+00  0.000E+00  1.000E-03
  3.170E-02  3.358E-02  0.000E+00  0.000E+00  0.000E+00  1.000E-03
  3.358E-02  3.358E-02  0.000E+00  0.000E+00  0.000E+00  1.000E-03

 # Block n:            2     1.00000005E-03  :  0.112099826    
  1.000E-14  1.059E-14  0.000E+00  0.000E+00  1.000E-03  1.121E-01
  1.059E-14  1.122E-14  0.000E+00  0.000E+00  1.000E-03  1.121E-01
  1.122E-14  1.189E-14  0.000E+00  0.000E+00  1.000E-03  1.121E-01
  1.189E-14  1.260E-14  0.000E+00  0.000E+00  1.000E-03  1.121E-01
  1.260E-14  1.334E-14  0.000E+00  0.000E+00  1.000E-03  1.121E-01
  1.334E-14  1.414E-14  0.000E+00  0.000E+00  1.000E-03  1.121E-01
  1.414E-14  1.497E-14  0.000E+00  0.000E+00  1.000E-03  1.121E-01
  1.497E-14  1.586E-14  0.000E+00  0.000E+00  1.000E-03  1.121E-01
  1.586E-14  1.681E-14  0.000E+00  0.000E+00  1.000E-03  1.121E-01
  1.681E-14  1.780E-14  0.000E+00  0.000E+00  1.000E-03  1.121E-01
  1.780E-14  1.886E-14  0.000E+00  0.000E+00  1.000E-03  1.121E-01
  1.886E-14  1.998E-14  0.000E+00  0.000E+00  1.000E-03  1.121E-01
  1.998E-14  2.117E-14  0.000E+00  0.000E+00  1.000E-03  1.121E-01
  2.117E-14  2.242E-14  0.000E+00  0.000E+00  1.000E-03  1.121E-01
  2.242E-14  2.376E-14  0.000E+00  0.000E+00  1.000E-03  1.121E-01
  2.376E-14  2.517E-14  0.000E+00  0.000E+00  1.000E-03  1.121E-01
  2.517E-14  2.666E-14  0.000E+00  0.000E+00  1.000E-03  1.121E-01
  2.666E-14  2.824E-14  0.000E+00  0.000E+00  1.000E-03  1.121E-01
  2.824E-14  2.992E-14  0.000E+00  0.000E+00  1.000E-03  1.121E-01
  2.992E-14  3.170E-14  0.000E+00  0.000E+00  1.000E-03  1.121E-01
  3.170E-14  3.358E-14  0.000E+00  0.000E+00  1.000E-03  1.121E-01
  3.358E-14  3.558E-14  0.000E+00  0.000E+00  1.000E-03  1.121E-01
  3.558E-14  3.769E-14  0.000E+00  0.000E+00  1.000E-03  1.121E-01
  3.769E-14  3.993E-14  0.000E+00  0.000E+00  1.000E-03  1.121E-01
  3.993E-14  4.230E-14  0.000E+00  0.000E+00  1.000E-03  1.121E-01
  4.230E-14  4.481E-14  0.000E+00  0.000E+00  1.000E-03  1.121E-01
  4.481E-14  4.747E-14  0.000E+00  0.000E+00  1.000E-03  1.121E-01
  4.747E-14  5.029E-14  0.000E+00  0.000E+00  1.000E-03  1.121E-01
  5.029E-14  5.327E-14  0.000E+00  0.000E+00  1.000E-03  1.121E-01
  5.327E-14  5.644E-14  0.000E+00  0.000E+00  1.000E-03  1.121E-01
  5.644E-14  5.979E-14  0.000E+00  0.000E+00  1.000E-03  1.121E-01
  5.979E-14  6.334E-14  0.000E+00  0.000E+00  1.000E-03  1.121E-01
  6.334E-14  6.710E-14  0.000E+00  0.000E+00  1.000E-03  1.121E-01
  6.710E-14  7.108E-14  0.000E+00  0.000E+00  1.000E-03  1.121E-01
  7.108E-14  7.531E-14  0.000E+00  0.000E+00  1.000E-03  1.121E-01
  7.531E-14  7.978E-14  0.000E+00  0.000E+00  1.000E-03  1.121E-01
  7.978E-14  8.451E-14  0.000E+00  0.000E+00  1.000E-03  1.121E-01
  8.451E-14  8.953E-14  0.000E+00  0.000E+00  1.000E-03  1.121E-01
  8.953E-14  9.485E-14  0.000E+00  0.000E+00  1.000E-03  1.121E-01
  9.485E-14  1.005E-13  1.598E+07  9.900E+01  1.000E-03  1.121E-01
  1.005E-13  1.064E-13  0.000E+00  0.000E+00  1.000E-03  1.121E-01
  1.064E-13  1.128E-13  0.000E+00  0.000E+00  1.000E-03  1.121E-01
  1.128E-13  1.195E-13  0.000E+00  0.000E+00  1.000E-03  1.121E-01
  1.195E-13  1.266E-13  0.000E+00  0.000E+00  1.000E-03  1.121E-01
  1.266E-13  1.341E-13  0.000E+00  0.000E+00  1.000E-03  1.121E-01
  1.341E-13  1.420E-13  0.000E+00  0.000E+00  1.000E-03  1.121E-01
  1.420E-13  1.505E-13  1.067E+07  9.900E+01  1.000E-03  1.121E-01
  1.505E-13  1.594E-13  1.007E+07  9.900E+01  1.000E-03  1.121E-01
  1.594E-13  1.689E-13  0.000E+00  0.000E+00  1.000E-03  1.121E-01
  1.689E-13  1.789E-13  0.000E+00  0.000E+00  1.000E-03  1.121E-01
  1.789E-13  1.895E-13  0.000E+00  0.000E+00  1.000E-03  1.121E-01
  1.895E-13  2.008E-13  0.000E+00  0.000E+00  1.000E-03  1.121E-01
  2.008E-13  2.127E-13  7.550E+06  9.900E+01  1.000E-03  1.121E-01
  2.127E-13  2.253E-13  0.000E+00  0.000E+00  1.000E-03  1.121E-01
  2.253E-13  2.387E-13  0.000E+00  0.000E+00  1.000E-03  1.121E-01
  2.387E-13  2.529E-13  0.000E+00  0.000E+00  1.000E-03  1.121E-01
  2.529E-13  2.679E-13  5.994E+06  9.900E+01  1.000E-03  1.121E-01
  2.679E-13  2.838E-13  1.132E+07  7.035E+01  1.000E-03  1.121E-01
  2.838E-13  3.007E-13  0.000E+00  0.000E+00  1.000E-03  1.121E-01
  3.007E-13  3.185E-13  5.041E+06  9.900E+01  1.000E-03  1.121E-01
  3.185E-13  3.374E-13  4.759E+06  9.900E+01  1.000E-03  1.121E-01
  3.374E-13  3.575E-13  8.984E+06  7.035E+01  1.000E-03  1.121E-01
  3.575E-13  3.787E-13  8.481E+06  7.035E+01  1.000E-03  1.121E-01
  3.787E-13  4.012E-13  8.005E+06  7.035E+01  1.000E-03  1.121E-01
  4.012E-13  4.250E-13  7.557E+06  7.035E+01  1.000E-03  1.121E-01
  4.250E-13  4.502E-13  3.566E+06  9.900E+01  1.000E-03  1.121E-01
  4.502E-13  4.770E-13  1.010E+07  5.715E+01  1.000E-03  1.121E-01
  4.770E-13  5.053E-13  9.534E+06  5.715E+01  1.000E-03  1.121E-01
  5.053E-13  5.353E-13  1.200E+07  4.924E+01  1.000E-03  1.121E-01
  5.353E-13  5.671E-13  8.495E+06  5.715E+01  1.000E-03  1.121E-01
  5.671E-13  6.008E-13  8.019E+06  5.715E+01  1.000E-03  1.121E-01
  6.008E-13  6.364E-13  2.523E+06  9.900E+01  1.000E-03  1.121E-01
  6.364E-13  6.742E-13  9.527E+06  4.924E+01  1.000E-03  1.121E-01
  6.742E-13  7.143E-13  8.993E+06  4.924E+01  1.000E-03  1.121E-01
  7.143E-13  7.567E-13  1.485E+07  3.663E+01  1.000E-03  1.121E-01
  7.567E-13  8.016E-13  1.603E+07  3.408E+01  1.000E-03  1.121E-01
  8.016E-13  8.492E-13  9.454E+06  4.381E+01  1.000E-03  1.121E-01
  8.492E-13  8.997E-13  1.249E+07  3.663E+01  1.000E-03  1.121E-01
  8.997E-13  9.531E-13  1.516E+07  3.565E+01  1.000E-03  1.121E-01
  9.531E-13  1.010E-12  1.113E+07  3.663E+01  1.000E-03  1.121E-01
  1.010E-12  1.070E-12  2.852E+07  2.329E+01  1.000E-03  1.121E-01
  1.070E-12  1.133E-12  2.267E+07  2.303E+01  1.000E-03  1.121E-01
  1.133E-12  1.200E-12  2.274E+07  2.516E+01  1.000E-03  1.121E-01
  1.200E-12  1.272E-12  1.894E+07  2.573E+01  1.000E-03  1.121E-01
  1.272E-12  1.347E-12  2.145E+07  2.286E+01  1.000E-03  1.121E-01
  1.347E-12  1.427E-12  2.925E+07  1.863E+01  1.000E-03  1.121E-01
  1.427E-12  1.512E-12  2.761E+07  1.863E+01  1.000E-03  1.121E-01
  1.512E-12  1.602E-12  3.108E+07  1.634E+01  1.000E-03  1.121E-01
  1.602E-12  1.697E-12  2.555E+07  2.224E+01  1.000E-03  1.121E-01
  1.697E-12  1.798E-12  3.126E+07  1.833E+01  1.000E-03  1.121E-01
  1.798E-12  1.904E-12  4.806E+07  1.228E+01  1.000E-03  1.121E-01
  1.904E-12  2.017E-12  2.706E+07  1.684E+01  1.000E-03  1.121E-01
  2.017E-12  2.137E-12  5.109E+07  1.162E+01  1.000E-03  1.121E-01
  2.137E-12  2.264E-12  4.823E+07  9.998E+00  1.000E-03  1.121E-01
  2.264E-12  2.399E-12  5.423E+07  9.879E+00  1.000E-03  1.121E-01
  2.399E-12  2.541E-12  4.108E+07  1.185E+01  1.000E-03  1.121E-01
  2.541E-12  2.692E-12  5.727E+07  1.014E+01  1.000E-03  1.121E-01
  2.692E-12  2.852E-12  5.574E+07  1.030E+01  1.000E-03  1.121E-01
  2.852E-12  3.021E-12  5.953E+07  9.520E+00  1.000E-03  1.121E-01
  3.021E-12  3.201E-12  4.917E+07  1.095E+01  1.000E-03  1.121E-01
  3.201E-12  3.391E-12  6.204E+07  9.625E+00  1.000E-03  1.121E-01
  3.391E-12  3.592E-12  6.929E+07  7.184E+00  1.000E-03  1.121E-01
  3.592E-12  3.805E-12  7.765E+07  7.867E+00  1.000E-03  1.121E-01
  3.805E-12  4.031E-12  8.405E+07  6.021E+00  1.000E-03  1.121E-01
  4.031E-12  4.271E-12  7.595E+07  6.675E+00  1.000E-03  1.121E-01
  4.271E-12  4.524E-12  9.477E+07  6.345E+00  1.000E-03  1.121E-01
  4.524E-12  4.793E-12  9.214E+07  6.102E+00  1.000E-03  1.121E-01
  4.793E-12  5.077E-12  1.132E+08  4.978E+00  1.000E-03  1.121E-01
  5.077E-12  5.379E-12  1.203E+08  5.526E+00  1.000E-03  1.121E-01
  5.379E-12  5.698E-12  1.164E+08  5.567E+00  1.000E-03  1.121E-01
  5.698E-12  6.037E-12  1.170E+08  5.219E+00  1.000E-03  1.121E-01
  6.037E-12  6.395E-12  1.313E+08  4.423E+00  1.000E-03  1.121E-01
  6.395E-12  6.775E-12  1.406E+08  3.621E+00  1.000E-03  1.121E-01
  6.775E-12  7.177E-12  1.526E+08  3.458E+00  1.000E-03  1.121E-01
  7.177E-12  7.603E-12  1.485E+08  3.747E+00  1.000E-03  1.121E-01
  7.603E-12  8.055E-12  1.724E+08  3.456E+00  1.000E-03  1.121E-01
  8.055E-12  8.533E-12  1.720E+08  3.350E+00  1.000E-03  1.121E-01
  8.533E-12  9.040E-12  1.920E+08  2.974E+00  1.000E-03  1.121E-01
  9.040E-12  9.577E-12  1.994E+08  2.775E+00  1.000E-03  1.121E-01
  9.577E-12  1.015E-11  2.026E+08  3.073E+00  1.000E-03  1.121E-01
  1.015E-11  1.075E-11  2.241E+08  2.498E+00  1.000E-03  1.121E-01
  1.075E-11  1.139E-11  2.321E+08  2.367E+00  1.000E-03  1.121E-01
  1.139E-11  1.206E-11  2.465E+08  2.189E+00  1.000E-03  1.121E-01
  1.206E-11  1.278E-11  2.665E+08  1.897E+00  1.000E-03  1.121E-01
  1.278E-11  1.354E-11  2.703E+08  2.019E+00  1.000E-03  1.121E-01
  1.354E-11  1.434E-11  3.006E+08  1.828E+00  1.000E-03  1.121E-01
  1.434E-11  1.519E-11  3.135E+08  1.852E+00  1.000E-03  1.121E-01
  1.519E-11  1.609E-11  3.390E+08  1.808E+00  1.000E-03  1.121E-01
  1.609E-11  1.705E-11  3.394E+08  1.627E+00  1.000E-03  1.121E-01
  1.705E-11  1.806E-11  3.589E+08  1.505E+00  1.000E-03  1.121E-01
  1.806E-11  1.914E-11  3.617E+08  1.512E+00  1.000E-03  1.121E-01
  1.914E-11  2.027E-11  3.811E+08  1.360E+00  1.000E-03  1.121E-01
  2.027E-11  2.148E-11  4.010E+08  1.439E+00  1.000E-03  1.121E-01
  2.148E-11  2.275E-11  4.188E+08  1.324E+00  1.000E-03  1.121E-01
  2.275E-11  2.410E-11  4.259E+08  1.225E+00  1.000E-03  1.121E-01
  2.410E-11  2.553E-11  4.391E+08  1.156E+00  1.000E-03  1.121E-01
  2.553E-11  2.705E-11  4.459E+08  1.143E+00  1.000E-03  1.121E-01
  2.705E-11  2.866E-11  4.611E+08  1.145E+00  1.000E-03  1.121E-01
  2.866E-11  3.036E-11  4.786E+08  1.019E+00  1.000E-03  1.121E-01
  3.036E-11  3.216E-11  4.937E+08  9.470E-01  1.000E-03  1.121E-01
  3.216E-11  3.407E-11  4.936E+08  9.564E-01  1.000E-03  1.121E-01
  3.407E-11  3.609E-11  4.944E+08  8.858E-01  1.000E-03  1.121E-01
  3.609E-11  3.824E-11  4.899E+08  8.499E-01  1.000E-03  1.121E-01
  3.824E-11  4.051E-11  4.996E+08  9.306E-01  1.000E-03  1.121E-01
  4.051E-11  4.291E-11  4.934E+08  9.108E-01  1.000E-03  1.121E-01
  4.291E-11  4.546E-11  4.941E+08  8.426E-01  1.000E-03  1.121E-01
  4.546E-11  4.816E-11  4.799E+08  7.764E-01  1.000E-03  1.121E-01
  4.816E-11  5.102E-11  4.629E+08  8.147E-01  1.000E-03  1.121E-01
  5.102E-11  5.405E-11  4.491E+08  8.778E-01  1.000E-03  1.121E-01
  5.405E-11  5.726E-11  4.386E+08  7.497E-01  1.000E-03  1.121E-01
  5.726E-11  6.066E-11  4.183E+08  8.073E-01  1.000E-03  1.121E-01
  6.066E-11  6.426E-11  3.913E+08  7.856E-01  1.000E-03  1.121E-01
  6.426E-11  6.808E-11  3.654E+08  7.652E-01  1.000E-03  1.121E-01
  6.808E-11  7.212E-11  3.428E+08  7.372E-01  1.000E-03  1.121E-01
  7.212E-11  7.640E-11  3.113E+08  8.307E-01  1.000E-03  1.121E-01
  7.640E-11  8.094E-11  2.892E+08  8.107E-01  1.000E-03  1.121E-01
  8.094E-11  8.574E-11  2.601E+08  8.276E-01  1.000E-03  1.121E-01
  8.574E-11  9.083E-11  2.339E+08  9.435E-01  1.000E-03  1.121E-01
  9.083E-11  9.623E-11  2.069E+08  7.732E-01  1.000E-03  1.121E-01
  9.623E-11  1.019E-10  1.817E+08  8.934E-01  1.000E-03  1.121E-01
  1.019E-10  1.080E-10  1.614E+08  8.815E-01  1.000E-03  1.121E-01
  1.080E-10  1.144E-10  1.412E+08  1.067E+00  1.000E-03  1.121E-01
  1.144E-10  1.212E-10  1.213E+08  8.846E-01  1.000E-03  1.121E-01
  1.212E-10  1.284E-10  1.023E+08  1.148E+00  1.000E-03  1.121E-01
  1.284E-10  1.360E-10  8.779E+07  1.218E+00  1.000E-03  1.121E-01
  1.360E-10  1.441E-10  7.390E+07  1.204E+00  1.000E-03  1.121E-01
  1.441E-10  1.527E-10  6.254E+07  1.409E+00  1.000E-03  1.121E-01
  1.527E-10  1.617E-10  5.166E+07  1.562E+00  1.000E-03  1.121E-01
  1.617E-10  1.713E-10  4.306E+07  1.361E+00  1.000E-03  1.121E-01
  1.713E-10  1.815E-10  3.693E+07  1.647E+00  1.000E-03  1.121E-01
  1.815E-10  1.923E-10  3.147E+07  1.512E+00  1.000E-03  1.121E-01
  1.923E-10  2.037E-10  2.646E+07  1.707E+00  1.000E-03  1.121E-01
  2.037E-10  2.158E-10  2.273E+07  1.744E+00  1.000E-03  1.121E-01
  2.158E-10  2.286E-10  1.963E+07  1.817E+00  1.000E-03  1.121E-01
  2.286E-10  2.422E-10  1.698E+07  2.161E+00  1.000E-03  1.121E-01
  2.422E-10  2.566E-10  1.552E+07  2.207E+00  1.000E-03  1.121E-01
  2.566E-10  2.718E-10  1.384E+07  1.732E+00  1.000E-03  1.121E-01
  2.718E-10  2.879E-10  1.272E+07  2.179E+00  1.000E-03  1.121E-01
  2.879E-10  3.050E-10  1.231E+07  2.320E+00  1.000E-03  1.121E-01
  3.050E-10  3.231E-10  1.134E+07  2.447E+00  1.000E-03  1.121E-01
  3.231E-10  3.423E-10  1.066E+07  2.077E+00  1.000E-03  1.121E-01
  3.423E-10  3.627E-10  9.825E+06  2.305E+00  1.000E-03  1.121E-01
  3.627E-10  3.842E-10  9.233E+06  2.141E+00  1.000E-03  1.121E-01
  3.842E-10  4.070E-10  8.857E+06  1.979E+00  1.000E-03  1.121E-01
  4.070E-10  4.312E-10  8.331E+06  2.216E+00  1.000E-03  1.121E-01
  4.312E-10  4.568E-10  7.920E+06  2.160E+00  1.000E-03  1.121E-01
  4.568E-10  4.839E-10  7.612E+06  1.938E+00  1.000E-03  1.121E-01
  4.839E-10  5.126E-10  6.998E+06  2.036E+00  1.000E-03  1.121E-01
  5.126E-10  5.431E-10  6.591E+06  2.178E+00  1.000E-03  1.121E-01
  5.431E-10  5.753E-10  6.369E+06  2.016E+00  1.000E-03  1.121E-01
  5.753E-10  6.095E-10  5.712E+06  2.350E+00  1.000E-03  1.121E-01
  6.095E-10  6.457E-10  5.598E+06  1.908E+00  1.000E-03  1.121E-01
  6.457E-10  6.840E-10  5.237E+06  1.907E+00  1.000E-03  1.121E-01
  6.840E-10  7.247E-10  4.922E+06  2.101E+00  1.000E-03  1.121E-01
  7.247E-10  7.677E-10  4.650E+06  2.112E+00  1.000E-03  1.121E-01
  7.677E-10  8.133E-10  4.371E+06  1.914E+00  1.000E-03  1.121E-01
  8.133E-10  8.616E-10  3.959E+06  2.153E+00  1.000E-03  1.121E-01
  8.616E-10  9.127E-10  3.841E+06  2.284E+00  1.000E-03  1.121E-01
  9.127E-10  9.669E-10  3.625E+06  2.191E+00  1.000E-03  1.121E-01
  9.669E-10  1.024E-09  3.441E+06  1.966E+00  1.000E-03  1.121E-01
  1.024E-09  1.085E-09  3.214E+06  1.822E+00  1.000E-03  1.121E-01
  1.085E-09  1.150E-09  2.996E+06  2.233E+00  1.000E-03  1.121E-01
  1.150E-09  1.218E-09  2.940E+06  1.851E+00  1.000E-03  1.121E-01
  1.218E-09  1.290E-09  2.716E+06  2.298E+00  1.000E-03  1.121E-01
  1.290E-09  1.367E-09  2.592E+06  2.193E+00  1.000E-03  1.121E-01
  1.367E-09  1.448E-09  2.391E+06  2.199E+00  1.000E-03  1.121E-01
  1.448E-09  1.534E-09  2.245E+06  2.438E+00  1.000E-03  1.121E-01
  1.534E-09  1.625E-09  2.152E+06  2.133E+00  1.000E-03  1.121E-01
  1.625E-09  1.722E-09  2.020E+06  2.066E+00  1.000E-03  1.121E-01
  1.722E-09  1.824E-09  1.862E+06  2.222E+00  1.000E-03  1.121E-01
  1.824E-09  1.932E-09  1.788E+06  2.388E+00  1.000E-03  1.121E-01
  1.932E-09  2.047E-09  1.680E+06  2.194E+00  1.000E-03  1.121E-01
  2.047E-09  2.168E-09  1.590E+06  2.297E+00  1.000E-03  1.121E-01
  2.168E-09  2.297E-09  1.519E+06  2.018E+00  1.000E-03  1.121E-01
  2.297E-09  2.433E-09  1.479E+06  1.947E+00  1.000E-03  1.121E-01
  2.433E-09  2.578E-09  1.335E+06  1.989E+00  1.000E-03  1.121E-01
  2.578E-09  2.731E-09  1.221E+06  2.191E+00  1.000E-03  1.121E-01
  2.731E-09  2.893E-09  1.211E+06  2.093E+00  1.000E-03  1.121E-01
  2.893E-09  3.065E-09  1.146E+06  2.129E+00  1.000E-03  1.121E-01
  3.065E-09  3.247E-09  1.098E+06  2.340E+00  1.000E-03  1.121E-01
  3.247E-09  3.440E-09  1.009E+06  2.359E+00  1.000E-03  1.121E-01
  3.440E-09  3.644E-09  9.716E+05  2.431E+00  1.000E-03  1.121E-01
  3.644E-09  3.861E-09  9.064E+05  2.099E+00  1.000E-03  1.121E-01
  3.861E-09  4.090E-09  8.677E+05  2.227E+00  1.000E-03  1.121E-01
  4.090E-09  4.333E-09  8.117E+05  2.101E+00  1.000E-03  1.121E-01
  4.333E-09  4.590E-09  7.802E+05  2.119E+00  1.000E-03  1.121E-01
  4.590E-09  4.862E-09  7.153E+05  2.145E+00  1.000E-03  1.121E-01
  4.862E-09  5.151E-09  6.786E+05  2.016E+00  1.000E-03  1.121E-01
  5.151E-09  5.457E-09  6.259E+05  2.116E+00  1.000E-03  1.121E-01
  5.457E-09  5.781E-09  6.183E+05  1.899E+00  1.000E-03  1.121E-01
  5.781E-09  6.124E-09  5.642E+05  1.869E+00  1.000E-03  1.121E-01
  6.124E-09  6.488E-09  5.522E+05  2.144E+00  1.000E-03  1.121E-01
  6.488E-09  6.873E-09  5.067E+05  2.154E+00  1.000E-03  1.121E-01
  6.873E-09  7.282E-09  4.830E+05  2.036E+00  1.000E-03  1.121E-01
  7.282E-09  7.714E-09  4.638E+05  2.138E+00  1.000E-03  1.121E-01
  7.714E-09  8.172E-09  4.531E+05  2.108E+00  1.000E-03  1.121E-01
  8.172E-09  8.657E-09  4.023E+05  2.248E+00  1.000E-03  1.121E-01
  8.657E-09  9.171E-09  3.829E+05  1.954E+00  1.000E-03  1.121E-01
  9.171E-09  9.716E-09  3.700E+05  1.913E+00  1.000E-03  1.121E-01
  9.716E-09  1.029E-08  3.428E+05  2.102E+00  1.000E-03  1.121E-01
  1.029E-08  1.090E-08  3.328E+05  1.957E+00  1.000E-03  1.121E-01
  1.090E-08  1.155E-08  3.229E+05  2.320E+00  1.000E-03  1.121E-01
  1.155E-08  1.224E-08  3.076E+05  1.847E+00  1.000E-03  1.121E-01
  1.224E-08  1.296E-08  2.699E+05  2.082E+00  1.000E-03  1.121E-01
  1.296E-08  1.373E-08  2.653E+05  2.306E+00  1.000E-03  1.121E-01
  1.373E-08  1.455E-08  2.387E+05  2.171E+00  1.000E-03  1.121E-01
  1.455E-08  1.541E-08  2.303E+05  2.013E+00  1.000E-03  1.121E-01
  1.541E-08  1.633E-08  2.268E+05  2.077E+00  1.000E-03  1.121E-01
  1.633E-08  1.730E-08  2.066E+05  2.159E+00  1.000E-03  1.121E-01
  1.730E-08  1.833E-08  1.967E+05  1.761E+00  1.000E-03  1.121E-01
  1.833E-08  1.941E-08  1.896E+05  2.054E+00  1.000E-03  1.121E-01
  1.941E-08  2.057E-08  1.775E+05  2.224E+00  1.000E-03  1.121E-01
  2.057E-08  2.179E-08  1.674E+05  2.193E+00  1.000E-03  1.121E-01
  2.179E-08  2.308E-08  1.545E+05  2.057E+00  1.000E-03  1.121E-01
  2.308E-08  2.445E-08  1.507E+05  2.412E+00  1.000E-03  1.121E-01
  2.445E-08  2.590E-08  1.384E+05  1.938E+00  1.000E-03  1.121E-01
  2.590E-08  2.744E-08  1.332E+05  2.073E+00  1.000E-03  1.121E-01
  2.744E-08  2.907E-08  1.289E+05  2.107E+00  1.000E-03  1.121E-01
  2.907E-08  3.080E-08  1.173E+05  2.166E+00  1.000E-03  1.121E-01
  3.080E-08  3.263E-08  1.112E+05  2.017E+00  1.000E-03  1.121E-01
  3.263E-08  3.456E-08  1.076E+05  2.174E+00  1.000E-03  1.121E-01
  3.456E-08  3.662E-08  1.001E+05  1.905E+00  1.000E-03  1.121E-01
  3.662E-08  3.879E-08  9.852E+04  1.900E+00  1.000E-03  1.121E-01
  3.879E-08  4.109E-08  8.698E+04  2.220E+00  1.000E-03  1.121E-01
  4.109E-08  4.354E-08  8.299E+04  2.176E+00  1.000E-03  1.121E-01
  4.354E-08  4.612E-08  8.318E+04  2.187E+00  1.000E-03  1.121E-01
  4.612E-08  4.886E-08  7.602E+04  2.330E+00  1.000E-03  1.121E-01
  4.886E-08  5.176E-08  7.309E+04  2.175E+00  1.000E-03  1.121E-01
  5.176E-08  5.483E-08  6.642E+04  2.357E+00  1.000E-03  1.121E-01
  5.483E-08  5.809E-08  6.388E+04  2.346E+00  1.000E-03  1.121E-01
  5.809E-08  6.154E-08  6.176E+04  2.041E+00  1.000E-03  1.121E-01
  6.154E-08  6.519E-08  5.707E+04  1.902E+00  1.000E-03  1.121E-01
  6.519E-08  6.907E-08  5.257E+04  1.864E+00  1.000E-03  1.121E-01
  6.907E-08  7.317E-08  5.035E+04  2.015E+00  1.000E-03  1.121E-01
  7.317E-08  7.751E-08  4.630E+04  2.198E+00  1.000E-03  1.121E-01
  7.751E-08  8.211E-08  4.664E+04  2.009E+00  1.000E-03  1.121E-01
  8.211E-08  8.699E-08  4.327E+04  2.172E+00  1.000E-03  1.121E-01
  8.699E-08  9.216E-08  4.084E+04  1.975E+00  1.000E-03  1.121E-01
  9.216E-08  9.763E-08  3.943E+04  2.243E+00  1.000E-03  1.121E-01
  9.763E-08  1.034E-07  3.604E+04  2.074E+00  1.000E-03  1.121E-01
  1.034E-07  1.096E-07  3.394E+04  2.153E+00  1.000E-03  1.121E-01
  1.096E-07  1.161E-07  3.136E+04  2.210E+00  1.000E-03  1.121E-01
  1.161E-07  1.230E-07  3.060E+04  2.200E+00  1.000E-03  1.121E-01
  1.230E-07  1.303E-07  2.945E+04  1.941E+00  1.000E-03  1.121E-01
  1.303E-07  1.380E-07  2.815E+04  1.899E+00  1.000E-03  1.121E-01
  1.380E-07  1.462E-07  2.614E+04  1.825E+00  1.000E-03  1.121E-01
  1.462E-07  1.549E-07  2.383E+04  2.060E+00  1.000E-03  1.121E-01
  1.549E-07  1.641E-07  2.380E+04  1.857E+00  1.000E-03  1.121E-01
  1.641E-07  1.738E-07  2.201E+04  1.924E+00  1.000E-03  1.121E-01
  1.738E-07  1.841E-07  2.096E+04  2.234E+00  1.000E-03  1.121E-01
  1.841E-07  1.951E-07  1.933E+04  2.358E+00  1.000E-03  1.121E-01
  1.951E-07  2.067E-07  1.884E+04  2.013E+00  1.000E-03  1.121E-01
  2.067E-07  2.189E-07  1.741E+04  2.070E+00  1.000E-03  1.121E-01
  2.189E-07  2.319E-07  1.674E+04  1.951E+00  1.000E-03  1.121E-01
  2.319E-07  2.457E-07  1.539E+04  2.426E+00  1.000E-03  1.121E-01
  2.457E-07  2.603E-07  1.479E+04  1.916E+00  1.000E-03  1.121E-01
  2.603E-07  2.757E-07  1.369E+04  2.135E+00  1.000E-03  1.121E-01
  2.757E-07  2.921E-07  1.369E+04  2.082E+00  1.000E-03  1.121E-01
  2.921E-07  3.095E-07  1.262E+04  2.015E+00  1.000E-03  1.121E-01
  3.095E-07  3.278E-07  1.151E+04  2.148E+00  1.000E-03  1.121E-01
  3.278E-07  3.473E-07  1.117E+04  1.981E+00  1.000E-03  1.121E-01
  3.473E-07  3.679E-07  1.047E+04  1.907E+00  1.000E-03  1.121E-01
  3.679E-07  3.898E-07  9.862E+03  1.910E+00  1.000E-03  1.121E-01
  3.898E-07  4.129E-07  9.496E+03  1.917E+00  1.000E-03  1.121E-01
  4.129E-07  4.375E-07  8.667E+03  2.002E+00  1.000E-03  1.121E-01
  4.375E-07  4.634E-07  8.513E+03  2.144E+00  1.000E-03  1.121E-01
  4.634E-07  4.909E-07  7.843E+03  2.103E+00  1.000E-03  1.121E-01
  4.909E-07  5.201E-07  7.817E+03  2.091E+00  1.000E-03  1.121E-01
  5.201E-07  5.510E-07  7.029E+03  1.890E+00  1.000E-03  1.121E-01
  5.510E-07  5.837E-07  6.751E+03  2.147E+00  1.000E-03  1.121E-01
  5.837E-07  6.184E-07  6.323E+03  1.773E+00  1.000E-03  1.121E-01
  6.184E-07  6.551E-07  5.746E+03  2.274E+00  1.000E-03  1.121E-01
  6.551E-07  6.940E-07  5.713E+03  2.005E+00  1.000E-03  1.121E-01
  6.940E-07  7.352E-07  5.321E+03  1.791E+00  1.000E-03  1.121E-01
  7.352E-07  7.788E-07  5.173E+03  1.976E+00  1.000E-03  1.121E-01
  7.788E-07  8.251E-07  4.852E+03  1.867E+00  1.000E-03  1.121E-01
  8.251E-07  8.741E-07  4.596E+03  1.996E+00  1.000E-03  1.121E-01
  8.741E-07  9.260E-07  4.229E+03  2.082E+00  1.000E-03  1.121E-01
  9.260E-07  9.810E-07  4.081E+03  2.127E+00  1.000E-03  1.121E-01
  9.810E-07  1.039E-06  3.829E+03  1.949E+00  1.000E-03  1.121E-01
  1.039E-06  1.101E-06  3.735E+03  1.875E+00  1.000E-03  1.121E-01
  1.101E-06  1.166E-06  3.432E+03  2.148E+00  1.000E-03  1.121E-01
  1.166E-06  1.236E-06  3.226E+03  1.868E+00  1.000E-03  1.121E-01
  1.236E-06  1.309E-06  3.105E+03  1.829E+00  1.000E-03  1.121E-01
  1.309E-06  1.387E-06  2.794E+03  2.250E+00  1.000E-03  1.121E-01
  1.387E-06  1.469E-06  2.688E+03  1.944E+00  1.000E-03  1.121E-01
  1.469E-06  1.556E-06  2.573E+03  2.056E+00  1.000E-03  1.121E-01
  1.556E-06  1.649E-06  2.434E+03  1.837E+00  1.000E-03  1.121E-01
  1.649E-06  1.747E-06  2.347E+03  2.093E+00  1.000E-03  1.121E-01
  1.747E-06  1.850E-06  2.265E+03  1.783E+00  1.000E-03  1.121E-01
  1.850E-06  1.960E-06  2.100E+03  1.942E+00  1.000E-03  1.121E-01
  1.960E-06  2.077E-06  1.942E+03  2.095E+00  1.000E-03  1.121E-01
  2.077E-06  2.200E-06  1.832E+03  2.037E+00  1.000E-03  1.121E-01
  2.200E-06  2.330E-06  1.767E+03  2.038E+00  1.000E-03  1.121E-01
  2.330E-06  2.469E-06  1.645E+03  1.945E+00  1.000E-03  1.121E-01
  2.469E-06  2.615E-06  1.590E+03  2.030E+00  1.000E-03  1.121E-01
  2.615E-06  2.771E-06  1.457E+03  2.073E+00  1.000E-03  1.121E-01
  2.771E-06  2.935E-06  1.393E+03  2.044E+00  1.000E-03  1.121E-01
  2.935E-06  3.110E-06  1.295E+03  1.979E+00  1.000E-03  1.121E-01
  3.110E-06  3.294E-06  1.242E+03  1.954E+00  1.000E-03  1.121E-01
  3.294E-06  3.490E-06  1.199E+03  2.017E+00  1.000E-03  1.121E-01
  3.490E-06  3.697E-06  1.101E+03  1.918E+00  1.000E-03  1.121E-01
  3.697E-06  3.917E-06  1.034E+03  2.125E+00  1.000E-03  1.121E-01
  3.917E-06  4.149E-06  9.977E+02  1.949E+00  1.000E-03  1.121E-01
  4.149E-06  4.396E-06  9.575E+02  1.809E+00  1.000E-03  1.121E-01
  4.396E-06  4.657E-06  8.845E+02  2.017E+00  1.000E-03  1.121E-01
  4.657E-06  4.933E-06  8.714E+02  1.644E+00  1.000E-03  1.121E-01
  4.933E-06  5.226E-06  8.053E+02  1.917E+00  1.000E-03  1.121E-01
  5.226E-06  5.536E-06  7.750E+02  1.933E+00  1.000E-03  1.121E-01
  5.536E-06  5.865E-06  7.028E+02  2.054E+00  1.000E-03  1.121E-01
  5.865E-06  6.213E-06  6.709E+02  1.853E+00  1.000E-03  1.121E-01
  6.213E-06  6.582E-06  6.418E+02  1.953E+00  1.000E-03  1.121E-01
  6.582E-06  6.973E-06  6.075E+02  1.853E+00  1.000E-03  1.121E-01
  6.973E-06  7.387E-06  5.821E+02  1.850E+00  1.000E-03  1.121E-01
  7.387E-06  7.826E-06  5.622E+02  1.741E+00  1.000E-03  1.121E-01
  7.826E-06  8.291E-06  5.260E+02  1.853E+00  1.000E-03  1.121E-01
  8.291E-06  8.783E-06  4.902E+02  2.225E+00  1.000E-03  1.121E-01
  8.783E-06  9.305E-06  4.817E+02  1.882E+00  1.000E-03  1.121E-01
  9.305E-06  9.857E-06  4.449E+02  2.040E+00  1.000E-03  1.121E-01
  9.857E-06  1.044E-05  4.298E+02  1.746E+00  1.000E-03  1.121E-01
  1.044E-05  1.106E-05  4.179E+02  2.048E+00  1.000E-03  1.121E-01
  1.106E-05  1.172E-05  3.901E+02  2.021E+00  1.000E-03  1.121E-01
  1.172E-05  1.242E-05  3.620E+02  1.872E+00  1.000E-03  1.121E-01
  1.242E-05  1.315E-05  3.442E+02  1.728E+00  1.000E-03  1.121E-01
  1.315E-05  1.393E-05  3.286E+02  1.689E+00  1.000E-03  1.121E-01
  1.393E-05  1.476E-05  3.145E+02  1.812E+00  1.000E-03  1.121E-01
  1.476E-05  1.564E-05  2.972E+02  1.802E+00  1.000E-03  1.121E-01
  1.564E-05  1.657E-05  2.865E+02  1.896E+00  1.000E-03  1.121E-01
  1.657E-05  1.755E-05  2.659E+02  1.791E+00  1.000E-03  1.121E-01
  1.755E-05  1.859E-05  2.585E+02  1.522E+00  1.000E-03  1.121E-01
  1.859E-05  1.970E-05  2.394E+02  1.984E+00  1.000E-03  1.121E-01
  1.970E-05  2.087E-05  2.372E+02  1.915E+00  1.000E-03  1.121E-01
  2.087E-05  2.210E-05  2.232E+02  1.927E+00  1.000E-03  1.121E-01
  2.210E-05  2.342E-05  2.133E+02  1.716E+00  1.000E-03  1.121E-01
  2.342E-05  2.481E-05  1.971E+02  1.856E+00  1.000E-03  1.121E-01
  2.481E-05  2.628E-05  1.974E+02  1.734E+00  1.000E-03  1.121E-01
  2.628E-05  2.784E-05  1.789E+02  1.650E+00  1.000E-03  1.121E-01
  2.784E-05  2.949E-05  1.755E+02  1.675E+00  1.000E-03  1.121E-01
  2.949E-05  3.125E-05  1.660E+02  1.794E+00  1.000E-03  1.121E-01
  3.125E-05  3.310E-05  1.613E+02  1.687E+00  1.000E-03  1.121E-01
  3.310E-05  3.507E-05  1.483E+02  2.032E+00  1.000E-03  1.121E-01
  3.507E-05  3.715E-05  1.456E+02  1.655E+00  1.000E-03  1.121E-01
  3.715E-05  3.936E-05  1.397E+02  1.617E+00  1.000E-03  1.121E-01
  3.936E-05  4.169E-05  1.377E+02  1.772E+00  1.000E-03  1.121E-01
  4.169E-05  4.417E-05  1.325E+02  1.690E+00  1.000E-03  1.121E-01
  4.417E-05  4.679E-05  1.181E+02  1.648E+00  1.000E-03  1.121E-01
  4.679E-05  4.957E-05  1.149E+02  1.807E+00  1.000E-03  1.121E-01
  4.957E-05  5.251E-05  1.140E+02  1.633E+00  1.000E-03  1.121E-01
  5.251E-05  5.563E-05  1.099E+02  1.718E+00  1.000E-03  1.121E-01
  5.563E-05  5.893E-05  1.070E+02  1.382E+00  1.000E-03  1.121E-01
  5.893E-05  6.243E-05  9.789E+01  1.595E+00  1.000E-03  1.121E-01
  6.243E-05  6.614E-05  9.913E+01  1.549E+00  1.000E-03  1.121E-01
  6.614E-05  7.007E-05  9.478E+01  1.317E+00  1.000E-03  1.121E-01
  7.007E-05  7.423E-05  8.798E+01  1.460E+00  1.000E-03  1.121E-01
  7.423E-05  7.864E-05  8.836E+01  1.809E+00  1.000E-03  1.121E-01
  7.864E-05  8.331E-05  8.473E+01  1.507E+00  1.000E-03  1.121E-01
  8.331E-05  8.825E-05  8.240E+01  1.522E+00  1.000E-03  1.121E-01
  8.825E-05  9.349E-05  7.883E+01  1.463E+00  1.000E-03  1.121E-01
  9.349E-05  9.905E-05  7.534E+01  1.700E+00  1.000E-03  1.121E-01
  9.905E-05  1.049E-04  7.295E+01  1.350E+00  1.000E-03  1.121E-01
  1.049E-04  1.112E-04  7.310E+01  1.387E+00  1.000E-03  1.121E-01
  1.112E-04  1.178E-04  6.984E+01  1.505E+00  1.000E-03  1.121E-01
  1.178E-04  1.248E-04  6.855E+01  1.295E+00  1.000E-03  1.121E-01
  1.248E-04  1.322E-04  6.584E+01  1.408E+00  1.000E-03  1.121E-01
  1.322E-04  1.400E-04  6.350E+01  1.378E+00  1.000E-03  1.121E-01
  1.400E-04  1.483E-04  6.229E+01  1.285E+00  1.000E-03  1.121E-01
  1.483E-04  1.571E-04  5.959E+01  1.333E+00  1.000E-03  1.121E-01
  1.571E-04  1.665E-04  6.001E+01  1.231E+00  1.000E-03  1.121E-01
  1.665E-04  1.763E-04  5.762E+01  1.156E+00  1.000E-03  1.121E-01
  1.763E-04  1.868E-04  5.704E+01  1.260E+00  1.000E-03  1.121E-01
  1.868E-04  1.979E-04  5.526E+01  1.134E+00  1.000E-03  1.121E-01
  1.979E-04  2.097E-04  5.242E+01  1.307E+00  1.000E-03  1.121E-01
  2.097E-04  2.221E-04  5.127E+01  1.246E+00  1.000E-03  1.121E-01
  2.221E-04  2.353E-04  4.903E+01  1.157E+00  1.000E-03  1.121E-01
  2.353E-04  2.493E-04  4.786E+01  1.154E+00  1.000E-03  1.121E-01
  2.493E-04  2.641E-04  4.545E+01  1.090E+00  1.000E-03  1.121E-01
  2.641E-04  2.798E-04  4.446E+01  1.091E+00  1.000E-03  1.121E-01
  2.798E-04  2.964E-04  4.424E+01  1.118E+00  1.000E-03  1.121E-01
  2.964E-04  3.140E-04  4.212E+01  1.102E+00  1.000E-03  1.121E-01
  3.140E-04  3.326E-04  4.217E+01  9.574E-01  1.000E-03  1.121E-01
  3.326E-04  3.524E-04  4.094E+01  1.068E+00  1.000E-03  1.121E-01
  3.524E-04  3.733E-04  3.977E+01  1.086E+00  1.000E-03  1.121E-01
  3.733E-04  3.955E-04  3.996E+01  9.105E-01  1.000E-03  1.121E-01
  3.955E-04  4.189E-04  3.966E+01  9.436E-01  1.000E-03  1.121E-01
  4.189E-04  4.438E-04  3.673E+01  1.007E+00  1.000E-03  1.121E-01
  4.438E-04  4.702E-04  3.972E+01  9.795E-01  1.000E-03  1.121E-01
  4.702E-04  4.981E-04  4.191E+01  9.872E-01  1.000E-03  1.121E-01
  4.981E-04  5.277E-04  4.180E+01  8.257E-01  1.000E-03  1.121E-01
  5.277E-04  5.590E-04  4.145E+01  9.220E-01  1.000E-03  1.121E-01
  5.590E-04  5.922E-04  3.603E+02  2.911E-01  1.000E-03  1.121E-01
  5.922E-04  6.274E-04  2.769E+02  3.217E-01  1.000E-03  1.121E-01
  6.274E-04  6.646E-04  0.000E+00  0.000E+00  1.000E-03  1.121E-01
  6.646E-04  7.041E-04  0.000E+00  0.000E+00  1.000E-03  1.121E-01
  7.041E-04  7.459E-04  0.000E+00  0.000E+00  1.000E-03  1.121E-01
  7.459E-04  7.902E-04  0.000E+00  0.000E+00  1.000E-03  1.121E-01
  7.902E-04  8.371E-04  0.000E+00  0.000E+00  1.000E-03  1.121E-01
  8.371E-04  8.868E-04  0.000E+00  0.000E+00  1.000E-03  1.121E-01
  8.868E-04  9.395E-04  0.000E+00  0.000E+00  1.000E-03  1.121E-01
  9.395E-04  9.952E-04  0.000E+00  0.000E+00  1.000E-03  1.121E-01
  9.952E-04  1.054E-03  0.000E+00  0.000E+00  1.000E-03  1.121E-01
  1.054E-03  1.117E-03  0.000E+00  0.000E+00  1.000E-03  1.121E-01
  1.117E-03  1.183E-03  0.000E+00  0.000E+00  1.000E-03  1.121E-01
  1.183E-03  1.254E-03  0.000E+00  0.000E+00  1.000E-03  1.121E-01
  1.254E-03  1.328E-03  0.000E+00  0.000E+00  1.000E-03  1.121E-01
  1.328E-03  1.407E-03  0.000E+00  0.000E+00  1.000E-03  1.121E-01
  1.407E-03  1.490E-03  0.000E+00  0.000E+00  1.000E-03  1.121E-01
  1.490E-03  1.579E-03  0.000E+00  0.000E+00  1.000E-03  1.121E-01
  1.579E-03  1.673E-03  0.000E+00  0.000E+00  1.000E-03  1.121E-01
  1.673E-03  1.772E-03  0.000E+00  0.000E+00  1.000E-03  1.121E-01
  1.772E-03  1.877E-03  0.000E+00  0.000E+00  1.000E-03  1.121E-01
  1.877E-03  1.989E-03  0.000E+00  0.000E+00  1.000E-03  1.121E-01
  1.989E-03  2.107E-03  0.000E+00  0.000E+00  1.000E-03  1.121E-01
  2.107E-03  2.232E-03  0.000E+00  0.000E+00  1.000E-03  1.121E-01
  2.232E-03  2.364E-03  0.000E+00  0.000E+00  1.000E-03  1.121E-01
  2.364E-03  2.505E-03  0.000E+00  0.000E+00  1.000E-03  1.121E-01
  2.505E-03  2.653E-03  0.000E+00  0.000E+00  1.000E-03  1.121E-01
  2.653E-03  2.811E-03  0.000E+00  0.000E+00  1.000E-03  1.121E-01
  2.811E-03  2.978E-03  0.000E+00  0.000E+00  1.000E-03  1.121E-01
  2.978E-03  3.155E-03  0.000E+00  0.000E+00  1.000E-03  1.121E-01
  3.155E-03  3.342E-03  0.000E+00  0.000E+00  1.000E-03  1.121E-01
  3.342E-03  3.541E-03  0.000E+00  0.000E+00  1.000E-03  1.121E-01
  3.541E-03  3.751E-03  0.000E+00  0.000E+00  1.000E-03  1.121E-01
  3.751E-03  3.974E-03  0.000E+00  0.000E+00  1.000E-03  1.121E-01
  3.974E-03  4.210E-03  0.000E+00  0.000E+00  1.000E-03  1.121E-01
  4.210E-03  4.459E-03  0.000E+00  0.000E+00  1.000E-03  1.121E-01
  4.459E-03  4.724E-03  0.000E+00  0.000E+00  1.000E-03  1.121E-01
  4.724E-03  5.005E-03  0.000E+00  0.000E+00  1.000E-03  1.121E-01
  5.005E-03  5.302E-03  0.000E+00  0.000E+00  1.000E-03  1.121E-01
  5.302E-03  5.617E-03  0.000E+00  0.000E+00  1.000E-03  1.121E-01
  5.617E-03  5.950E-03  0.000E+00  0.000E+00  1.000E-03  1.121E-01
  5.950E-03  6.304E-03  0.000E+00  0.000E+00  1.000E-03  1.121E-01
  6.304E-03  6.678E-03  0.000E+00  0.000E+00  1.000E-03  1.121E-01
  6.678E-03  7.075E-03  0.000E+00  0.000E+00  1.000E-03  1.121E-01
  7.075E-03  7.495E-03  0.000E+00  0.000E+00  1.000E-03  1.121E-01
  7.495E-03  7.940E-03  0.000E+00  0.000E+00  1.000E-03  1.121E-01
  7.940E-03  8.411E-03  0.000E+00  0.000E+00  1.000E-03  1.121E-01
  8.411E-03  8.911E-03  0.000E+00  0.000E+00  1.000E-03  1.121E-01
  8.911E-03  9.440E-03  0.000E+00  0.000E+00  1.000E-03  1.121E-01
  9.440E-03  1.000E-02  0.000E+00  0.000E+00  1.000E-03  1.121E-01
  1.000E-02  1.059E-02  0.000E+00  0.000E+00  1.000E-03  1.121E-01
  1.059E-02  1.122E-02  0.000E+00  0.000E+00  1.000E-03  1.121E-01
  1.122E-02  1.189E-02  0.000E+00  0.000E+00  1.000E-03  1.121E-01
  1.189E-02  1.260E-02  0.000E+00  0.000E+00  1.000E-03  1.121E-01
  1.260E-02  1.334E-02  0.000E+00  0.000E+00  1.000E-03  1.121E-01
  1.334E-02  1.414E-02  0.000E+00  0.000E+00  1.000E-03  1.121E-01
  1.414E-02  1.498E-02  0.000E+00  0.000E+00  1.000E-03  1.121E-01
  1.498E-02  1.586E-02  0.000E+00  0.000E+00  1.000E-03  1.121E-01
  1.586E-02  1.681E-02  0.000E+00  0.000E+00  1.000E-03  1.121E-01
  1.681E-02  1.780E-02  0.000E+00  0.000E+00  1.000E-03  1.121E-01
  1.780E-02  1.886E-02  0.000E+00  0.000E+00  1.000E-03  1.121E-01
  1.886E-02  1.998E-02  0.000E+00  0.000E+00  1.000E-03  1.121E-01
  1.998E-02  2.117E-02  0.000E+00  0.000E+00  1.000E-03  1.121E-01
  2.117E-02  2.243E-02  0.000E+00  0.000E+00  1.000E-03  1.121E-01
  2.243E-02  2.376E-02  0.000E+00  0.000E+00  1.000E-03  1.121E-01
  2.376E-02  2.517E-02  0.000E+00  0.000E+00  1.000E-03  1.121E-01
  2.517E-02  2.666E-02  0.000E+00  0.000E+00  1.000E-03  1.121E-01
  2.666E-02  2.825E-02  0.000E+00  0.000E+00  1.000E-03  1.121E-01
  2.825E-02  2.992E-02  0.000E+00  0.000E+00  1.000E-03  1.121E-01
  2.992E-02  3.170E-02  0.000E+00  0.000E+00  1.000E-03  1.121E-01
  3.170E-02  3.358E-02  0.000E+00  0.000E+00  1.000E-03  1.121E-01
  3.358E-02  3.358E-02  0.000E+00  0.000E+00  1.000E-03  1.121E-01

 # Block n:            3    0.112099826      :   12.5663710    
  1.000E-14  1.059E-14  0.000E+00  0.000E+00  1.121E-01  1.257E+01
  1.059E-14  1.122E-14  0.000E+00  0.000E+00  1.121E-01  1.257E+01
  1.122E-14  1.189E-14  0.000E+00  0.000E+00  1.121E-01  1.257E+01
  1.189E-14  1.260E-14  1.137E+06  9.900E+01  1.121E-01  1.257E+01
  1.260E-14  1.334E-14  1.074E+06  9.900E+01  1.121E-01  1.257E+01
  1.334E-14  1.414E-14  0.000E+00  0.000E+00  1.121E-01  1.257E+01
  1.414E-14  1.497E-14  0.000E+00  0.000E+00  1.121E-01  1.257E+01
  1.497E-14  1.586E-14  0.000E+00  0.000E+00  1.121E-01  1.257E+01
  1.586E-14  1.681E-14  0.000E+00  0.000E+00  1.121E-01  1.257E+01
  1.681E-14  1.780E-14  0.000E+00  0.000E+00  1.121E-01  1.257E+01
  1.780E-14  1.886E-14  0.000E+00  0.000E+00  1.121E-01  1.257E+01
  1.886E-14  1.998E-14  0.000E+00  0.000E+00  1.121E-01  1.257E+01
  1.998E-14  2.117E-14  0.000E+00  0.000E+00  1.121E-01  1.257E+01
  2.117E-14  2.242E-14  0.000E+00  0.000E+00  1.121E-01  1.257E+01
  2.242E-14  2.376E-14  6.030E+05  9.900E+01  1.121E-01  1.257E+01
  2.376E-14  2.517E-14  0.000E+00  0.000E+00  1.121E-01  1.257E+01
  2.517E-14  2.666E-14  5.373E+05  9.900E+01  1.121E-01  1.257E+01
  2.666E-14  2.824E-14  0.000E+00  0.000E+00  1.121E-01  1.257E+01
  2.824E-14  2.992E-14  0.000E+00  0.000E+00  1.121E-01  1.257E+01
  2.992E-14  3.170E-14  0.000E+00  0.000E+00  1.121E-01  1.257E+01
  3.170E-14  3.358E-14  0.000E+00  0.000E+00  1.121E-01  1.257E+01
  3.358E-14  3.558E-14  4.027E+05  9.900E+01  1.121E-01  1.257E+01
  3.558E-14  3.769E-14  0.000E+00  0.000E+00  1.121E-01  1.257E+01
  3.769E-14  3.993E-14  0.000E+00  0.000E+00  1.121E-01  1.257E+01
  3.993E-14  4.230E-14  0.000E+00  0.000E+00  1.121E-01  1.257E+01
  4.230E-14  4.481E-14  6.394E+05  7.035E+01  1.121E-01  1.257E+01
  4.481E-14  4.747E-14  0.000E+00  0.000E+00  1.121E-01  1.257E+01
  4.747E-14  5.029E-14  5.697E+05  7.035E+01  1.121E-01  1.257E+01
  5.029E-14  5.327E-14  0.000E+00  0.000E+00  1.121E-01  1.257E+01
  5.327E-14  5.644E-14  0.000E+00  0.000E+00  1.121E-01  1.257E+01
  5.644E-14  5.979E-14  2.396E+05  9.900E+01  1.121E-01  1.257E+01
  5.979E-14  6.334E-14  2.262E+05  9.900E+01  1.121E-01  1.257E+01
  6.334E-14  6.710E-14  4.270E+05  7.035E+01  1.121E-01  1.257E+01
  6.710E-14  7.108E-14  2.015E+05  9.900E+01  1.121E-01  1.257E+01
  7.108E-14  7.531E-14  3.804E+05  7.035E+01  1.121E-01  1.257E+01
  7.531E-14  7.978E-14  7.182E+05  4.924E+01  1.121E-01  1.257E+01
  7.978E-14  8.451E-14  5.085E+05  5.715E+01  1.121E-01  1.257E+01
  8.451E-14  8.953E-14  1.600E+05  9.900E+01  1.121E-01  1.257E+01
  8.953E-14  9.485E-14  0.000E+00  0.000E+00  1.121E-01  1.257E+01
  9.485E-14  1.005E-13  1.426E+05  9.900E+01  1.121E-01  1.257E+01
  1.005E-13  1.064E-13  5.383E+05  4.924E+01  1.121E-01  1.257E+01
  1.064E-13  1.128E-13  6.351E+05  4.381E+01  1.121E-01  1.257E+01
  1.128E-13  1.195E-13  2.398E+05  7.035E+01  1.121E-01  1.257E+01
  1.195E-13  1.266E-13  2.264E+05  7.035E+01  1.121E-01  1.257E+01
  1.266E-13  1.341E-13  5.342E+05  5.222E+01  1.121E-01  1.257E+01
  1.341E-13  1.420E-13  0.000E+00  0.000E+00  1.121E-01  1.257E+01
  1.420E-13  1.505E-13  3.808E+05  6.072E+01  1.121E-01  1.257E+01
  1.505E-13  1.594E-13  8.088E+05  3.565E+01  1.121E-01  1.257E+01
  1.594E-13  1.689E-13  5.938E+05  3.663E+01  1.121E-01  1.257E+01
  1.689E-13  1.789E-13  5.605E+05  3.663E+01  1.121E-01  1.257E+01
  1.789E-13  1.895E-13  6.047E+05  3.408E+01  1.121E-01  1.257E+01
  1.895E-13  2.008E-13  2.140E+05  5.715E+01  1.121E-01  1.257E+01
  2.008E-13  2.127E-13  5.388E+05  3.408E+01  1.121E-01  1.257E+01
  2.127E-13  2.253E-13  9.536E+05  2.392E+01  1.121E-01  1.257E+01
  2.253E-13  2.387E-13  9.001E+05  2.742E+01  1.121E-01  1.257E+01
  2.387E-13  2.529E-13  7.364E+05  2.600E+01  1.121E-01  1.257E+01
  2.529E-13  2.679E-13  8.555E+05  2.303E+01  1.121E-01  1.257E+01
  2.679E-13  2.838E-13  8.076E+05  2.623E+01  1.121E-01  1.257E+01
  2.838E-13  3.007E-13  1.191E+06  1.917E+01  1.121E-01  1.257E+01
  3.007E-13  3.185E-13  8.095E+05  2.418E+01  1.121E-01  1.257E+01
  3.185E-13  3.374E-13  1.104E+06  1.863E+01  1.121E-01  1.257E+01
  3.374E-13  3.575E-13  1.042E+06  2.017E+01  1.121E-01  1.257E+01
  3.575E-13  3.787E-13  9.835E+05  1.782E+01  1.121E-01  1.257E+01
  3.787E-13  4.012E-13  1.071E+06  1.865E+01  1.121E-01  1.257E+01
  4.012E-13  4.250E-13  1.416E+06  1.482E+01  1.121E-01  1.257E+01
  4.250E-13  4.502E-13  1.623E+06  1.539E+01  1.121E-01  1.257E+01
  4.502E-13  4.770E-13  1.291E+06  1.450E+01  1.121E-01  1.257E+01
  4.770E-13  5.053E-13  1.928E+06  1.431E+01  1.121E-01  1.257E+01
  5.053E-13  5.353E-13  2.034E+06  1.185E+01  1.121E-01  1.257E+01
  5.353E-13  5.671E-13  1.996E+06  1.022E+01  1.121E-01  1.257E+01
  5.671E-13  6.008E-13  2.027E+06  9.514E+00  1.121E-01  1.257E+01
  6.008E-13  6.364E-13  2.386E+06  9.464E+00  1.121E-01  1.257E+01
  6.364E-13  6.742E-13  2.677E+06  8.927E+00  1.121E-01  1.257E+01
  6.742E-13  7.143E-13  2.407E+06  8.541E+00  1.121E-01  1.257E+01
  7.143E-13  7.567E-13  2.612E+06  8.847E+00  1.121E-01  1.257E+01
  7.567E-13  8.016E-13  3.377E+06  7.248E+00  1.121E-01  1.257E+01
  8.016E-13  8.492E-13  2.918E+06  6.718E+00  1.121E-01  1.257E+01
  8.492E-13  8.997E-13  3.232E+06  7.190E+00  1.121E-01  1.257E+01
  8.997E-13  9.531E-13  3.667E+06  6.336E+00  1.121E-01  1.257E+01
  9.531E-13  1.010E-12  3.987E+06  6.311E+00  1.121E-01  1.257E+01
  1.010E-12  1.070E-12  4.031E+06  6.256E+00  1.121E-01  1.257E+01
  1.070E-12  1.133E-12  4.450E+06  5.558E+00  1.121E-01  1.257E+01
  1.133E-12  1.200E-12  4.725E+06  5.138E+00  1.121E-01  1.257E+01
  1.200E-12  1.272E-12  5.373E+06  4.701E+00  1.121E-01  1.257E+01
  1.272E-12  1.347E-12  5.199E+06  4.539E+00  1.121E-01  1.257E+01
  1.347E-12  1.427E-12  6.122E+06  4.569E+00  1.121E-01  1.257E+01
  1.427E-12  1.512E-12  6.357E+06  4.004E+00  1.121E-01  1.257E+01
  1.512E-12  1.602E-12  6.913E+06  3.930E+00  1.121E-01  1.257E+01
  1.602E-12  1.697E-12  6.542E+06  3.765E+00  1.121E-01  1.257E+01
  1.697E-12  1.798E-12  7.172E+06  3.343E+00  1.121E-01  1.257E+01
  1.798E-12  1.904E-12  7.778E+06  3.219E+00  1.121E-01  1.257E+01
  1.904E-12  2.017E-12  8.265E+06  3.160E+00  1.121E-01  1.257E+01
  2.017E-12  2.137E-12  8.519E+06  2.553E+00  1.121E-01  1.257E+01
  2.137E-12  2.264E-12  9.148E+06  2.711E+00  1.121E-01  1.257E+01
  2.264E-12  2.399E-12  9.478E+06  2.447E+00  1.121E-01  1.257E+01
  2.399E-12  2.541E-12  1.004E+07  2.541E+00  1.121E-01  1.257E+01
  2.541E-12  2.692E-12  1.097E+07  2.239E+00  1.121E-01  1.257E+01
  2.692E-12  2.852E-12  1.128E+07  2.099E+00  1.121E-01  1.257E+01
  2.852E-12  3.021E-12  1.192E+07  2.006E+00  1.121E-01  1.257E+01
  3.021E-12  3.201E-12  1.300E+07  1.829E+00  1.121E-01  1.257E+01
  3.201E-12  3.391E-12  1.420E+07  1.767E+00  1.121E-01  1.257E+01
  3.391E-12  3.592E-12  1.442E+07  1.541E+00  1.121E-01  1.257E+01
  3.592E-12  3.805E-12  1.606E+07  1.423E+00  1.121E-01  1.257E+01
  3.805E-12  4.031E-12  1.685E+07  1.310E+00  1.121E-01  1.257E+01
  4.031E-12  4.271E-12  1.806E+07  1.475E+00  1.121E-01  1.257E+01
  4.271E-12  4.524E-12  1.940E+07  1.274E+00  1.121E-01  1.257E+01
  4.524E-12  4.793E-12  2.074E+07  1.047E+00  1.121E-01  1.257E+01
  4.793E-12  5.077E-12  2.187E+07  1.085E+00  1.121E-01  1.257E+01
  5.077E-12  5.379E-12  2.272E+07  1.148E+00  1.121E-01  1.257E+01
  5.379E-12  5.698E-12  2.416E+07  9.000E-01  1.121E-01  1.257E+01
  5.698E-12  6.037E-12  2.568E+07  9.347E-01  1.121E-01  1.257E+01
  6.037E-12  6.395E-12  2.727E+07  8.529E-01  1.121E-01  1.257E+01
  6.395E-12  6.775E-12  2.849E+07  8.688E-01  1.121E-01  1.257E+01
  6.775E-12  7.177E-12  2.960E+07  7.013E-01  1.121E-01  1.257E+01
  7.177E-12  7.603E-12  3.186E+07  7.115E-01  1.121E-01  1.257E+01
  7.603E-12  8.055E-12  3.373E+07  7.339E-01  1.121E-01  1.257E+01
  8.055E-12  8.533E-12  3.615E+07  7.532E-01  1.121E-01  1.257E+01
  8.533E-12  9.040E-12  3.870E+07  6.355E-01  1.121E-01  1.257E+01
  9.040E-12  9.577E-12  4.055E+07  6.663E-01  1.121E-01  1.257E+01
  9.577E-12  1.015E-11  4.262E+07  6.148E-01  1.121E-01  1.257E+01
  1.015E-11  1.075E-11  4.512E+07  5.199E-01  1.121E-01  1.257E+01
  1.075E-11  1.139E-11  4.781E+07  5.391E-01  1.121E-01  1.257E+01
  1.139E-11  1.206E-11  4.996E+07  4.943E-01  1.121E-01  1.257E+01
  1.206E-11  1.278E-11  5.262E+07  4.598E-01  1.121E-01  1.257E+01
  1.278E-11  1.354E-11  5.567E+07  3.985E-01  1.121E-01  1.257E+01
  1.354E-11  1.434E-11  5.865E+07  4.184E-01  1.121E-01  1.257E+01
  1.434E-11  1.519E-11  6.157E+07  4.059E-01  1.121E-01  1.257E+01
  1.519E-11  1.609E-11  6.442E+07  3.487E-01  1.121E-01  1.257E+01
  1.609E-11  1.705E-11  6.753E+07  3.410E-01  1.121E-01  1.257E+01
  1.705E-11  1.806E-11  7.115E+07  3.720E-01  1.121E-01  1.257E+01
  1.806E-11  1.914E-11  7.420E+07  3.701E-01  1.121E-01  1.257E+01
  1.914E-11  2.027E-11  7.703E+07  3.102E-01  1.121E-01  1.257E+01
  2.027E-11  2.148E-11  7.977E+07  2.971E-01  1.121E-01  1.257E+01
  2.148E-11  2.275E-11  8.308E+07  2.387E-01  1.121E-01  1.257E+01
  2.275E-11  2.410E-11  8.526E+07  2.463E-01  1.121E-01  1.257E+01
  2.410E-11  2.553E-11  8.827E+07  2.601E-01  1.121E-01  1.257E+01
  2.553E-11  2.705E-11  9.060E+07  2.505E-01  1.121E-01  1.257E+01
  2.705E-11  2.866E-11  9.221E+07  2.150E-01  1.121E-01  1.257E+01
  2.866E-11  3.036E-11  9.463E+07  2.440E-01  1.121E-01  1.257E+01
  3.036E-11  3.216E-11  9.630E+07  2.054E-01  1.121E-01  1.257E+01
  3.216E-11  3.407E-11  9.723E+07  2.074E-01  1.121E-01  1.257E+01
  3.407E-11  3.609E-11  9.806E+07  2.064E-01  1.121E-01  1.257E+01
  3.609E-11  3.824E-11  9.822E+07  2.024E-01  1.121E-01  1.257E+01
  3.824E-11  4.051E-11  9.804E+07  1.864E-01  1.121E-01  1.257E+01
  4.051E-11  4.291E-11  9.774E+07  1.847E-01  1.121E-01  1.257E+01
  4.291E-11  4.546E-11  9.636E+07  1.688E-01  1.121E-01  1.257E+01
  4.546E-11  4.816E-11  9.395E+07  1.705E-01  1.121E-01  1.257E+01
  4.816E-11  5.102E-11  9.192E+07  1.853E-01  1.121E-01  1.257E+01
  5.102E-11  5.405E-11  8.854E+07  1.764E-01  1.121E-01  1.257E+01
  5.405E-11  5.726E-11  8.544E+07  1.652E-01  1.121E-01  1.257E+01
  5.726E-11  6.066E-11  8.110E+07  1.746E-01  1.121E-01  1.257E+01
  6.066E-11  6.426E-11  7.672E+07  1.767E-01  1.121E-01  1.257E+01
  6.426E-11  6.808E-11  7.165E+07  1.820E-01  1.121E-01  1.257E+01
  6.808E-11  7.212E-11  6.684E+07  1.816E-01  1.121E-01  1.257E+01
  7.212E-11  7.640E-11  6.141E+07  1.443E-01  1.121E-01  1.257E+01
  7.640E-11  8.094E-11  5.620E+07  1.765E-01  1.121E-01  1.257E+01
  8.094E-11  8.574E-11  5.097E+07  1.634E-01  1.121E-01  1.257E+01
  8.574E-11  9.083E-11  4.578E+07  1.892E-01  1.121E-01  1.257E+01
  9.083E-11  9.623E-11  4.092E+07  1.767E-01  1.121E-01  1.257E+01
  9.623E-11  1.019E-10  3.614E+07  2.025E-01  1.121E-01  1.257E+01
  1.019E-10  1.080E-10  3.154E+07  1.977E-01  1.121E-01  1.257E+01
  1.080E-10  1.144E-10  2.746E+07  2.203E-01  1.121E-01  1.257E+01
  1.144E-10  1.212E-10  2.375E+07  2.274E-01  1.121E-01  1.257E+01
  1.212E-10  1.284E-10  2.022E+07  2.372E-01  1.121E-01  1.257E+01
  1.284E-10  1.360E-10  1.720E+07  2.538E-01  1.121E-01  1.257E+01
  1.360E-10  1.441E-10  1.453E+07  2.354E-01  1.121E-01  1.257E+01
  1.441E-10  1.527E-10  1.218E+07  2.905E-01  1.121E-01  1.257E+01
  1.527E-10  1.617E-10  1.025E+07  3.323E-01  1.121E-01  1.257E+01
  1.617E-10  1.713E-10  8.571E+06  3.064E-01  1.121E-01  1.257E+01
  1.713E-10  1.815E-10  7.203E+06  3.576E-01  1.121E-01  1.257E+01
  1.815E-10  1.923E-10  6.096E+06  3.575E-01  1.121E-01  1.257E+01
  1.923E-10  2.037E-10  5.207E+06  3.757E-01  1.121E-01  1.257E+01
  2.037E-10  2.158E-10  4.497E+06  3.534E-01  1.121E-01  1.257E+01
  2.158E-10  2.286E-10  3.929E+06  4.219E-01  1.121E-01  1.257E+01
  2.286E-10  2.422E-10  3.457E+06  4.555E-01  1.121E-01  1.257E+01
  2.422E-10  2.566E-10  3.103E+06  4.654E-01  1.121E-01  1.257E+01
  2.566E-10  2.718E-10  2.827E+06  4.065E-01  1.121E-01  1.257E+01
  2.718E-10  2.879E-10  2.596E+06  4.815E-01  1.121E-01  1.257E+01
  2.879E-10  3.050E-10  2.395E+06  4.513E-01  1.121E-01  1.257E+01
  3.050E-10  3.231E-10  2.258E+06  5.060E-01  1.121E-01  1.257E+01
  3.231E-10  3.423E-10  2.114E+06  5.000E-01  1.121E-01  1.257E+01
  3.423E-10  3.627E-10  1.975E+06  4.550E-01  1.121E-01  1.257E+01
  3.627E-10  3.842E-10  1.878E+06  4.744E-01  1.121E-01  1.257E+01
  3.842E-10  4.070E-10  1.763E+06  3.849E-01  1.121E-01  1.257E+01
  4.070E-10  4.312E-10  1.651E+06  4.562E-01  1.121E-01  1.257E+01
  4.312E-10  4.568E-10  1.577E+06  4.901E-01  1.121E-01  1.257E+01
  4.568E-10  4.839E-10  1.491E+06  3.789E-01  1.121E-01  1.257E+01
  4.839E-10  5.126E-10  1.399E+06  3.798E-01  1.121E-01  1.257E+01
  5.126E-10  5.431E-10  1.320E+06  4.527E-01  1.121E-01  1.257E+01
  5.431E-10  5.753E-10  1.239E+06  4.316E-01  1.121E-01  1.257E+01
  5.753E-10  6.095E-10  1.161E+06  4.486E-01  1.121E-01  1.257E+01
  6.095E-10  6.457E-10  1.093E+06  4.776E-01  1.121E-01  1.257E+01
  6.457E-10  6.840E-10  1.038E+06  4.102E-01  1.121E-01  1.257E+01
  6.840E-10  7.247E-10  9.610E+05  4.361E-01  1.121E-01  1.257E+01
  7.247E-10  7.677E-10  9.138E+05  4.369E-01  1.121E-01  1.257E+01
  7.677E-10  8.133E-10  8.489E+05  4.273E-01  1.121E-01  1.257E+01
  8.133E-10  8.616E-10  8.036E+05  3.617E-01  1.121E-01  1.257E+01
  8.616E-10  9.127E-10  7.576E+05  4.180E-01  1.121E-01  1.257E+01
  9.127E-10  9.669E-10  7.169E+05  4.787E-01  1.121E-01  1.257E+01
  9.669E-10  1.024E-09  6.729E+05  4.602E-01  1.121E-01  1.257E+01
  1.024E-09  1.085E-09  6.312E+05  4.374E-01  1.121E-01  1.257E+01
  1.085E-09  1.150E-09  5.982E+05  4.392E-01  1.121E-01  1.257E+01
  1.150E-09  1.218E-09  5.673E+05  4.668E-01  1.121E-01  1.257E+01
  1.218E-09  1.290E-09  5.351E+05  4.195E-01  1.121E-01  1.257E+01
  1.290E-09  1.367E-09  5.016E+05  4.427E-01  1.121E-01  1.257E+01
  1.367E-09  1.448E-09  4.697E+05  4.091E-01  1.121E-01  1.257E+01
  1.448E-09  1.534E-09  4.481E+05  4.885E-01  1.121E-01  1.257E+01
  1.534E-09  1.625E-09  4.191E+05  4.789E-01  1.121E-01  1.257E+01
  1.625E-09  1.722E-09  3.979E+05  4.436E-01  1.121E-01  1.257E+01
  1.722E-09  1.824E-09  3.742E+05  4.383E-01  1.121E-01  1.257E+01
  1.824E-09  1.932E-09  3.547E+05  4.523E-01  1.121E-01  1.257E+01
  1.932E-09  2.047E-09  3.338E+05  4.852E-01  1.121E-01  1.257E+01
  2.047E-09  2.168E-09  3.121E+05  5.238E-01  1.121E-01  1.257E+01
  2.168E-09  2.297E-09  2.950E+05  4.570E-01  1.121E-01  1.257E+01
  2.297E-09  2.433E-09  2.822E+05  4.484E-01  1.121E-01  1.257E+01
  2.433E-09  2.578E-09  2.654E+05  4.705E-01  1.121E-01  1.257E+01
  2.578E-09  2.731E-09  2.500E+05  4.352E-01  1.121E-01  1.257E+01
  2.731E-09  2.893E-09  2.365E+05  4.403E-01  1.121E-01  1.257E+01
  2.893E-09  3.065E-09  2.257E+05  4.580E-01  1.121E-01  1.257E+01
  3.065E-09  3.247E-09  2.113E+05  4.742E-01  1.121E-01  1.257E+01
  3.247E-09  3.440E-09  2.007E+05  4.478E-01  1.121E-01  1.257E+01
  3.440E-09  3.644E-09  1.907E+05  4.529E-01  1.121E-01  1.257E+01
  3.644E-09  3.861E-09  1.803E+05  4.623E-01  1.121E-01  1.257E+01
  3.861E-09  4.090E-09  1.698E+05  5.082E-01  1.121E-01  1.257E+01
  4.090E-09  4.333E-09  1.587E+05  4.265E-01  1.121E-01  1.257E+01
  4.333E-09  4.590E-09  1.503E+05  5.003E-01  1.121E-01  1.257E+01
  4.590E-09  4.862E-09  1.418E+05  4.695E-01  1.121E-01  1.257E+01
  4.862E-09  5.151E-09  1.330E+05  4.439E-01  1.121E-01  1.257E+01
  5.151E-09  5.457E-09  1.253E+05  5.197E-01  1.121E-01  1.257E+01
  5.457E-09  5.781E-09  1.193E+05  4.329E-01  1.121E-01  1.257E+01
  5.781E-09  6.124E-09  1.125E+05  4.080E-01  1.121E-01  1.257E+01
  6.124E-09  6.488E-09  1.061E+05  4.592E-01  1.121E-01  1.257E+01
  6.488E-09  6.873E-09  1.010E+05  4.468E-01  1.121E-01  1.257E+01
  6.873E-09  7.282E-09  9.551E+04  4.495E-01  1.121E-01  1.257E+01
  7.282E-09  7.714E-09  9.021E+04  4.647E-01  1.121E-01  1.257E+01
  7.714E-09  8.172E-09  8.503E+04  4.823E-01  1.121E-01  1.257E+01
  8.172E-09  8.657E-09  7.977E+04  4.583E-01  1.121E-01  1.257E+01
  8.657E-09  9.171E-09  7.646E+04  4.914E-01  1.121E-01  1.257E+01
  9.171E-09  9.716E-09  7.170E+04  4.239E-01  1.121E-01  1.257E+01
  9.716E-09  1.029E-08  6.768E+04  4.484E-01  1.121E-01  1.257E+01
  1.029E-08  1.090E-08  6.410E+04  4.170E-01  1.121E-01  1.257E+01
  1.090E-08  1.155E-08  6.054E+04  4.286E-01  1.121E-01  1.257E+01
  1.155E-08  1.224E-08  5.737E+04  4.560E-01  1.121E-01  1.257E+01
  1.224E-08  1.296E-08  5.417E+04  4.419E-01  1.121E-01  1.257E+01
  1.296E-08  1.373E-08  5.096E+04  4.622E-01  1.121E-01  1.257E+01
  1.373E-08  1.455E-08  4.830E+04  4.275E-01  1.121E-01  1.257E+01
  1.455E-08  1.541E-08  4.556E+04  4.112E-01  1.121E-01  1.257E+01
  1.541E-08  1.633E-08  4.337E+04  4.743E-01  1.121E-01  1.257E+01
  1.633E-08  1.730E-08  4.103E+04  4.099E-01  1.121E-01  1.257E+01
  1.730E-08  1.833E-08  3.874E+04  4.335E-01  1.121E-01  1.257E+01
  1.833E-08  1.941E-08  3.655E+04  4.042E-01  1.121E-01  1.257E+01
  1.941E-08  2.057E-08  3.450E+04  4.478E-01  1.121E-01  1.257E+01
  2.057E-08  2.179E-08  3.237E+04  4.661E-01  1.121E-01  1.257E+01
  2.179E-08  2.308E-08  3.085E+04  4.315E-01  1.121E-01  1.257E+01
  2.308E-08  2.445E-08  2.923E+04  4.451E-01  1.121E-01  1.257E+01
  2.445E-08  2.590E-08  2.764E+04  4.498E-01  1.121E-01  1.257E+01
  2.590E-08  2.744E-08  2.591E+04  4.448E-01  1.121E-01  1.257E+01
  2.744E-08  2.907E-08  2.457E+04  4.705E-01  1.121E-01  1.257E+01
  2.907E-08  3.080E-08  2.326E+04  4.578E-01  1.121E-01  1.257E+01
  3.080E-08  3.263E-08  2.200E+04  5.177E-01  1.121E-01  1.257E+01
  3.263E-08  3.456E-08  2.079E+04  4.151E-01  1.121E-01  1.257E+01
  3.456E-08  3.662E-08  1.946E+04  5.134E-01  1.121E-01  1.257E+01
  3.662E-08  3.879E-08  1.858E+04  4.295E-01  1.121E-01  1.257E+01
  3.879E-08  4.109E-08  1.754E+04  4.098E-01  1.121E-01  1.257E+01
  4.109E-08  4.354E-08  1.658E+04  4.465E-01  1.121E-01  1.257E+01
  4.354E-08  4.612E-08  1.566E+04  4.839E-01  1.121E-01  1.257E+01
  4.612E-08  4.886E-08  1.475E+04  4.209E-01  1.121E-01  1.257E+01
  4.886E-08  5.176E-08  1.406E+04  4.242E-01  1.121E-01  1.257E+01
  5.176E-08  5.483E-08  1.327E+04  4.613E-01  1.121E-01  1.257E+01
  5.483E-08  5.809E-08  1.254E+04  4.537E-01  1.121E-01  1.257E+01
  5.809E-08  6.154E-08  1.181E+04  4.460E-01  1.121E-01  1.257E+01
  6.154E-08  6.519E-08  1.126E+04  4.760E-01  1.121E-01  1.257E+01
  6.519E-08  6.907E-08  1.058E+04  4.706E-01  1.121E-01  1.257E+01
  6.907E-08  7.317E-08  9.944E+03  4.598E-01  1.121E-01  1.257E+01
  7.317E-08  7.751E-08  9.394E+03  4.342E-01  1.121E-01  1.257E+01
  7.751E-08  8.211E-08  8.872E+03  4.153E-01  1.121E-01  1.257E+01
  8.211E-08  8.699E-08  8.399E+03  4.276E-01  1.121E-01  1.257E+01
  8.699E-08  9.216E-08  7.964E+03  4.667E-01  1.121E-01  1.257E+01
  9.216E-08  9.763E-08  7.477E+03  4.165E-01  1.121E-01  1.257E+01
  9.763E-08  1.034E-07  7.084E+03  4.067E-01  1.121E-01  1.257E+01
  1.034E-07  1.096E-07  6.656E+03  4.826E-01  1.121E-01  1.257E+01
  1.096E-07  1.161E-07  6.334E+03  4.925E-01  1.121E-01  1.257E+01
  1.161E-07  1.230E-07  5.989E+03  3.843E-01  1.121E-01  1.257E+01
  1.230E-07  1.303E-07  5.664E+03  4.930E-01  1.121E-01  1.257E+01
  1.303E-07  1.380E-07  5.383E+03  4.350E-01  1.121E-01  1.257E+01
  1.380E-07  1.462E-07  5.039E+03  4.749E-01  1.121E-01  1.257E+01
  1.462E-07  1.549E-07  4.772E+03  4.250E-01  1.121E-01  1.257E+01
  1.549E-07  1.641E-07  4.542E+03  4.258E-01  1.121E-01  1.257E+01
  1.641E-07  1.738E-07  4.294E+03  4.256E-01  1.121E-01  1.257E+01
  1.738E-07  1.841E-07  4.076E+03  4.097E-01  1.121E-01  1.257E+01
  1.841E-07  1.951E-07  3.784E+03  4.209E-01  1.121E-01  1.257E+01
  1.951E-07  2.067E-07  3.623E+03  4.692E-01  1.121E-01  1.257E+01
  2.067E-07  2.189E-07  3.420E+03  4.670E-01  1.121E-01  1.257E+01
  2.189E-07  2.319E-07  3.220E+03  4.060E-01  1.121E-01  1.257E+01
  2.319E-07  2.457E-07  3.068E+03  4.824E-01  1.121E-01  1.257E+01
  2.457E-07  2.603E-07  2.886E+03  4.292E-01  1.121E-01  1.257E+01
  2.603E-07  2.757E-07  2.708E+03  4.116E-01  1.121E-01  1.257E+01
  2.757E-07  2.921E-07  2.583E+03  4.751E-01  1.121E-01  1.257E+01
  2.921E-07  3.095E-07  2.443E+03  3.789E-01  1.121E-01  1.257E+01
  3.095E-07  3.278E-07  2.305E+03  4.251E-01  1.121E-01  1.257E+01
  3.278E-07  3.473E-07  2.179E+03  4.487E-01  1.121E-01  1.257E+01
  3.473E-07  3.679E-07  2.047E+03  5.062E-01  1.121E-01  1.257E+01
  3.679E-07  3.898E-07  1.937E+03  4.710E-01  1.121E-01  1.257E+01
  3.898E-07  4.129E-07  1.837E+03  4.414E-01  1.121E-01  1.257E+01
  4.129E-07  4.375E-07  1.722E+03  4.764E-01  1.121E-01  1.257E+01
  4.375E-07  4.634E-07  1.625E+03  3.933E-01  1.121E-01  1.257E+01
  4.634E-07  4.909E-07  1.535E+03  4.762E-01  1.121E-01  1.257E+01
  4.909E-07  5.201E-07  1.451E+03  4.305E-01  1.121E-01  1.257E+01
  5.201E-07  5.510E-07  1.381E+03  4.814E-01  1.121E-01  1.257E+01
  5.510E-07  5.837E-07  1.312E+03  4.118E-01  1.121E-01  1.257E+01
  5.837E-07  6.184E-07  1.235E+03  4.316E-01  1.121E-01  1.257E+01
  6.184E-07  6.551E-07  1.164E+03  4.184E-01  1.121E-01  1.257E+01
  6.551E-07  6.940E-07  1.105E+03  4.314E-01  1.121E-01  1.257E+01
  6.940E-07  7.352E-07  1.039E+03  3.971E-01  1.121E-01  1.257E+01
  7.352E-07  7.788E-07  9.833E+02  4.693E-01  1.121E-01  1.257E+01
  7.788E-07  8.251E-07  9.243E+02  3.906E-01  1.121E-01  1.257E+01
  8.251E-07  8.741E-07  8.779E+02  4.262E-01  1.121E-01  1.257E+01
  8.741E-07  9.260E-07  8.256E+02  4.443E-01  1.121E-01  1.257E+01
  9.260E-07  9.810E-07  7.880E+02  3.783E-01  1.121E-01  1.257E+01
  9.810E-07  1.039E-06  7.366E+02  4.547E-01  1.121E-01  1.257E+01
  1.039E-06  1.101E-06  7.103E+02  4.182E-01  1.121E-01  1.257E+01
  1.101E-06  1.166E-06  6.594E+02  4.870E-01  1.121E-01  1.257E+01
  1.166E-06  1.236E-06  6.266E+02  4.137E-01  1.121E-01  1.257E+01
  1.236E-06  1.309E-06  5.938E+02  4.005E-01  1.121E-01  1.257E+01
  1.309E-06  1.387E-06  5.600E+02  3.776E-01  1.121E-01  1.257E+01
  1.387E-06  1.469E-06  5.293E+02  3.885E-01  1.121E-01  1.257E+01
  1.469E-06  1.556E-06  5.012E+02  4.618E-01  1.121E-01  1.257E+01
  1.556E-06  1.649E-06  4.734E+02  4.235E-01  1.121E-01  1.257E+01
  1.649E-06  1.747E-06  4.506E+02  4.139E-01  1.121E-01  1.257E+01
  1.747E-06  1.850E-06  4.259E+02  4.391E-01  1.121E-01  1.257E+01
  1.850E-06  1.960E-06  4.018E+02  4.072E-01  1.121E-01  1.257E+01
  1.960E-06  2.077E-06  3.793E+02  4.072E-01  1.121E-01  1.257E+01
  2.077E-06  2.200E-06  3.592E+02  4.956E-01  1.121E-01  1.257E+01
  2.200E-06  2.330E-06  3.395E+02  3.967E-01  1.121E-01  1.257E+01
  2.330E-06  2.469E-06  3.213E+02  4.485E-01  1.121E-01  1.257E+01
  2.469E-06  2.615E-06  3.052E+02  4.134E-01  1.121E-01  1.257E+01
  2.615E-06  2.771E-06  2.849E+02  4.328E-01  1.121E-01  1.257E+01
  2.771E-06  2.935E-06  2.715E+02  4.362E-01  1.121E-01  1.257E+01
  2.935E-06  3.110E-06  2.558E+02  4.028E-01  1.121E-01  1.257E+01
  3.110E-06  3.294E-06  2.416E+02  3.949E-01  1.121E-01  1.257E+01
  3.294E-06  3.490E-06  2.309E+02  4.797E-01  1.121E-01  1.257E+01
  3.490E-06  3.697E-06  2.169E+02  4.254E-01  1.121E-01  1.257E+01
  3.697E-06  3.917E-06  2.065E+02  4.255E-01  1.121E-01  1.257E+01
  3.917E-06  4.149E-06  1.937E+02  4.761E-01  1.121E-01  1.257E+01
  4.149E-06  4.396E-06  1.851E+02  4.173E-01  1.121E-01  1.257E+01
  4.396E-06  4.657E-06  1.745E+02  4.694E-01  1.121E-01  1.257E+01
  4.657E-06  4.933E-06  1.658E+02  4.207E-01  1.121E-01  1.257E+01
  4.933E-06  5.226E-06  1.578E+02  3.824E-01  1.121E-01  1.257E+01
  5.226E-06  5.536E-06  1.481E+02  3.608E-01  1.121E-01  1.257E+01
  5.536E-06  5.865E-06  1.409E+02  4.219E-01  1.121E-01  1.257E+01
  5.865E-06  6.213E-06  1.341E+02  4.239E-01  1.121E-01  1.257E+01
  6.213E-06  6.582E-06  1.260E+02  4.362E-01  1.121E-01  1.257E+01
  6.582E-06  6.973E-06  1.201E+02  4.304E-01  1.121E-01  1.257E+01
  6.973E-06  7.387E-06  1.139E+02  4.368E-01  1.121E-01  1.257E+01
  7.387E-06  7.826E-06  1.082E+02  3.688E-01  1.121E-01  1.257E+01
  7.826E-06  8.291E-06  1.024E+02  4.088E-01  1.121E-01  1.257E+01
  8.291E-06  8.783E-06  9.717E+01  4.088E-01  1.121E-01  1.257E+01
  8.783E-06  9.305E-06  9.267E+01  4.299E-01  1.121E-01  1.257E+01
  9.305E-06  9.857E-06  8.707E+01  3.969E-01  1.121E-01  1.257E+01
  9.857E-06  1.044E-05  8.284E+01  3.872E-01  1.121E-01  1.257E+01
  1.044E-05  1.106E-05  7.838E+01  4.118E-01  1.121E-01  1.257E+01
  1.106E-05  1.172E-05  7.439E+01  4.000E-01  1.121E-01  1.257E+01
  1.172E-05  1.242E-05  7.093E+01  4.611E-01  1.121E-01  1.257E+01
  1.242E-05  1.315E-05  6.699E+01  4.712E-01  1.121E-01  1.257E+01
  1.315E-05  1.393E-05  6.449E+01  4.115E-01  1.121E-01  1.257E+01
  1.393E-05  1.476E-05  6.082E+01  3.628E-01  1.121E-01  1.257E+01
  1.476E-05  1.564E-05  5.780E+01  3.286E-01  1.121E-01  1.257E+01
  1.564E-05  1.657E-05  5.515E+01  3.811E-01  1.121E-01  1.257E+01
  1.657E-05  1.755E-05  5.261E+01  3.977E-01  1.121E-01  1.257E+01
  1.755E-05  1.859E-05  4.997E+01  3.836E-01  1.121E-01  1.257E+01
  1.859E-05  1.970E-05  4.734E+01  3.740E-01  1.121E-01  1.257E+01
  1.970E-05  2.087E-05  4.475E+01  4.154E-01  1.121E-01  1.257E+01
  2.087E-05  2.210E-05  4.316E+01  3.535E-01  1.121E-01  1.257E+01
  2.210E-05  2.342E-05  4.087E+01  3.954E-01  1.121E-01  1.257E+01
  2.342E-05  2.481E-05  3.895E+01  3.358E-01  1.121E-01  1.257E+01
  2.481E-05  2.628E-05  3.714E+01  3.643E-01  1.121E-01  1.257E+01
  2.628E-05  2.784E-05  3.529E+01  3.660E-01  1.121E-01  1.257E+01
  2.784E-05  2.949E-05  3.400E+01  3.683E-01  1.121E-01  1.257E+01
  2.949E-05  3.125E-05  3.238E+01  3.677E-01  1.121E-01  1.257E+01
  3.125E-05  3.310E-05  3.100E+01  3.626E-01  1.121E-01  1.257E+01
  3.310E-05  3.507E-05  2.977E+01  3.644E-01  1.121E-01  1.257E+01
  3.507E-05  3.715E-05  2.855E+01  3.865E-01  1.121E-01  1.257E+01
  3.715E-05  3.936E-05  2.716E+01  3.553E-01  1.121E-01  1.257E+01
  3.936E-05  4.169E-05  2.595E+01  3.542E-01  1.121E-01  1.257E+01
  4.169E-05  4.417E-05  2.500E+01  3.139E-01  1.121E-01  1.257E+01
  4.417E-05  4.679E-05  2.401E+01  3.661E-01  1.121E-01  1.257E+01
  4.679E-05  4.957E-05  2.294E+01  3.331E-01  1.121E-01  1.257E+01
  4.957E-05  5.251E-05  2.193E+01  3.356E-01  1.121E-01  1.257E+01
  5.251E-05  5.563E-05  2.120E+01  3.511E-01  1.121E-01  1.257E+01
  5.563E-05  5.893E-05  2.037E+01  3.530E-01  1.121E-01  1.257E+01
  5.893E-05  6.243E-05  1.954E+01  3.063E-01  1.121E-01  1.257E+01
  6.243E-05  6.614E-05  1.897E+01  3.273E-01  1.121E-01  1.257E+01
  6.614E-05  7.007E-05  1.832E+01  3.042E-01  1.121E-01  1.257E+01
  7.007E-05  7.423E-05  1.757E+01  3.354E-01  1.121E-01  1.257E+01
  7.423E-05  7.864E-05  1.697E+01  3.331E-01  1.121E-01  1.257E+01
  7.864E-05  8.331E-05  1.639E+01  3.157E-01  1.121E-01  1.257E+01
  8.331E-05  8.825E-05  1.593E+01  3.283E-01  1.121E-01  1.257E+01
  8.825E-05  9.349E-05  1.524E+01  3.372E-01  1.121E-01  1.257E+01
  9.349E-05  9.905E-05  1.480E+01  2.991E-01  1.121E-01  1.257E+01
  9.905E-05  1.049E-04  1.442E+01  3.152E-01  1.121E-01  1.257E+01
  1.049E-04  1.112E-04  1.393E+01  2.997E-01  1.121E-01  1.257E+01
  1.112E-04  1.178E-04  1.352E+01  2.984E-01  1.121E-01  1.257E+01
  1.178E-04  1.248E-04  1.314E+01  2.934E-01  1.121E-01  1.257E+01
  1.248E-04  1.322E-04  1.279E+01  2.918E-01  1.121E-01  1.257E+01
  1.322E-04  1.400E-04  1.254E+01  2.693E-01  1.121E-01  1.257E+01
  1.400E-04  1.483E-04  1.223E+01  2.889E-01  1.121E-01  1.257E+01
  1.483E-04  1.571E-04  1.176E+01  2.861E-01  1.121E-01  1.257E+01
  1.571E-04  1.665E-04  1.168E+01  2.932E-01  1.121E-01  1.257E+01
  1.665E-04  1.763E-04  1.138E+01  2.794E-01  1.121E-01  1.257E+01
  1.763E-04  1.868E-04  1.119E+01  2.699E-01  1.121E-01  1.257E+01
  1.868E-04  1.979E-04  1.094E+01  2.284E-01  1.121E-01  1.257E+01
  1.979E-04  2.097E-04  1.075E+01  2.812E-01  1.121E-01  1.257E+01
  2.097E-04  2.221E-04  1.054E+01  2.311E-01  1.121E-01  1.257E+01
  2.221E-04  2.353E-04  1.041E+01  2.639E-01  1.121E-01  1.257E+01
  2.353E-04  2.493E-04  1.021E+01  2.360E-01  1.121E-01  1.257E+01
  2.493E-04  2.641E-04  1.004E+01  2.050E-01  1.121E-01  1.257E+01
  2.641E-04  2.798E-04  9.936E+00  2.338E-01  1.121E-01  1.257E+01
  2.798E-04  2.964E-04  1.002E+01  1.880E-01  1.121E-01  1.257E+01
  2.964E-04  3.140E-04  9.900E+00  2.261E-01  1.121E-01  1.257E+01
  3.140E-04  3.326E-04  9.911E+00  2.008E-01  1.121E-01  1.257E+01
  3.326E-04  3.524E-04  9.850E+00  2.040E-01  1.121E-01  1.257E+01
  3.524E-04  3.733E-04  9.633E+00  1.917E-01  1.121E-01  1.257E+01
  3.733E-04  3.955E-04  9.458E+00  2.007E-01  1.121E-01  1.257E+01
  3.955E-04  4.189E-04  9.087E+00  2.078E-01  1.121E-01  1.257E+01
  4.189E-04  4.438E-04  7.800E+00  2.091E-01  1.121E-01  1.257E+01
  4.438E-04  4.702E-04  8.859E+00  1.839E-01  1.121E-01  1.257E+01
  4.702E-04  4.981E-04  1.011E+01  1.802E-01  1.121E-01  1.257E+01
  4.981E-04  5.277E-04  1.085E+01  1.589E-01  1.121E-01  1.257E+01
  5.277E-04  5.590E-04  1.293E+01  1.470E-01  1.121E-01  1.257E+01
  5.590E-04  5.922E-04  1.586E+01  1.313E-01  1.121E-01  1.257E+01
  5.922E-04  6.274E-04  2.985E+00  3.123E-01  1.121E-01  1.257E+01
  6.274E-04  6.646E-04  0.000E+00  0.000E+00  1.121E-01  1.257E+01
  6.646E-04  7.041E-04  0.000E+00  0.000E+00  1.121E-01  1.257E+01
  7.041E-04  7.459E-04  0.000E+00  0.000E+00  1.121E-01  1.257E+01
  7.459E-04  7.902E-04  0.000E+00  0.000E+00  1.121E-01  1.257E+01
  7.902E-04  8.371E-04  0.000E+00  0.000E+00  1.121E-01  1.257E+01
  8.371E-04  8.868E-04  0.000E+00  0.000E+00  1.121E-01  1.257E+01
  8.868E-04  9.395E-04  0.000E+00  0.000E+00  1.121E-01  1.257E+01
  9.395E-04  9.952E-04  0.000E+00  0.000E+00  1.121E-01  1.257E+01
  9.952E-04  1.054E-03  0.000E+00  0.000E+00  1.121E-01  1.257E+01
  1.054E-03  1.117E-03  0.000E+00  0.000E+00  1.121E-01  1.257E+01
  1.117E-03  1.183E-03  0.000E+00  0.000E+00  1.121E-01  1.257E+01
  1.183E-03  1.254E-03  0.000E+00  0.000E+00  1.121E-01  1.257E+01
  1.254E-03  1.328E-03  0.000E+00  0.000E+00  1.121E-01  1.257E+01
  1.328E-03  1.407E-03  0.000E+00  0.000E+00  1.121E-01  1.257E+01
  1.407E-03  1.490E-03  0.000E+00  0.000E+00  1.121E-01  1.257E+01
  1.490E-03  1.579E-03  0.000E+00  0.000E+00  1.121E-01  1.257E+01
  1.579E-03  1.673E-03  0.000E+00  0.000E+00  1.121E-01  1.257E+01
  1.673E-03  1.772E-03  0.000E+00  0.000E+00  1.121E-01  1.257E+01
  1.772E-03  1.877E-03  0.000E+00  0.000E+00  1.121E-01  1.257E+01
  1.877E-03  1.989E-03  0.000E+00  0.000E+00  1.121E-01  1.257E+01
  1.989E-03  2.107E-03  0.000E+00  0.000E+00  1.121E-01  1.257E+01
  2.107E-03  2.232E-03  0.000E+00  0.000E+00  1.121E-01  1.257E+01
  2.232E-03  2.364E-03  0.000E+00  0.000E+00  1.121E-01  1.257E+01
  2.364E-03  2.505E-03  0.000E+00  0.000E+00  1.121E-01  1.257E+01
  2.505E-03  2.653E-03  0.000E+00  0.000E+00  1.121E-01  1.257E+01
  2.653E-03  2.811E-03  0.000E+00  0.000E+00  1.121E-01  1.257E+01
  2.811E-03  2.978E-03  0.000E+00  0.000E+00  1.121E-01  1.257E+01
  2.978E-03  3.155E-03  0.000E+00  0.000E+00  1.121E-01  1.257E+01
  3.155E-03  3.342E-03  0.000E+00  0.000E+00  1.121E-01  1.257E+01
  3.342E-03  3.541E-03  0.000E+00  0.000E+00  1.121E-01  1.257E+01
  3.541E-03  3.751E-03  0.000E+00  0.000E+00  1.121E-01  1.257E+01
  3.751E-03  3.974E-03  0.000E+00  0.000E+00  1.121E-01  1.257E+01
  3.974E-03  4.210E-03  0.000E+00  0.000E+00  1.121E-01  1.257E+01
  4.210E-03  4.459E-03  0.000E+00  0.000E+00  1.121E-01  1.257E+01
  4.459E-03  4.724E-03  0.000E+00  0.000E+00  1.121E-01  1.257E+01
  4.724E-03  5.005E-03  0.000E+00  0.000E+00  1.121E-01  1.257E+01
  5.005E-03  5.302E-03  0.000E+00  0.000E+00  1.121E-01  1.257E+01
  5.302E-03  5.617E-03  0.000E+00  0.000E+00  1.121E-01  1.257E+01
  5.617E-03  5.950E-03  0.000E+00  0.000E+00  1.121E-01  1.257E+01
  5.950E-03  6.304E-03  0.000E+00  0.000E+00  1.121E-01  1.257E+01
  6.304E-03  6.678E-03  0.000E+00  0.000E+00  1.121E-01  1.257E+01
  6.678E-03  7.075E-03  0.000E+00  0.000E+00  1.121E-01  1.257E+01
  7.075E-03  7.495E-03  0.000E+00  0.000E+00  1.121E-01  1.257E+01
  7.495E-03  7.940E-03  0.000E+00  0.000E+00  1.121E-01  1.257E+01
  7.940E-03  8.411E-03  0.000E+00  0.000E+00  1.121E-01  1.257E+01
  8.411E-03  8.911E-03  0.000E+00  0.000E+00  1.121E-01  1.257E+01
  8.911E-03  9.440E-03  0.000E+00  0.000E+00  1.121E-01  1.257E+01
  9.440E-03  1.000E-02  0.000E+00  0.000E+00  1.121E-01  1.257E+01
  1.000E-02  1.059E-02  0.000E+00  0.000E+00  1.121E-01  1.257E+01
  1.059E-02  1.122E-02  0.000E+00  0.000E+00  1.121E-01  1.257E+01
  1.122E-02  1.189E-02  0.000E+00  0.000E+00  1.121E-01  1.257E+01
  1.189E-02  1.260E-02  0.000E+00  0.000E+00  1.121E-01  1.257E+01
  1.260E-02  1.334E-02  0.000E+00  0.000E+00  1.121E-01  1.257E+01
  1.334E-02  1.414E-02  0.000E+00  0.000E+00  1.121E-01  1.257E+01
  1.414E-02  1.498E-02  0.000E+00  0.000E+00  1.121E-01  1.257E+01
  1.498E-02  1.586E-02  0.000E+00  0.000E+00  1.121E-01  1.257E+01
  1.586E-02  1.681E-02  0.000E+00  0.000E+00  1.121E-01  1.257E+01
  1.681E-02  1.780E-02  0.000E+00  0.000E+00  1.121E-01  1.257E+01
  1.780E-02  1.886E-02  0.000E+00  0.000E+00  1.121E-01  1.257E+01
  1.886E-02  1.998E-02  0.000E+00  0.000E+00  1.121E-01  1.257E+01
  1.998E-02  2.117E-02  0.000E+00  0.000E+00  1.121E-01  1.257E+01
  2.117E-02  2.243E-02  0.000E+00  0.000E+00  1.121E-01  1.257E+01
  2.243E-02  2.376E-02  0.000E+00  0.000E+00  1.121E-01  1.257E+01
  2.376E-02  2.517E-02  0.000E+00  0.000E+00  1.121E-01  1.257E+01
  2.517E-02  2.666E-02  0.000E+00  0.000E+00  1.121E-01  1.257E+01
  2.666E-02  2.825E-02  0.000E+00  0.000E+00  1.121E-01  1.257E+01
  2.825E-02  2.992E-02  0.000E+00  0.000E+00  1.121E-01  1.257E+01
  2.992E-02  3.170E-02  0.000E+00  0.000E+00  1.121E-01  1.257E+01
  3.170E-02  3.358E-02  0.000E+00  0.000E+00  1.121E-01  1.257E+01
  3.358E-02  3.358E-02  0.000E+00  0.000E+00  1.121E-01  1.257E+01

  1.000E-14  1.000E-14  0.000E+00  0.000E+00  1.257E+01  1.257E+01
  1.059E-14  1.059E-14  0.000E+00  0.000E+00  1.257E+01  1.257E+01
  1.122E-14  1.122E-14  0.000E+00  0.000E+00  1.257E+01  1.257E+01
  1.189E-14  1.189E-14  0.000E+00  0.000E+00  1.257E+01  1.257E+01
  1.260E-14  1.260E-14  0.000E+00  0.000E+00  1.257E+01  1.257E+01
  1.334E-14  1.334E-14  0.000E+00  0.000E+00  1.257E+01  1.257E+01
  1.414E-14  1.414E-14  0.000E+00  0.000E+00  1.257E+01  1.257E+01
  1.497E-14  1.497E-14  0.000E+00  0.000E+00  1.257E+01  1.257E+01
  1.586E-14  1.586E-14  0.000E+00  0.000E+00  1.257E+01  1.257E+01
  1.681E-14  1.681E-14  0.000E+00  0.000E+00  1.257E+01  1.257E+01
  1.780E-14  1.780E-14  0.000E+00  0.000E+00  1.257E+01  1.257E+01
  1.886E-14  1.886E-14  0.000E+00  0.000E+00  1.257E+01  1.257E+01
  1.998E-14  1.998E-14  0.000E+00  0.000E+00  1.257E+01  1.257E+01
  2.117E-14  2.117E-14  0.000E+00  0.000E+00  1.257E+01  1.257E+01
  2.242E-14  2.242E-14  0.000E+00  0.000E+00  1.257E+01  1.257E+01
  2.376E-14  2.376E-14  0.000E+00  0.000E+00  1.257E+01  1.257E+01
  2.517E-14  2.517E-14  0.000E+00  0.000E+00  1.257E+01  1.257E+01
  2.666E-14  2.666E-14  0.000E+00  0.000E+00  1.257E+01  1.257E+01
  2.824E-14  2.824E-14  0.000E+00  0.000E+00  1.257E+01  1.257E+01
  2.992E-14  2.992E-14  0.000E+00  0.000E+00  1.257E+01  1.257E+01
  3.170E-14  3.170E-14  0.000E+00  0.000E+00  1.257E+01  1.257E+01
  3.358E-14  3.358E-14  0.000E+00  0.000E+00  1.257E+01  1.257E+01
  3.558E-14  3.558E-14  0.000E+00  0.000E+00  1.257E+01  1.257E+01
  3.769E-14  3.769E-14  0.000E+00  0.000E+00  1.257E+01  1.257E+01
  3.993E-14  3.993E-14  0.000E+00  0.000E+00  1.257E+01  1.257E+01
  4.230E-14  4.230E-14  0.000E+00  0.000E+00  1.257E+01  1.257E+01
  4.481E-14  4.481E-14  0.000E+00  0.000E+00  1.257E+01  1.257E+01
  4.747E-14  4.747E-14  0.000E+00  0.000E+00  1.257E+01  1.257E+01
  5.029E-14  5.029E-14  0.000E+00  0.000E+00  1.257E+01  1.257E+01
  5.327E-14  5.327E-14  0.000E+00  0.000E+00  1.257E+01  1.257E+01
  5.644E-14  5.644E-14  0.000E+00  0.000E+00  1.257E+01  1.257E+01
  5.979E-14  5.979E-14  0.000E+00  0.000E+00  1.257E+01  1.257E+01
  6.334E-14  6.334E-14  0.000E+00  0.000E+00  1.257E+01  1.257E+01
  6.710E-14  6.710E-14  0.000E+00  0.000E+00  1.257E+01  1.257E+01
  7.108E-14  7.108E-14  0.000E+00  0.000E+00  1.257E+01  1.257E+01
  7.531E-14  7.531E-14  0.000E+00  0.000E+00  1.257E+01  1.257E+01
  7.978E-14  7.978E-14  0.000E+00  0.000E+00  1.257E+01  1.257E+01
  8.451E-14  8.451E-14  0.000E+00  0.000E+00  1.257E+01  1.257E+01
  8.953E-14  8.953E-14  0.000E+00  0.000E+00  1.257E+01  1.257E+01
  9.485E-14  9.485E-14  0.000E+00  0.000E+00  1.257E+01  1.257E+01
  1.005E-13  1.005E-13  0.000E+00  0.000E+00  1.257E+01  1.257E+01
  1.064E-13  1.064E-13  0.000E+00  0.000E+00  1.257E+01  1.257E+01
  1.128E-13  1.128E-13  0.000E+00  0.000E+00  1.257E+01  1.257E+01
  1.195E-13  1.195E-13  0.000E+00  0.000E+00  1.257E+01  1.257E+01
  1.266E-13  1.266E-13  0.000E+00  0.000E+00  1.257E+01  1.257E+01
  1.341E-13  1.341E-13  0.000E+00  0.000E+00  1.257E+01  1.257E+01
  1.420E-13  1.420E-13  0.000E+00  0.000E+00  1.257E+01  1.257E+01
  1.505E-13  1.505E-13  0.000E+00  0.000E+00  1.257E+01  1.257E+01
  1.594E-13  1.594E-13  0.000E+00  0.000E+00  1.257E+01  1.257E+01
  1.689E-13  1.689E-13  0.000E+00  0.000E+00  1.257E+01  1.257E+01
  1.789E-13  1.789E-13  0.000E+00  0.000E+00  1.257E+01  1.257E+01
  1.895E-13  1.895E-13  0.000E+00  0.000E+00  1.257E+01  1.257E+01
  2.008E-13  2.008E-13  0.000E+00  0.000E+00  1.257E+01  1.257E+01
  2.127E-13  2.127E-13  0.000E+00  0.000E+00  1.257E+01  1.257E+01
  2.253E-13  2.253E-13  0.000E+00  0.000E+00  1.257E+01  1.257E+01
  2.387E-13  2.387E-13  0.000E+00  0.000E+00  1.257E+01  1.257E+01
  2.529E-13  2.529E-13  0.000E+00  0.000E+00  1.257E+01  1.257E+01
  2.679E-13  2.679E-13  0.000E+00  0.000E+00  1.257E+01  1.257E+01
  2.838E-13  2.838E-13  0.000E+00  0.000E+00  1.257E+01  1.257E+01
  3.007E-13  3.007E-13  0.000E+00  0.000E+00  1.257E+01  1.257E+01
  3.185E-13  3.185E-13  0.000E+00  0.000E+00  1.257E+01  1.257E+01
  3.374E-13  3.374E-13  0.000E+00  0.000E+00  1.257E+01  1.257E+01
  3.575E-13  3.575E-13  0.000E+00  0.000E+00  1.257E+01  1.257E+01
  3.787E-13  3.787E-13  0.000E+00  0.000E+00  1.257E+01  1.257E+01
  4.012E-13  4.012E-13  0.000E+00  0.000E+00  1.257E+01  1.257E+01
  4.250E-13  4.250E-13  0.000E+00  0.000E+00  1.257E+01  1.257E+01
  4.502E-13  4.502E-13  0.000E+00  0.000E+00  1.257E+01  1.257E+01
  4.770E-13  4.770E-13  0.000E+00  0.000E+00  1.257E+01  1.257E+01
  5.053E-13  5.053E-13  0.000E+00  0.000E+00  1.257E+01  1.257E+01
  5.353E-13  5.353E-13  0.000E+00  0.000E+00  1.257E+01  1.257E+01
  5.671E-13  5.671E-13  0.000E+00  0.000E+00  1.257E+01  1.257E+01
  6.008E-13  6.008E-13  0.000E+00  0.000E+00  1.257E+01  1.257E+01
  6.364E-13  6.364E-13  0.000E+00  0.000E+00  1.257E+01  1.257E+01
  6.742E-13  6.742E-13  0.000E+00  0.000E+00  1.257E+01  1.257E+01
  7.143E-13  7.143E-13  0.000E+00  0.000E+00  1.257E+01  1.257E+01
  7.567E-13  7.567E-13  0.000E+00  0.000E+00  1.257E+01  1.257E+01
  8.016E-13  8.016E-13  0.000E+00  0.000E+00  1.257E+01  1.257E+01
  8.492E-13  8.492E-13  0.000E+00  0.000E+00  1.257E+01  1.257E+01
  8.997E-13  8.997E-13  0.000E+00  0.000E+00  1.257E+01  1.257E+01
  9.531E-13  9.531E-13  0.000E+00  0.000E+00  1.257E+01  1.257E+01
  1.010E-12  1.010E-12  0.000E+00  0.000E+00  1.257E+01  1.257E+01
  1.070E-12  1.070E-12  0.000E+00  0.000E+00  1.257E+01  1.257E+01
  1.133E-12  1.133E-12  0.000E+00  0.000E+00  1.257E+01  1.257E+01
  1.200E-12  1.200E-12  0.000E+00  0.000E+00  1.257E+01  1.257E+01
  1.272E-12  1.272E-12  0.000E+00  0.000E+00  1.257E+01  1.257E+01
  1.347E-12  1.347E-12  0.000E+00  0.000E+00  1.257E+01  1.257E+01
  1.427E-12  1.427E-12  0.000E+00  0.000E+00  1.257E+01  1.257E+01
  1.512E-12  1.512E-12  0.000E+00  0.000E+00  1.257E+01  1.257E+01
  1.602E-12  1.602E-12  0.000E+00  0.000E+00  1.257E+01  1.257E+01
  1.697E-12  1.697E-12  0.000E+00  0.000E+00  1.257E+01  1.257E+01
  1.798E-12  1.798E-12  0.000E+00  0.000E+00  1.257E+01  1.257E+01
  1.904E-12  1.904E-12  0.000E+00  0.000E+00  1.257E+01  1.257E+01
  2.017E-12  2.017E-12  0.000E+00  0.000E+00  1.257E+01  1.257E+01
  2.137E-12  2.137E-12  0.000E+00  0.000E+00  1.257E+01  1.257E+01
  2.264E-12  2.264E-12  0.000E+00  0.000E+00  1.257E+01  1.257E+01
  2.399E-12  2.399E-12  0.000E+00  0.000E+00  1.257E+01  1.257E+01
  2.541E-12  2.541E-12  0.000E+00  0.000E+00  1.257E+01  1.257E+01
  2.692E-12  2.692E-12  0.000E+00  0.000E+00  1.257E+01  1.257E+01
  2.852E-12  2.852E-12  0.000E+00  0.000E+00  1.257E+01  1.257E+01
  3.021E-12  3.021E-12  0.000E+00  0.000E+00  1.257E+01  1.257E+01
  3.201E-12  3.201E-12  0.000E+00  0.000E+00  1.257E+01  1.257E+01
  3.391E-12  3.391E-12  0.000E+00  0.000E+00  1.257E+01  1.257E+01
  3.592E-12  3.592E-12  0.000E+00  0.000E+00  1.257E+01  1.257E+01
  3.805E-12  3.805E-12  0.000E+00  0.000E+00  1.257E+01  1.257E+01
  4.031E-12  4.031E-12  0.000E+00  0.000E+00  1.257E+01  1.257E+01
  4.271E-12  4.271E-12  0.000E+00  0.000E+00  1.257E+01  1.257E+01
  4.524E-12  4.524E-12  0.000E+00  0.000E+00  1.257E+01  1.257E+01
  4.793E-12  4.793E-12  0.000E+00  0.000E+00  1.257E+01  1.257E+01
  5.077E-12  5.077E-12  0.000E+00  0.000E+00  1.257E+01  1.257E+01
  5.379E-12  5.379E-12  0.000E+00  0.000E+00  1.257E+01  1.257E+01
  5.698E-12  5.698E-12  0.000E+00  0.000E+00  1.257E+01  1.257E+01
  6.037E-12  6.037E-12  0.000E+00  0.000E+00  1.257E+01  1.257E+01
  6.395E-12  6.395E-12  0.000E+00  0.000E+00  1.257E+01  1.257E+01
  6.775E-12  6.775E-12  0.000E+00  0.000E+00  1.257E+01  1.257E+01
  7.177E-12  7.177E-12  0.000E+00  0.000E+00  1.257E+01  1.257E+01
  7.603E-12  7.603E-12  0.000E+00  0.000E+00  1.257E+01  1.257E+01
  8.055E-12  8.055E-12  0.000E+00  0.000E+00  1.257E+01  1.257E+01
  8.533E-12  8.533E-12  0.000E+00  0.000E+00  1.257E+01  1.257E+01
  9.040E-12  9.040E-12  0.000E+00  0.000E+00  1.257E+01  1.257E+01
  9.577E-12  9.577E-12  0.000E+00  0.000E+00  1.257E+01  1.257E+01
  1.015E-11  1.015E-11  0.000E+00  0.000E+00  1.257E+01  1.257E+01
  1.075E-11  1.075E-11  0.000E+00  0.000E+00  1.257E+01  1.257E+01
  1.139E-11  1.139E-11  0.000E+00  0.000E+00  1.257E+01  1.257E+01
  1.206E-11  1.206E-11  0.000E+00  0.000E+00  1.257E+01  1.257E+01
  1.278E-11  1.278E-11  0.000E+00  0.000E+00  1.257E+01  1.257E+01
  1.354E-11  1.354E-11  0.000E+00  0.000E+00  1.257E+01  1.257E+01
  1.434E-11  1.434E-11  0.000E+00  0.000E+00  1.257E+01  1.257E+01
  1.519E-11  1.519E-11  0.000E+00  0.000E+00  1.257E+01  1.257E+01
  1.609E-11  1.609E-11  0.000E+00  0.000E+00  1.257E+01  1.257E+01
  1.705E-11  1.705E-11  0.000E+00  0.000E+00  1.257E+01  1.257E+01
  1.806E-11  1.806E-11  0.000E+00  0.000E+00  1.257E+01  1.257E+01
  1.914E-11  1.914E-11  0.000E+00  0.000E+00  1.257E+01  1.257E+01
  2.027E-11  2.027E-11  0.000E+00  0.000E+00  1.257E+01  1.257E+01
  2.148E-11  2.148E-11  0.000E+00  0.000E+00  1.257E+01  1.257E+01
  2.275E-11  2.275E-11  0.000E+00  0.000E+00  1.257E+01  1.257E+01
  2.410E-11  2.410E-11  0.000E+00  0.000E+00  1.257E+01  1.257E+01
  2.553E-11  2.553E-11  0.000E+00  0.000E+00  1.257E+01  1.257E+01
  2.705E-11  2.705E-11  0.000E+00  0.000E+00  1.257E+01  1.257E+01
  2.866E-11  2.866E-11  0.000E+00  0.000E+00  1.257E+01  1.257E+01
  3.036E-11  3.036E-11  0.000E+00  0.000E+00  1.257E+01  1.257E+01
  3.216E-11  3.216E-11  0.000E+00  0.000E+00  1.257E+01  1.257E+01
  3.407E-11  3.407E-11  0.000E+00  0.000E+00  1.257E+01  1.257E+01
  3.609E-11  3.609E-11  0.000E+00  0.000E+00  1.257E+01  1.257E+01
  3.824E-11  3.824E-11  0.000E+00  0.000E+00  1.257E+01  1.257E+01
  4.051E-11  4.051E-11  0.000E+00  0.000E+00  1.257E+01  1.257E+01
  4.291E-11  4.291E-11  0.000E+00  0.000E+00  1.257E+01  1.257E+01
  4.546E-11  4.546E-11  0.000E+00  0.000E+00  1.257E+01  1.257E+01
  4.816E-11  4.816E-11  0.000E+00  0.000E+00  1.257E+01  1.257E+01
  5.102E-11  5.102E-11  0.000E+00  0.000E+00  1.257E+01  1.257E+01
  5.405E-11  5.405E-11  0.000E+00  0.000E+00  1.257E+01  1.257E+01
  5.726E-11  5.726E-11  0.000E+00  0.000E+00  1.257E+01  1.257E+01
  6.066E-11  6.066E-11  0.000E+00  0.000E+00  1.257E+01  1.257E+01
  6.426E-11  6.426E-11  0.000E+00  0.000E+00  1.257E+01  1.257E+01
  6.808E-11  6.808E-11  0.000E+00  0.000E+00  1.257E+01  1.257E+01
  7.212E-11  7.212E-11  0.000E+00  0.000E+00  1.257E+01  1.257E+01
  7.640E-11  7.640E-11  0.000E+00  0.000E+00  1.257E+01  1.257E+01
  8.094E-11  8.094E-11  0.000E+00  0.000E+00  1.257E+01  1.257E+01
  8.574E-11  8.574E-11  0.000E+00  0.000E+00  1.257E+01  1.257E+01
  9.083E-11  9.083E-11  0.000E+00  0.000E+00  1.257E+01  1.257E+01
  9.623E-11  9.623E-11  0.000E+00  0.000E+00  1.257E+01  1.257E+01
  1.019E-10  1.019E-10  0.000E+00  0.000E+00  1.257E+01  1.257E+01
  1.080E-10  1.080E-10  0.000E+00  0.000E+00  1.257E+01  1.257E+01
  1.144E-10  1.144E-10  0.000E+00  0.000E+00  1.257E+01  1.257E+01
  1.212E-10  1.212E-10  0.000E+00  0.000E+00  1.257E+01  1.257E+01
  1.284E-10  1.284E-10  0.000E+00  0.000E+00  1.257E+01  1.257E+01
  1.360E-10  1.360E-10  0.000E+00  0.000E+00  1.257E+01  1.257E+01
  1.441E-10  1.441E-10  0.000E+00  0.000E+00  1.257E+01  1.257E+01
  1.527E-10  1.527E-10  0.000E+00  0.000E+00  1.257E+01  1.257E+01
  1.617E-10  1.617E-10  0.000E+00  0.000E+00  1.257E+01  1.257E+01
  1.713E-10  1.713E-10  0.000E+00  0.000E+00  1.257E+01  1.257E+01
  1.815E-10  1.815E-10  0.000E+00  0.000E+00  1.257E+01  1.257E+01
  1.923E-10  1.923E-10  0.000E+00  0.000E+00  1.257E+01  1.257E+01
  2.037E-10  2.037E-10  0.000E+00  0.000E+00  1.257E+01  1.257E+01
  2.158E-10  2.158E-10  0.000E+00  0.000E+00  1.257E+01  1.257E+01
  2.286E-10  2.286E-10  0.000E+00  0.000E+00  1.257E+01  1.257E+01
  2.422E-10  2.422E-10  0.000E+00  0.000E+00  1.257E+01  1.257E+01
  2.566E-10  2.566E-10  0.000E+00  0.000E+00  1.257E+01  1.257E+01
  2.718E-10  2.718E-10  0.000E+00  0.000E+00  1.257E+01  1.257E+01
  2.879E-10  2.879E-10  0.000E+00  0.000E+00  1.257E+01  1.257E+01
  3.050E-10  3.050E-10  0.000E+00  0.000E+00  1.257E+01  1.257E+01
  3.231E-10  3.231E-10  0.000E+00  0.000E+00  1.257E+01  1.257E+01
  3.423E-10  3.423E-10  0.000E+00  0.000E+00  1.257E+01  1.257E+01
  3.627E-10  3.627E-10  0.000E+00  0.000E+00  1.257E+01  1.257E+01
  3.842E-10  3.842E-10  0.000E+00  0.000E+00  1.257E+01  1.257E+01
  4.070E-10  4.070E-10  0.000E+00  0.000E+00  1.257E+01  1.257E+01
  4.312E-10  4.312E-10  0.000E+00  0.000E+00  1.257E+01  1.257E+01
  4.568E-10  4.568E-10  0.000E+00  0.000E+00  1.257E+01  1.257E+01
  4.839E-10  4.839E-10  0.000E+00  0.000E+00  1.257E+01  1.257E+01
  5.126E-10  5.126E-10  0.000E+00  0.000E+00  1.257E+01  1.257E+01
  5.431E-10  5.431E-10  0.000E+00  0.000E+00  1.257E+01  1.257E+01
  5.753E-10  5.753E-10  0.000E+00  0.000E+00  1.257E+01  1.257E+01
  6.095E-10  6.095E-10  0.000E+00  0.000E+00  1.257E+01  1.257E+01
  6.457E-10  6.457E-10  0.000E+00  0.000E+00  1.257E+01  1.257E+01
  6.840E-10  6.840E-10  0.000E+00  0.000E+00  1.257E+01  1.257E+01
  7.247E-10  7.247E-10  0.000E+00  0.000E+00  1.257E+01  1.257E+01
  7.677E-10  7.677E-10  0.000E+00  0.000E+00  1.257E+01  1.257E+01
  8.133E-10  8.133E-10  0.000E+00  0.000E+00  1.257E+01  1.257E+01
  8.616E-10  8.616E-10  0.000E+00  0.000E+00  1.257E+01  1.257E+01
  9.127E-10  9.127E-10  0.000E+00  0.000E+00  1.257E+01  1.257E+01
  9.669E-10  9.669E-10  0.000E+00  0.000E+00  1.257E+01  1.257E+01
  1.024E-09  1.024E-09  0.000E+00  0.000E+00  1.257E+01  1.257E+01
  1.085E-09  1.085E-09  0.000E+00  0.000E+00  1.257E+01  1.257E+01
  1.150E-09  1.150E-09  0.000E+00  0.000E+00  1.257E+01  1.257E+01
  1.218E-09  1.218E-09  0.000E+00  0.000E+00  1.257E+01  1.257E+01
  1.290E-09  1.290E-09  0.000E+00  0.000E+00  1.257E+01  1.257E+01
  1.367E-09  1.367E-09  0.000E+00  0.000E+00  1.257E+01  1.257E+01
  1.448E-09  1.448E-09  0.000E+00  0.000E+00  1.257E+01  1.257E+01
  1.534E-09  1.534E-09  0.000E+00  0.000E+00  1.257E+01  1.257E+01
  1.625E-09  1.625E-09  0.000E+00  0.000E+00  1.257E+01  1.257E+01
  1.722E-09  1.722E-09  0.000E+00  0.000E+00  1.257E+01  1.257E+01
  1.824E-09  1.824E-09  0.000E+00  0.000E+00  1.257E+01  1.257E+01
  1.932E-09  1.932E-09  0.000E+00  0.000E+00  1.257E+01  1.257E+01
  2.047E-09  2.047E-09  0.000E+00  0.000E+00  1.257E+01  1.257E+01
  2.168E-09  2.168E-09  0.000E+00  0.000E+00  1.257E+01  1.257E+01
  2.297E-09  2.297E-09  0.000E+00  0.000E+00  1.257E+01  1.257E+01
  2.433E-09  2.433E-09  0.000E+00  0.000E+00  1.257E+01  1.257E+01
  2.578E-09  2.578E-09  0.000E+00  0.000E+00  1.257E+01  1.257E+01
  2.731E-09  2.731E-09  0.000E+00  0.000E+00  1.257E+01  1.257E+01
  2.893E-09  2.893E-09  0.000E+00  0.000E+00  1.257E+01  1.257E+01
  3.065E-09  3.065E-09  0.000E+00  0.000E+00  1.257E+01  1.257E+01
  3.247E-09  3.247E-09  0.000E+00  0.000E+00  1.257E+01  1.257E+01
  3.440E-09  3.440E-09  0.000E+00  0.000E+00  1.257E+01  1.257E+01
  3.644E-09  3.644E-09  0.000E+00  0.000E+00  1.257E+01  1.257E+01
  3.861E-09  3.861E-09  0.000E+00  0.000E+00  1.257E+01  1.257E+01
  4.090E-09  4.090E-09  0.000E+00  0.000E+00  1.257E+01  1.257E+01
  4.333E-09  4.333E-09  0.000E+00  0.000E+00  1.257E+01  1.257E+01
  4.590E-09  4.590E-09  0.000E+00  0.000E+00  1.257E+01  1.257E+01
  4.862E-09  4.862E-09  0.000E+00  0.000E+00  1.257E+01  1.257E+01
  5.151E-09  5.151E-09  0.000E+00  0.000E+00  1.257E+01  1.257E+01
  5.457E-09  5.457E-09  0.000E+00  0.000E+00  1.257E+01  1.257E+01
  5.781E-09  5.781E-09  0.000E+00  0.000E+00  1.257E+01  1.257E+01
  6.124E-09  6.124E-09  0.000E+00  0.000E+00  1.257E+01  1.257E+01
  6.488E-09  6.488E-09  0.000E+00  0.000E+00  1.257E+01  1.257E+01
  6.873E-09  6.873E-09  0.000E+00  0.000E+00  1.257E+01  1.257E+01
  7.282E-09  7.282E-09  0.000E+00  0.000E+00  1.257E+01  1.257E+01
  7.714E-09  7.714E-09  0.000E+00  0.000E+00  1.257E+01  1.257E+01
  8.172E-09  8.172E-09  0.000E+00  0.000E+00  1.257E+01  1.257E+01
  8.657E-09  8.657E-09  0.000E+00  0.000E+00  1.257E+01  1.257E+01
  9.171E-09  9.171E-09  0.000E+00  0.000E+00  1.257E+01  1.257E+01
  9.716E-09  9.716E-09  0.000E+00  0.000E+00  1.257E+01  1.257E+01
  1.029E-08  1.029E-08  0.000E+00  0.000E+00  1.257E+01  1.257E+01
  1.090E-08  1.090E-08  0.000E+00  0.000E+00  1.257E+01  1.257E+01
  1.155E-08  1.155E-08  0.000E+00  0.000E+00  1.257E+01  1.257E+01
  1.224E-08  1.224E-08  0.000E+00  0.000E+00  1.257E+01  1.257E+01
  1.296E-08  1.296E-08  0.000E+00  0.000E+00  1.257E+01  1.257E+01
  1.373E-08  1.373E-08  0.000E+00  0.000E+00  1.257E+01  1.257E+01
  1.455E-08  1.455E-08  0.000E+00  0.000E+00  1.257E+01  1.257E+01
  1.541E-08  1.541E-08  0.000E+00  0.000E+00  1.257E+01  1.257E+01
  1.633E-08  1.633E-08  0.000E+00  0.000E+00  1.257E+01  1.257E+01
  1.730E-08  1.730E-08  0.000E+00  0.000E+00  1.257E+01  1.257E+01
  1.833E-08  1.833E-08  0.000E+00  0.000E+00  1.257E+01  1.257E+01
  1.941E-08  1.941E-08  0.000E+00  0.000E+00  1.257E+01  1.257E+01
  2.057E-08  2.057E-08  0.000E+00  0.000E+00  1.257E+01  1.257E+01
  2.179E-08  2.179E-08  0.000E+00  0.000E+00  1.257E+01  1.257E+01
  2.308E-08  2.308E-08  0.000E+00  0.000E+00  1.257E+01  1.257E+01
  2.445E-08  2.445E-08  0.000E+00  0.000E+00  1.257E+01  1.257E+01
  2.590E-08  2.590E-08  0.000E+00  0.000E+00  1.257E+01  1.257E+01
  2.744E-08  2.744E-08  0.000E+00  0.000E+00  1.257E+01  1.257E+01
  2.907E-08  2.907E-08  0.000E+00  0.000E+00  1.257E+01  1.257E+01
  3.080E-08  3.080E-08  0.000E+00  0.000E+00  1.257E+01  1.257E+01
  3.263E-08  3.263E-08  0.000E+00  0.000E+00  1.257E+01  1.257E+01
  3.456E-08  3.456E-08  0.000E+00  0.000E+00  1.257E+01  1.257E+01
  3.662E-08  3.662E-08  0.000E+00  0.000E+00  1.257E+01  1.257E+01
  3.879E-08  3.879E-08  0.000E+00  0.000E+00  1.257E+01  1.257E+01
  4.109E-08  4.109E-08  0.000E+00  0.000E+00  1.257E+01  1.257E+01
  4.354E-08  4.354E-08  0.000E+00  0.000E+00  1.257E+01  1.257E+01
  4.612E-08  4.612E-08  0.000E+00  0.000E+00  1.257E+01  1.257E+01
  4.886E-08  4.886E-08  0.000E+00  0.000E+00  1.257E+01  1.257E+01
  5.176E-08  5.176E-08  0.000E+00  0.000E+00  1.257E+01  1.257E+01
  5.483E-08  5.483E-08  0.000E+00  0.000E+00  1.257E+01  1.257E+01
  5.809E-08  5.809E-08  0.000E+00  0.000E+00  1.257E+01  1.257E+01
  6.154E-08  6.154E-08  0.000E+00  0.000E+00  1.257E+01  1.257E+01
  6.519E-08  6.519E-08  0.000E+00  0.000E+00  1.257E+01  1.257E+01
  6.907E-08  6.907E-08  0.000E+00  0.000E+00  1.257E+01  1.257E+01
  7.317E-08  7.317E-08  0.000E+00  0.000E+00  1.257E+01  1.257E+01
  7.751E-08  7.751E-08  0.000E+00  0.000E+00  1.257E+01  1.257E+01
  8.211E-08  8.211E-08  0.000E+00  0.000E+00  1.257E+01  1.257E+01
  8.699E-08  8.699E-08  0.000E+00  0.000E+00  1.257E+01  1.257E+01
  9.216E-08  9.216E-08  0.000E+00  0.000E+00  1.257E+01  1.257E+01
  9.763E-08  9.763E-08  0.000E+00  0.000E+00  1.257E+01  1.257E+01
  1.034E-07  1.034E-07  0.000E+00  0.000E+00  1.257E+01  1.257E+01
  1.096E-07  1.096E-07  0.000E+00  0.000E+00  1.257E+01  1.257E+01
  1.161E-07  1.161E-07  0.000E+00  0.000E+00  1.257E+01  1.257E+01
  1.230E-07  1.230E-07  0.000E+00  0.000E+00  1.257E+01  1.257E+01
  1.303E-07  1.303E-07  0.000E+00  0.000E+00  1.257E+01  1.257E+01
  1.380E-07  1.380E-07  0.000E+00  0.000E+00  1.257E+01  1.257E+01
  1.462E-07  1.462E-07  0.000E+00  0.000E+00  1.257E+01  1.257E+01
  1.549E-07  1.549E-07  0.000E+00  0.000E+00  1.257E+01  1.257E+01
  1.641E-07  1.641E-07  0.000E+00  0.000E+00  1.257E+01  1.257E+01
  1.738E-07  1.738E-07  0.000E+00  0.000E+00  1.257E+01  1.257E+01
  1.841E-07  1.841E-07  0.000E+00  0.000E+00  1.257E+01  1.257E+01
  1.951E-07  1.951E-07  0.000E+00  0.000E+00  1.257E+01  1.257E+01
  2.067E-07  2.067E-07  0.000E+00  0.000E+00  1.257E+01  1.257E+01
  2.189E-07  2.189E-07  0.000E+00  0.000E+00  1.257E+01  1.257E+01
  2.319E-07  2.319E-07  0.000E+00  0.000E+00  1.257E+01  1.257E+01
  2.457E-07  2.457E-07  0.000E+00  0.000E+00  1.257E+01  1.257E+01
  2.603E-07  2.603E-07  0.000E+00  0.000E+00  1.257E+01  1.257E+01
  2.757E-07  2.757E-07  0.000E+00  0.000E+00  1.257E+01  1.257E+01
  2.921E-07  2.921E-07  0.000E+00  0.000E+00  1.257E+01  1.257E+01
  3.095E-07  3.095E-07  0.000E+00  0.000E+00  1.257E+01  1.257E+01
  3.278E-07  3.278E-07  0.000E+00  0.000E+00  1.257E+01  1.257E+01
  3.473E-07  3.473E-07  0.000E+00  0.000E+00  1.257E+01  1.257E+01
  3.679E-07  3.679E-07  0.000E+00  0.000E+00  1.257E+01  1.257E+01
  3.898E-07  3.898E-07  0.000E+00  0.000E+00  1.257E+01  1.257E+01
  4.129E-07  4.129E-07  0.000E+00  0.000E+00  1.257E+01  1.257E+01
  4.375E-07  4.375E-07  0.000E+00  0.000E+00  1.257E+01  1.257E+01
  4.634E-07  4.634E-07  0.000E+00  0.000E+00  1.257E+01  1.257E+01
  4.909E-07  4.909E-07  0.000E+00  0.000E+00  1.257E+01  1.257E+01
  5.201E-07  5.201E-07  0.000E+00  0.000E+00  1.257E+01  1.257E+01
  5.510E-07  5.510E-07  0.000E+00  0.000E+00  1.257E+01  1.257E+01
  5.837E-07  5.837E-07  0.000E+00  0.000E+00  1.257E+01  1.257E+01
  6.184E-07  6.184E-07  0.000E+00  0.000E+00  1.257E+01  1.257E+01
  6.551E-07  6.551E-07  0.000E+00  0.000E+00  1.257E+01  1.257E+01
  6.940E-07  6.940E-07  0.000E+00  0.000E+00  1.257E+01  1.257E+01
  7.352E-07  7.352E-07  0.000E+00  0.000E+00  1.257E+01  1.257E+01
  7.788E-07  7.788E-07  0.000E+00  0.000E+00  1.257E+01  1.257E+01
  8.251E-07  8.251E-07  0.000E+00  0.000E+00  1.257E+01  1.257E+01
  8.741E-07  8.741E-07  0.000E+00  0.000E+00  1.257E+01  1.257E+01
  9.260E-07  9.260E-07  0.000E+00  0.000E+00  1.257E+01  1.257E+01
  9.810E-07  9.810E-07  0.000E+00  0.000E+00  1.257E+01  1.257E+01
  1.039E-06  1.039E-06  0.000E+00  0.000E+00  1.257E+01  1.257E+01
  1.101E-06  1.101E-06  0.000E+00  0.000E+00  1.257E+01  1.257E+01
  1.166E-06  1.166E-06  0.000E+00  0.000E+00  1.257E+01  1.257E+01
  1.236E-06  1.236E-06  0.000E+00  0.000E+00  1.257E+01  1.257E+01
  1.309E-06  1.309E-06  0.000E+00  0.000E+00  1.257E+01  1.257E+01
  1.387E-06  1.387E-06  0.000E+00  0.000E+00  1.257E+01  1.257E+01
  1.469E-06  1.469E-06  0.000E+00  0.000E+00  1.257E+01  1.257E+01
  1.556E-06  1.556E-06  0.000E+00  0.000E+00  1.257E+01  1.257E+01
  1.649E-06  1.649E-06  0.000E+00  0.000E+00  1.257E+01  1.257E+01
  1.747E-06  1.747E-06  0.000E+00  0.000E+00  1.257E+01  1.257E+01
  1.850E-06  1.850E-06  0.000E+00  0.000E+00  1.257E+01  1.257E+01
  1.960E-06  1.960E-06  0.000E+00  0.000E+00  1.257E+01  1.257E+01
  2.077E-06  2.077E-06  0.000E+00  0.000E+00  1.257E+01  1.257E+01
  2.200E-06  2.200E-06  0.000E+00  0.000E+00  1.257E+01  1.257E+01
  2.330E-06  2.330E-06  0.000E+00  0.000E+00  1.257E+01  1.257E+01
  2.469E-06  2.469E-06  0.000E+00  0.000E+00  1.257E+01  1.257E+01
  2.615E-06  2.615E-06  0.000E+00  0.000E+00  1.257E+01  1.257E+01
  2.771E-06  2.771E-06  0.000E+00  0.000E+00  1.257E+01  1.257E+01
  2.935E-06  2.935E-06  0.000E+00  0.000E+00  1.257E+01  1.257E+01
  3.110E-06  3.110E-06  0.000E+00  0.000E+00  1.257E+01  1.257E+01
  3.294E-06  3.294E-06  0.000E+00  0.000E+00  1.257E+01  1.257E+01
  3.490E-06  3.490E-06  0.000E+00  0.000E+00  1.257E+01  1.257E+01
  3.697E-06  3.697E-06  0.000E+00  0.000E+00  1.257E+01  1.257E+01
  3.917E-06  3.917E-06  0.000E+00  0.000E+00  1.257E+01  1.257E+01
  4.149E-06  4.149E-06  0.000E+00  0.000E+00  1.257E+01  1.257E+01
  4.396E-06  4.396E-06  0.000E+00  0.000E+00  1.257E+01  1.257E+01
  4.657E-06  4.657E-06  0.000E+00  0.000E+00  1.257E+01  1.257E+01
  4.933E-06  4.933E-06  0.000E+00  0.000E+00  1.257E+01  1.257E+01
  5.226E-06  5.226E-06  0.000E+00  0.000E+00  1.257E+01  1.257E+01
  5.536E-06  5.536E-06  0.000E+00  0.000E+00  1.257E+01  1.257E+01
  5.865E-06  5.865E-06  0.000E+00  0.000E+00  1.257E+01  1.257E+01
  6.213E-06  6.213E-06  0.000E+00  0.000E+00  1.257E+01  1.257E+01
  6.582E-06  6.582E-06  0.000E+00  0.000E+00  1.257E+01  1.257E+01
  6.973E-06  6.973E-06  0.000E+00  0.000E+00  1.257E+01  1.257E+01
  7.387E-06  7.387E-06  0.000E+00  0.000E+00  1.257E+01  1.257E+01
  7.826E-06  7.826E-06  0.000E+00  0.000E+00  1.257E+01  1.257E+01
  8.291E-06  8.291E-06  0.000E+00  0.000E+00  1.257E+01  1.257E+01
  8.783E-06  8.783E-06  0.000E+00  0.000E+00  1.257E+01  1.257E+01
  9.305E-06  9.305E-06  0.000E+00  0.000E+00  1.257E+01  1.257E+01
  9.857E-06  9.857E-06  0.000E+00  0.000E+00  1.257E+01  1.257E+01
  1.044E-05  1.044E-05  0.000E+00  0.000E+00  1.257E+01  1.257E+01
  1.106E-05  1.106E-05  0.000E+00  0.000E+00  1.257E+01  1.257E+01
  1.172E-05  1.172E-05  0.000E+00  0.000E+00  1.257E+01  1.257E+01
  1.242E-05  1.242E-05  0.000E+00  0.000E+00  1.257E+01  1.257E+01
  1.315E-05  1.315E-05  0.000E+00  0.000E+00  1.257E+01  1.257E+01
  1.393E-05  1.393E-05  0.000E+00  0.000E+00  1.257E+01  1.257E+01
  1.476E-05  1.476E-05  0.000E+00  0.000E+00  1.257E+01  1.257E+01
  1.564E-05  1.564E-05  0.000E+00  0.000E+00  1.257E+01  1.257E+01
  1.657E-05  1.657E-05  0.000E+00  0.000E+00  1.257E+01  1.257E+01
  1.755E-05  1.755E-05  0.000E+00  0.000E+00  1.257E+01  1.257E+01
  1.859E-05  1.859E-05  0.000E+00  0.000E+00  1.257E+01  1.257E+01
  1.970E-05  1.970E-05  0.000E+00  0.000E+00  1.257E+01  1.257E+01
  2.087E-05  2.087E-05  0.000E+00  0.000E+00  1.257E+01  1.257E+01
  2.210E-05  2.210E-05  0.000E+00  0.000E+00  1.257E+01  1.257E+01
  2.342E-05  2.342E-05  0.000E+00  0.000E+00  1.257E+01  1.257E+01
  2.481E-05  2.481E-05  0.000E+00  0.000E+00  1.257E+01  1.257E+01
  2.628E-05  2.628E-05  0.000E+00  0.000E+00  1.257E+01  1.257E+01
  2.784E-05  2.784E-05  0.000E+00  0.000E+00  1.257E+01  1.257E+01
  2.949E-05  2.949E-05  0.000E+00  0.000E+00  1.257E+01  1.257E+01
  3.125E-05  3.125E-05  0.000E+00  0.000E+00  1.257E+01  1.257E+01
  3.310E-05  3.310E-05  0.000E+00  0.000E+00  1.257E+01  1.257E+01
  3.507E-05  3.507E-05  0.000E+00  0.000E+00  1.257E+01  1.257E+01
  3.715E-05  3.715E-05  0.000E+00  0.000E+00  1.257E+01  1.257E+01
  3.936E-05  3.936E-05  0.000E+00  0.000E+00  1.257E+01  1.257E+01
  4.169E-05  4.169E-05  0.000E+00  0.000E+00  1.257E+01  1.257E+01
  4.417E-05  4.417E-05  0.000E+00  0.000E+00  1.257E+01  1.257E+01
  4.679E-05  4.679E-05  0.000E+00  0.000E+00  1.257E+01  1.257E+01
  4.957E-05  4.957E-05  0.000E+00  0.000E+00  1.257E+01  1.257E+01
  5.251E-05  5.251E-05  0.000E+00  0.000E+00  1.257E+01  1.257E+01
  5.563E-05  5.563E-05  0.000E+00  0.000E+00  1.257E+01  1.257E+01
  5.893E-05  5.893E-05  0.000E+00  0.000E+00  1.257E+01  1.257E+01
  6.243E-05  6.243E-05  0.000E+00  0.000E+00  1.257E+01  1.257E+01
  6.614E-05  6.614E-05  0.000E+00  0.000E+00  1.257E+01  1.257E+01
  7.007E-05  7.007E-05  0.000E+00  0.000E+00  1.257E+01  1.257E+01
  7.423E-05  7.423E-05  0.000E+00  0.000E+00  1.257E+01  1.257E+01
  7.864E-05  7.864E-05  0.000E+00  0.000E+00  1.257E+01  1.257E+01
  8.331E-05  8.331E-05  0.000E+00  0.000E+00  1.257E+01  1.257E+01
  8.825E-05  8.825E-05  0.000E+00  0.000E+00  1.257E+01  1.257E+01
  9.349E-05  9.349E-05  0.000E+00  0.000E+00  1.257E+01  1.257E+01
  9.905E-05  9.905E-05  0.000E+00  0.000E+00  1.257E+01  1.257E+01
  1.049E-04  1.049E-04  0.000E+00  0.000E+00  1.257E+01  1.257E+01
  1.112E-04  1.112E-04  0.000E+00  0.000E+00  1.257E+01  1.257E+01
  1.178E-04  1.178E-04  0.000E+00  0.000E+00  1.257E+01  1.257E+01
  1.248E-04  1.248E-04  0.000E+00  0.000E+00  1.257E+01  1.257E+01
  1.322E-04  1.322E-04  0.000E+00  0.000E+00  1.257E+01  1.257E+01
  1.400E-04  1.400E-04  0.000E+00  0.000E+00  1.257E+01  1.257E+01
  1.483E-04  1.483E-04  0.000E+00  0.000E+00  1.257E+01  1.257E+01
  1.571E-04  1.571E-04  0.000E+00  0.000E+00  1.257E+01  1.257E+01
  1.665E-04  1.665E-04  0.000E+00  0.000E+00  1.257E+01  1.257E+01
  1.763E-04  1.763E-04  0.000E+00  0.000E+00  1.257E+01  1.257E+01
  1.868E-04  1.868E-04  0.000E+00  0.000E+00  1.257E+01  1.257E+01
  1.979E-04  1.979E-04  0.000E+00  0.000E+00  1.257E+01  1.257E+01
  2.097E-04  2.097E-04  0.000E+00  0.000E+00  1.257E+01  1.257E+01
  2.221E-04  2.221E-04  0.000E+00  0.000E+00  1.257E+01  1.257E+01
  2.353E-04  2.353E-04  0.000E+00  0.000E+00  1.257E+01  1.257E+01
  2.493E-04  2.493E-04  0.000E+00  0.000E+00  1.257E+01  1.257E+01
  2.641E-04  2.641E-04  0.000E+00  0.000E+00  1.257E+01  1.257E+01
  2.798E-04  2.798E-04  0.000E+00  0.000E+00  1.257E+01  1.257E+01
  2.964E-04  2.964E-04  0.000E+00  0.000E+00  1.257E+01  1.257E+01
  3.140E-04  3.140E-04  0.000E+00  0.000E+00  1.257E+01  1.257E+01
  3.326E-04  3.326E-04  0.000E+00  0.000E+00  1.257E+01  1.257E+01
  3.524E-04  3.524E-04  0.000E+00  0.000E+00  1.257E+01  1.257E+01
  3.733E-04  3.733E-04  0.000E+00  0.000E+00  1.257E+01  1.257E+01
  3.955E-04  3.955E-04  0.000E+00  0.000E+00  1.257E+01  1.257E+01
  4.189E-04  4.189E-04  0.000E+00  0.000E+00  1.257E+01  1.257E+01
  4.438E-04  4.438E-04  0.000E+00  0.000E+00  1.257E+01  1.257E+01
  4.702E-04  4.702E-04  0.000E+00  0.000E+00  1.257E+01  1.257E+01
  4.981E-04  4.981E-04  0.000E+00  0.000E+00  1.257E+01  1.257E+01
  5.277E-04  5.277E-04  0.000E+00  0.000E+00  1.257E+01  1.257E+01
  5.590E-04  5.590E-04  0.000E+00  0.000E+00  1.257E+01  1.257E+01
  5.922E-04  5.922E-04  0.000E+00  0.000E+00  1.257E+01  1.257E+01
  6.274E-04  6.274E-04  0.000E+00  0.000E+00  1.257E+01  1.257E+01
  6.646E-04  6.646E-04  0.000E+00  0.000E+00  1.257E+01  1.257E+01
  7.041E-04  7.041E-04  0.000E+00  0.000E+00  1.257E+01  1.257E+01
  7.459E-04  7.459E-04  0.000E+00  0.000E+00  1.257E+01  1.257E+01
  7.902E-04  7.902E-04  0.000E+00  0.000E+00  1.257E+01  1.257E+01
  8.371E-04  8.371E-04  0.000E+00  0.000E+00  1.257E+01  1.257E+01
  8.868E-04  8.868E-04  0.000E+00  0.000E+00  1.257E+01  1.257E+01
  9.395E-04  9.395E-04  0.000E+00  0.000E+00  1.257E+01  1.257E+01
  9.952E-04  9.952E-04  0.000E+00  0.000E+00  1.257E+01  1.257E+01
  1.054E-03  1.054E-03  0.000E+00  0.000E+00  1.257E+01  1.257E+01
  1.117E-03  1.117E-03  0.000E+00  0.000E+00  1.257E+01  1.257E+01
  1.183E-03  1.183E-03  0.000E+00  0.000E+00  1.257E+01  1.257E+01
  1.254E-03  1.254E-03  0.000E+00  0.000E+00  1.257E+01  1.257E+01
  1.328E-03  1.328E-03  0.000E+00  0.000E+00  1.257E+01  1.257E+01
  1.407E-03  1.407E-03  0.000E+00  0.000E+00  1.257E+01  1.257E+01
  1.490E-03  1.490E-03  0.000E+00  0.000E+00  1.257E+01  1.257E+01
  1.579E-03  1.579E-03  0.000E+00  0.000E+00  1.257E+01  1.257E+01
  1.673E-03  1.673E-03  0.000E+00  0.000E+00  1.257E+01  1.257E+01
  1.772E-03  1.772E-03  0.000E+00  0.000E+00  1.257E+01  1.257E+01
  1.877E-03  1.877E-03  0.000E+00  0.000E+00  1.257E+01  1.257E+01
  1.989E-03  1.989E-03  0.000E+00  0.000E+00  1.257E+01  1.257E+01
  2.107E-03  2.107E-03  0.000E+00  0.000E+00  1.257E+01  1.257E+01
  2.232E-03  2.232E-03  0.000E+00  0.000E+00  1.257E+01  1.257E+01
  2.364E-03  2.364E-03  0.000E+00  0.000E+00  1.257E+01  1.257E+01
  2.505E-03  2.505E-03  0.000E+00  0.000E+00  1.257E+01  1.257E+01
  2.653E-03  2.653E-03  0.000E+00  0.000E+00  1.257E+01  1.257E+01
  2.811E-03  2.811E-03  0.000E+00  0.000E+00  1.257E+01  1.257E+01
  2.978E-03  2.978E-03  0.000E+00  0.000E+00  1.257E+01  1.257E+01
  3.155E-03  3.155E-03  0.000E+00  0.000E+00  1.257E+01  1.257E+01
  3.342E-03  3.342E-03  0.000E+00  0.000E+00  1.257E+01  1.257E+01
  3.541E-03  3.541E-03  0.000E+00  0.000E+00  1.257E+01  1.257E+01
  3.751E-03  3.751E-03  0.000E+00  0.000E+00  1.257E+01  1.257E+01
  3.974E-03  3.974E-03  0.000E+00  0.000E+00  1.257E+01  1.257E+01
  4.210E-03  4.210E-03  0.000E+00  0.000E+00  1.257E+01  1.257E+01
  4.459E-03  4.459E-03  0.000E+00  0.000E+00  1.257E+01  1.257E+01
  4.724E-03  4.724E-03  0.000E+00  0.000E+00  1.257E+01  1.257E+01
  5.005E-03  5.005E-03  0.000E+00  0.000E+00  1.257E+01  1.257E+01
  5.302E-03  5.302E-03  0.000E+00  0.000E+00  1.257E+01  1.257E+01
  5.617E-03  5.617E-03  0.000E+00  0.000E+00  1.257E+01  1.257E+01
  5.950E-03  5.950E-03  0.000E+00  0.000E+00  1.257E+01  1.257E+01
  6.304E-03  6.304E-03  0.000E+00  0.000E+00  1.257E+01  1.257E+01
  6.678E-03  6.678E-03  0.000E+00  0.000E+00  1.257E+01  1.257E+01
  7.075E-03  7.075E-03  0.000E+00  0.000E+00  1.257E+01  1.257E+01
  7.495E-03  7.495E-03  0.000E+00  0.000E+00  1.257E+01  1.257E+01
  7.940E-03  7.940E-03  0.000E+00  0.000E+00  1.257E+01  1.257E+01
  8.411E-03  8.411E-03  0.000E+00  0.000E+00  1.257E+01  1.257E+01
  8.911E-03  8.911E-03  0.000E+00  0.000E+00  1.257E+01  1.257E+01
  9.440E-03  9.440E-03  0.000E+00  0.000E+00  1.257E+01  1.257E+01
  1.000E-02  1.000E-02  0.000E+00  0.000E+00  1.257E+01  1.257E+01
  1.059E-02  1.059E-02  0.000E+00  0.000E+00  1.257E+01  1.257E+01
  1.122E-02  1.122E-02  0.000E+00  0.000E+00  1.257E+01  1.257E+01
  1.189E-02  1.189E-02  0.000E+00  0.000E+00  1.257E+01  1.257E+01
  1.260E-02  1.260E-02  0.000E+00  0.000E+00  1.257E+01  1.257E+01
  1.334E-02  1.334E-02  0.000E+00  0.000E+00  1.257E+01  1.257E+01
  1.414E-02  1.414E-02  0.000E+00  0.000E+00  1.257E+01  1.257E+01
  1.498E-02  1.498E-02  0.000E+00  0.000E+00  1.257E+01  1.257E+01
  1.586E-02  1.586E-02  0.000E+00  0.000E+00  1.257E+01  1.257E+01
  1.681E-02  1.681E-02  0.000E+00  0.000E+00  1.257E+01  1.257E+01
  1.780E-02  1.780E-02  0.000E+00  0.000E+00  1.257E+01  1.257E+01
  1.886E-02  1.886E-02  0.000E+00  0.000E+00  1.257E+01  1.257E+01
  1.998E-02  1.998E-02  0.000E+00  0.000E+00  1.257E+01  1.257E+01
  2.117E-02  2.117E-02  0.000E+00  0.000E+00  1.257E+01  1.257E+01
  2.243E-02  2.243E-02  0.000E+00  0.000E+00  1.257E+01  1.257E+01
  2.376E-02  2.376E-02  0.000E+00  0.000E+00  1.257E+01  1.257E+01
  2.517E-02  2.517E-02  0.000E+00  0.000E+00  1.257E+01  1.257E+01
  2.666E-02  2.666E-02  0.000E+00  0.000E+00  1.257E+01  1.257E+01
  2.825E-02  2.825E-02  0.000E+00  0.000E+00  1.257E+01  1.257E+01
  2.992E-02  2.992E-02  0.000E+00  0.000E+00  1.257E+01  1.257E+01
  3.170E-02  3.170E-02  0.000E+00  0.000E+00  1.257E+01  1.257E+01
  3.358E-02  3.358E-02  0.000E+00  0.000E+00  1.257E+01  1.257E+01
