  **** bnct_34.bnx ****

                                                                                  

  Total primaries run:       100000000
   Total weight of the primaries run:   100000000.    


  Detector n:            1 (           1 )  I1_1      
     (Area:            1.00000000      cmq,
      distr. scored:           8    ,
      from reg.           2  to            3 ,
      one way scoring,
      current scoring)

     Tot. resp. (Part/cmq/pr)   1.000728      +/-  2.8192747E-04 %
     ( -->      (Part/pr)       1.000728      +/-  2.8192747E-04 % )

  **** Different. Fluxes as a function of energy **** ****      (integrated over solid angle)        ****


  Energy boundaries (GeV):

  3.3582568E-02  3.1700175E-02  2.9923294E-02  2.8246019E-02  2.6662752E-02
  2.5168234E-02  2.3757489E-02  2.2425819E-02  2.1168793E-02  1.9982224E-02
  1.8862166E-02  1.7804893E-02  1.6806882E-02  1.5864812E-02  1.4975547E-02
  1.4136127E-02  1.3343761E-02  1.2595808E-02  1.1889778E-02  1.1223326E-02
  1.0594228E-02  1.0000395E-02  9.4398456E-03  8.9107165E-03  8.4112473E-03
  7.9397755E-03  7.4947290E-03  7.0746299E-03  6.6780788E-03  6.3037551E-03
  5.9504122E-03  5.6168754E-03  5.3020348E-03  5.0048418E-03  4.7243075E-03
  4.4594975E-03  4.2095310E-03  3.9735753E-03  3.7508460E-03  3.5406007E-03
  3.3421409E-03  3.1548054E-03  2.9779696E-03  2.8110470E-03  2.6534803E-03
  2.5047455E-03  2.3643479E-03  2.2318200E-03  2.1067206E-03  1.9886333E-03
  1.8771652E-03  1.7719452E-03  1.6726229E-03  1.5788680E-03  1.4903684E-03
  1.4068292E-03  1.3279727E-03  1.2535363E-03  1.1832722E-03  1.1169467E-03
  1.0543390E-03  9.9524041E-04  9.3945453E-04  8.8679563E-04  8.3708845E-04
  7.9016737E-04  7.4587634E-04  7.0406805E-04  6.6460320E-04  6.2735041E-04
  5.9218577E-04  5.5899215E-04  5.2765920E-04  4.9808255E-04  4.7016365E-04
  4.4380975E-04  4.1893302E-04  3.9545068E-04  3.7328465E-04  3.5236106E-04
  3.3261027E-04  3.1396659E-04  2.9636794E-04  2.7975574E-04  2.6407465E-04
  2.4927262E-04  2.3530021E-04  2.2211100E-04  2.0966108E-04  1.9790904E-04
  1.8681571E-04  1.7634418E-04  1.6645963E-04  1.5712914E-04  1.4832163E-04
  1.4000780E-04  1.3216000E-04  1.2475208E-04  1.1775938E-04  1.1115867E-04
  1.0492792E-04  9.9046447E-05  9.3494629E-05  8.8254004E-05  8.3307132E-05
  7.8637553E-05  7.4229705E-05  7.0068942E-05  6.6141380E-05  6.2433988E-05
  5.8934398E-05  5.5630964E-05  5.2512700E-05  4.9569229E-05  4.6790738E-05
  4.4167995E-05  4.1692263E-05  3.9355305E-05  3.7149337E-05  3.5067016E-05
  3.3101416E-05  3.1245996E-05  2.9494571E-05  2.7841326E-05  2.6280746E-05
  2.4807639E-05  2.3417106E-05  2.2104514E-05  2.0865498E-05  1.9695930E-05
  1.8591920E-05  1.7549797E-05  1.6566084E-05  1.5637510E-05  1.4760986E-05
  1.3933593E-05  1.3152579E-05  1.2415342E-05  1.1719429E-05  1.1062525E-05
  1.0442441E-05  9.8571136E-06  9.3045974E-06  8.7830485E-06  8.2907354E-06
  7.8260182E-06  7.3873489E-06  6.9732691E-06  6.5823988E-06  6.2134382E-06
  5.8651581E-06  5.5364007E-06  5.2260707E-06  4.9331356E-06  4.6566201E-06
  4.3956043E-06  4.1492190E-06  3.9166443E-06  3.6971062E-06  3.4898733E-06
  3.2942567E-06  3.1096047E-06  2.9353032E-06  2.7707717E-06  2.6154626E-06
  2.4688591E-06  2.3304731E-06  2.1998437E-06  2.0765367E-06  1.9601414E-06
  1.8502700E-06  1.7465579E-06  1.6486586E-06  1.5562468E-06  1.4690152E-06
  1.3866729E-06  1.3089461E-06  1.2355764E-06  1.1663190E-06  1.1009438E-06
  1.0392329E-06  9.8098121E-07  9.2599470E-07  8.7409012E-07  8.2509501E-07
  7.7884630E-07  7.3518993E-07  6.9398055E-07  6.5508112E-07  6.1836209E-07
  5.8370125E-07  5.5098320E-07  5.2009921E-07  4.9094626E-07  4.6342740E-07
  4.3745106E-07  4.1293080E-07  3.8978490E-07  3.6793642E-07  3.4731264E-07
  3.2784484E-07  3.0946825E-07  2.9212174E-07  2.7574757E-07  2.6029116E-07
  2.4570116E-07  2.3192895E-07  2.1892872E-07  2.0665718E-07  1.9507351E-07
  1.8413911E-07  1.7381764E-07  1.6407469E-07  1.5487788E-07  1.4619657E-07
  1.3800185E-07  1.3026649E-07  1.2296471E-07  1.1607221E-07  1.0956605E-07
  1.0342459E-07  9.7627357E-08  9.2155091E-08  8.6989552E-08  8.2113559E-08
  7.7510876E-08  7.3166184E-08  6.9065031E-08  6.5193746E-08  6.1539467E-08
  5.8090020E-08  5.4833915E-08  5.1760328E-08  4.8859029E-08  4.6120348E-08
  4.3535184E-08  4.1094918E-08  3.8791438E-08  3.6617077E-08  3.4564593E-08
  3.2627156E-08  3.0798319E-08  2.9071989E-08  2.7442427E-08  2.5904207E-08
  2.4452209E-08  2.3081599E-08  2.1787812E-08  2.0566548E-08  1.9413740E-08
  1.8325546E-08  1.7298353E-08  1.6328734E-08  1.5413464E-08  1.4549498E-08
  1.3733961E-08  1.2964137E-08  1.2237463E-08  1.1551519E-08  1.0904027E-08
  1.0292827E-08  9.7158868E-09  9.1712860E-09  8.6572101E-09  8.1719511E-09
  7.7138917E-09  7.2815070E-09  6.8733597E-09  6.4880901E-09  6.1244148E-09
  5.7811254E-09  5.4570775E-09  5.1511941E-09  4.8624562E-09  4.5899022E-09
  4.3326267E-09  4.0897712E-09  3.8605288E-09  3.6441361E-09  3.4398724E-09
  3.2470584E-09  3.0650524E-09  2.8932479E-09  2.7310738E-09  2.5779900E-09
  2.4334867E-09  2.2970834E-09  2.1683255E-09  2.0467852E-09  1.9320574E-09
  1.8237606E-09  1.7215340E-09  1.6250374E-09  1.5339499E-09  1.4479680E-09
  1.3668053E-09  1.2901923E-09  1.2178737E-09  1.1496085E-09  1.0851701E-09
  1.0243434E-09  9.6692621E-10  9.1272739E-10  8.6156665E-10  8.1327350E-10
  7.6768741E-10  7.2465645E-10  6.8403755E-10  6.4569544E-10  6.0950256E-10
  5.7533833E-10  5.4308907E-10  5.1264748E-10  4.8391224E-10  4.5678764E-10
  4.3118351E-10  4.0701456E-10  3.8420031E-10  3.6266484E-10  3.4233652E-10
  3.2314768E-10  3.0503439E-10  2.8793637E-10  2.7179681E-10  2.5656188E-10
  2.4218089E-10  2.2860601E-10  2.1579202E-10  2.0369632E-10  1.9227861E-10
  1.8150087E-10  1.7132729E-10  1.6172393E-10  1.5265886E-10  1.4410194E-10
  1.3602464E-10  1.2840010E-10  1.2120294E-10  1.1440919E-10  1.0799625E-10
  1.0194277E-10  9.6228622E-11  9.0834743E-11  8.5743211E-11  8.0937076E-11
  7.6400344E-11  7.2117902E-11  6.8075504E-11  6.4259688E-11  6.0657764E-11
  5.7257737E-11  5.4048287E-11  5.1018738E-11  4.8159005E-11  4.5459560E-11
  4.2911435E-11  4.0506133E-11  3.8235661E-11  3.6092452E-11  3.4069369E-11
  3.2159692E-11  3.0357057E-11  2.8655463E-11  2.7049250E-11  2.5533065E-11
  2.4101870E-11  2.2750898E-11  2.1475649E-11  2.0271881E-11  1.9135589E-11
  1.8062989E-11  1.7050510E-11  1.6094783E-11  1.5192630E-11  1.4341043E-11
  1.3537189E-11  1.2778393E-11  1.2062131E-11  1.1386015E-11  1.0747800E-11
  1.0145359E-11  9.5766832E-12  9.0398843E-12  8.5331750E-12  8.0548684E-12
  7.6033711E-12  7.1771820E-12  6.7748827E-12  6.3951323E-12  6.0366681E-12
  5.6982969E-12  5.3788922E-12  5.0773908E-12  4.7927899E-12  4.5241410E-12
  4.2705514E-12  4.0311756E-12  3.8052174E-12  3.5919249E-12  3.3905877E-12
  3.2005364E-12  3.0211380E-12  2.8517950E-12  2.6919445E-12  2.5410540E-12
  2.3986212E-12  2.2641721E-12  2.1372591E-12  2.0174602E-12  1.9043762E-12
  1.7976307E-12  1.6968689E-12  1.6017549E-12  1.5119723E-12  1.4272223E-12
  1.3472226E-12  1.2717072E-12  1.2004246E-12  1.1331376E-12  1.0696224E-12
  1.0096671E-12  9.5307269E-13  8.9965042E-13  8.4922255E-13  8.0162141E-13
  7.5668844E-13  7.1427396E-13  6.7423714E-13  6.3644429E-13  6.0076992E-13
  5.6709520E-13  5.3530796E-13  5.0530256E-13  4.7697902E-13  4.5024306E-13
  4.2500576E-13  4.0118305E-13  3.7869572E-13  3.5746883E-13  3.3743172E-13
  3.1851778E-13  3.0066401E-13  2.8381098E-13  2.6790264E-13  2.5288601E-13
  2.3871107E-13  2.2533067E-13  2.1270029E-13  2.0077788E-13  1.8952376E-13
  1.7890043E-13  1.6887261E-13  1.5940684E-13  1.5047166E-13  1.4203733E-13
  1.3407575E-13  1.2656045E-13  1.1946641E-13  1.1277000E-13  1.0644894E-13
  1.0048220E-13  9.4849902E-14  8.9533321E-14  8.4514732E-14  7.9777459E-14
  7.5305722E-14  7.1084638E-14  6.7100154E-14  6.3339010E-14  5.9788695E-14
  5.6437382E-14  5.3273917E-14  5.0287770E-14  4.7469010E-14  4.4808243E-14
  4.2296624E-14  3.9925786E-14  3.7687840E-14  3.5575336E-14  3.3581245E-14
  3.1698927E-14  2.9922116E-14  2.8244903E-14  2.6661704E-14  2.5167243E-14
  2.3756554E-14  2.2424936E-14  2.1167958E-14  1.9981438E-14  1.8861426E-14
  1.7804192E-14  1.6806221E-14  1.5864187E-14  1.4974958E-14  1.4135571E-14
  1.3343235E-14  1.2595311E-14  1.1889311E-14  1.1222883E-14  1.0593811E-14
  Lowest boundary   (GeV):  9.9999998E-15

  Flux (Part/GeV/cmq/pr):

   0.000000     +/-    0.000000     %    0.000000     +/-    0.000000     % 
   0.000000     +/-    0.000000     %    0.000000     +/-    0.000000     % 
   0.000000     +/-    0.000000     %    0.000000     +/-    0.000000     % 
   0.000000     +/-    0.000000     %    0.000000     +/-    0.000000     % 
   0.000000     +/-    0.000000     %    0.000000     +/-    0.000000     % 
   0.000000     +/-    0.000000     %    0.000000     +/-    0.000000     % 
   0.000000     +/-    0.000000     %    0.000000     +/-    0.000000     % 
   0.000000     +/-    0.000000     %    0.000000     +/-    0.000000     % 
   0.000000     +/-    0.000000     %    0.000000     +/-    0.000000     % 
   0.000000     +/-    0.000000     %    0.000000     +/-    0.000000     % 
   0.000000     +/-    0.000000     %    0.000000     +/-    0.000000     % 
   0.000000     +/-    0.000000     %    0.000000     +/-    0.000000     % 
   0.000000     +/-    0.000000     %    0.000000     +/-    0.000000     % 
   0.000000     +/-    0.000000     %    0.000000     +/-    0.000000     % 
   0.000000     +/-    0.000000     %    0.000000     +/-    0.000000     % 
   0.000000     +/-    0.000000     %    0.000000     +/-    0.000000     % 
   0.000000     +/-    0.000000     %    0.000000     +/-    0.000000     % 
   0.000000     +/-    0.000000     %    0.000000     +/-    0.000000     % 
   0.000000     +/-    0.000000     %    0.000000     +/-    0.000000     % 
   0.000000     +/-    0.000000     %    0.000000     +/-    0.000000     % 
   0.000000     +/-    0.000000     %    0.000000     +/-    0.000000     % 
   0.000000     +/-    0.000000     %    0.000000     +/-    0.000000     % 
   0.000000     +/-    0.000000     %    0.000000     +/-    0.000000     % 
   0.000000     +/-    0.000000     %    0.000000     +/-    0.000000     % 
   0.000000     +/-    0.000000     %    0.000000     +/-    0.000000     % 
   0.000000     +/-    0.000000     %    0.000000     +/-    0.000000     % 
   0.000000     +/-    0.000000     %    0.000000     +/-    0.000000     % 
   0.000000     +/-    0.000000     %    0.000000     +/-    0.000000     % 
   0.000000     +/-    0.000000     %    0.000000     +/-    0.000000     % 
   0.000000     +/-    0.000000     %    0.000000     +/-    0.000000     % 
   0.000000     +/-    0.000000     %    0.000000     +/-    0.000000     % 
   0.000000     +/-    0.000000     %    0.000000     +/-    0.000000     % 
   0.000000     +/-    0.000000     %    0.000000     +/-    0.000000     % 
   0.000000     +/-    0.000000     %    0.000000     +/-    0.000000     % 
   0.000000     +/-    0.000000     %    28436.81     +/-    0.000000     % 
  8.7063313E-02 +/-    5.294585     %   8.0743976E-02 +/-    6.416634     % 
  1.4876287E-02 +/-    15.59944     %   2.3281313E-02 +/-    11.23001     % 
  5.9572525E-02 +/-    7.479369     %   8.6022563E-02 +/-    6.838763     % 
  0.1354185     +/-    5.677997     %   0.1917309     +/-    4.781040     % 
  0.4043204     +/-    3.616716     %   0.7316029     +/-    2.898566     % 
  0.5567461     +/-    3.347887     %   0.1562589     +/-    6.400914     % 
  0.1179833     +/-    6.952585     %   0.1186122     +/-    8.713438     % 
  0.1263312     +/-    7.394819     %   0.1295387     +/-    6.649106     % 
  0.1349563     +/-    6.987713     %   0.1301190     +/-    8.541630     % 
  0.1310384     +/-    7.578287     %   0.1496367     +/-    7.225873     % 
  0.1527926     +/-    7.945521     %   0.1416324     +/-    9.080596     % 
  0.1521862     +/-    8.906700     %   0.1566816     +/-    8.541800     % 
  0.1659856     +/-    8.353437     %   0.1771162     +/-    8.173650     % 
  0.1997825     +/-    7.651633     %   0.2302364     +/-    7.056754     % 
  0.2514828     +/-    7.572656     %   0.2455523     +/-    7.961899     % 
  0.2550328     +/-    7.842444     %   0.2719781     +/-    8.804649     % 
  0.2728634     +/-    7.520870     %   0.3173666     +/-    8.110242     % 
  0.3533440     +/-    7.070707     %   0.3425650     +/-    8.069551     % 
  0.3556968     +/-    7.947262     %   0.3437196     +/-    7.763602     % 
  0.4099835     +/-    7.450274     %   0.4171842     +/-    8.111233     % 
  0.4449842     +/-    8.726477     %   0.5355450     +/-    8.384746     % 
  0.4858115     +/-    8.211616     %   0.5254566     +/-    8.227245     % 
  0.5719097     +/-    6.800013     %   0.6260661     +/-    7.961215     % 
  0.7060325     +/-    7.770679     %   0.7615567     +/-    7.418136     % 
  0.7923721     +/-    7.070707     %   0.8953857     +/-    8.120883     % 
  0.9216071     +/-    6.869035     %   0.9192377     +/-    7.791594     % 
   1.034309     +/-    8.808085     %    1.089320     +/-    5.941473     % 
   1.357653     +/-    7.247431     %    1.236914     +/-    8.826199     % 
   1.386547     +/-    7.131107     %    1.428528     +/-    7.220671     % 
   1.684356     +/-    7.302940     %    1.612278     +/-    6.416917     % 
   1.947907     +/-    6.434489     %    1.484148     +/-    8.730248     % 
   2.466109     +/-    6.693333     %    1.893813     +/-    8.741075     % 
   2.127129     +/-    8.240467     %    2.330262     +/-    7.627016     % 
   2.563584     +/-    7.553886     %    2.270361     +/-    8.589939     % 
   2.953193     +/-    7.283131     %    2.612507     +/-    7.982614     % 
   3.314335     +/-    7.020440     %    3.891216     +/-    6.556942     % 
   3.873027     +/-    7.771241     %    4.346755     +/-    7.336673     % 
   4.475762     +/-    6.991429     %    5.288639     +/-    7.035563     % 
   5.167993     +/-    6.609142     %    5.398124     +/-    7.029411     % 
   6.098108     +/-    6.755857     %    5.742419     +/-    7.212503     % 
   6.935088     +/-    6.774086     %    7.089116     +/-    6.362980     % 
   7.783169     +/-    6.014378     %    7.739050     +/-    5.597240     % 
   7.432379     +/-    7.500976     %    9.578342     +/-    6.584240     % 
   9.244194     +/-    7.222967     %    10.43082     +/-    6.459013     % 
   10.51941     +/-    7.242080     %    11.34855     +/-    6.025766     % 
   11.48089     +/-    7.710963     %    11.64630     +/-    7.904598     % 
   13.97887     +/-    6.039086     %    13.97192     +/-    6.745330     % 
   14.25591     +/-    6.971756     %    14.95792     +/-    7.684659     % 
   17.45372     +/-    6.916021     %    18.97672     +/-    6.230612     % 
   18.55715     +/-    5.911997     %    20.75127     +/-    7.027505     % 
   19.86229     +/-    7.677602     %    21.75674     +/-    7.238073     % 
   24.67183     +/-    6.745341     %    24.07344     +/-    6.258369     % 
   26.11016     +/-    5.926788     %    25.73080     +/-    7.142136     % 
   29.71201     +/-    6.433922     %    31.76512     +/-    6.620173     % 
   33.80433     +/-    6.754342     %    33.54306     +/-    6.840743     % 
   36.73655     +/-    6.870939     %    34.18965     +/-    7.418355     % 
   49.12802     +/-    6.140756     %    49.39200     +/-    6.518567     % 
   41.73024     +/-    7.299909     %    48.10221     +/-    6.918887     % 
   43.43612     +/-    6.010391     %    54.49870     +/-    7.167152     % 
   59.09657     +/-    6.284365     %    60.29774     +/-    6.735573     % 
   67.24031     +/-    6.163046     %    66.70010     +/-    6.893487     % 
   69.97480     +/-    6.495717     %    85.03146     +/-    6.289548     % 
   70.06278     +/-    7.627016     %    90.12817     +/-    6.723653     % 
   91.15971     +/-    7.125581     %    96.11519     +/-    6.579517     % 
   93.09497     +/-    7.464727     %    97.08207     +/-    7.478642     % 
   110.4652     +/-    6.547774     %    113.5659     +/-    7.012028     % 
   120.3096     +/-    7.479016     %    118.3961     +/-    7.769011     % 
   142.5614     +/-    7.841407     %    124.1615     +/-    7.260212     % 
   156.1489     +/-    7.842334     %    158.9022     +/-    6.967492     % 
   177.8340     +/-    6.753956     %    174.6759     +/-    8.713143     % 
   200.5498     +/-    7.144158     %    196.0368     +/-    7.519107     % 
   217.4635     +/-    6.195469     %    253.4144     +/-    6.196816     % 
   222.0917     +/-    7.424414     %    272.7694     +/-    7.437173     % 
   269.7936     +/-    7.122513     %    252.4451     +/-    7.514233     % 
   272.0465     +/-    7.696186     %    281.6880     +/-    8.372690     % 
   329.4639     +/-    7.294817     %    321.6172     +/-    6.665336     % 
   356.2023     +/-    7.829014     %    348.6423     +/-    6.503186     % 
   436.6962     +/-    6.144131     %    430.4050     +/-    7.663376     % 
   429.1415     +/-    7.793027     %    459.7906     +/-    7.386922     % 
   522.6678     +/-    6.701331     %    539.2096     +/-    6.161805     % 
   543.5884     +/-    7.309430     %    588.8812     +/-    7.054109     % 
   637.6364     +/-    7.735548     %    609.7757     +/-    7.803020     % 
   727.2165     +/-    7.418355     %    778.5952     +/-    7.233519     % 
   716.2990     +/-    7.912621     %    823.2195     +/-    7.628400     % 
   823.3824     +/-    9.833022     %    805.1777     +/-    8.465031     % 
   902.2010     +/-    8.758328     %    1054.249     +/-    7.863251     % 
   1110.714     +/-    7.140991     %    1293.687     +/-    7.052377     % 
   1267.203     +/-    7.517967     %    1254.900     +/-    7.440906     % 
   1375.792     +/-    8.126721     %    1408.360     +/-    7.207825     % 
   1587.407     +/-    7.572404     %    1507.070     +/-    8.014702     % 
   1470.005     +/-    7.617712     %    1887.318     +/-    8.331037     % 
   1813.654     +/-    7.810937     %    1817.181     +/-    7.801186     % 
   1839.255     +/-    7.430939     %    2130.330     +/-    6.572990     % 
   2421.966     +/-    7.362707     %    2157.592     +/-    8.119475     % 
   2007.720     +/-    8.290638     %    2535.968     +/-    7.006145     % 
   2911.881     +/-    6.918887     %    2497.212     +/-    8.263576     % 
   3034.544     +/-    8.895387     %    3132.309     +/-    7.566729     % 
   3907.746     +/-    6.935734     %    3353.463     +/-    8.453623     % 
   4336.617     +/-    7.737966     %    4126.931     +/-    7.746505     % 
   4124.521     +/-    7.842444     %    3582.941     +/-    9.161407     % 
   4567.184     +/-    7.947263     %    4805.697     +/-    7.264927     % 
   4883.266     +/-    8.318325     %    4696.274     +/-    8.958003     % 
   5130.618     +/-    8.401577     %    6299.984     +/-    8.280691     % 
   7153.920     +/-    8.689200     %    5730.258     +/-    8.510015     % 
   7979.807     +/-    6.678245     %    7675.712     +/-    9.481858     % 
   8955.645     +/-    6.144567     %    8556.158     +/-    8.173280     % 
   8879.249     +/-    8.335671     %    9929.093     +/-    8.070003     % 
   10311.09     +/-    8.973679     %    10190.26     +/-    8.044710     % 
   10174.05     +/-    8.726930     %    14316.08     +/-    7.288854     % 
   12289.84     +/-    8.195257     %    14958.72     +/-    8.586572     % 
   13205.82     +/-    8.381516     %    15233.56     +/-    8.230273     % 
   14162.04     +/-    7.891239     %    17794.26     +/-    7.797616     % 
   16756.36     +/-    8.523827     %    15662.97     +/-    9.695128     % 
   18805.47     +/-    7.857051     %    20508.10     +/-    9.469543     % 
   20949.97     +/-    8.381516     %    27126.01     +/-    7.626095     % 
   24556.89     +/-    8.318325     %    27122.13     +/-    8.726477     % 
   28732.67     +/-    8.509515     %    29610.58     +/-    7.651100     % 
   29833.35     +/-    7.354426     %    35323.12     +/-    7.905805     % 
   39636.34     +/-    8.323581     %    38338.69     +/-    7.762621     % 
   47246.35     +/-    8.071340     %    43319.77     +/-    6.890567     % 
   43101.41     +/-    7.506835     %    46646.30     +/-    8.736341     % 
   50808.22     +/-    7.813667     %    61935.93     +/-    8.412834     % 
   55459.25     +/-    7.764887     %    66613.73     +/-    6.717258     % 
   74075.88     +/-    8.227262     %    68258.97     +/-    8.398932     % 
   69852.66     +/-    7.956075     %    72958.34     +/-    7.106690     % 
   87228.05     +/-    7.262690     %    75446.84     +/-    9.624002     % 
   100993.0     +/-    8.163909     %    104364.5     +/-    8.342513     % 
   104999.0     +/-    7.500500     %    127440.2     +/-    7.700777     % 
   122521.5     +/-    8.210676     %    164519.7     +/-    6.604116     % 
   164655.0     +/-    6.646195     %    234741.5     +/-    5.602607     % 
   266373.4     +/-    4.983793     %    296769.1     +/-    6.374488     % 
   336454.2     +/-    5.381889     %    400841.3     +/-    5.775497     % 
   506353.6     +/-    5.647473     %    600687.1     +/-    4.849389     % 
   629409.5     +/-    4.669194     %    727133.7     +/-    4.583881     % 
   868549.9     +/-    4.465641     %    1044020.     +/-    3.907486     % 
   1205767.     +/-    3.548518     %    1288490.     +/-    3.930487     % 
   1473024.     +/-    3.740157     %    1570897.     +/-    3.533890     % 
   1750143.     +/-    3.588332     %    1912446.     +/-    3.716854     % 
   1966639.     +/-    3.450011     %    2183005.     +/-    3.807948     % 
   2468106.     +/-    3.617313     %    2647018.     +/-    3.331462     % 
   2720074.     +/-    3.726393     %    2736360.     +/-    3.722111     % 
   2881365.     +/-    3.467571     %    2907990.     +/-    3.276050     % 
   2990408.     +/-    3.528178     %    2864488.     +/-    4.171422     % 
   3193140.     +/-    3.476029     %    3074806.     +/-    3.816366     % 
   3217848.     +/-    3.656613     %    3136632.     +/-    3.916966     % 
   3095446.     +/-    3.788228     %    2979540.     +/-    4.318144     % 
   2969695.     +/-    4.803354     %    3119657.     +/-    4.797145     % 
   2815808.     +/-    5.295687     %    3057034.     +/-    5.249326     % 
   2995476.     +/-    4.577921     %    3123508.     +/-    5.608404     % 
   3141776.     +/-    5.148951     %    2694369.     +/-    5.940456     % 
   2666706.     +/-    5.990575     %    2437921.     +/-    5.389418     % 
   2571603.     +/-    7.219868     %    2442483.     +/-    5.621655     % 
   2313840.     +/-    7.169273     %    2148129.     +/-    8.117207     % 
   1982500.     +/-    7.764887     %    2396030.     +/-    7.587088     % 
   1598194.     +/-    9.028559     %    1842488.     +/-    8.953785     % 
   1688127.     +/-    9.699649     %    1676597.     +/-    10.88433     % 
   1598540.     +/-    10.91540     %    1526207.     +/-    11.32885     % 
   1816171.     +/-    11.93112     %    1384354.     +/-    12.30620     % 
   1441702.     +/-    13.23769     %    1342981.     +/-    14.07196     % 
   1004279.     +/-    16.04722     %    1063914.     +/-    18.73610     % 
   1283631.     +/-    16.65990     %    895514.1     +/-    21.61215     % 
   878417.4     +/-    20.00000     %    893355.6     +/-    21.45127     % 
   1104138.     +/-    20.97893     %    919052.5     +/-    21.98513     % 
   929371.1     +/-    20.63492     %    750139.7     +/-    29.08538     % 
   1291361.     +/-    20.90248     %    1104958.     +/-    20.63492     % 
   780381.4     +/-    28.75124     %    531463.8     +/-    35.64733     % 
   437906.5     +/-    36.63320     %    994092.8     +/-    23.92468     % 
   351041.0     +/-    43.80858     %    446263.5     +/-    39.78054     % 
   630350.9     +/-    34.08249     %    500836.4     +/-    39.78054     % 
   530576.6     +/-    39.78054     %    562082.9     +/-    39.78054     % 
   694703.4     +/-    36.63320     %    315409.6     +/-    57.14887     % 
   334138.9     +/-    57.14887     %    353980.5     +/-    57.14887     % 
   500000.4     +/-    49.23660     %    132422.7     +/-    99.00000     % 
   280572.3     +/-    70.35265     %    1040316.     +/-    36.63320     % 
   629766.2     +/-    49.23660     %    333581.2     +/-    70.35265     % 
   530084.4     +/-    57.14887     %    374374.3     +/-    70.35265     % 
   793210.2     +/-    49.23660     %    420156.0     +/-    70.35265     % 
   222552.7     +/-    99.00000     %    235768.1     +/-    99.00000     % 
   249768.3     +/-    99.00000     %    0.000000     +/-    0.000000     % 
   560624.1     +/-    70.35265     %    0.000000     +/-    0.000000     % 
   943773.1     +/-    57.14887     %    0.000000     +/-    0.000000     % 
   0.000000     +/-    0.000000     %    0.000000     +/-    0.000000     % 
   0.000000     +/-    0.000000     %    839532.5     +/-    70.35265     % 
   444692.5     +/-    99.00000     %    471098.8     +/-    99.00000     % 
   0.000000     +/-    0.000000     %    1057418.     +/-    70.35265     % 
   0.000000     +/-    0.000000     %    0.000000     +/-    0.000000     % 
   0.000000     +/-    0.000000     %    0.000000     +/-    0.000000     % 
   0.000000     +/-    0.000000     %    0.000000     +/-    0.000000     % 
   0.000000     +/-    0.000000     %    0.000000     +/-    0.000000     % 
   0.000000     +/-    0.000000     %    0.000000     +/-    0.000000     % 
   0.000000     +/-    0.000000     %    1056437.     +/-    99.00000     % 
   0.000000     +/-    0.000000     %    0.000000     +/-    0.000000     % 
   0.000000     +/-    0.000000     %    0.000000     +/-    0.000000     % 
   0.000000     +/-    0.000000     %    0.000000     +/-    0.000000     % 
   0.000000     +/-    0.000000     %    0.000000     +/-    0.000000     % 
   0.000000     +/-    0.000000     %    0.000000     +/-    0.000000     % 
   0.000000     +/-    0.000000     %    0.000000     +/-    0.000000     % 
   0.000000     +/-    0.000000     %    0.000000     +/-    0.000000     % 
   0.000000     +/-    0.000000     %    0.000000     +/-    0.000000     % 
   0.000000     +/-    0.000000     %    0.000000     +/-    0.000000     % 
   0.000000     +/-    0.000000     %    0.000000     +/-    0.000000     % 
   0.000000     +/-    0.000000     %    0.000000     +/-    0.000000     % 
   0.000000     +/-    0.000000     %    0.000000     +/-    0.000000     % 
   0.000000     +/-    0.000000     %    0.000000     +/-    0.000000     % 
   0.000000     +/-    0.000000     %    0.000000     +/-    0.000000     % 
   0.000000     +/-    0.000000     %    0.000000     +/-    0.000000     % 
   0.000000     +/-    0.000000     %    0.000000     +/-    0.000000     % 
   0.000000     +/-    0.000000     %    0.000000     +/-    0.000000     % 
   0.000000     +/-    0.000000     %    0.000000     +/-    0.000000     % 
   0.000000     +/-    0.000000     %    0.000000     +/-    0.000000     % 
   0.000000     +/-    0.000000     %    0.000000     +/-    0.000000     % 
   0.000000     +/-    0.000000     %    0.000000     +/-    0.000000     % 
   0.000000     +/-    0.000000     %    0.000000     +/-    0.000000     % 
   0.000000     +/-    0.000000     %    0.000000     +/-    0.000000     % 
   0.000000     +/-    0.000000     %    0.000000     +/-    0.000000     % 


  **** Cumulative Fluxes as a function of energy **** ****      (integrated over solid angle)        ****


  Energy boundaries (GeV):

  3.3582568E-02  3.1700175E-02  2.9923294E-02  2.8246019E-02  2.6662752E-02
  2.5168234E-02  2.3757489E-02  2.2425819E-02  2.1168793E-02  1.9982224E-02
  1.8862166E-02  1.7804893E-02  1.6806882E-02  1.5864812E-02  1.4975547E-02
  1.4136127E-02  1.3343761E-02  1.2595808E-02  1.1889778E-02  1.1223326E-02
  1.0594228E-02  1.0000395E-02  9.4398456E-03  8.9107165E-03  8.4112473E-03
  7.9397755E-03  7.4947290E-03  7.0746299E-03  6.6780788E-03  6.3037551E-03
  5.9504122E-03  5.6168754E-03  5.3020348E-03  5.0048418E-03  4.7243075E-03
  4.4594975E-03  4.2095310E-03  3.9735753E-03  3.7508460E-03  3.5406007E-03
  3.3421409E-03  3.1548054E-03  2.9779696E-03  2.8110470E-03  2.6534803E-03
  2.5047455E-03  2.3643479E-03  2.2318200E-03  2.1067206E-03  1.9886333E-03
  1.8771652E-03  1.7719452E-03  1.6726229E-03  1.5788680E-03  1.4903684E-03
  1.4068292E-03  1.3279727E-03  1.2535363E-03  1.1832722E-03  1.1169467E-03
  1.0543390E-03  9.9524041E-04  9.3945453E-04  8.8679563E-04  8.3708845E-04
  7.9016737E-04  7.4587634E-04  7.0406805E-04  6.6460320E-04  6.2735041E-04
  5.9218577E-04  5.5899215E-04  5.2765920E-04  4.9808255E-04  4.7016365E-04
  4.4380975E-04  4.1893302E-04  3.9545068E-04  3.7328465E-04  3.5236106E-04
  3.3261027E-04  3.1396659E-04  2.9636794E-04  2.7975574E-04  2.6407465E-04
  2.4927262E-04  2.3530021E-04  2.2211100E-04  2.0966108E-04  1.9790904E-04
  1.8681571E-04  1.7634418E-04  1.6645963E-04  1.5712914E-04  1.4832163E-04
  1.4000780E-04  1.3216000E-04  1.2475208E-04  1.1775938E-04  1.1115867E-04
  1.0492792E-04  9.9046447E-05  9.3494629E-05  8.8254004E-05  8.3307132E-05
  7.8637553E-05  7.4229705E-05  7.0068942E-05  6.6141380E-05  6.2433988E-05
  5.8934398E-05  5.5630964E-05  5.2512700E-05  4.9569229E-05  4.6790738E-05
  4.4167995E-05  4.1692263E-05  3.9355305E-05  3.7149337E-05  3.5067016E-05
  3.3101416E-05  3.1245996E-05  2.9494571E-05  2.7841326E-05  2.6280746E-05
  2.4807639E-05  2.3417106E-05  2.2104514E-05  2.0865498E-05  1.9695930E-05
  1.8591920E-05  1.7549797E-05  1.6566084E-05  1.5637510E-05  1.4760986E-05
  1.3933593E-05  1.3152579E-05  1.2415342E-05  1.1719429E-05  1.1062525E-05
  1.0442441E-05  9.8571136E-06  9.3045974E-06  8.7830485E-06  8.2907354E-06
  7.8260182E-06  7.3873489E-06  6.9732691E-06  6.5823988E-06  6.2134382E-06
  5.8651581E-06  5.5364007E-06  5.2260707E-06  4.9331356E-06  4.6566201E-06
  4.3956043E-06  4.1492190E-06  3.9166443E-06  3.6971062E-06  3.4898733E-06
  3.2942567E-06  3.1096047E-06  2.9353032E-06  2.7707717E-06  2.6154626E-06
  2.4688591E-06  2.3304731E-06  2.1998437E-06  2.0765367E-06  1.9601414E-06
  1.8502700E-06  1.7465579E-06  1.6486586E-06  1.5562468E-06  1.4690152E-06
  1.3866729E-06  1.3089461E-06  1.2355764E-06  1.1663190E-06  1.1009438E-06
  1.0392329E-06  9.8098121E-07  9.2599470E-07  8.7409012E-07  8.2509501E-07
  7.7884630E-07  7.3518993E-07  6.9398055E-07  6.5508112E-07  6.1836209E-07
  5.8370125E-07  5.5098320E-07  5.2009921E-07  4.9094626E-07  4.6342740E-07
  4.3745106E-07  4.1293080E-07  3.8978490E-07  3.6793642E-07  3.4731264E-07
  3.2784484E-07  3.0946825E-07  2.9212174E-07  2.7574757E-07  2.6029116E-07
  2.4570116E-07  2.3192895E-07  2.1892872E-07  2.0665718E-07  1.9507351E-07
  1.8413911E-07  1.7381764E-07  1.6407469E-07  1.5487788E-07  1.4619657E-07
  1.3800185E-07  1.3026649E-07  1.2296471E-07  1.1607221E-07  1.0956605E-07
  1.0342459E-07  9.7627357E-08  9.2155091E-08  8.6989552E-08  8.2113559E-08
  7.7510876E-08  7.3166184E-08  6.9065031E-08  6.5193746E-08  6.1539467E-08
  5.8090020E-08  5.4833915E-08  5.1760328E-08  4.8859029E-08  4.6120348E-08
  4.3535184E-08  4.1094918E-08  3.8791438E-08  3.6617077E-08  3.4564593E-08
  3.2627156E-08  3.0798319E-08  2.9071989E-08  2.7442427E-08  2.5904207E-08
  2.4452209E-08  2.3081599E-08  2.1787812E-08  2.0566548E-08  1.9413740E-08
  1.8325546E-08  1.7298353E-08  1.6328734E-08  1.5413464E-08  1.4549498E-08
  1.3733961E-08  1.2964137E-08  1.2237463E-08  1.1551519E-08  1.0904027E-08
  1.0292827E-08  9.7158868E-09  9.1712860E-09  8.6572101E-09  8.1719511E-09
  7.7138917E-09  7.2815070E-09  6.8733597E-09  6.4880901E-09  6.1244148E-09
  5.7811254E-09  5.4570775E-09  5.1511941E-09  4.8624562E-09  4.5899022E-09
  4.3326267E-09  4.0897712E-09  3.8605288E-09  3.6441361E-09  3.4398724E-09
  3.2470584E-09  3.0650524E-09  2.8932479E-09  2.7310738E-09  2.5779900E-09
  2.4334867E-09  2.2970834E-09  2.1683255E-09  2.0467852E-09  1.9320574E-09
  1.8237606E-09  1.7215340E-09  1.6250374E-09  1.5339499E-09  1.4479680E-09
  1.3668053E-09  1.2901923E-09  1.2178737E-09  1.1496085E-09  1.0851701E-09
  1.0243434E-09  9.6692621E-10  9.1272739E-10  8.6156665E-10  8.1327350E-10
  7.6768741E-10  7.2465645E-10  6.8403755E-10  6.4569544E-10  6.0950256E-10
  5.7533833E-10  5.4308907E-10  5.1264748E-10  4.8391224E-10  4.5678764E-10
  4.3118351E-10  4.0701456E-10  3.8420031E-10  3.6266484E-10  3.4233652E-10
  3.2314768E-10  3.0503439E-10  2.8793637E-10  2.7179681E-10  2.5656188E-10
  2.4218089E-10  2.2860601E-10  2.1579202E-10  2.0369632E-10  1.9227861E-10
  1.8150087E-10  1.7132729E-10  1.6172393E-10  1.5265886E-10  1.4410194E-10
  1.3602464E-10  1.2840010E-10  1.2120294E-10  1.1440919E-10  1.0799625E-10
  1.0194277E-10  9.6228622E-11  9.0834743E-11  8.5743211E-11  8.0937076E-11
  7.6400344E-11  7.2117902E-11  6.8075504E-11  6.4259688E-11  6.0657764E-11
  5.7257737E-11  5.4048287E-11  5.1018738E-11  4.8159005E-11  4.5459560E-11
  4.2911435E-11  4.0506133E-11  3.8235661E-11  3.6092452E-11  3.4069369E-11
  3.2159692E-11  3.0357057E-11  2.8655463E-11  2.7049250E-11  2.5533065E-11
  2.4101870E-11  2.2750898E-11  2.1475649E-11  2.0271881E-11  1.9135589E-11
  1.8062989E-11  1.7050510E-11  1.6094783E-11  1.5192630E-11  1.4341043E-11
  1.3537189E-11  1.2778393E-11  1.2062131E-11  1.1386015E-11  1.0747800E-11
  1.0145359E-11  9.5766832E-12  9.0398843E-12  8.5331750E-12  8.0548684E-12
  7.6033711E-12  7.1771820E-12  6.7748827E-12  6.3951323E-12  6.0366681E-12
  5.6982969E-12  5.3788922E-12  5.0773908E-12  4.7927899E-12  4.5241410E-12
  4.2705514E-12  4.0311756E-12  3.8052174E-12  3.5919249E-12  3.3905877E-12
  3.2005364E-12  3.0211380E-12  2.8517950E-12  2.6919445E-12  2.5410540E-12
  2.3986212E-12  2.2641721E-12  2.1372591E-12  2.0174602E-12  1.9043762E-12
  1.7976307E-12  1.6968689E-12  1.6017549E-12  1.5119723E-12  1.4272223E-12
  1.3472226E-12  1.2717072E-12  1.2004246E-12  1.1331376E-12  1.0696224E-12
  1.0096671E-12  9.5307269E-13  8.9965042E-13  8.4922255E-13  8.0162141E-13
  7.5668844E-13  7.1427396E-13  6.7423714E-13  6.3644429E-13  6.0076992E-13
  5.6709520E-13  5.3530796E-13  5.0530256E-13  4.7697902E-13  4.5024306E-13
  4.2500576E-13  4.0118305E-13  3.7869572E-13  3.5746883E-13  3.3743172E-13
  3.1851778E-13  3.0066401E-13  2.8381098E-13  2.6790264E-13  2.5288601E-13
  2.3871107E-13  2.2533067E-13  2.1270029E-13  2.0077788E-13  1.8952376E-13
  1.7890043E-13  1.6887261E-13  1.5940684E-13  1.5047166E-13  1.4203733E-13
  1.3407575E-13  1.2656045E-13  1.1946641E-13  1.1277000E-13  1.0644894E-13
  1.0048220E-13  9.4849902E-14  8.9533321E-14  8.4514732E-14  7.9777459E-14
  7.5305722E-14  7.1084638E-14  6.7100154E-14  6.3339010E-14  5.9788695E-14
  5.6437382E-14  5.3273917E-14  5.0287770E-14  4.7469010E-14  4.4808243E-14
  4.2296624E-14  3.9925786E-14  3.7687840E-14  3.5575336E-14  3.3581245E-14
  3.1698927E-14  2.9922116E-14  2.8244903E-14  2.6661704E-14  2.5167243E-14
  2.3756554E-14  2.2424936E-14  2.1167958E-14  1.9981438E-14  1.8861426E-14
  1.7804192E-14  1.6806221E-14  1.5864187E-14  1.4974958E-14  1.4135571E-14
  1.3343235E-14  1.2595311E-14  1.1889311E-14  1.1222883E-14  1.0593811E-14
  Lowest boundary   (GeV):  9.9999998E-15

  Cumul. Flux (Part/cmq/pr):

   0.000000     +/-    0.000000     %    0.000000     +/-    0.000000     % 
   0.000000     +/-    0.000000     %    0.000000     +/-    0.000000     % 
   0.000000     +/-    0.000000     %    0.000000     +/-    0.000000     % 
   0.000000     +/-    0.000000     %    0.000000     +/-    0.000000     % 
   0.000000     +/-    0.000000     %    0.000000     +/-    0.000000     % 
   0.000000     +/-    0.000000     %    0.000000     +/-    0.000000     % 
   0.000000     +/-    0.000000     %    0.000000     +/-    0.000000     % 
   0.000000     +/-    0.000000     %    0.000000     +/-    0.000000     % 
   0.000000     +/-    0.000000     %    0.000000     +/-    0.000000     % 
   0.000000     +/-    0.000000     %    0.000000     +/-    0.000000     % 
   0.000000     +/-    0.000000     %    0.000000     +/-    0.000000     % 
   0.000000     +/-    0.000000     %    0.000000     +/-    0.000000     % 
   0.000000     +/-    0.000000     %    0.000000     +/-    0.000000     % 
   0.000000     +/-    0.000000     %    0.000000     +/-    0.000000     % 
   0.000000     +/-    0.000000     %    0.000000     +/-    0.000000     % 
   0.000000     +/-    0.000000     %    0.000000     +/-    0.000000     % 
   0.000000     +/-    0.000000     %    0.000000     +/-    0.000000     % 
   0.000000     +/-    0.000000     %    0.000000     +/-    0.000000     % 
   0.000000     +/-    0.000000     %    0.000000     +/-    0.000000     % 
   0.000000     +/-    0.000000     %    0.000000     +/-    0.000000     % 
   0.000000     +/-    0.000000     %    0.000000     +/-    0.000000     % 
   0.000000     +/-    0.000000     %    0.000000     +/-    0.000000     % 
   0.000000     +/-    0.000000     %    0.000000     +/-    0.000000     % 
   0.000000     +/-    0.000000     %    0.000000     +/-    0.000000     % 
   0.000000     +/-    0.000000     %    0.000000     +/-    0.000000     % 
   0.000000     +/-    0.000000     %    0.000000     +/-    0.000000     % 
   0.000000     +/-    0.000000     %    0.000000     +/-    0.000000     % 
   0.000000     +/-    0.000000     %    0.000000     +/-    0.000000     % 
   0.000000     +/-    0.000000     %    0.000000     +/-    0.000000     % 
   0.000000     +/-    0.000000     %    0.000000     +/-    0.000000     % 
   0.000000     +/-    0.000000     %    0.000000     +/-    0.000000     % 
   0.000000     +/-    0.000000     %    0.000000     +/-    0.000000     % 
   0.000000     +/-    0.000000     %    0.000000     +/-    0.000000     % 
   0.000000     +/-    0.000000     %    0.000000     +/-    0.000000     % 
   0.000000     +/-    0.000000     %   0.9999702     +/-    0.000000     % 
  0.9999731     +/-    0.000000     %   0.9999756     +/-    0.000000     % 
  0.9999760     +/-    0.000000     %   0.9999767     +/-    0.000000     % 
  0.9999782     +/-    0.000000     %   0.9999804     +/-    0.000000     % 
  0.9999836     +/-    0.000000     %   0.9999878     +/-    0.000000     % 
  0.9999963     +/-    0.000000     %    1.000011     +/-    0.000000     % 
   1.000021     +/-    0.000000     %    1.000024     +/-    0.000000     % 
   1.000026     +/-    0.000000     %    1.000028     +/-    0.000000     % 
   1.000030     +/-    0.000000     %    1.000031     +/-    0.000000     % 
   1.000033     +/-    0.000000     %    1.000035     +/-    0.000000     % 
   1.000036     +/-    0.000000     %    1.000038     +/-    0.000000     % 
   1.000040     +/-    0.000000     %    1.000041     +/-    0.000000     % 
   1.000042     +/-    0.000000     %    1.000044     +/-    0.000000     % 
   1.000045     +/-    0.000000     %    1.000046     +/-    0.000000     % 
   1.000048     +/-    0.000000     %    1.000050     +/-    0.000000     % 
   1.000051     +/-    0.000000     %    1.000053     +/-    0.000000     % 
   1.000054     +/-    0.000000     %    1.000056     +/-    0.000000     % 
   1.000057     +/-    0.000000     %    1.000059     +/-    0.000000     % 
   1.000060     +/-    0.000000     %    1.000062     +/-    0.000000     % 
   1.000063     +/-    0.000000     %    1.000065     +/-    0.000000     % 
   1.000066     +/-   1.0078101E-04 %    1.000068     +/-   1.0182170E-04 % 
   1.000069     +/-   1.0299045E-04 %    1.000071     +/-   1.0360435E-04 % 
   1.000072     +/-   1.0647177E-04 %    1.000074     +/-   1.0694312E-04 % 
   1.000075     +/-   1.0757492E-04 %    1.000077     +/-   1.0717799E-04 % 
   1.000079     +/-   1.0729126E-04 %    1.000080     +/-   1.0792516E-04 % 
   1.000082     +/-   1.1013464E-04 %    1.000084     +/-   1.1019603E-04 % 
   1.000085     +/-   1.1193832E-04 %    1.000087     +/-   1.1486611E-04 % 
   1.000089     +/-   1.1684263E-04 %    1.000090     +/-   1.1634069E-04 % 
   1.000092     +/-   1.1677368E-04 %    1.000094     +/-   1.1994920E-04 % 
   1.000096     +/-   1.2169408E-04 %    1.000098     +/-   1.2187075E-04 % 
   1.000100     +/-   1.2161034E-04 %    1.000101     +/-   1.2326187E-04 % 
   1.000103     +/-   1.2564185E-04 %    1.000105     +/-   1.2392124E-04 % 
   1.000107     +/-   1.2763405E-04 %    1.000109     +/-   1.2733859E-04 % 
   1.000111     +/-   1.2827531E-04 %    1.000112     +/-   1.3250265E-04 % 
   1.000114     +/-   1.3314666E-04 %    1.000116     +/-   1.3339258E-04 % 
   1.000118     +/-   1.3414853E-04 %    1.000119     +/-   1.3744846E-04 % 
   1.000121     +/-   1.3797969E-04 %    1.000124     +/-   1.3758925E-04 % 
   1.000126     +/-   1.3817170E-04 %    1.000128     +/-   1.4286082E-04 % 
   1.000130     +/-   1.4301333E-04 %    1.000132     +/-   1.4313667E-04 % 
   1.000134     +/-   1.4340653E-04 %    1.000136     +/-   1.4272466E-04 % 
   1.000139     +/-   1.4317318E-04 %    1.000141     +/-   1.4618979E-04 % 
   1.000143     +/-   1.4730854E-04 %    1.000145     +/-   1.4703305E-04 % 
   1.000147     +/-   1.4793318E-04 %    1.000149     +/-   1.4724913E-04 % 
   1.000152     +/-   1.4743437E-04 %    1.000154     +/-   1.4679840E-04 % 
   1.000156     +/-   1.4783019E-04 %    1.000158     +/-   1.4795360E-04 % 
   1.000160     +/-   1.4854988E-04 %    1.000163     +/-   1.4867767E-04 % 
   1.000165     +/-   1.5139210E-04 %    1.000167     +/-   1.5161975E-04 % 
   1.000169     +/-   1.5211703E-04 %    1.000171     +/-   1.5697689E-04 % 
   1.000173     +/-   1.5761172E-04 %    1.000175     +/-   1.5403112E-04 % 
   1.000178     +/-   1.5570282E-04 %    1.000180     +/-   1.5627321E-04 % 
   1.000182     +/-   1.5716406E-04 %    1.000185     +/-   1.5790480E-04 % 
   1.000187     +/-   1.6122048E-04 %    1.000189     +/-   1.6221855E-04 % 
   1.000191     +/-   1.6390232E-04 %    1.000193     +/-   1.6254092E-04 % 
   1.000195     +/-   1.6055885E-04 %    1.000197     +/-   1.6124397E-04 % 
   1.000199     +/-   1.6366861E-04 %    1.000202     +/-   1.6136706E-04 % 
   1.000204     +/-   1.6167911E-04 %    1.000206     +/-   1.6509539E-04 % 
   1.000208     +/-   1.6664006E-04 %    1.000210     +/-   1.6781830E-04 % 
   1.000212     +/-   1.6670063E-04 %    1.000215     +/-   1.6606228E-04 % 
   1.000217     +/-   1.6559844E-04 %    1.000219     +/-   1.6730084E-04 % 
   1.000221     +/-   1.6769576E-04 %    1.000223     +/-   1.6703505E-04 % 
   1.000225     +/-   1.6895257E-04 %    1.000227     +/-   1.6972955E-04 % 
   1.000229     +/-   1.7033600E-04 %    1.000231     +/-   1.7393162E-04 % 
   1.000233     +/-   1.7335589E-04 %    1.000236     +/-   1.7472410E-04 % 
   1.000237     +/-   1.7594975E-04 %    1.000240     +/-   1.7567036E-04 % 
   1.000242     +/-   1.7827901E-04 %    1.000244     +/-   1.8003419E-04 % 
   1.000246     +/-   1.7843429E-04 %    1.000248     +/-   1.7952459E-04 % 
   1.000250     +/-   1.8188504E-04 %    1.000252     +/-   1.8249803E-04 % 
   1.000254     +/-   1.8285737E-04 %    1.000256     +/-   1.8237661E-04 % 
   1.000258     +/-   1.8123396E-04 %    1.000259     +/-   1.8224356E-04 % 
   1.000261     +/-   1.8253989E-04 %    1.000263     +/-   1.8379389E-04 % 
   1.000265     +/-   1.8531835E-04 %    1.000267     +/-   1.8705732E-04 % 
   1.000269     +/-   1.8646510E-04 %    1.000271     +/-   1.8877281E-04 % 
   1.000273     +/-   1.8936525E-04 %    1.000275     +/-   1.9000997E-04 % 
   1.000277     +/-   1.9093427E-04 %    1.000279     +/-   1.9326711E-04 % 
   1.000281     +/-   1.9736963E-04 %    1.000283     +/-   1.9554136E-04 % 
   1.000285     +/-   1.9737725E-04 %    1.000287     +/-   1.9912246E-04 % 
   1.000288     +/-   2.0060605E-04 %    1.000290     +/-   2.0037236E-04 % 
   1.000292     +/-   2.0441187E-04 %    1.000294     +/-   2.0665269E-04 % 
   1.000296     +/-   2.0677104E-04 %    1.000298     +/-   2.0832330E-04 % 
   1.000299     +/-   2.0739694E-04 %    1.000301     +/-   2.0744561E-04 % 
   1.000303     +/-   2.0832724E-04 %    1.000305     +/-   2.1001569E-04 % 
   1.000307     +/-   2.1145993E-04 %    1.000309     +/-   2.1121520E-04 % 
   1.000310     +/-   2.1062332E-04 %    1.000312     +/-   2.1176771E-04 % 
   1.000314     +/-   2.1283378E-04 %    1.000316     +/-   2.1542808E-04 % 
   1.000318     +/-   2.1952119E-04 %    1.000319     +/-   2.1898246E-04 % 
   1.000321     +/-   2.2072082E-04 %    1.000323     +/-   2.2005141E-04 % 
   1.000324     +/-   2.2104316E-04 %    1.000326     +/-   2.2373979E-04 % 
   1.000328     +/-   2.2409325E-04 %    1.000330     +/-   2.2426916E-04 % 
   1.000332     +/-   2.2392446E-04 %    1.000333     +/-   2.2186567E-04 % 
   1.000335     +/-   2.2113616E-04 %    1.000337     +/-   2.2138981E-04 % 
   1.000339     +/-   2.2097927E-04 %    1.000340     +/-   2.2210974E-04 % 
   1.000342     +/-   2.2141052E-04 %    1.000344     +/-   2.2010584E-04 % 
   1.000345     +/-   2.2067373E-04 %    1.000347     +/-   2.2120542E-04 % 
   1.000348     +/-   2.2063224E-04 %    1.000350     +/-   2.2059273E-04 % 
   1.000352     +/-   2.1966822E-04 %    1.000353     +/-   2.1922607E-04 % 
   1.000355     +/-   2.1833692E-04 %    1.000356     +/-   2.1950489E-04 % 
   1.000358     +/-   2.1905993E-04 %    1.000359     +/-   2.2148677E-04 % 
   1.000361     +/-   2.2231905E-04 %    1.000362     +/-   2.2310985E-04 % 
   1.000364     +/-   2.2126423E-04 %    1.000365     +/-   2.2054132E-04 % 
   1.000367     +/-   2.2132091E-04 %    1.000369     +/-   2.2254384E-04 % 
   1.000370     +/-   2.2322769E-04 %    1.000372     +/-   2.2370832E-04 % 
   1.000373     +/-   2.2462971E-04 %    1.000375     +/-   2.2389724E-04 % 
   1.000376     +/-   2.2400450E-04 %    1.000377     +/-   2.2340904E-04 % 
   1.000379     +/-   2.2331996E-04 %    1.000380     +/-   2.2222097E-04 % 
   1.000382     +/-   2.2173437E-04 %    1.000383     +/-   2.2132293E-04 % 
   1.000385     +/-   2.1967269E-04 %    1.000386     +/-   2.1815226E-04 % 
   1.000388     +/-   2.1866258E-04 %    1.000389     +/-   2.1788249E-04 % 
   1.000391     +/-   2.1881836E-04 %    1.000392     +/-   2.1894838E-04 % 
   1.000394     +/-   2.2031384E-04 %    1.000395     +/-   2.1988883E-04 % 
   1.000396     +/-   2.2118962E-04 %    1.000398     +/-   2.2030012E-04 % 
   1.000399     +/-   2.2019533E-04 %    1.000401     +/-   2.2280958E-04 % 
   1.000402     +/-   2.2182456E-04 %    1.000404     +/-   2.2165161E-04 % 
   1.000405     +/-   2.2041969E-04 %    1.000407     +/-   2.2039654E-04 % 
   1.000408     +/-   2.2023174E-04 %    1.000409     +/-   2.1956881E-04 % 
   1.000411     +/-   2.1960521E-04 %    1.000412     +/-   2.2084908E-04 % 
   1.000413     +/-   2.2186579E-04 %    1.000415     +/-   2.2331921E-04 % 
   1.000417     +/-   2.2244886E-04 %    1.000418     +/-   2.1909214E-04 % 
   1.000419     +/-   2.1881204E-04 %    1.000421     +/-   2.2034504E-04 % 
   1.000422     +/-   2.2031680E-04 %    1.000424     +/-   2.2105021E-04 % 
   1.000425     +/-   2.2152915E-04 %    1.000427     +/-   2.2228055E-04 % 
   1.000429     +/-   2.2469493E-04 %    1.000430     +/-   2.2601472E-04 % 
   1.000431     +/-   2.2429785E-04 %    1.000433     +/-   2.2828032E-04 % 
   1.000434     +/-   2.2719325E-04 %    1.000436     +/-   2.2737651E-04 % 
   1.000437     +/-   2.2677155E-04 %    1.000439     +/-   2.2691338E-04 % 
   1.000441     +/-   2.2611913E-04 %    1.000442     +/-   2.2527007E-04 % 
   1.000444     +/-   2.2511599E-04 %    1.000445     +/-   2.2598912E-04 % 
   1.000447     +/-   2.2432175E-04 %    1.000448     +/-   2.2303035E-04 % 
   1.000450     +/-   2.2142931E-04 %    1.000451     +/-   2.2023129E-04 % 
   1.000453     +/-   2.1849897E-04 %    1.000454     +/-   2.1899072E-04 % 
   1.000456     +/-   2.1996492E-04 %    1.000458     +/-   2.2235324E-04 % 
   1.000460     +/-   2.2323831E-04 %    1.000462     +/-   2.2553386E-04 % 
   1.000465     +/-   2.2699035E-04 %    1.000468     +/-   2.2697225E-04 % 
   1.000471     +/-   2.2691312E-04 %    1.000474     +/-   2.2987000E-04 % 
   1.000478     +/-   2.3464716E-04 %    1.000483     +/-   2.3268716E-04 % 
   1.000488     +/-   2.3413957E-04 %    1.000492     +/-   2.3623316E-04 % 
   1.000498     +/-   2.4032559E-04 %    1.000504     +/-   2.4022351E-04 % 
   1.000511     +/-   2.3942320E-04 %    1.000518     +/-   2.3896257E-04 % 
   1.000526     +/-   2.3758443E-04 %    1.000533     +/-   2.4084623E-04 % 
   1.000541     +/-   2.4588677E-04 %    1.000549     +/-   2.4039646E-04 % 
   1.000557     +/-   2.4253450E-04 %    1.000566     +/-   2.4310908E-04 % 
   1.000575     +/-   2.4868859E-04 %    1.000584     +/-   2.5150387E-04 % 
   1.000592     +/-   2.5155515E-04 %    1.000601     +/-   2.5139662E-04 % 
   1.000609     +/-   2.5312873E-04 %    1.000617     +/-   2.5826163E-04 % 
   1.000624     +/-   2.6033976E-04 %    1.000631     +/-   2.6501741E-04 % 
   1.000638     +/-   2.6870833E-04 %    1.000645     +/-   2.6340922E-04 % 
   1.000651     +/-   2.6777096E-04 %    1.000658     +/-   2.6670747E-04 % 
   1.000663     +/-   2.7012257E-04 %    1.000668     +/-   2.7341687E-04 % 
   1.000673     +/-   2.7388262E-04 %    1.000678     +/-   2.7828448E-04 % 
   1.000682     +/-   2.7859682E-04 %    1.000686     +/-   2.7698732E-04 % 
   1.000690     +/-   2.7649681E-04 %    1.000693     +/-   2.7645996E-04 % 
   1.000697     +/-   2.7679960E-04 %    1.000700     +/-   2.7606520E-04 % 
   1.000703     +/-   2.7694745E-04 %    1.000705     +/-   2.7930451E-04 % 
   1.000707     +/-   2.8006604E-04 %    1.000709     +/-   2.7830311E-04 % 
   1.000711     +/-   2.7909025E-04 %    1.000713     +/-   2.7858952E-04 % 
   1.000714     +/-   2.8037259E-04 %    1.000716     +/-   2.8154883E-04 % 
   1.000717     +/-   2.8159280E-04 %    1.000718     +/-   2.8141780E-04 % 
   1.000719     +/-   2.8255291E-04 %    1.000720     +/-   2.8073185E-04 % 
   1.000721     +/-   2.8070764E-04 %    1.000721     +/-   2.8049355E-04 % 
   1.000722     +/-   2.8114437E-04 %    1.000723     +/-   2.8194441E-04 % 
   1.000723     +/-   2.8262509E-04 %    1.000724     +/-   2.8234278E-04 % 
   1.000724     +/-   2.8264374E-04 %    1.000725     +/-   2.8148669E-04 % 
   1.000725     +/-   2.8132784E-04 %    1.000725     +/-   2.8082010E-04 % 
   1.000726     +/-   2.8165252E-04 %    1.000726     +/-   2.8176024E-04 % 
   1.000726     +/-   2.8301909E-04 %    1.000726     +/-   2.8377032E-04 % 
   1.000726     +/-   2.8363836E-04 %    1.000727     +/-   2.8311554E-04 % 
   1.000727     +/-   2.8290096E-04 %    1.000727     +/-   2.8259718E-04 % 
   1.000727     +/-   2.8230960E-04 %    1.000727     +/-   2.8247229E-04 % 
   1.000727     +/-   2.8247363E-04 %    1.000728     +/-   2.8259569E-04 % 
   1.000728     +/-   2.8252407E-04 %    1.000728     +/-   2.8236536E-04 % 
   1.000728     +/-   2.8247930E-04 %    1.000728     +/-   2.8288524E-04 % 
   1.000728     +/-   2.8255853E-04 %    1.000728     +/-   2.8252680E-04 % 
   1.000728     +/-   2.8243865E-04 %    1.000728     +/-   2.8251624E-04 % 
   1.000728     +/-   2.8235404E-04 %    1.000728     +/-   2.8233411E-04 % 
   1.000728     +/-   2.8248329E-04 %    1.000728     +/-   2.8250631E-04 % 
   1.000728     +/-   2.8232345E-04 %    1.000728     +/-   2.8254697E-04 % 
   1.000728     +/-   2.8248358E-04 %    1.000728     +/-   2.8256062E-04 % 
   1.000728     +/-   2.8262421E-04 %    1.000728     +/-   2.8257235E-04 % 
   1.000728     +/-   2.8261810E-04 %    1.000728     +/-   2.8243367E-04 % 
   1.000728     +/-   2.8233413E-04 %    1.000728     +/-   2.8230602E-04 % 
   1.000728     +/-   2.8232436E-04 %    1.000728     +/-   2.8232436E-04 % 
   1.000728     +/-   2.8212884E-04 %    1.000728     +/-   2.8212884E-04 % 
   1.000728     +/-   2.8215139E-04 %    1.000728     +/-   2.8215139E-04 % 
   1.000728     +/-   2.8215139E-04 %    1.000728     +/-   2.8215139E-04 % 
   1.000728     +/-   2.8215139E-04 %    1.000728     +/-   2.8214490E-04 % 
   1.000728     +/-   2.8225227E-04 %    1.000728     +/-   2.8215957E-04 % 
   1.000728     +/-   2.8215957E-04 %    1.000728     +/-   2.8198096E-04 % 
   1.000728     +/-   2.8198096E-04 %    1.000728     +/-   2.8198096E-04 % 
   1.000728     +/-   2.8198096E-04 %    1.000728     +/-   2.8198096E-04 % 
   1.000728     +/-   2.8198096E-04 %    1.000728     +/-   2.8198096E-04 % 
   1.000728     +/-   2.8198096E-04 %    1.000728     +/-   2.8198096E-04 % 
   1.000728     +/-   2.8198096E-04 %    1.000728     +/-   2.8198096E-04 % 
   1.000728     +/-   2.8198096E-04 %    1.000728     +/-   2.8192747E-04 % 
   1.000728     +/-   2.8192747E-04 %    1.000728     +/-   2.8192747E-04 % 
   1.000728     +/-   2.8192747E-04 %    1.000728     +/-   2.8192747E-04 % 
   1.000728     +/-   2.8192747E-04 %    1.000728     +/-   2.8192747E-04 % 
   1.000728     +/-   2.8192747E-04 %    1.000728     +/-   2.8192747E-04 % 
   1.000728     +/-   2.8192747E-04 %    1.000728     +/-   2.8192747E-04 % 
   1.000728     +/-   2.8192747E-04 %    1.000728     +/-   2.8192747E-04 % 
   1.000728     +/-   2.8192747E-04 %    1.000728     +/-   2.8192747E-04 % 
   1.000728     +/-   2.8192747E-04 %    1.000728     +/-   2.8192747E-04 % 
   1.000728     +/-   2.8192747E-04 %    1.000728     +/-   2.8192747E-04 % 
   1.000728     +/-   2.8192747E-04 %    1.000728     +/-   2.8192747E-04 % 
   1.000728     +/-   2.8192747E-04 %    1.000728     +/-   2.8192747E-04 % 
   1.000728     +/-   2.8192747E-04 %    1.000728     +/-   2.8192747E-04 % 
   1.000728     +/-   2.8192747E-04 %    1.000728     +/-   2.8192747E-04 % 
   1.000728     +/-   2.8192747E-04 %    1.000728     +/-   2.8192747E-04 % 
   1.000728     +/-   2.8192747E-04 %    1.000728     +/-   2.8192747E-04 % 
   1.000728     +/-   2.8192747E-04 %    1.000728     +/-   2.8192747E-04 % 
   1.000728     +/-   2.8192747E-04 %    1.000728     +/-   2.8192747E-04 % 
   1.000728     +/-   2.8192747E-04 %    1.000728     +/-   2.8192747E-04 % 
   1.000728     +/-   2.8192747E-04 %    1.000728     +/-   2.8192747E-04 % 
   1.000728     +/-   2.8192747E-04 %    1.000728     +/-   2.8192747E-04 % 
   1.000728     +/-   2.8192747E-04 %    1.000728     +/-   2.8192747E-04 % 
   1.000728     +/-   2.8192747E-04 %    1.000728     +/-   2.8192747E-04 % 
   1.000728     +/-   2.8192747E-04 %    1.000728     +/-   2.8192747E-04 % 
   1.000728     +/-   2.8192747E-04 %    1.000728     +/-   2.8192747E-04 % 

  **** Double diff. Fluxes as a function of energy ****


  Solid angle minimum value (sr):   0.000000    

  Solid angle upper boundaries (sr):

  1.0000000E-03  7.9266556E-02   6.283186    

  Angular minimum value (deg.):   0.000000    

  Angular upper boundaries (deg.):

   1.022241       9.110670       90.00001    


  Energy interval (GeV):  3.3582568E-02  3.1700175E-02

  Flux (Part/sr/GeV/cmq/pr):

   0.000000     +/-    0.000000     %    0.000000     +/-    0.000000     % 
   0.000000     +/-    0.000000     % 

  Flux (Part/deg/GeV/cmq/pr):

   0.000000     +/-    0.000000     %    0.000000     +/-    0.000000     % 
   0.000000     +/-    0.000000     % 

  Energy interval (GeV):  3.1700175E-02  2.9923294E-02

  Flux (Part/sr/GeV/cmq/pr):

   0.000000     +/-    0.000000     %    0.000000     +/-    0.000000     % 
   0.000000     +/-    0.000000     % 

  Flux (Part/deg/GeV/cmq/pr):

   0.000000     +/-    0.000000     %    0.000000     +/-    0.000000     % 
   0.000000     +/-    0.000000     % 

  Energy interval (GeV):  2.9923294E-02  2.8246019E-02

  Flux (Part/sr/GeV/cmq/pr):

   0.000000     +/-    0.000000     %    0.000000     +/-    0.000000     % 
   0.000000     +/-    0.000000     % 

  Flux (Part/deg/GeV/cmq/pr):

   0.000000     +/-    0.000000     %    0.000000     +/-    0.000000     % 
   0.000000     +/-    0.000000     % 

  Energy interval (GeV):  2.8246019E-02  2.6662752E-02

  Flux (Part/sr/GeV/cmq/pr):

   0.000000     +/-    0.000000     %    0.000000     +/-    0.000000     % 
   0.000000     +/-    0.000000     % 

  Flux (Part/deg/GeV/cmq/pr):

   0.000000     +/-    0.000000     %    0.000000     +/-    0.000000     % 
   0.000000     +/-    0.000000     % 

  Energy interval (GeV):  2.6662752E-02  2.5168234E-02

  Flux (Part/sr/GeV/cmq/pr):

   0.000000     +/-    0.000000     %    0.000000     +/-    0.000000     % 
   0.000000     +/-    0.000000     % 

  Flux (Part/deg/GeV/cmq/pr):

   0.000000     +/-    0.000000     %    0.000000     +/-    0.000000     % 
   0.000000     +/-    0.000000     % 

  Energy interval (GeV):  2.5168234E-02  2.3757489E-02

  Flux (Part/sr/GeV/cmq/pr):

   0.000000     +/-    0.000000     %    0.000000     +/-    0.000000     % 
   0.000000     +/-    0.000000     % 

  Flux (Part/deg/GeV/cmq/pr):

   0.000000     +/-    0.000000     %    0.000000     +/-    0.000000     % 
   0.000000     +/-    0.000000     % 

  Energy interval (GeV):  2.3757489E-02  2.2425819E-02

  Flux (Part/sr/GeV/cmq/pr):

   0.000000     +/-    0.000000     %    0.000000     +/-    0.000000     % 
   0.000000     +/-    0.000000     % 

  Flux (Part/deg/GeV/cmq/pr):

   0.000000     +/-    0.000000     %    0.000000     +/-    0.000000     % 
   0.000000     +/-    0.000000     % 

  Energy interval (GeV):  2.2425819E-02  2.1168793E-02

  Flux (Part/sr/GeV/cmq/pr):

   0.000000     +/-    0.000000     %    0.000000     +/-    0.000000     % 
   0.000000     +/-    0.000000     % 

  Flux (Part/deg/GeV/cmq/pr):

   0.000000     +/-    0.000000     %    0.000000     +/-    0.000000     % 
   0.000000     +/-    0.000000     % 

  Energy interval (GeV):  2.1168793E-02  1.9982224E-02

  Flux (Part/sr/GeV/cmq/pr):

   0.000000     +/-    0.000000     %    0.000000     +/-    0.000000     % 
   0.000000     +/-    0.000000     % 

  Flux (Part/deg/GeV/cmq/pr):

   0.000000     +/-    0.000000     %    0.000000     +/-    0.000000     % 
   0.000000     +/-    0.000000     % 

  Energy interval (GeV):  1.9982224E-02  1.8862166E-02

  Flux (Part/sr/GeV/cmq/pr):

   0.000000     +/-    0.000000     %    0.000000     +/-    0.000000     % 
   0.000000     +/-    0.000000     % 

  Flux (Part/deg/GeV/cmq/pr):

   0.000000     +/-    0.000000     %    0.000000     +/-    0.000000     % 
   0.000000     +/-    0.000000     % 

  Energy interval (GeV):  1.8862166E-02  1.7804893E-02

  Flux (Part/sr/GeV/cmq/pr):

   0.000000     +/-    0.000000     %    0.000000     +/-    0.000000     % 
   0.000000     +/-    0.000000     % 

  Flux (Part/deg/GeV/cmq/pr):

   0.000000     +/-    0.000000     %    0.000000     +/-    0.000000     % 
   0.000000     +/-    0.000000     % 

  Energy interval (GeV):  1.7804893E-02  1.6806882E-02

  Flux (Part/sr/GeV/cmq/pr):

   0.000000     +/-    0.000000     %    0.000000     +/-    0.000000     % 
   0.000000     +/-    0.000000     % 

  Flux (Part/deg/GeV/cmq/pr):

   0.000000     +/-    0.000000     %    0.000000     +/-    0.000000     % 
   0.000000     +/-    0.000000     % 

  Energy interval (GeV):  1.6806882E-02  1.5864812E-02

  Flux (Part/sr/GeV/cmq/pr):

   0.000000     +/-    0.000000     %    0.000000     +/-    0.000000     % 
   0.000000     +/-    0.000000     % 

  Flux (Part/deg/GeV/cmq/pr):

   0.000000     +/-    0.000000     %    0.000000     +/-    0.000000     % 
   0.000000     +/-    0.000000     % 

  Energy interval (GeV):  1.5864812E-02  1.4975547E-02

  Flux (Part/sr/GeV/cmq/pr):

   0.000000     +/-    0.000000     %    0.000000     +/-    0.000000     % 
   0.000000     +/-    0.000000     % 

  Flux (Part/deg/GeV/cmq/pr):

   0.000000     +/-    0.000000     %    0.000000     +/-    0.000000     % 
   0.000000     +/-    0.000000     % 

  Energy interval (GeV):  1.4975547E-02  1.4136127E-02

  Flux (Part/sr/GeV/cmq/pr):

   0.000000     +/-    0.000000     %    0.000000     +/-    0.000000     % 
   0.000000     +/-    0.000000     % 

  Flux (Part/deg/GeV/cmq/pr):

   0.000000     +/-    0.000000     %    0.000000     +/-    0.000000     % 
   0.000000     +/-    0.000000     % 

  Energy interval (GeV):  1.4136127E-02  1.3343761E-02

  Flux (Part/sr/GeV/cmq/pr):

   0.000000     +/-    0.000000     %    0.000000     +/-    0.000000     % 
   0.000000     +/-    0.000000     % 

  Flux (Part/deg/GeV/cmq/pr):

   0.000000     +/-    0.000000     %    0.000000     +/-    0.000000     % 
   0.000000     +/-    0.000000     % 

  Energy interval (GeV):  1.3343761E-02  1.2595808E-02

  Flux (Part/sr/GeV/cmq/pr):

   0.000000     +/-    0.000000     %    0.000000     +/-    0.000000     % 
   0.000000     +/-    0.000000     % 

  Flux (Part/deg/GeV/cmq/pr):

   0.000000     +/-    0.000000     %    0.000000     +/-    0.000000     % 
   0.000000     +/-    0.000000     % 

  Energy interval (GeV):  1.2595808E-02  1.1889778E-02

  Flux (Part/sr/GeV/cmq/pr):

   0.000000     +/-    0.000000     %    0.000000     +/-    0.000000     % 
   0.000000     +/-    0.000000     % 

  Flux (Part/deg/GeV/cmq/pr):

   0.000000     +/-    0.000000     %    0.000000     +/-    0.000000     % 
   0.000000     +/-    0.000000     % 

  Energy interval (GeV):  1.1889778E-02  1.1223326E-02

  Flux (Part/sr/GeV/cmq/pr):

   0.000000     +/-    0.000000     %    0.000000     +/-    0.000000     % 
   0.000000     +/-    0.000000     % 

  Flux (Part/deg/GeV/cmq/pr):

   0.000000     +/-    0.000000     %    0.000000     +/-    0.000000     % 
   0.000000     +/-    0.000000     % 

  Energy interval (GeV):  1.1223326E-02  1.0594228E-02

  Flux (Part/sr/GeV/cmq/pr):

   0.000000     +/-    0.000000     %    0.000000     +/-    0.000000     % 
   0.000000     +/-    0.000000     % 

  Flux (Part/deg/GeV/cmq/pr):

   0.000000     +/-    0.000000     %    0.000000     +/-    0.000000     % 
   0.000000     +/-    0.000000     % 

  Energy interval (GeV):  1.0594228E-02  1.0000395E-02

  Flux (Part/sr/GeV/cmq/pr):

   0.000000     +/-    0.000000     %    0.000000     +/-    0.000000     % 
   0.000000     +/-    0.000000     % 

  Flux (Part/deg/GeV/cmq/pr):

   0.000000     +/-    0.000000     %    0.000000     +/-    0.000000     % 
   0.000000     +/-    0.000000     % 

  Energy interval (GeV):  1.0000395E-02  9.4398456E-03

  Flux (Part/sr/GeV/cmq/pr):

   0.000000     +/-    0.000000     %    0.000000     +/-    0.000000     % 
   0.000000     +/-    0.000000     % 

  Flux (Part/deg/GeV/cmq/pr):

   0.000000     +/-    0.000000     %    0.000000     +/-    0.000000     % 
   0.000000     +/-    0.000000     % 

  Energy interval (GeV):  9.4398456E-03  8.9107165E-03

  Flux (Part/sr/GeV/cmq/pr):

   0.000000     +/-    0.000000     %    0.000000     +/-    0.000000     % 
   0.000000     +/-    0.000000     % 

  Flux (Part/deg/GeV/cmq/pr):

   0.000000     +/-    0.000000     %    0.000000     +/-    0.000000     % 
   0.000000     +/-    0.000000     % 

  Energy interval (GeV):  8.9107165E-03  8.4112473E-03

  Flux (Part/sr/GeV/cmq/pr):

   0.000000     +/-    0.000000     %    0.000000     +/-    0.000000     % 
   0.000000     +/-    0.000000     % 

  Flux (Part/deg/GeV/cmq/pr):

   0.000000     +/-    0.000000     %    0.000000     +/-    0.000000     % 
   0.000000     +/-    0.000000     % 

  Energy interval (GeV):  8.4112473E-03  7.9397755E-03

  Flux (Part/sr/GeV/cmq/pr):

   0.000000     +/-    0.000000     %    0.000000     +/-    0.000000     % 
   0.000000     +/-    0.000000     % 

  Flux (Part/deg/GeV/cmq/pr):

   0.000000     +/-    0.000000     %    0.000000     +/-    0.000000     % 
   0.000000     +/-    0.000000     % 

  Energy interval (GeV):  7.9397755E-03  7.4947290E-03

  Flux (Part/sr/GeV/cmq/pr):

   0.000000     +/-    0.000000     %    0.000000     +/-    0.000000     % 
   0.000000     +/-    0.000000     % 

  Flux (Part/deg/GeV/cmq/pr):

   0.000000     +/-    0.000000     %    0.000000     +/-    0.000000     % 
   0.000000     +/-    0.000000     % 

  Energy interval (GeV):  7.4947290E-03  7.0746299E-03

  Flux (Part/sr/GeV/cmq/pr):

   0.000000     +/-    0.000000     %    0.000000     +/-    0.000000     % 
   0.000000     +/-    0.000000     % 

  Flux (Part/deg/GeV/cmq/pr):

   0.000000     +/-    0.000000     %    0.000000     +/-    0.000000     % 
   0.000000     +/-    0.000000     % 

  Energy interval (GeV):  7.0746299E-03  6.6780788E-03

  Flux (Part/sr/GeV/cmq/pr):

   0.000000     +/-    0.000000     %    0.000000     +/-    0.000000     % 
   0.000000     +/-    0.000000     % 

  Flux (Part/deg/GeV/cmq/pr):

   0.000000     +/-    0.000000     %    0.000000     +/-    0.000000     % 
   0.000000     +/-    0.000000     % 

  Energy interval (GeV):  6.6780788E-03  6.3037551E-03

  Flux (Part/sr/GeV/cmq/pr):

   0.000000     +/-    0.000000     %    0.000000     +/-    0.000000     % 
   0.000000     +/-    0.000000     % 

  Flux (Part/deg/GeV/cmq/pr):

   0.000000     +/-    0.000000     %    0.000000     +/-    0.000000     % 
   0.000000     +/-    0.000000     % 

  Energy interval (GeV):  6.3037551E-03  5.9504122E-03

  Flux (Part/sr/GeV/cmq/pr):

   0.000000     +/-    0.000000     %    0.000000     +/-    0.000000     % 
   0.000000     +/-    0.000000     % 

  Flux (Part/deg/GeV/cmq/pr):

   0.000000     +/-    0.000000     %    0.000000     +/-    0.000000     % 
   0.000000     +/-    0.000000     % 

  Energy interval (GeV):  5.9504122E-03  5.6168754E-03

  Flux (Part/sr/GeV/cmq/pr):

   0.000000     +/-    0.000000     %    0.000000     +/-    0.000000     % 
   0.000000     +/-    0.000000     % 

  Flux (Part/deg/GeV/cmq/pr):

   0.000000     +/-    0.000000     %    0.000000     +/-    0.000000     % 
   0.000000     +/-    0.000000     % 

  Energy interval (GeV):  5.6168754E-03  5.3020348E-03

  Flux (Part/sr/GeV/cmq/pr):

   0.000000     +/-    0.000000     %    0.000000     +/-    0.000000     % 
   0.000000     +/-    0.000000     % 

  Flux (Part/deg/GeV/cmq/pr):

   0.000000     +/-    0.000000     %    0.000000     +/-    0.000000     % 
   0.000000     +/-    0.000000     % 

  Energy interval (GeV):  5.3020348E-03  5.0048418E-03

  Flux (Part/sr/GeV/cmq/pr):

   0.000000     +/-    0.000000     %    0.000000     +/-    0.000000     % 
   0.000000     +/-    0.000000     % 

  Flux (Part/deg/GeV/cmq/pr):

   0.000000     +/-    0.000000     %    0.000000     +/-    0.000000     % 
   0.000000     +/-    0.000000     % 

  Energy interval (GeV):  5.0048418E-03  4.7243075E-03

  Flux (Part/sr/GeV/cmq/pr):

   0.000000     +/-    0.000000     %    0.000000     +/-    0.000000     % 
   0.000000     +/-    0.000000     % 

  Flux (Part/deg/GeV/cmq/pr):

   0.000000     +/-    0.000000     %    0.000000     +/-    0.000000     % 
   0.000000     +/-    0.000000     % 

  Energy interval (GeV):  4.7243075E-03  4.4594975E-03

  Flux (Part/sr/GeV/cmq/pr):

   0.000000     +/-    0.000000     %    0.000000     +/-    0.000000     % 
   0.000000     +/-    0.000000     % 

  Flux (Part/deg/GeV/cmq/pr):

   0.000000     +/-    0.000000     %    0.000000     +/-    0.000000     % 
   0.000000     +/-    0.000000     % 

  Energy interval (GeV):  4.4594975E-03  4.2095310E-03

  Flux (Part/sr/GeV/cmq/pr):

   0.000000     +/-    0.000000     %    0.000000     +/-    0.000000     % 
   0.000000     +/-    0.000000     % 

  Flux (Part/deg/GeV/cmq/pr):

   0.000000     +/-    0.000000     %    0.000000     +/-    0.000000     % 
   0.000000     +/-    0.000000     % 

  Energy interval (GeV):  4.2095310E-03  3.9735753E-03

  Flux (Part/sr/GeV/cmq/pr):

   0.000000     +/-    0.000000     %    0.000000     +/-    0.000000     % 
   0.000000     +/-    0.000000     % 

  Flux (Part/deg/GeV/cmq/pr):

   0.000000     +/-    0.000000     %    0.000000     +/-    0.000000     % 
   0.000000     +/-    0.000000     % 

  Energy interval (GeV):  3.9735753E-03  3.7508460E-03

  Flux (Part/sr/GeV/cmq/pr):

   0.000000     +/-    0.000000     %    0.000000     +/-    0.000000     % 
   0.000000     +/-    0.000000     % 

  Flux (Part/deg/GeV/cmq/pr):

   0.000000     +/-    0.000000     %    0.000000     +/-    0.000000     % 
   0.000000     +/-    0.000000     % 

  Energy interval (GeV):  3.7508460E-03  3.5406007E-03

  Flux (Part/sr/GeV/cmq/pr):

   0.000000     +/-    0.000000     %    0.000000     +/-    0.000000     % 
   0.000000     +/-    0.000000     % 

  Flux (Part/deg/GeV/cmq/pr):

   0.000000     +/-    0.000000     %    0.000000     +/-    0.000000     % 
   0.000000     +/-    0.000000     % 

  Energy interval (GeV):  3.5406007E-03  3.3421409E-03

  Flux (Part/sr/GeV/cmq/pr):

   0.000000     +/-    0.000000     %    0.000000     +/-    0.000000     % 
   0.000000     +/-    0.000000     % 

  Flux (Part/deg/GeV/cmq/pr):

   0.000000     +/-    0.000000     %    0.000000     +/-    0.000000     % 
   0.000000     +/-    0.000000     % 

  Energy interval (GeV):  3.3421409E-03  3.1548054E-03

  Flux (Part/sr/GeV/cmq/pr):

   0.000000     +/-    0.000000     %    0.000000     +/-    0.000000     % 
   0.000000     +/-    0.000000     % 

  Flux (Part/deg/GeV/cmq/pr):

   0.000000     +/-    0.000000     %    0.000000     +/-    0.000000     % 
   0.000000     +/-    0.000000     % 

  Energy interval (GeV):  3.1548054E-03  2.9779696E-03

  Flux (Part/sr/GeV/cmq/pr):

   0.000000     +/-    0.000000     %    0.000000     +/-    0.000000     % 
   0.000000     +/-    0.000000     % 

  Flux (Part/deg/GeV/cmq/pr):

   0.000000     +/-    0.000000     %    0.000000     +/-    0.000000     % 
   0.000000     +/-    0.000000     % 

  Energy interval (GeV):  2.9779696E-03  2.8110470E-03

  Flux (Part/sr/GeV/cmq/pr):

   0.000000     +/-    0.000000     %    0.000000     +/-    0.000000     % 
   0.000000     +/-    0.000000     % 

  Flux (Part/deg/GeV/cmq/pr):

   0.000000     +/-    0.000000     %    0.000000     +/-    0.000000     % 
   0.000000     +/-    0.000000     % 

  Energy interval (GeV):  2.8110470E-03  2.6534803E-03

  Flux (Part/sr/GeV/cmq/pr):

   0.000000     +/-    0.000000     %    0.000000     +/-    0.000000     % 
   0.000000     +/-    0.000000     % 

  Flux (Part/deg/GeV/cmq/pr):

   0.000000     +/-    0.000000     %    0.000000     +/-    0.000000     % 
   0.000000     +/-    0.000000     % 

  Energy interval (GeV):  2.6534803E-03  2.5047455E-03

  Flux (Part/sr/GeV/cmq/pr):

   0.000000     +/-    0.000000     %    0.000000     +/-    0.000000     % 
   0.000000     +/-    0.000000     % 

  Flux (Part/deg/GeV/cmq/pr):

   0.000000     +/-    0.000000     %    0.000000     +/-    0.000000     % 
   0.000000     +/-    0.000000     % 

  Energy interval (GeV):  2.5047455E-03  2.3643479E-03

  Flux (Part/sr/GeV/cmq/pr):

   0.000000     +/-    0.000000     %    0.000000     +/-    0.000000     % 
   0.000000     +/-    0.000000     % 

  Flux (Part/deg/GeV/cmq/pr):

   0.000000     +/-    0.000000     %    0.000000     +/-    0.000000     % 
   0.000000     +/-    0.000000     % 

  Energy interval (GeV):  2.3643479E-03  2.2318200E-03

  Flux (Part/sr/GeV/cmq/pr):

   0.000000     +/-    0.000000     %    0.000000     +/-    0.000000     % 
   0.000000     +/-    0.000000     % 

  Flux (Part/deg/GeV/cmq/pr):

   0.000000     +/-    0.000000     %    0.000000     +/-    0.000000     % 
   0.000000     +/-    0.000000     % 

  Energy interval (GeV):  2.2318200E-03  2.1067206E-03

  Flux (Part/sr/GeV/cmq/pr):

   0.000000     +/-    0.000000     %    0.000000     +/-    0.000000     % 
   0.000000     +/-    0.000000     % 

  Flux (Part/deg/GeV/cmq/pr):

   0.000000     +/-    0.000000     %    0.000000     +/-    0.000000     % 
   0.000000     +/-    0.000000     % 

  Energy interval (GeV):  2.1067206E-03  1.9886333E-03

  Flux (Part/sr/GeV/cmq/pr):

   0.000000     +/-    0.000000     %    0.000000     +/-    0.000000     % 
   0.000000     +/-    0.000000     % 

  Flux (Part/deg/GeV/cmq/pr):

   0.000000     +/-    0.000000     %    0.000000     +/-    0.000000     % 
   0.000000     +/-    0.000000     % 

  Energy interval (GeV):  1.9886333E-03  1.8771652E-03

  Flux (Part/sr/GeV/cmq/pr):

   0.000000     +/-    0.000000     %    0.000000     +/-    0.000000     % 
   0.000000     +/-    0.000000     % 

  Flux (Part/deg/GeV/cmq/pr):

   0.000000     +/-    0.000000     %    0.000000     +/-    0.000000     % 
   0.000000     +/-    0.000000     % 

  Energy interval (GeV):  1.8771652E-03  1.7719452E-03

  Flux (Part/sr/GeV/cmq/pr):

   0.000000     +/-    0.000000     %    0.000000     +/-    0.000000     % 
   0.000000     +/-    0.000000     % 

  Flux (Part/deg/GeV/cmq/pr):

   0.000000     +/-    0.000000     %    0.000000     +/-    0.000000     % 
   0.000000     +/-    0.000000     % 

  Energy interval (GeV):  1.7719452E-03  1.6726229E-03

  Flux (Part/sr/GeV/cmq/pr):

   0.000000     +/-    0.000000     %    0.000000     +/-    0.000000     % 
   0.000000     +/-    0.000000     % 

  Flux (Part/deg/GeV/cmq/pr):

   0.000000     +/-    0.000000     %    0.000000     +/-    0.000000     % 
   0.000000     +/-    0.000000     % 

  Energy interval (GeV):  1.6726229E-03  1.5788680E-03

  Flux (Part/sr/GeV/cmq/pr):

   0.000000     +/-    0.000000     %    0.000000     +/-    0.000000     % 
   0.000000     +/-    0.000000     % 

  Flux (Part/deg/GeV/cmq/pr):

   0.000000     +/-    0.000000     %    0.000000     +/-    0.000000     % 
   0.000000     +/-    0.000000     % 

  Energy interval (GeV):  1.5788680E-03  1.4903684E-03

  Flux (Part/sr/GeV/cmq/pr):

   0.000000     +/-    0.000000     %    0.000000     +/-    0.000000     % 
   0.000000     +/-    0.000000     % 

  Flux (Part/deg/GeV/cmq/pr):

   0.000000     +/-    0.000000     %    0.000000     +/-    0.000000     % 
   0.000000     +/-    0.000000     % 

  Energy interval (GeV):  1.4903684E-03  1.4068292E-03

  Flux (Part/sr/GeV/cmq/pr):

   0.000000     +/-    0.000000     %    0.000000     +/-    0.000000     % 
   0.000000     +/-    0.000000     % 

  Flux (Part/deg/GeV/cmq/pr):

   0.000000     +/-    0.000000     %    0.000000     +/-    0.000000     % 
   0.000000     +/-    0.000000     % 

  Energy interval (GeV):  1.4068292E-03  1.3279727E-03

  Flux (Part/sr/GeV/cmq/pr):

   0.000000     +/-    0.000000     %    0.000000     +/-    0.000000     % 
   0.000000     +/-    0.000000     % 

  Flux (Part/deg/GeV/cmq/pr):

   0.000000     +/-    0.000000     %    0.000000     +/-    0.000000     % 
   0.000000     +/-    0.000000     % 

  Energy interval (GeV):  1.3279727E-03  1.2535363E-03

  Flux (Part/sr/GeV/cmq/pr):

   0.000000     +/-    0.000000     %    0.000000     +/-    0.000000     % 
   0.000000     +/-    0.000000     % 

  Flux (Part/deg/GeV/cmq/pr):

   0.000000     +/-    0.000000     %    0.000000     +/-    0.000000     % 
   0.000000     +/-    0.000000     % 

  Energy interval (GeV):  1.2535363E-03  1.1832722E-03

  Flux (Part/sr/GeV/cmq/pr):

   0.000000     +/-    0.000000     %    0.000000     +/-    0.000000     % 
   0.000000     +/-    0.000000     % 

  Flux (Part/deg/GeV/cmq/pr):

   0.000000     +/-    0.000000     %    0.000000     +/-    0.000000     % 
   0.000000     +/-    0.000000     % 

  Energy interval (GeV):  1.1832722E-03  1.1169467E-03

  Flux (Part/sr/GeV/cmq/pr):

   0.000000     +/-    0.000000     %    0.000000     +/-    0.000000     % 
   0.000000     +/-    0.000000     % 

  Flux (Part/deg/GeV/cmq/pr):

   0.000000     +/-    0.000000     %    0.000000     +/-    0.000000     % 
   0.000000     +/-    0.000000     % 

  Energy interval (GeV):  1.1169467E-03  1.0543390E-03

  Flux (Part/sr/GeV/cmq/pr):

   0.000000     +/-    0.000000     %    0.000000     +/-    0.000000     % 
   0.000000     +/-    0.000000     % 

  Flux (Part/deg/GeV/cmq/pr):

   0.000000     +/-    0.000000     %    0.000000     +/-    0.000000     % 
   0.000000     +/-    0.000000     % 

  Energy interval (GeV):  1.0543390E-03  9.9524041E-04

  Flux (Part/sr/GeV/cmq/pr):

   0.000000     +/-    0.000000     %    0.000000     +/-    0.000000     % 
   0.000000     +/-    0.000000     % 

  Flux (Part/deg/GeV/cmq/pr):

   0.000000     +/-    0.000000     %    0.000000     +/-    0.000000     % 
   0.000000     +/-    0.000000     % 

  Energy interval (GeV):  9.9524041E-04  9.3945453E-04

  Flux (Part/sr/GeV/cmq/pr):

   0.000000     +/-    0.000000     %    0.000000     +/-    0.000000     % 
   0.000000     +/-    0.000000     % 

  Flux (Part/deg/GeV/cmq/pr):

   0.000000     +/-    0.000000     %    0.000000     +/-    0.000000     % 
   0.000000     +/-    0.000000     % 

  Energy interval (GeV):  9.3945453E-04  8.8679563E-04

  Flux (Part/sr/GeV/cmq/pr):

   0.000000     +/-    0.000000     %    0.000000     +/-    0.000000     % 
   0.000000     +/-    0.000000     % 

  Flux (Part/deg/GeV/cmq/pr):

   0.000000     +/-    0.000000     %    0.000000     +/-    0.000000     % 
   0.000000     +/-    0.000000     % 

  Energy interval (GeV):  8.8679563E-04  8.3708845E-04

  Flux (Part/sr/GeV/cmq/pr):

   0.000000     +/-    0.000000     %    0.000000     +/-    0.000000     % 
   0.000000     +/-    0.000000     % 

  Flux (Part/deg/GeV/cmq/pr):

   0.000000     +/-    0.000000     %    0.000000     +/-    0.000000     % 
   0.000000     +/-    0.000000     % 

  Energy interval (GeV):  8.3708845E-04  7.9016737E-04

  Flux (Part/sr/GeV/cmq/pr):

   0.000000     +/-    0.000000     %    0.000000     +/-    0.000000     % 
   0.000000     +/-    0.000000     % 

  Flux (Part/deg/GeV/cmq/pr):

   0.000000     +/-    0.000000     %    0.000000     +/-    0.000000     % 
   0.000000     +/-    0.000000     % 

  Energy interval (GeV):  7.9016737E-04  7.4587634E-04

  Flux (Part/sr/GeV/cmq/pr):

   0.000000     +/-    0.000000     %    0.000000     +/-    0.000000     % 
   0.000000     +/-    0.000000     % 

  Flux (Part/deg/GeV/cmq/pr):

   0.000000     +/-    0.000000     %    0.000000     +/-    0.000000     % 
   0.000000     +/-    0.000000     % 

  Energy interval (GeV):  7.4587634E-04  7.0406805E-04

  Flux (Part/sr/GeV/cmq/pr):

   0.000000     +/-    0.000000     %    0.000000     +/-    0.000000     % 
   0.000000     +/-    0.000000     % 

  Flux (Part/deg/GeV/cmq/pr):

   0.000000     +/-    0.000000     %    0.000000     +/-    0.000000     % 
   0.000000     +/-    0.000000     % 

  Energy interval (GeV):  7.0406805E-04  6.6460320E-04

  Flux (Part/sr/GeV/cmq/pr):

   0.000000     +/-    0.000000     %    0.000000     +/-    0.000000     % 
   0.000000     +/-    0.000000     % 

  Flux (Part/deg/GeV/cmq/pr):

   0.000000     +/-    0.000000     %    0.000000     +/-    0.000000     % 
   0.000000     +/-    0.000000     % 

  Energy interval (GeV):  6.6460320E-04  6.2735041E-04

  Flux (Part/sr/GeV/cmq/pr):

   0.000000     +/-    0.000000     %    0.000000     +/-    0.000000     % 
   0.000000     +/-    0.000000     % 

  Flux (Part/deg/GeV/cmq/pr):

   0.000000     +/-    0.000000     %    0.000000     +/-    0.000000     % 
   0.000000     +/-    0.000000     % 

  Energy interval (GeV):  6.2735041E-04  5.9218577E-04

  Flux (Part/sr/GeV/cmq/pr):

  2.8436788E+07 +/-    0.000000     %   1.8166820E-02 +/-    43.80858     % 
  2.5668885E-03 +/-    12.77148     % 

  Flux (Part/deg/GeV/cmq/pr):

   27818.08     +/-    0.000000     %   1.7578869E-04 +/-    43.80858     % 
  1.9687106E-04 +/-    12.77148     % 

  Energy interval (GeV):  5.9218577E-04  5.5899215E-04

  Flux (Part/sr/GeV/cmq/pr):

   0.000000     +/-    0.000000     %    0.000000     +/-    0.000000     % 
  1.4033599E-02 +/-    5.294585     % 

  Flux (Part/deg/GeV/cmq/pr):

   0.000000     +/-    0.000000     %    0.000000     +/-    0.000000     % 
  1.0763262E-03 +/-    5.294585     % 

  Energy interval (GeV):  5.5899215E-04  5.2765920E-04

  Flux (Part/sr/GeV/cmq/pr):

   0.000000     +/-    0.000000     %    0.000000     +/-    0.000000     % 
  1.3014995E-02 +/-    6.416634     % 

  Flux (Part/deg/GeV/cmq/pr):

   0.000000     +/-    0.000000     %    0.000000     +/-    0.000000     % 
  9.9820294E-04 +/-    6.416634     % 

  Energy interval (GeV):  5.2765920E-04  4.9808255E-04

  Flux (Part/sr/GeV/cmq/pr):

   0.000000     +/-    0.000000     %    0.000000     +/-    0.000000     % 
  2.3978853E-03 +/-    15.59944     % 

  Flux (Part/deg/GeV/cmq/pr):

   0.000000     +/-    0.000000     %    0.000000     +/-    0.000000     % 
  1.8390913E-04 +/-    15.59944     % 

  Energy interval (GeV):  4.9808255E-04  4.7016365E-04

  Flux (Part/sr/GeV/cmq/pr):

   0.000000     +/-    0.000000     %    0.000000     +/-    0.000000     % 
  3.7526782E-03 +/-    11.23001     % 

  Flux (Part/deg/GeV/cmq/pr):

   0.000000     +/-    0.000000     %    0.000000     +/-    0.000000     % 
  2.8781686E-04 +/-    11.23001     % 

  Energy interval (GeV):  4.7016365E-04  4.4380975E-04

  Flux (Part/sr/GeV/cmq/pr):

   0.000000     +/-    0.000000     %    0.000000     +/-    0.000000     % 
  9.6024014E-03 +/-    7.479369     % 

  Flux (Part/deg/GeV/cmq/pr):

   0.000000     +/-    0.000000     %    0.000000     +/-    0.000000     % 
  7.3646946E-04 +/-    7.479369     % 

  Energy interval (GeV):  4.4380975E-04  4.1893302E-04

  Flux (Part/sr/GeV/cmq/pr):

   0.000000     +/-    0.000000     %   2.0543875E-02 +/-    60.71959     % 
  1.3606667E-02 +/-    6.951913     % 

  Flux (Part/deg/GeV/cmq/pr):

   0.000000     +/-    0.000000     %   1.9878996E-04 +/-    60.71959     % 
  1.0435821E-03 +/-    6.951913     % 

  Energy interval (GeV):  4.1893302E-04  3.9545068E-04

  Flux (Part/sr/GeV/cmq/pr):

   0.000000     +/-    0.000000     %   2.1763794E-02 +/-    49.23660     % 
  2.1553328E-02 +/-    5.743910     % 

  Flux (Part/deg/GeV/cmq/pr):

   0.000000     +/-    0.000000     %   2.1059433E-04 +/-    49.23660     % 
  1.6530623E-03 +/-    5.743910     % 

  Energy interval (GeV):  3.9545068E-04  3.7328465E-04

  Flux (Part/sr/GeV/cmq/pr):

   0.000000     +/-    0.000000     %   2.8820192E-02 +/-    43.80858     % 
  3.0541210E-02 +/-    4.845349     % 

  Flux (Part/deg/GeV/cmq/pr):

   0.000000     +/-    0.000000     %   2.7887459E-04 +/-    43.80858     % 
  2.3424004E-03 +/-    4.845349     % 

  Energy interval (GeV):  3.7328465E-04  3.5236106E-04

  Flux (Part/sr/GeV/cmq/pr):

  0.4779201     +/-    99.00000     %   9.7701028E-02 +/-    23.02831     % 
  6.3862175E-02 +/-    3.650340     % 

  Flux (Part/deg/GeV/cmq/pr):

  4.6752181E-04 +/-    99.00000     %   9.4539038E-04 +/-    23.02831     % 
  4.8979982E-03 +/-    3.650340     % 

  Energy interval (GeV):  3.5236106E-04  3.3261027E-04

  Flux (Part/sr/GeV/cmq/pr):

   0.000000     +/-    0.000000     %   0.2716944     +/-    14.42929     % 
  0.1144983     +/-    2.966507     % 

  Flux (Part/deg/GeV/cmq/pr):

   0.000000     +/-    0.000000     %   2.6290130E-03 +/-    14.42929     % 
  8.7816073E-03 +/-    2.966507     % 

  Energy interval (GeV):  3.3261027E-04  3.1396659E-04

  Flux (Part/sr/GeV/cmq/pr):

   0.000000     +/-    0.000000     %   0.2946810     +/-    15.23911     % 
  8.6023435E-02 +/-    3.420532     % 

  Flux (Part/deg/GeV/cmq/pr):

   0.000000     +/-    0.000000     %   2.8514394E-03 +/-    15.23911     % 
  6.5976861E-03 +/-    3.420532     % 

  Energy interval (GeV):  3.1396659E-04  2.9636794E-04

  Flux (Part/sr/GeV/cmq/pr):

   0.000000     +/-    0.000000     %   5.0819915E-02 +/-    36.63320     % 
  2.4545999E-02 +/-    6.600248     % 

  Flux (Part/deg/GeV/cmq/pr):

   0.000000     +/-    0.000000     %   4.9175182E-04 +/-    36.63320     % 
  1.8825894E-03 +/-    6.600248     % 

  Energy interval (GeV):  2.9636794E-04  2.7975574E-04

  Flux (Part/sr/GeV/cmq/pr):

   0.000000     +/-    0.000000     %   4.6146560E-02 +/-    39.78054     % 
  1.8435366E-02 +/-    7.233519     % 

  Flux (Part/deg/GeV/cmq/pr):

   0.000000     +/-    0.000000     %   4.4653079E-04 +/-    39.78054     % 
  1.4139260E-03 +/-    7.233519     % 

  Energy interval (GeV):  2.7975574E-04  2.6407465E-04

  Flux (Part/sr/GeV/cmq/pr):

   0.000000     +/-    0.000000     %   1.6295601E-02 +/-    70.35265     % 
  1.8913342E-02 +/-    8.695652     % 

  Flux (Part/deg/GeV/cmq/pr):

   0.000000     +/-    0.000000     %   1.5768211E-04 +/-    70.35265     % 
  1.4505849E-03 +/-    8.695652     % 

  Energy interval (GeV):  2.6407465E-04  2.4927262E-04

  Flux (Part/sr/GeV/cmq/pr):

   0.000000     +/-    0.000000     %   3.4526505E-02 +/-    49.23660     % 
  1.9927543E-02 +/-    7.612132     % 

  Flux (Part/deg/GeV/cmq/pr):

   0.000000     +/-    0.000000     %   3.3409090E-04 +/-    49.23660     % 
  1.5283705E-03 +/-    7.612132     % 

  Energy interval (GeV):  2.4927262E-04  2.3530021E-04

  Flux (Part/sr/GeV/cmq/pr):

   0.000000     +/-    0.000000     %   3.6576729E-02 +/-    49.23660     % 
  2.0418704E-02 +/-    6.901033     % 

  Flux (Part/deg/GeV/cmq/pr):

   0.000000     +/-    0.000000     %   3.5392964E-04 +/-    49.23660     % 
  1.5660408E-03 +/-    6.901033     % 

  Energy interval (GeV):  2.3530021E-04  2.2211100E-04

  Flux (Part/sr/GeV/cmq/pr):

   0.000000     +/-    0.000000     %   3.8748696E-02 +/-    49.23660     % 
  2.1264561E-02 +/-    7.288854     % 

  Flux (Part/deg/GeV/cmq/pr):

   0.000000     +/-    0.000000     %   3.7494636E-04 +/-    49.23660     % 
  1.6309150E-03 +/-    7.288854     % 

  Energy interval (GeV):  2.2211100E-04  2.0966108E-04

  Flux (Part/sr/GeV/cmq/pr):

   0.000000     +/-    0.000000     %   3.0787228E-02 +/-    57.14887     % 
  2.0585269E-02 +/-    8.625087     % 

  Flux (Part/deg/GeV/cmq/pr):

   0.000000     +/-    0.000000     %   2.9790832E-04 +/-    57.14887     % 
  1.5788156E-03 +/-    8.625087     % 

  Energy interval (GeV):  2.0966108E-04  1.9790904E-04

  Flux (Part/sr/GeV/cmq/pr):

   0.000000     +/-    0.000000     %   6.5230824E-02 +/-    39.78054     % 
  2.0298941E-02 +/-    7.771235     % 

  Flux (Part/deg/GeV/cmq/pr):

   0.000000     +/-    0.000000     %   6.3119701E-04 +/-    39.78054     % 
  1.5568554E-03 +/-    7.771235     % 

  Energy interval (GeV):  1.9790904E-04  1.8681571E-04

  Flux (Part/sr/GeV/cmq/pr):

   0.000000     +/-    0.000000     %   3.4552153E-02 +/-    57.14887     % 
  2.3683809E-02 +/-    7.172321     % 

  Flux (Part/deg/GeV/cmq/pr):

   0.000000     +/-    0.000000     %   3.3433910E-04 +/-    57.14887     % 
  1.8164624E-03 +/-    7.172321     % 

  Energy interval (GeV):  1.8681571E-04  1.7634418E-04

  Flux (Part/sr/GeV/cmq/pr):

   0.000000     +/-    0.000000     %   2.4402600E-02 +/-    70.35265     % 
  2.4320541E-02 +/-    8.004755     % 

  Flux (Part/deg/GeV/cmq/pr):

   0.000000     +/-    0.000000     %   2.3612836E-04 +/-    70.35265     % 
  1.8652976E-03 +/-    8.004755     % 

  Energy interval (GeV):  1.7634418E-04  1.6645963E-04

  Flux (Part/sr/GeV/cmq/pr):

   0.000000     +/-    0.000000     %   6.4629138E-02 +/-    43.80858     % 
  2.2014163E-02 +/-    9.018570     % 

  Flux (Part/deg/GeV/cmq/pr):

   0.000000     +/-    0.000000     %   6.2537484E-04 +/-    43.80858     % 
  1.6884067E-03 +/-    9.018570     % 

  Energy interval (GeV):  1.6645963E-04  1.5712914E-04

  Flux (Part/sr/GeV/cmq/pr):

   0.000000     +/-    0.000000     %   5.4773513E-02 +/-    49.23660     % 
  2.3839641E-02 +/-    9.199524     % 

  Flux (Part/deg/GeV/cmq/pr):

   0.000000     +/-    0.000000     %   5.3000828E-04 +/-    49.23660     % 
  1.8284143E-03 +/-    9.199524     % 

  Energy interval (GeV):  1.5712914E-04  1.4832163E-04

  Flux (Part/sr/GeV/cmq/pr):

   0.000000     +/-    0.000000     %   5.8026027E-02 +/-    49.23660     % 
  2.4523232E-02 +/-    8.696447     % 

  Flux (Part/deg/GeV/cmq/pr):

   0.000000     +/-    0.000000     %   5.6148076E-04 +/-    49.23660     % 
  1.8808432E-03 +/-    8.696447     % 

  Energy interval (GeV):  1.4832163E-04  1.4000780E-04

  Flux (Part/sr/GeV/cmq/pr):

   0.000000     +/-    0.000000     %   3.0735839E-02 +/-    70.35265     % 
  2.6367202E-02 +/-    8.459515     % 

  Flux (Part/deg/GeV/cmq/pr):

   0.000000     +/-    0.000000     %   2.9741105E-04 +/-    70.35265     % 
  2.0222692E-03 +/-    8.459515     % 

  Energy interval (GeV):  1.4000780E-04  1.3216000E-04

  Flux (Part/sr/GeV/cmq/pr):

   0.000000     +/-    0.000000     %   1.6280483E-02 +/-    99.00000     % 
  2.8343694E-02 +/-    8.289700     % 

  Flux (Part/deg/GeV/cmq/pr):

   0.000000     +/-    0.000000     %   1.5753585E-04 +/-    99.00000     % 
  2.1738589E-03 +/-    8.289700     % 

  Energy interval (GeV):  1.3216000E-04  1.2475208E-04

  Flux (Part/sr/GeV/cmq/pr):

   0.000000     +/-    0.000000     %   0.1207307     +/-    36.63320     % 
  3.0679533E-02 +/-    8.007110     % 

  Flux (Part/deg/GeV/cmq/pr):

   0.000000     +/-    0.000000     %   1.1682336E-03 +/-    36.63320     % 
  2.3530093E-03 +/-    8.007110     % 

  Energy interval (GeV):  1.2475208E-04  1.1775938E-04

  Flux (Part/sr/GeV/cmq/pr):

   0.000000     +/-    0.000000     %   5.4814201E-02 +/-    57.14887     % 
  3.6419921E-02 +/-    7.093583     % 

  Flux (Part/deg/GeV/cmq/pr):

   0.000000     +/-    0.000000     %   5.3040200E-04 +/-    57.14887     % 
  2.7932760E-03 +/-    7.093583     % 

  Energy interval (GeV):  1.1775938E-04  1.1115867E-04

  Flux (Part/sr/GeV/cmq/pr):

   0.000000     +/-    0.000000     %   0.1354946     +/-    36.63320     % 
  3.8826771E-02 +/-    7.694754     % 

  Flux (Part/deg/GeV/cmq/pr):

   0.000000     +/-    0.000000     %   1.3110951E-03 +/-    36.63320     % 
  2.9778730E-03 +/-    7.694754     % 

  Energy interval (GeV):  1.1115867E-04  1.0492792E-04

  Flux (Part/sr/GeV/cmq/pr):

   0.000000     +/-    0.000000     %   8.2023121E-02 +/-    49.23660     % 
  3.8545407E-02 +/-    7.719963     % 

  Flux (Part/deg/GeV/cmq/pr):

   0.000000     +/-    0.000000     %   7.9368538E-04 +/-    49.23660     % 
  2.9562933E-03 +/-    7.719963     % 

  Energy interval (GeV):  1.0492792E-04  9.9046447E-05

  Flux (Part/sr/GeV/cmq/pr):

   0.000000     +/-    0.000000     %   4.3446876E-02 +/-    70.35265     % 
  4.0560223E-02 +/-    7.771235     % 

  Flux (Part/deg/GeV/cmq/pr):

   0.000000     +/-    0.000000     %   4.2040765E-04 +/-    70.35265     % 
  3.1108225E-03 +/-    7.771235     % 

  Energy interval (GeV):  9.9046447E-05  9.3494629E-05

  Flux (Part/sr/GeV/cmq/pr):

   0.000000     +/-    0.000000     %   0.1150670     +/-    43.80858     % 
  4.2388078E-02 +/-    8.730247     % 

  Flux (Part/deg/GeV/cmq/pr):

   0.000000     +/-    0.000000     %   1.1134299E-03 +/-    43.80858     % 
  3.2510124E-03 +/-    8.730247     % 

  Energy interval (GeV):  9.3494629E-05  8.8254004E-05

  Flux (Part/sr/GeV/cmq/pr):

   0.000000     +/-    0.000000     %   4.8759926E-02 +/-    70.35265     % 
  4.3367285E-02 +/-    7.482287     % 

  Flux (Part/deg/GeV/cmq/pr):

   0.000000     +/-    0.000000     %   4.7181867E-04 +/-    70.35265     % 
  3.3261138E-03 +/-    7.482287     % 

  Energy interval (GeV):  8.8254004E-05  8.3307132E-05

  Flux (Part/sr/GeV/cmq/pr):

   0.000000     +/-    0.000000     %   7.7483028E-02 +/-    57.14887     % 
  5.0178315E-02 +/-    8.276729     % 

  Flux (Part/deg/GeV/cmq/pr):

   0.000000     +/-    0.000000     %   7.4975373E-04 +/-    57.14887     % 
  3.8484954E-03 +/-    8.276729     % 

  Energy interval (GeV):  8.3307132E-05  7.8637553E-05

  Flux (Part/sr/GeV/cmq/pr):

   0.000000     +/-    0.000000     %   5.4722704E-02 +/-    70.35265     % 
  5.6264602E-02 +/-    7.065513     % 

  Flux (Part/deg/GeV/cmq/pr):

   0.000000     +/-    0.000000     %   5.2951666E-04 +/-    70.35265     % 
  4.3152915E-03 +/-    7.065513     % 

  Energy interval (GeV):  7.8637553E-05  7.4229705E-05

  Flux (Part/sr/GeV/cmq/pr):

   0.000000     +/-    0.000000     %   8.6958304E-02 +/-    57.14887     % 
  5.4120470E-02 +/-    8.232283     % 

  Flux (Part/deg/GeV/cmq/pr):

   0.000000     +/-    0.000000     %   8.4143993E-04 +/-    57.14887     % 
  4.1508442E-03 +/-    8.232283     % 

  Energy interval (GeV):  7.4229705E-05  7.0068942E-05

  Flux (Part/sr/GeV/cmq/pr):

   2.403357     +/-    99.00000     %   9.2121989E-02 +/-    57.14887     % 
  5.5784635E-02 +/-    7.916039     % 

  Flux (Part/deg/GeV/cmq/pr):

  2.3510659E-03 +/-    99.00000     %   8.9140557E-04 +/-    57.14887     % 
  4.2784801E-03 +/-    7.916039     % 

  Energy interval (GeV):  7.0068942E-05  6.6141380E-05

  Flux (Part/sr/GeV/cmq/pr):

   0.000000     +/-    0.000000     %   0.1301231     +/-    49.23660     % 
  5.3762030E-02 +/-    7.648609     % 

  Flux (Part/deg/GeV/cmq/pr):

   0.000000     +/-    0.000000     %   1.2591177E-03 +/-    49.23660     % 
  4.1233534E-03 +/-    7.648609     % 

  Energy interval (GeV):  6.6141380E-05  6.2433988E-05

  Flux (Part/sr/GeV/cmq/pr):

   0.000000     +/-    0.000000     %   6.8924963E-02 +/-    70.35265     % 
  6.5215059E-02 +/-    7.610023     % 

  Flux (Part/deg/GeV/cmq/pr):

   0.000000     +/-    0.000000     %   6.6694280E-04 +/-    70.35265     % 
  5.0017592E-03 +/-    7.610023     % 

  Energy interval (GeV):  6.2433988E-05  5.8934398E-05

  Flux (Part/sr/GeV/cmq/pr):

   0.000000     +/-    0.000000     %   0.1825445     +/-    43.80858     % 
  6.4942345E-02 +/-    8.007110     % 

  Flux (Part/deg/GeV/cmq/pr):

   0.000000     +/-    0.000000     %   1.7663667E-03 +/-    43.80858     % 
  4.9808430E-03 +/-    8.007110     % 

  Energy interval (GeV):  5.8934398E-05  5.5630964E-05

  Flux (Part/sr/GeV/cmq/pr):

   0.000000     +/-    0.000000     %   0.1547074     +/-    49.23660     % 
  6.9774561E-02 +/-    8.904251     % 

  Flux (Part/deg/GeV/cmq/pr):

   0.000000     +/-    0.000000     %   1.4970044E-03 +/-    49.23660     % 
  5.3514568E-03 +/-    8.904251     % 

  Energy interval (GeV):  5.5630964E-05  5.2512700E-05

  Flux (Part/sr/GeV/cmq/pr):

   0.000000     +/-    0.000000     %   0.1229206     +/-    57.14887     % 
  8.4772930E-02 +/-    8.514560     % 

  Flux (Part/deg/GeV/cmq/pr):

   0.000000     +/-    0.000000     %   1.1894237E-03 +/-    57.14887     % 
  6.5017771E-03 +/-    8.514560     % 

  Energy interval (GeV):  5.2512700E-05  4.9569229E-05

  Flux (Part/sr/GeV/cmq/pr):

   0.000000     +/-    0.000000     %   0.1302197     +/-    57.14887     % 
  7.6664381E-02 +/-    8.247861     % 

  Flux (Part/deg/GeV/cmq/pr):

   0.000000     +/-    0.000000     %   1.2600531E-03 +/-    57.14887     % 
  5.8798804E-03 +/-    8.247861     % 

  Energy interval (GeV):  4.9569229E-05  4.6790738E-05

  Flux (Part/sr/GeV/cmq/pr):

   0.000000     +/-    0.000000     %   0.1839364     +/-    49.23660     % 
  8.2377039E-02 +/-    8.204064     % 

  Flux (Part/deg/GeV/cmq/pr):

   0.000000     +/-    0.000000     %   1.7798354E-03 +/-    49.23660     % 
  6.3180211E-03 +/-    8.204064     % 

  Energy interval (GeV):  4.6790738E-05  4.4167995E-05

  Flux (Part/sr/GeV/cmq/pr):

   0.000000     +/-    0.000000     %   9.7429402E-02 +/-    70.35265     % 
  9.0956099E-02 +/-    7.023141     % 

  Flux (Part/deg/GeV/cmq/pr):

   0.000000     +/-    0.000000     %   9.4276201E-04 +/-    70.35265     % 
  6.9760038E-03 +/-    7.023141     % 

  Energy interval (GeV):  4.4167995E-05  4.1692263E-05

  Flux (Part/sr/GeV/cmq/pr):

   0.000000     +/-    0.000000     %   0.3096446     +/-    39.78054     % 
  9.7008236E-02 +/-    8.288391     % 

  Flux (Part/deg/GeV/cmq/pr):

   0.000000     +/-    0.000000     %   2.9962328E-03 +/-    39.78054     % 
  7.4401810E-03 +/-    8.288391     % 

  Energy interval (GeV):  4.1692263E-05  3.9355305E-05

  Flux (Part/sr/GeV/cmq/pr):

   0.000000     +/-    0.000000     %   0.2733597     +/-    43.80858     % 
  0.1103557     +/-    7.895706     % 

  Flux (Part/deg/GeV/cmq/pr):

   0.000000     +/-    0.000000     %   2.6451275E-03 +/-    43.80858     % 
  8.4638791E-03 +/-    7.895706     % 

  Energy interval (GeV):  3.9355305E-05  3.7149337E-05

  Flux (Part/sr/GeV/cmq/pr):

   0.000000     +/-    0.000000     %   0.1737553     +/-    57.14887     % 
  0.1205621     +/-    7.378830     % 

  Flux (Part/deg/GeV/cmq/pr):

   0.000000     +/-    0.000000     %   1.6813189E-03 +/-    57.14887     % 
  9.2466762E-03 +/-    7.378830     % 

  Energy interval (GeV):  3.7149337E-05  3.5067016E-05

  Flux (Part/sr/GeV/cmq/pr):

   0.000000     +/-    0.000000     %   0.1840731     +/-    57.14887     % 
  0.1253990     +/-    7.006879     % 

  Flux (Part/deg/GeV/cmq/pr):

   0.000000     +/-    0.000000     %   1.7811575E-03 +/-    57.14887     % 
  9.6176500E-03 +/-    7.006879     % 

  Energy interval (GeV):  3.5067016E-05  3.3101416E-05

  Flux (Part/sr/GeV/cmq/pr):

   0.000000     +/-    0.000000     %   0.1300024     +/-    70.35265     % 
  0.1426857     +/-    8.112051     % 

  Flux (Part/deg/GeV/cmq/pr):

   0.000000     +/-    0.000000     %   1.2579499E-03 +/-    70.35265     % 
  1.0943480E-02 +/-    8.112051     % 

  Energy interval (GeV):  3.3101416E-05  3.1245996E-05

  Flux (Part/sr/GeV/cmq/pr):

   0.000000     +/-    0.000000     %   0.2754441     +/-    49.23660     % 
  0.1450775     +/-    6.917255     % 

  Flux (Part/deg/GeV/cmq/pr):

   0.000000     +/-    0.000000     %   2.6652967E-03 +/-    49.23660     % 
  1.1126919E-02 +/-    6.917255     % 

  Energy interval (GeV):  3.1245996E-05  2.9494571E-05

  Flux (Part/sr/GeV/cmq/pr):

   0.000000     +/-    0.000000     %   7.2950080E-02 +/-    99.00000     % 
  0.1472502     +/-    7.744337     % 

  Flux (Part/deg/GeV/cmq/pr):

   0.000000     +/-    0.000000     %   7.0589129E-04 +/-    99.00000     % 
  1.1293556E-02 +/-    7.744337     % 

  Energy interval (GeV):  2.9494571E-05  2.7841326E-05

  Flux (Part/sr/GeV/cmq/pr):

   0.000000     +/-    0.000000     %   7.7281937E-02 +/-    99.00000     % 
  0.1657437     +/-    8.828480     % 

  Flux (Part/deg/GeV/cmq/pr):

   0.000000     +/-    0.000000     %   7.4780791E-04 +/-    99.00000     % 
  1.2711941E-02 +/-    8.828480     % 

  Energy interval (GeV):  2.7841326E-05  2.6280746E-05

  Flux (Part/sr/GeV/cmq/pr):

   0.000000     +/-    0.000000     %   0.3274841     +/-    49.23660     % 
  0.1714543     +/-    6.127864     % 

  Flux (Part/deg/GeV/cmq/pr):

   0.000000     +/-    0.000000     %   3.1688546E-03 +/-    49.23660     % 
  1.3149926E-02 +/-    6.127864     % 

  Energy interval (GeV):  2.6280746E-05  2.4807639E-05

  Flux (Part/sr/GeV/cmq/pr):

   0.000000     +/-    0.000000     %   0.4336631     +/-    43.80858     % 
  0.2133670     +/-    7.338854     % 

  Flux (Part/deg/GeV/cmq/pr):

   0.000000     +/-    0.000000     %   4.1962811E-03 +/-    43.80858     % 
  1.6364474E-02 +/-    7.338854     % 

  Energy interval (GeV):  2.4807639E-05  2.3417106E-05

  Flux (Part/sr/GeV/cmq/pr):

   0.000000     +/-    0.000000     %   0.7350633     +/-    38.43531     % 
  0.1901029     +/-    8.944769     % 

  Flux (Part/deg/GeV/cmq/pr):

   0.000000     +/-    0.000000     %   7.1127373E-03 +/-    38.43531     % 
  1.4580202E-02 +/-    8.944769     % 

  Energy interval (GeV):  2.3417106E-05  2.2104514E-05

  Flux (Part/sr/GeV/cmq/pr):

   0.000000     +/-    0.000000     %   0.5840341     +/-    39.78054     % 
  0.2161273     +/-    7.183364     % 

  Flux (Part/deg/GeV/cmq/pr):

   0.000000     +/-    0.000000     %   5.6513250E-03 +/-    39.78054     % 
  1.6576186E-02 +/-    7.183364     % 

  Energy interval (GeV):  2.2104514E-05  2.0865498E-05

  Flux (Part/sr/GeV/cmq/pr):

   0.000000     +/-    0.000000     %   0.4124765     +/-    49.23660     % 
  0.2250585     +/-    7.155556     % 

  Flux (Part/deg/GeV/cmq/pr):

   0.000000     +/-    0.000000     %   3.9912714E-03 +/-    49.23660     % 
  1.7261172E-02 +/-    7.155556     % 

  Energy interval (GeV):  2.0865498E-05  1.9695930E-05

  Flux (Part/sr/GeV/cmq/pr):

   0.000000     +/-    0.000000     %   0.7646972     +/-    36.63320     % 
  0.2618515     +/-    7.386626     % 

  Flux (Part/deg/GeV/cmq/pr):

   0.000000     +/-    0.000000     %   7.3994864E-03 +/-    36.63320     % 
  2.0083068E-02 +/-    7.386626     % 

  Energy interval (GeV):  1.9695930E-05  1.8591920E-05

  Flux (Part/sr/GeV/cmq/pr):

   0.000000     +/-    0.000000     %   0.2314588     +/-    70.35265     % 
  0.2569605     +/-    6.466682     % 

  Flux (Part/deg/GeV/cmq/pr):

   0.000000     +/-    0.000000     %   2.2396790E-03 +/-    70.35265     % 
  1.9707944E-02 +/-    6.466682     % 

  Energy interval (GeV):  1.8591920E-05  1.7549797E-05

  Flux (Part/sr/GeV/cmq/pr):

   0.000000     +/-    0.000000     %   0.2452031     +/-    70.35265     % 
  0.3108867     +/-    6.614438     % 

  Flux (Part/deg/GeV/cmq/pr):

   0.000000     +/-    0.000000     %   2.3726739E-03 +/-    70.35265     % 
  2.3843883E-02 +/-    6.614438     % 

  Energy interval (GeV):  1.7549797E-05  1.6566084E-05

  Flux (Part/sr/GeV/cmq/pr):

   0.000000     +/-    0.000000     %   0.2597635     +/-    70.35265     % 
  0.2359504     +/-    8.735168     % 

  Flux (Part/deg/GeV/cmq/pr):

   0.000000     +/-    0.000000     %   2.5135658E-03 +/-    70.35265     % 
  1.8096546E-02 +/-    8.735168     % 

  Energy interval (GeV):  1.6566084E-05  1.5637510E-05

  Flux (Part/sr/GeV/cmq/pr):

   0.000000     +/-    0.000000     %   0.4127829     +/-    57.14887     % 
  0.3923006     +/-    6.674162     % 

  Flux (Part/deg/GeV/cmq/pr):

   0.000000     +/-    0.000000     %   3.9942367E-03 +/-    57.14887     % 
  3.0088039E-02 +/-    6.674162     % 

  Energy interval (GeV):  1.5637510E-05  1.4760986E-05

  Flux (Part/sr/GeV/cmq/pr):

   0.000000     +/-    0.000000     %   0.5830593     +/-    49.23660     % 
  0.2979050     +/-    9.108597     % 

  Flux (Part/deg/GeV/cmq/pr):

   0.000000     +/-    0.000000     %   5.6418921E-03 +/-    49.23660     % 
  2.2848237E-02 +/-    9.108597     % 

  Energy interval (GeV):  1.4760986E-05  1.3933593E-05

  Flux (Part/sr/GeV/cmq/pr):

   0.000000     +/-    0.000000     %   0.9265230     +/-    39.78054     % 
  0.3311799     +/-    8.170528     % 

  Flux (Part/deg/GeV/cmq/pr):

   0.000000     +/-    0.000000     %   8.9653712E-03 +/-    39.78054     % 
  2.5400300E-02 +/-    8.170528     % 

  Energy interval (GeV):  1.3933593E-05  1.3152579E-05

  Flux (Part/sr/GeV/cmq/pr):

   0.000000     +/-    0.000000     %   0.8179508     +/-    43.80858     % 
  0.3652923     +/-    7.569463     % 

  Flux (Part/deg/GeV/cmq/pr):

   0.000000     +/-    0.000000     %   7.9147872E-03 +/-    43.80858     % 
  2.8016601E-02 +/-    7.569463     % 

  Energy interval (GeV):  1.3152579E-05  1.2415342E-05

  Flux (Part/sr/GeV/cmq/pr):

   0.000000     +/-    0.000000     %    1.039826     +/-    39.78054     % 
  0.4001019     +/-    7.730089     % 

  Flux (Part/deg/GeV/cmq/pr):

   0.000000     +/-    0.000000     %   1.0061732E-02 +/-    39.78054     % 
  3.0686369E-02 +/-    7.730089     % 

  Energy interval (GeV):  1.2415342E-05  1.1719429E-05

  Flux (Part/sr/GeV/cmq/pr):

   0.000000     +/-    0.000000     %   0.3671907     +/-    70.35265     % 
  0.3613236     +/-    8.562534     % 

  Flux (Part/deg/GeV/cmq/pr):

   0.000000     +/-    0.000000     %   3.5530699E-03 +/-    70.35265     % 
  2.7712217E-02 +/-    8.562534     % 

  Energy interval (GeV):  1.1719429E-05  1.1062525E-05

  Flux (Part/sr/GeV/cmq/pr):

   0.000000     +/-    0.000000     %   0.5834924     +/-    57.14887     % 
  0.4686595     +/-    7.445095     % 

  Flux (Part/deg/GeV/cmq/pr):

   0.000000     +/-    0.000000     %   5.6460830E-03 +/-    57.14887     % 
  3.5944484E-02 +/-    7.445095     % 

  Energy interval (GeV):  1.1062525E-05  1.0442441E-05

  Flux (Part/sr/GeV/cmq/pr):

   0.000000     +/-    0.000000     %   0.8241879     +/-    49.23660     % 
  0.4107082     +/-    8.253626     % 

  Flux (Part/deg/GeV/cmq/pr):

   0.000000     +/-    0.000000     %   7.9751387E-03 +/-    49.23660     % 
  3.1499829E-02 +/-    8.253626     % 

  Energy interval (GeV):  1.0442441E-05  9.8571136E-06

  Flux (Part/sr/GeV/cmq/pr):

   0.000000     +/-    0.000000     %   0.6548468     +/-    57.14887     % 
  0.5259711     +/-    7.180046     % 

  Flux (Part/deg/GeV/cmq/pr):

   0.000000     +/-    0.000000     %   6.3365339E-03 +/-    57.14887     % 
  4.0340081E-02 +/-    7.180046     % 

  Energy interval (GeV):  9.8571136E-06  9.3045974E-06

  Flux (Part/sr/GeV/cmq/pr):

   0.000000     +/-    0.000000     %   0.9249765     +/-    49.23660     % 
  0.6155498     +/-    6.527339     % 

  Flux (Part/deg/GeV/cmq/pr):

   0.000000     +/-    0.000000     %   8.9504067E-03 +/-    49.23660     % 
  4.7210444E-02 +/-    6.527339     % 

  Energy interval (GeV):  9.3045974E-06  8.7830485E-06

  Flux (Part/sr/GeV/cmq/pr):

   0.000000     +/-    0.000000     %   0.7349270     +/-    57.14887     % 
  0.6150155     +/-    7.872697     % 

  Flux (Part/deg/GeV/cmq/pr):

   0.000000     +/-    0.000000     %   7.1114190E-03 +/-    57.14887     % 
  4.7169466E-02 +/-    7.872697     % 

  Energy interval (GeV):  8.7830485E-06  8.2907354E-06

  Flux (Part/sr/GeV/cmq/pr):

   0.000000     +/-    0.000000     %    2.076181     +/-    34.08249     % 
  0.6744542     +/-    7.489274     % 

  Flux (Part/deg/GeV/cmq/pr):

   0.000000     +/-    0.000000     %   2.0089876E-02 +/-    34.08249     % 
  5.1728196E-02 +/-    7.489274     % 

  Energy interval (GeV):  8.2907354E-06  7.8260182E-06

  Flux (Part/sr/GeV/cmq/pr):

   0.000000     +/-    0.000000     %    2.199467     +/-    34.08249     % 
  0.6936933     +/-    7.177406     % 

  Flux (Part/deg/GeV/cmq/pr):

   0.000000     +/-    0.000000     %   2.1282835E-02 +/-    34.08249     % 
  5.3203765E-02 +/-    7.177406     % 

  Energy interval (GeV):  7.8260182E-06  7.3873489E-06

  Flux (Part/sr/GeV/cmq/pr):

   0.000000     +/-    0.000000     %    1.456296     +/-    43.80858     % 
  0.8340952     +/-    7.024360     % 

  Flux (Part/deg/GeV/cmq/pr):

   0.000000     +/-    0.000000     %   1.4091646E-02 +/-    43.80858     % 
  6.3972086E-02 +/-    7.024360     % 

  Energy interval (GeV):  7.3873489E-06  6.9732691E-06

  Flux (Part/sr/GeV/cmq/pr):

   24.14950     +/-    99.00000     %    1.234218     +/-    49.23660     % 
  0.8135576     +/-    6.837793     % 

  Flux (Part/deg/GeV/cmq/pr):

  2.3624066E-02 +/-    99.00000     %   1.1942741E-02 +/-    49.23660     % 
  6.2396921E-02 +/-    6.837793     % 

  Energy interval (GeV):  6.9732691E-06  6.5823988E-06

  Flux (Part/sr/GeV/cmq/pr):

   0.000000     +/-    0.000000     %   0.6537538     +/-    70.35265     % 
  0.8618675     +/-    6.905099     % 

  Flux (Part/deg/GeV/cmq/pr):

   0.000000     +/-    0.000000     %   6.3259574E-03 +/-    70.35265     % 
  6.6102125E-02 +/-    6.905099     % 

  Energy interval (GeV):  6.5823988E-06  6.2134382E-06

  Flux (Part/sr/GeV/cmq/pr):

   0.000000     +/-    0.000000     %    2.077723     +/-    39.78054     % 
  0.9567326     +/-    6.735209     % 

  Flux (Part/deg/GeV/cmq/pr):

   0.000000     +/-    0.000000     %   2.0104799E-02 +/-    39.78054     % 
  7.3377937E-02 +/-    6.735209     % 

  Energy interval (GeV):  6.2134382E-06  5.8651581E-06

  Flux (Part/sr/GeV/cmq/pr):

   0.000000     +/-    0.000000     %    1.467401     +/-    49.23660     % 
  0.9070992     +/-    7.463290     % 

  Flux (Part/deg/GeV/cmq/pr):

   0.000000     +/-    0.000000     %   1.4199097E-02 +/-    49.23660     % 
  6.9571234E-02 +/-    7.463290     % 

  Energy interval (GeV):  5.8651581E-06  5.5364007E-06

  Flux (Part/sr/GeV/cmq/pr):

   30.41705     +/-    99.00000     %    1.554536     +/-    49.23660     % 
   1.093342     +/-    6.800934     % 

  Flux (Part/deg/GeV/cmq/pr):

  2.9755251E-02 +/-    99.00000     %   1.5042256E-02 +/-    49.23660     % 
  8.3855338E-02 +/-    6.800934     % 

  Energy interval (GeV):  5.5364007E-06  5.2260707E-06

  Flux (Part/sr/GeV/cmq/pr):

   0.000000     +/-    0.000000     %    1.235135     +/-    57.14887     % 
   1.127101     +/-    6.385945     % 

  Flux (Part/deg/GeV/cmq/pr):

   0.000000     +/-    0.000000     %   1.1951611E-02 +/-    57.14887     % 
  8.6444601E-02 +/-    6.385945     % 

  Energy interval (GeV):  5.2260707E-06  4.9331356E-06

  Flux (Part/sr/GeV/cmq/pr):

   0.000000     +/-    0.000000     %    1.308479     +/-    57.14887     % 
   1.238050     +/-    6.071445     % 

  Flux (Part/deg/GeV/cmq/pr):

   0.000000     +/-    0.000000     %   1.2661312E-02 +/-    57.14887     % 
  9.4953917E-02 +/-    6.071445     % 

  Energy interval (GeV):  4.9331356E-06  4.6566201E-06

  Flux (Part/sr/GeV/cmq/pr):

   0.000000     +/-    0.000000     %    4.158533     +/-    31.95817     % 
   1.194983     +/-    5.857558     % 

  Flux (Part/deg/GeV/cmq/pr):

   0.000000     +/-    0.000000     %   4.0239468E-02 +/-    31.95817     % 
  9.1650844E-02 +/-    5.857558     % 

  Energy interval (GeV):  4.6566201E-06  4.3956043E-06

  Flux (Part/sr/GeV/cmq/pr):

   38.31123     +/-    99.00000     %    1.468490     +/-    57.14887     % 
   1.173312     +/-    7.536623     % 

  Flux (Part/deg/GeV/cmq/pr):

  3.7477676E-02 +/-    99.00000     %   1.4209644E-02 +/-    57.14887     % 
  8.9988798E-02 +/-    7.536623     % 

  Energy interval (GeV):  4.3956043E-06  4.1492190E-06

  Flux (Part/sr/GeV/cmq/pr):

   0.000000     +/-    0.000000     %    2.074255     +/-    49.23660     % 
   1.517750     +/-    6.623378     % 

  Flux (Part/deg/GeV/cmq/pr):

   0.000000     +/-    0.000000     %   2.0071240E-02 +/-    49.23660     % 
  0.1164059     +/-    6.623378     % 

  Energy interval (GeV):  4.1492190E-06  3.9166443E-06

  Flux (Part/sr/GeV/cmq/pr):

   0.000000     +/-    0.000000     %    1.648070     +/-    57.14887     % 
   1.469266     +/-    7.291505     % 

  Flux (Part/deg/GeV/cmq/pr):

   0.000000     +/-    0.000000     %   1.5947320E-02 +/-    57.14887     % 
  0.1126874     +/-    7.291505     % 

  Energy interval (GeV):  3.9166443E-06  3.6971062E-06

  Flux (Part/sr/GeV/cmq/pr):

   0.000000     +/-    0.000000     %    1.163956     +/-    70.35265     % 
   1.666643     +/-    6.472454     % 

  Flux (Part/deg/GeV/cmq/pr):

   0.000000     +/-    0.000000     %   1.1262860E-02 +/-    70.35265     % 
  0.1278255     +/-    6.472454     % 

  Energy interval (GeV):  3.6971062E-06  3.4898733E-06

  Flux (Part/sr/GeV/cmq/pr):

   0.000000     +/-    0.000000     %    2.466146     +/-    49.23660     % 
   1.664496     +/-    7.366674     % 

  Flux (Part/deg/GeV/cmq/pr):

   0.000000     +/-    0.000000     %   2.3863325E-02 +/-    49.23660     % 
  0.1276608     +/-    7.366674     % 

  Energy interval (GeV):  3.4898733E-06  3.2942567E-06

  Flux (Part/sr/GeV/cmq/pr):

   0.000000     +/-    0.000000     %    8.490914     +/-    28.20513     % 
   1.722136     +/-    6.236432     % 

  Flux (Part/deg/GeV/cmq/pr):

   0.000000     +/-    0.000000     %   8.2161158E-02 +/-    28.20513     % 
  0.1320816     +/-    6.236432     % 

  Energy interval (GeV):  3.2942567E-06  3.1096047E-06

  Flux (Part/sr/GeV/cmq/pr):

   0.000000     +/-    0.000000     %    3.459660     +/-    43.80858     % 
   1.806940     +/-    7.836538     % 

  Flux (Part/deg/GeV/cmq/pr):

   0.000000     +/-    0.000000     %   3.3476915E-02 +/-    43.80858     % 
  0.1385858     +/-    7.836538     % 

  Energy interval (GeV):  3.1096047E-06  2.9353032E-06

  Flux (Part/sr/GeV/cmq/pr):

   0.000000     +/-    0.000000     %    5.131137     +/-    36.63320     % 
   1.812516     +/-    8.072574     % 

  Flux (Part/deg/GeV/cmq/pr):

   0.000000     +/-    0.000000     %   4.9650740E-02 +/-    36.63320     % 
  0.1390134     +/-    8.072574     % 

  Energy interval (GeV):  2.9353032E-06  2.7707717E-06

  Flux (Part/sr/GeV/cmq/pr):

   0.000000     +/-    0.000000     %    3.106189     +/-    60.71959     % 
   2.214045     +/-    6.117591     % 

  Flux (Part/deg/GeV/cmq/pr):

   0.000000     +/-    0.000000     %   3.0056605E-02 +/-    60.71959     % 
  0.1698092     +/-    6.117591     % 

  Energy interval (GeV):  2.7707717E-06  2.6154626E-06

  Flux (Part/sr/GeV/cmq/pr):

   0.000000     +/-    0.000000     %    1.645319     +/-    70.35265     % 
   2.231355     +/-    6.818341     % 

  Flux (Part/deg/GeV/cmq/pr):

   0.000000     +/-    0.000000     %   1.5920701E-02 +/-    70.35265     % 
  0.1711369     +/-    6.818341     % 

  Energy interval (GeV):  2.6154626E-06  2.4688591E-06

  Flux (Part/sr/GeV/cmq/pr):

   0.000000     +/-    0.000000     %    3.486040     +/-    49.23660     % 
   2.253909     +/-    7.049386     % 

  Flux (Part/deg/GeV/cmq/pr):

   0.000000     +/-    0.000000     %   3.3732183E-02 +/-    49.23660     % 
  0.1728666     +/-    7.049386     % 

  Energy interval (GeV):  2.4688591E-06  2.3304731E-06

  Flux (Part/sr/GeV/cmq/pr):

   0.000000     +/-    0.000000     %    7.386090     +/-    34.08249     % 
   2.317863     +/-    7.840230     % 

  Flux (Part/deg/GeV/cmq/pr):

   0.000000     +/-    0.000000     %   7.1470477E-02 +/-    34.08249     % 
  0.1777717     +/-    7.840230     % 

  Energy interval (GeV):  2.3304731E-06  2.1998437E-06

  Flux (Part/sr/GeV/cmq/pr):

   0.000000     +/-    0.000000     %    5.868514     +/-    39.78054     % 
   2.739302     +/-    6.942424     % 

  Flux (Part/deg/GeV/cmq/pr):

   0.000000     +/-    0.000000     %   5.6785859E-02 +/-    39.78054     % 
  0.2100945     +/-    6.942424     % 

  Energy interval (GeV):  2.1998437E-06  2.0765367E-06

  Flux (Part/sr/GeV/cmq/pr):

   0.000000     +/-    0.000000     %    8.289324     +/-    34.08249     % 
   2.954252     +/-    6.432745     % 

  Flux (Part/deg/GeV/cmq/pr):

   0.000000     +/-    0.000000     %   8.0210492E-02 +/-    34.08249     % 
  0.2265805     +/-    6.432745     % 

  Energy interval (GeV):  2.0765367E-06  1.9601414E-06

  Flux (Part/sr/GeV/cmq/pr):

   0.000000     +/-    0.000000     %    5.488471     +/-    43.80858     % 
   2.921957     +/-    5.945245     % 

  Flux (Part/deg/GeV/cmq/pr):

   0.000000     +/-    0.000000     %   5.3108424E-02 +/-    43.80858     % 
  0.2241036     +/-    5.945245     % 

  Energy interval (GeV):  1.9601414E-06  1.8502700E-06

  Flux (Part/sr/GeV/cmq/pr):

   0.000000     +/-    0.000000     %    9.303012     +/-    34.08249     % 
   3.227501     +/-    7.280758     % 

  Flux (Part/deg/GeV/cmq/pr):

   0.000000     +/-    0.000000     %   9.0019301E-02 +/-    34.08249     % 
  0.2475376     +/-    7.280758     % 

  Energy interval (GeV):  1.8502700E-06  1.7465579E-06

  Flux (Part/sr/GeV/cmq/pr):

   0.000000     +/-    0.000000     %    7.391577     +/-    39.78054     % 
   3.108321     +/-    7.977241     % 

  Flux (Part/deg/GeV/cmq/pr):

   0.000000     +/-    0.000000     %   7.1523562E-02 +/-    39.78054     % 
  0.2383970     +/-    7.977241     % 

  Energy interval (GeV):  1.7465579E-06  1.6486586E-06

  Flux (Part/sr/GeV/cmq/pr):

   0.000000     +/-    0.000000     %    2.610166     +/-    70.35265     % 
   3.474007     +/-    7.345084     % 

  Flux (Part/deg/GeV/cmq/pr):

   0.000000     +/-    0.000000     %   2.5256906E-02 +/-    70.35265     % 
  0.2664437     +/-    7.345084     % 

  Energy interval (GeV):  1.6486586E-06  1.5562468E-06

  Flux (Part/sr/GeV/cmq/pr):

   0.000000     +/-    0.000000     %    11.06064     +/-    38.43531     % 
   3.837276     +/-    6.898063     % 

  Flux (Part/deg/GeV/cmq/pr):

   0.000000     +/-    0.000000     %   0.1070268     +/-    38.43531     % 
  0.2943052     +/-    6.898063     % 

  Energy interval (GeV):  1.5562468E-06  1.4690152E-06

  Flux (Part/sr/GeV/cmq/pr):

   0.000000     +/-    0.000000     %    7.323397     +/-    43.80858     % 
   3.787970     +/-    6.292761     % 

  Flux (Part/deg/GeV/cmq/pr):

   0.000000     +/-    0.000000     %   7.0863836E-02 +/-    43.80858     % 
  0.2905236     +/-    6.292761     % 

  Energy interval (GeV):  1.4690152E-06  1.3866729E-06

  Flux (Part/sr/GeV/cmq/pr):

   0.000000     +/-    0.000000     %    12.41323     +/-    34.08249     % 
   4.052054     +/-    6.151246     % 

  Flux (Part/deg/GeV/cmq/pr):

   0.000000     +/-    0.000000     %   0.1201149     +/-    34.08249     % 
  0.3107779     +/-    6.151246     % 

  Energy interval (GeV):  1.3866729E-06  1.3089461E-06

  Flux (Part/sr/GeV/cmq/pr):

   0.000000     +/-    0.000000     %    9.862758     +/-    39.78054     % 
   4.023082     +/-    7.283131     % 

  Flux (Part/deg/GeV/cmq/pr):

   0.000000     +/-    0.000000     %   9.5435597E-02 +/-    39.78054     % 
  0.3085558     +/-    7.283131     % 

  Energy interval (GeV):  1.3089461E-06  1.2355764E-06

  Flux (Part/sr/GeV/cmq/pr):

   0.000000     +/-    0.000000     %    6.965613     +/-    49.23660     % 
   4.701356     +/-    6.609142     % 

  Flux (Part/deg/GeV/cmq/pr):

   0.000000     +/-    0.000000     %   6.7401782E-02 +/-    49.23660     % 
  0.3605770     +/-    6.609142     % 

  Energy interval (GeV):  1.2355764E-06  1.1663190E-06

  Flux (Part/sr/GeV/cmq/pr):

   0.000000     +/-    0.000000     %    9.224049     +/-    43.80858     % 
   5.003802     +/-    6.688919     % 

  Flux (Part/deg/GeV/cmq/pr):

   0.000000     +/-    0.000000     %   8.9255221E-02 +/-    43.80858     % 
  0.3837735     +/-    6.688919     % 

  Energy interval (GeV):  1.1663190E-06  1.1009438E-06

  Flux (Part/sr/GeV/cmq/pr):

   0.000000     +/-    0.000000     %    7.817427     +/-    49.23660     % 
   5.350245     +/-    6.808636     % 

  Flux (Part/deg/GeV/cmq/pr):

   0.000000     +/-    0.000000     %   7.5644240E-02 +/-    49.23660     % 
  0.4103444     +/-    6.808636     % 

  Energy interval (GeV):  1.1009438E-06  1.0392329E-06

  Flux (Part/sr/GeV/cmq/pr):

   0.000000     +/-    0.000000     %    6.211226     +/-    57.14887     % 
   5.328394     +/-    6.859207     % 

  Flux (Part/deg/GeV/cmq/pr):

   0.000000     +/-    0.000000     %   6.0102064E-02 +/-    57.14887     % 
  0.4086685     +/-    6.859207     % 

  Energy interval (GeV):  1.0392329E-06  9.8098121E-07

  Flux (Part/sr/GeV/cmq/pr):

   0.000000     +/-    0.000000     %    13.16011     +/-    39.78054     % 
   5.755482     +/-    7.189003     % 

  Flux (Part/deg/GeV/cmq/pr):

   0.000000     +/-    0.000000     %   0.1273420     +/-    39.78054     % 
  0.4414247     +/-    7.189003     % 

  Energy interval (GeV):  9.8098121E-07  9.2599470E-07

  Flux (Part/sr/GeV/cmq/pr):

   0.000000     +/-    0.000000     %    18.58877     +/-    38.43531     % 
   5.276466     +/-    7.696383     % 

  Flux (Part/deg/GeV/cmq/pr):

   0.000000     +/-    0.000000     %   0.1798716     +/-    38.43531     % 
  0.4046859     +/-    7.696383     % 

  Energy interval (GeV):  9.2599470E-07  8.7409012E-07

  Flux (Part/sr/GeV/cmq/pr):

   0.000000     +/-    0.000000     %    12.30787     +/-    43.80858     % 
   7.763596     +/-    6.266796     % 

  Flux (Part/deg/GeV/cmq/pr):

   0.000000     +/-    0.000000     %   0.1190954     +/-    43.80858     % 
  0.5954397     +/-    6.266796     % 

  Energy interval (GeV):  8.7409012E-07  8.2509501E-07

  Flux (Part/sr/GeV/cmq/pr):

   0.000000     +/-    0.000000     %    15.64647     +/-    39.78054     % 
   7.764029     +/-    6.501082     % 

  Flux (Part/deg/GeV/cmq/pr):

   0.000000     +/-    0.000000     %   0.1514009     +/-    39.78054     % 
  0.5954729     +/-    6.501082     % 

  Energy interval (GeV):  8.2509501E-07  7.7884630E-07

  Flux (Part/sr/GeV/cmq/pr):

   0.000000     +/-    0.000000     %    8.287786     +/-    57.14887     % 
   6.621875     +/-    7.424409     % 

  Flux (Part/deg/GeV/cmq/pr):

   0.000000     +/-    0.000000     %   8.0195613E-02 +/-    57.14887     % 
  0.5078738     +/-    7.424409     % 

  Energy interval (GeV):  7.7884630E-07  7.3518993E-07

  Flux (Part/sr/GeV/cmq/pr):

   0.000000     +/-    0.000000     %    20.48649     +/-    36.63320     % 
   7.495070     +/-    7.052419     % 

  Flux (Part/deg/GeV/cmq/pr):

   0.000000     +/-    0.000000     %   0.1982347     +/-    36.63320     % 
  0.5748447     +/-    7.052419     % 

  Energy interval (GeV):  7.3518993E-07  6.9398055E-07

  Flux (Part/sr/GeV/cmq/pr):

   0.000000     +/-    0.000000     %    12.40172     +/-    49.23660     % 
   6.844944     +/-    6.098214     % 

  Flux (Part/deg/GeV/cmq/pr):

   0.000000     +/-    0.000000     %   0.1200035     +/-    49.23660     % 
  0.5249825     +/-    6.098214     % 

  Energy interval (GeV):  6.9398055E-07  6.5508112E-07

  Flux (Part/sr/GeV/cmq/pr):

   0.000000     +/-    0.000000     %    13.13814     +/-    49.23660     % 
   8.618813     +/-    7.189003     % 

  Flux (Part/deg/GeV/cmq/pr):

   0.000000     +/-    0.000000     %   0.1271294     +/-    49.23660     % 
  0.6610318     +/-    7.189003     % 

  Energy interval (GeV):  6.5508112E-07  6.1836209E-07

  Flux (Part/sr/GeV/cmq/pr):

   0.000000     +/-    0.000000     %    24.35703     +/-    36.63320     % 
   9.218402     +/-    6.184739     % 

  Flux (Part/deg/GeV/cmq/pr):

   0.000000     +/-    0.000000     %   0.2356874     +/-    36.63320     % 
  0.7070181     +/-    6.184739     % 

  Energy interval (GeV):  6.1836209E-07  5.8370125E-07

  Flux (Part/sr/GeV/cmq/pr):

   0.000000     +/-    0.000000     %    22.11718     +/-    39.78054     % 
   9.440275     +/-    6.876441     % 

  Flux (Part/deg/GeV/cmq/pr):

   0.000000     +/-    0.000000     %   0.2140138     +/-    39.78054     % 
  0.7240350     +/-    6.876441     % 

  Energy interval (GeV):  5.8370125E-07  5.5098320E-07

  Flux (Part/sr/GeV/cmq/pr):

   0.000000     +/-    0.000000     %    11.71526     +/-    57.14887     % 
   10.69056     +/-    6.250137     % 

  Flux (Part/deg/GeV/cmq/pr):

   0.000000     +/-    0.000000     %   0.1133611     +/-    57.14887     % 
  0.8199276     +/-    6.250137     % 

  Energy interval (GeV):  5.5098320E-07  5.2009921E-07

  Flux (Part/sr/GeV/cmq/pr):

   0.000000     +/-    0.000000     %    28.95883     +/-    36.63320     % 
   10.38595     +/-    7.052376     % 

  Flux (Part/deg/GeV/cmq/pr):

   0.000000     +/-    0.000000     %   0.2802161     +/-    36.63320     % 
  0.7965648     +/-    7.052376     % 

  Energy interval (GeV):  5.2009921E-07  4.9094626E-07

  Flux (Part/sr/GeV/cmq/pr):

   0.000000     +/-    0.000000     %    17.53054     +/-    49.23660     % 
   11.05797     +/-    6.666667     % 

  Flux (Part/deg/GeV/cmq/pr):

   0.000000     +/-    0.000000     %   0.1696318     +/-    49.23660     % 
  0.8481061     +/-    6.666667     % 

  Energy interval (GeV):  4.9094626E-07  4.6342740E-07

  Flux (Part/sr/GeV/cmq/pr):

   0.000000     +/-    0.000000     %    51.07169     +/-    36.30620     % 
   13.06178     +/-    6.304985     % 

  Flux (Part/deg/GeV/cmq/pr):

   0.000000     +/-    0.000000     %   0.4941881     +/-    36.30620     % 
   1.001791     +/-    6.304985     % 

  Energy interval (GeV):  4.6342740E-07  4.3745106E-07

  Flux (Part/sr/GeV/cmq/pr):

   0.000000     +/-    0.000000     %    19.67432     +/-    49.23660     % 
   11.04510     +/-    7.724474     % 

  Flux (Part/deg/GeV/cmq/pr):

   0.000000     +/-    0.000000     %   0.1903758     +/-    49.23660     % 
  0.8471196     +/-    7.724474     % 

  Energy interval (GeV):  4.3745106E-07  4.1293080E-07

  Flux (Part/sr/GeV/cmq/pr):

   0.000000     +/-    0.000000     %    31.26391     +/-    39.78054     % 
   14.13320     +/-    6.656169     % 

  Flux (Part/deg/GeV/cmq/pr):

   0.000000     +/-    0.000000     %   0.3025208     +/-    39.78054     % 
   1.083965     +/-    6.656169     % 

  Energy interval (GeV):  4.1293080E-07  3.8978490E-07

  Flux (Part/sr/GeV/cmq/pr):

   0.000000     +/-    0.000000     %    27.60033     +/-    43.80858     % 
   14.34569     +/-    7.230543     % 

  Flux (Part/deg/GeV/cmq/pr):

   0.000000     +/-    0.000000     %   0.2670707     +/-    43.80858     % 
   1.100263     +/-    7.230543     % 

  Energy interval (GeV):  3.8978490E-07  3.6793642E-07

  Flux (Part/sr/GeV/cmq/pr):

   457.6913     +/-    99.00000     %    23.39142     +/-    49.23660     % 
   15.12378     +/-    6.841751     % 

  Flux (Part/deg/GeV/cmq/pr):

  0.4477331     +/-    99.00000     %   0.2263438     +/-    49.23660     % 
   1.159940     +/-    6.841751     % 

  Energy interval (GeV):  3.6793642E-07  3.4731264E-07

  Flux (Part/sr/GeV/cmq/pr):

   0.000000     +/-    0.000000     %    37.17064     +/-    39.78054     % 
   14.53690     +/-    7.718397     % 

  Flux (Part/deg/GeV/cmq/pr):

   0.000000     +/-    0.000000     %   0.3596765     +/-    39.78054     % 
   1.114928     +/-    7.718397     % 

  Energy interval (GeV):  3.4731264E-07  3.2784484E-07

  Flux (Part/sr/GeV/cmq/pr):

   0.000000     +/-    0.000000     %    32.81490     +/-    43.80858     % 
   15.23452     +/-    7.557548     % 

  Flux (Part/deg/GeV/cmq/pr):

   0.000000     +/-    0.000000     %   0.3175288     +/-    43.80858     % 
   1.168433     +/-    7.557548     % 

  Energy interval (GeV):  3.2784484E-07  3.0946825E-07

  Flux (Part/sr/GeV/cmq/pr):

   0.000000     +/-    0.000000     %    41.71618     +/-    46.29966     % 
   17.27944     +/-    6.551484     % 

  Flux (Part/deg/GeV/cmq/pr):

   0.000000     +/-    0.000000     %   0.4036608     +/-    46.29966     % 
   1.325270     +/-    6.551484     % 

  Energy interval (GeV):  3.0946825E-07  2.9212174E-07

  Flux (Part/sr/GeV/cmq/pr):

   0.000000     +/-    0.000000     %    51.55889     +/-    36.63320     % 
   17.65506     +/-    7.155737     % 

  Flux (Part/deg/GeV/cmq/pr):

   0.000000     +/-    0.000000     %   0.4989024     +/-    36.63320     % 
   1.354079     +/-    7.155737     % 

  Energy interval (GeV):  2.9212174E-07  2.7574757E-07

  Flux (Part/sr/GeV/cmq/pr):

   0.000000     +/-    0.000000     %    39.01466     +/-    43.80858     % 
   18.90031     +/-    7.574048     % 

  Flux (Part/deg/GeV/cmq/pr):

   0.000000     +/-    0.000000     %   0.3775199     +/-    43.80858     % 
   1.449586     +/-    7.574048     % 

  Energy interval (GeV):  2.7574757E-07  2.6029116E-07

  Flux (Part/sr/GeV/cmq/pr):

   0.000000     +/-    0.000000     %    41.33139     +/-    43.80858     % 
   18.56265     +/-    7.928149     % 

  Flux (Part/deg/GeV/cmq/pr):

   0.000000     +/-    0.000000     %   0.3999375     +/-    43.80858     % 
   1.423688     +/-    7.928149     % 

  Energy interval (GeV):  2.6029116E-07  2.4570116E-07

  Flux (Part/sr/GeV/cmq/pr):

   0.000000     +/-    0.000000     %    43.78570     +/-    43.80858     % 
   22.42686     +/-    7.966375     % 

  Flux (Part/deg/GeV/cmq/pr):

   0.000000     +/-    0.000000     %   0.4236862     +/-    43.80858     % 
   1.720059     +/-    7.966375     % 

  Energy interval (GeV):  2.4570116E-07  2.3192895E-07

  Flux (Part/sr/GeV/cmq/pr):

   0.000000     +/-    0.000000     %    37.10859     +/-    49.23660     % 
   19.54524     +/-    7.471045     % 

  Flux (Part/deg/GeV/cmq/pr):

   0.000000     +/-    0.000000     %   0.3590761     +/-    49.23660     % 
   1.499049     +/-    7.471045     % 

  Energy interval (GeV):  2.3192895E-07  2.1892872E-07

  Flux (Part/sr/GeV/cmq/pr):

   0.000000     +/-    0.000000     %    58.96822     +/-    39.78054     % 
   24.42548     +/-    8.113331     % 

  Flux (Part/deg/GeV/cmq/pr):

   0.000000     +/-    0.000000     %   0.5705977     +/-    39.78054     % 
   1.873346     +/-    8.113331     % 

  Energy interval (GeV):  2.1892872E-07  2.0665718E-07

  Flux (Part/sr/GeV/cmq/pr):

   0.000000     +/-    0.000000     %    41.64655     +/-    49.23660     % 
   25.08779     +/-    7.102501     % 

  Flux (Part/deg/GeV/cmq/pr):

   0.000000     +/-    0.000000     %   0.4029870     +/-    49.23660     % 
   1.924143     +/-    7.102501     % 

  Energy interval (GeV):  2.0665718E-07  1.9507351E-07

  Flux (Part/sr/GeV/cmq/pr):

   0.000000     +/-    0.000000     %    33.08968     +/-    57.14887     % 
   28.24733     +/-    6.732348     % 

  Flux (Part/deg/GeV/cmq/pr):

   0.000000     +/-    0.000000     %   0.3201876     +/-    57.14887     % 
   2.166468     +/-    6.732348     % 

  Energy interval (GeV):  1.9507351E-07  1.8413911E-07

  Flux (Part/sr/GeV/cmq/pr):

   0.000000     +/-    0.000000     %    58.42430     +/-    43.80858     % 
   27.41868     +/-    8.846455     % 

  Flux (Part/deg/GeV/cmq/pr):

   0.000000     +/-    0.000000     %   0.5653346     +/-    43.80858     % 
   2.102913     +/-    8.846455     % 

  Energy interval (GeV):  1.8413911E-07  1.7381764E-07

  Flux (Part/sr/GeV/cmq/pr):

   0.000000     +/-    0.000000     %    61.89360     +/-    43.80858     % 
   31.54548     +/-    7.345468     % 

  Flux (Part/deg/GeV/cmq/pr):

   0.000000     +/-    0.000000     %   0.5989048     +/-    43.80858     % 
   2.419425     +/-    7.345468     % 

  Energy interval (GeV):  1.7381764E-07  1.6407469E-07

  Flux (Part/sr/GeV/cmq/pr):

   0.000000     +/-    0.000000     %    65.56892     +/-    43.80858     % 
   30.77166     +/-    7.604067     % 

  Flux (Part/deg/GeV/cmq/pr):

   0.000000     +/-    0.000000     %   0.6344685     +/-    43.80858     % 
   2.360075     +/-    7.604067     % 

  Energy interval (GeV):  1.6407469E-07  1.5487788E-07

  Flux (Part/sr/GeV/cmq/pr):

   0.000000     +/-    0.000000     %    138.9249     +/-    30.15113     % 
   33.29997     +/-    6.542964     % 

  Flux (Part/deg/GeV/cmq/pr):

   0.000000     +/-    0.000000     %    1.344288     +/-    30.15113     % 
   2.553988     +/-    6.542964     % 

  Energy interval (GeV):  1.5487788E-07  1.4619657E-07

  Flux (Part/sr/GeV/cmq/pr):

   0.000000     +/-    0.000000     %    103.0221     +/-    41.88409     % 
   39.54778     +/-    6.423212     % 

  Flux (Part/deg/GeV/cmq/pr):

   0.000000     +/-    0.000000     %   0.9968793     +/-    41.88409     % 
   3.033172     +/-    6.423212     % 

  Energy interval (GeV):  1.4619657E-07  1.3800185E-07

  Flux (Part/sr/GeV/cmq/pr):

   0.000000     +/-    0.000000     %    109.1397     +/-    36.63320     % 
   34.42174     +/-    7.416129     % 

  Flux (Part/deg/GeV/cmq/pr):

   0.000000     +/-    0.000000     %    1.056075     +/-    36.63320     % 
   2.640023     +/-    7.416129     % 

  Energy interval (GeV):  1.3800185E-07  1.3026649E-07

  Flux (Part/sr/GeV/cmq/pr):

   0.000000     +/-    0.000000     %    99.10332     +/-    39.78054     % 
   42.71701     +/-    7.669903     % 

  Flux (Part/deg/GeV/cmq/pr):

   0.000000     +/-    0.000000     %   0.9589595     +/-    39.78054     % 
   3.276241     +/-    7.669903     % 

  Energy interval (GeV):  1.3026649E-07  1.2296471E-07

  Flux (Part/sr/GeV/cmq/pr):

   1369.511     +/-    99.00000     %    34.99606     +/-    70.35265     % 
   42.82536     +/-    7.134206     % 

  Flux (Part/deg/GeV/cmq/pr):

   1.339714     +/-    99.00000     %   0.3386346     +/-    70.35265     % 
   3.284550     +/-    7.134206     % 

  Energy interval (GeV):  1.2296471E-07  1.1607221E-07

  Flux (Part/sr/GeV/cmq/pr):

   0.000000     +/-    0.000000     %    74.14835     +/-    49.23660     % 
   39.75580     +/-    7.685583     % 

  Flux (Part/deg/GeV/cmq/pr):

   0.000000     +/-    0.000000     %   0.7174861     +/-    49.23660     % 
   3.049126     +/-    7.685583     % 

  Energy interval (GeV):  1.1607221E-07  1.0956605E-07

  Flux (Part/sr/GeV/cmq/pr):

   0.000000     +/-    0.000000     %    78.55136     +/-    49.23660     % 
   42.85978     +/-    7.831153     % 

  Flux (Part/deg/GeV/cmq/pr):

   0.000000     +/-    0.000000     %   0.7600913     +/-    49.23660     % 
   3.287190     +/-    7.831153     % 

  Energy interval (GeV):  1.0956605E-07  1.0342459E-07

  Flux (Part/sr/GeV/cmq/pr):

   0.000000     +/-    0.000000     %    145.6277     +/-    36.63320     % 
   43.56765     +/-    8.442423     % 

  Flux (Part/deg/GeV/cmq/pr):

   0.000000     +/-    0.000000     %    1.409146     +/-    36.63320     % 
   3.341481     +/-    8.442423     % 

  Energy interval (GeV):  1.0342459E-07  9.7627357E-08

  Flux (Part/sr/GeV/cmq/pr):

   0.000000     +/-    0.000000     %    0.000000     +/-    0.000000     % 
   53.10576     +/-    7.294817     % 

  Flux (Part/deg/GeV/cmq/pr):

   0.000000     +/-    0.000000     %    0.000000     +/-    0.000000     % 
   4.073020     +/-    7.294817     % 

  Energy interval (GeV):  9.7627357E-08  9.2155091E-08

  Flux (Part/sr/GeV/cmq/pr):

   1827.370     +/-    99.00000     %    116.7402     +/-    43.80858     % 
   50.07367     +/-    6.970130     % 

  Flux (Part/deg/GeV/cmq/pr):

   1.787612     +/-    99.00000     %    1.129620     +/-    43.80858     % 
   3.840470     +/-    6.970130     % 

  Energy interval (GeV):  9.2155091E-08  8.6989552E-08

  Flux (Part/sr/GeV/cmq/pr):

   0.000000     +/-    0.000000     %    173.1413     +/-    41.88409     % 
   55.23140     +/-    8.024335     % 

  Flux (Part/deg/GeV/cmq/pr):

   0.000000     +/-    0.000000     %    1.675378     +/-    41.88409     % 
   4.236049     +/-    8.024335     % 

  Energy interval (GeV):  8.6989552E-08  8.2113559E-08

  Flux (Part/sr/GeV/cmq/pr):

   0.000000     +/-    0.000000     %    131.0162     +/-    43.80858     % 
   54.54425     +/-    6.637664     % 

  Flux (Part/deg/GeV/cmq/pr):

   0.000000     +/-    0.000000     %    1.267760     +/-    43.80858     % 
   4.183347     +/-    6.637664     % 

  Energy interval (GeV):  8.2113559E-08  7.7510876E-08

  Flux (Part/sr/GeV/cmq/pr):

   0.000000     +/-    0.000000     %    111.0369     +/-    60.71959     % 
   68.98958     +/-    6.183607     % 

  Flux (Part/deg/GeV/cmq/pr):

   0.000000     +/-    0.000000     %    1.074433     +/-    60.71959     % 
   5.291251     +/-    6.183607     % 

  Energy interval (GeV):  7.7510876E-08  7.3166184E-08

  Flux (Part/sr/GeV/cmq/pr):

   0.000000     +/-    0.000000     %    176.4455     +/-    39.78054     % 
   67.15032     +/-    7.801290     % 

  Flux (Part/deg/GeV/cmq/pr):

   0.000000     +/-    0.000000     %    1.707351     +/-    39.78054     % 
   5.150187     +/-    7.801290     % 

  Energy interval (GeV):  7.3166184E-08  6.9065031E-08

  Flux (Part/sr/GeV/cmq/pr):

   0.000000     +/-    0.000000     %    93.46154     +/-    57.14887     % 
   67.99357     +/-    7.744480     % 

  Flux (Part/deg/GeV/cmq/pr):

   0.000000     +/-    0.000000     %   0.9043676     +/-    57.14887     % 
   5.214861     +/-    7.744480     % 

  Energy interval (GeV):  6.9065031E-08  6.5193746E-08

  Flux (Part/sr/GeV/cmq/pr):

   0.000000     +/-    0.000000     %    132.0152     +/-    49.23660     % 
   72.44747     +/-    7.514233     % 

  Flux (Part/deg/GeV/cmq/pr):

   0.000000     +/-    0.000000     %    1.277427     +/-    49.23660     % 
   5.556459     +/-    7.514233     % 

  Energy interval (GeV):  6.5193746E-08  6.1539467E-08

  Flux (Part/sr/GeV/cmq/pr):

   0.000000     +/-    0.000000     %    139.8544     +/-    49.23660     % 
   82.48365     +/-    6.783633     % 

  Flux (Part/deg/GeV/cmq/pr):

   0.000000     +/-    0.000000     %    1.353282     +/-    49.23660     % 
   6.326198     +/-    6.783633     % 

  Energy interval (GeV):  6.1539467E-08  5.8090020E-08

  Flux (Part/sr/GeV/cmq/pr):

   0.000000     +/-    0.000000     %    185.1989     +/-    43.80858     % 
   84.57793     +/-    6.364803     % 

  Flux (Part/deg/GeV/cmq/pr):

   0.000000     +/-    0.000000     %    1.792052     +/-    43.80858     % 
   6.486822     +/-    6.364803     % 

  Energy interval (GeV):  5.8090020E-08  5.4833915E-08

  Flux (Part/sr/GeV/cmq/pr):

   0.000000     +/-    0.000000     %    235.4355     +/-    46.29966     % 
   84.64998     +/-    7.116041     % 

  Flux (Part/deg/GeV/cmq/pr):

   0.000000     +/-    0.000000     %    2.278159     +/-    46.29966     % 
   6.492347     +/-    7.116041     % 

  Energy interval (GeV):  5.4833915E-08  5.1760328E-08

  Flux (Part/sr/GeV/cmq/pr):

   0.000000     +/-    0.000000     %    249.4159     +/-    39.78054     % 
   91.77429     +/-    7.236044     % 

  Flux (Part/deg/GeV/cmq/pr):

   0.000000     +/-    0.000000     %    2.413439     +/-    39.78054     % 
   7.038756     +/-    7.236044     % 

  Energy interval (GeV):  5.1760328E-08  4.8859029E-08

  Flux (Part/sr/GeV/cmq/pr):

   0.000000     +/-    0.000000     %    308.2643     +/-    41.88409     % 
   98.89065     +/-    7.887835     % 

  Flux (Part/deg/GeV/cmq/pr):

   0.000000     +/-    0.000000     %    2.982876     +/-    41.88409     % 
   7.584555     +/-    7.887835     % 

  Energy interval (GeV):  4.8859029E-08  4.6120348E-08

  Flux (Part/sr/GeV/cmq/pr):

   0.000000     +/-    0.000000     %    139.9583     +/-    57.14887     % 
   96.52312     +/-    7.728438     % 

  Flux (Part/deg/GeV/cmq/pr):

   0.000000     +/-    0.000000     %    1.354287     +/-    57.14887     % 
   7.402974     +/-    7.728438     % 

  Energy interval (GeV):  4.6120348E-08  4.3535184E-08

  Flux (Part/sr/GeV/cmq/pr):

   0.000000     +/-    0.000000     %    148.2692     +/-    57.14887     % 
   115.3484     +/-    7.463699     % 

  Flux (Part/deg/GeV/cmq/pr):

   0.000000     +/-    0.000000     %    1.434706     +/-    57.14887     % 
   8.846803     +/-    7.463699     % 

  Energy interval (GeV):  4.3535184E-08  4.1094918E-08

  Flux (Part/sr/GeV/cmq/pr):

   0.000000     +/-    0.000000     %    314.1472     +/-    39.78054     % 
   121.5374     +/-    7.438173     % 

  Flux (Part/deg/GeV/cmq/pr):

   0.000000     +/-    0.000000     %    3.039801     +/-    39.78054     % 
   9.321476     +/-    7.438173     % 

  Energy interval (GeV):  4.1094918E-08  3.8791438E-08

  Flux (Part/sr/GeV/cmq/pr):

   0.000000     +/-    0.000000     %    665.6032     +/-    29.68219     % 
   107.0621     +/-    8.435571     % 

  Flux (Part/deg/GeV/cmq/pr):

   0.000000     +/-    0.000000     %    6.440617     +/-    29.68219     % 
   8.211274     +/-    8.435571     % 

  Energy interval (GeV):  3.8791438E-08  3.6617077E-08

  Flux (Part/sr/GeV/cmq/pr):

   0.000000     +/-    0.000000     %    235.0425     +/-    49.23660     % 
   129.7282     +/-    7.721177     % 

  Flux (Part/deg/GeV/cmq/pr):

   0.000000     +/-    0.000000     %    2.274356     +/-    49.23660     % 
   9.949687     +/-    7.721177     % 

  Energy interval (GeV):  3.6617077E-08  3.4564593E-08

  Flux (Part/sr/GeV/cmq/pr):

   0.000000     +/-    0.000000     %    186.7497     +/-    57.14887     % 
   130.3637     +/-    9.733168     % 

  Flux (Part/deg/GeV/cmq/pr):

   0.000000     +/-    0.000000     %    1.807057     +/-    57.14887     % 
   9.998427     +/-    9.733168     % 

  Energy interval (GeV):  3.4564593E-08  3.2627156E-08

  Flux (Part/sr/GeV/cmq/pr):

   0.000000     +/-    0.000000     %    197.8391     +/-    57.14887     % 
   127.2894     +/-    8.737097     % 

  Flux (Part/deg/GeV/cmq/pr):

   0.000000     +/-    0.000000     %    1.914363     +/-    57.14887     % 
   9.762640     +/-    8.737097     % 

  Energy interval (GeV):  3.2627156E-08  3.0798319E-08

  Flux (Part/sr/GeV/cmq/pr):

   5467.884     +/-    99.00000     %    279.4494     +/-    49.23660     % 
   141.0176     +/-    8.794081     % 

  Flux (Part/deg/GeV/cmq/pr):

   5.348917     +/-    99.00000     %    2.704053     +/-    49.23660     % 
   10.81554     +/-    8.794081     % 

  Energy interval (GeV):  3.0798319E-08  2.9071989E-08

  Flux (Part/sr/GeV/cmq/pr):

   0.000000     +/-    0.000000     %    296.0434     +/-    49.23660     % 
   166.1979     +/-    8.008169     % 

  Flux (Part/deg/GeV/cmq/pr):

   0.000000     +/-    0.000000     %    2.864623     +/-    49.23660     % 
   12.74678     +/-    8.008169     % 

  Energy interval (GeV):  2.9071989E-08  2.7442427E-08

  Flux (Part/sr/GeV/cmq/pr):

   0.000000     +/-    0.000000     %    156.8114     +/-    70.35265     % 
   177.0560     +/-    7.115225     % 

  Flux (Part/deg/GeV/cmq/pr):

   0.000000     +/-    0.000000     %    1.517364     +/-    70.35265     % 
   13.57956     +/-    7.115225     % 

  Energy interval (GeV):  2.7442427E-08  2.5904207E-08

  Flux (Part/sr/GeV/cmq/pr):

   0.000000     +/-    0.000000     %    83.06152     +/-    99.00000     % 
   207.4795     +/-    7.032708     % 

  Flux (Part/deg/GeV/cmq/pr):

   0.000000     +/-    0.000000     %   0.8037333     +/-    99.00000     % 
   15.91293     +/-    7.032708     % 

  Energy interval (GeV):  2.5904207E-08  2.4452209E-08

  Flux (Part/sr/GeV/cmq/pr):

   0.000000     +/-    0.000000     %    527.9628     +/-    39.78054     % 
   197.5978     +/-    7.599649     % 

  Flux (Part/deg/GeV/cmq/pr):

   0.000000     +/-    0.000000     %    5.108759     +/-    39.78054     % 
   15.15504     +/-    7.599649     % 

  Energy interval (GeV):  2.4452209E-08  2.3081599E-08

  Flux (Part/sr/GeV/cmq/pr):

   0.000000     +/-    0.000000     %    279.6570     +/-    57.14887     % 
   198.7473     +/-    7.554992     % 

  Flux (Part/deg/GeV/cmq/pr):

   0.000000     +/-    0.000000     %    2.706062     +/-    57.14887     % 
   15.24320     +/-    7.554992     % 

  Energy interval (GeV):  2.3081599E-08  2.1787812E-08

  Flux (Part/sr/GeV/cmq/pr):

   0.000000     +/-    0.000000     %    197.5089     +/-    70.35265     % 
   219.2701     +/-    8.240467     % 

  Flux (Part/deg/GeV/cmq/pr):

   0.000000     +/-    0.000000     %    1.911167     +/-    70.35265     % 
   16.81722     +/-    8.240467     % 

  Energy interval (GeV):  2.1787812E-08  2.0566548E-08

  Flux (Part/sr/GeV/cmq/pr):

   0.000000     +/-    0.000000     %    418.4744     +/-    49.23660     % 
   221.7319     +/-    7.418136     % 

  Flux (Part/deg/GeV/cmq/pr):

   0.000000     +/-    0.000000     %    4.049309     +/-    49.23660     % 
   17.00604     +/-    7.418136     % 

  Energy interval (GeV):  2.0566548E-08  1.9413740E-08

  Flux (Part/sr/GeV/cmq/pr):

   0.000000     +/-    0.000000     %    332.4929     +/-    57.14887     % 
   251.6771     +/-    7.532612     % 

  Flux (Part/deg/GeV/cmq/pr):

   0.000000     +/-    0.000000     %    3.217321     +/-    57.14887     % 
   19.30272     +/-    7.532612     % 

  Energy interval (GeV):  1.9413740E-08  1.8325546E-08

  Flux (Part/sr/GeV/cmq/pr):

   0.000000     +/-    0.000000     %    587.0612     +/-    43.80858     % 
   235.5161     +/-    8.050027     % 

  Flux (Part/deg/GeV/cmq/pr):

   0.000000     +/-    0.000000     %    5.680616     +/-    43.80858     % 
   18.06323     +/-    8.050027     % 

  Energy interval (GeV):  1.8325546E-08  1.7298353E-08

  Flux (Part/sr/GeV/cmq/pr):

   0.000000     +/-    0.000000     %    373.1530     +/-    57.14887     % 
   232.2402     +/-    7.711666     % 

  Flux (Part/deg/GeV/cmq/pr):

   0.000000     +/-    0.000000     %    3.610763     +/-    57.14887     % 
   17.81198     +/-    7.711666     % 

  Energy interval (GeV):  1.7298353E-08  1.6328734E-08

  Flux (Part/sr/GeV/cmq/pr):

   0.000000     +/-    0.000000     %    527.0816     +/-    49.23660     % 
   297.5644     +/-    8.301270     % 

  Flux (Part/deg/GeV/cmq/pr):

   0.000000     +/-    0.000000     %    5.100232     +/-    49.23660     % 
   22.82211     +/-    8.301270     % 

  Energy interval (GeV):  1.6328734E-08  1.5413464E-08

  Flux (Part/sr/GeV/cmq/pr):

   0.000000     +/-    0.000000     %    697.9754     +/-    43.80858     % 
   283.5346     +/-    7.989143     % 

  Flux (Part/deg/GeV/cmq/pr):

   0.000000     +/-    0.000000     %    6.753862     +/-    43.80858     % 
   21.74608     +/-    7.989143     % 

  Energy interval (GeV):  1.5413464E-08  1.4549498E-08

  Flux (Part/sr/GeV/cmq/pr):

   0.000000     +/-    0.000000     %    591.5376     +/-    49.23660     % 
   285.4459     +/-    7.742081     % 

  Flux (Part/deg/GeV/cmq/pr):

   0.000000     +/-    0.000000     %    5.723931     +/-    49.23660     % 
   21.89267     +/-    7.742081     % 

  Energy interval (GeV):  1.4549498E-08  1.3733961E-08

  Flux (Part/sr/GeV/cmq/pr):

   0.000000     +/-    0.000000     %    1096.662     +/-    36.63320     % 
   282.6316     +/-    7.715390     % 

  Flux (Part/deg/GeV/cmq/pr):

   0.000000     +/-    0.000000     %    10.61169     +/-    36.63320     % 
   21.67682     +/-    7.715390     % 

  Energy interval (GeV):  1.3733961E-08  1.2964137E-08

  Flux (Part/sr/GeV/cmq/pr):

   0.000000     +/-    0.000000     %    829.8447     +/-    43.80858     % 
   332.9155     +/-    6.695181     % 

  Flux (Part/deg/GeV/cmq/pr):

   0.000000     +/-    0.000000     %    8.029877     +/-    43.80858     % 
   25.53342     +/-    6.695181     % 

  Energy interval (GeV):  1.2964137E-08  1.2237463E-08

  Flux (Part/sr/GeV/cmq/pr):

   0.000000     +/-    0.000000     %    351.6487     +/-    70.35265     % 
   385.9565     +/-    7.514233     % 

  Flux (Part/deg/GeV/cmq/pr):

   0.000000     +/-    0.000000     %    3.402680     +/-    70.35265     % 
   29.60147     +/-    7.514233     % 

  Energy interval (GeV):  1.2237463E-08  1.1551519E-08

  Flux (Part/sr/GeV/cmq/pr):

   0.000000     +/-    0.000000     %    372.5301     +/-    70.35265     % 
   343.0791     +/-    7.993536     % 

  Flux (Part/deg/GeV/cmq/pr):

   0.000000     +/-    0.000000     %    3.604736     +/-    70.35265     % 
   26.31293     +/-    7.993536     % 

  Energy interval (GeV):  1.1551519E-08  1.0904027E-08

  Flux (Part/sr/GeV/cmq/pr):

   0.000000     +/-    0.000000     %    394.6513     +/-    70.35265     % 
   318.6425     +/-    8.462540     % 

  Flux (Part/deg/GeV/cmq/pr):

   0.000000     +/-    0.000000     %    3.818789     +/-    70.35265     % 
   24.43872     +/-    8.462540     % 

  Energy interval (GeV):  1.0904027E-08  1.0292827E-08

  Flux (Part/sr/GeV/cmq/pr):

   16361.08     +/-    99.00000     %    418.0862     +/-    70.35265     % 
   400.8570     +/-    7.150847     % 

  Flux (Part/deg/GeV/cmq/pr):

   16.00511     +/-    99.00000     %    4.045553     +/-    70.35265     % 
   30.74428     +/-    7.150847     % 

  Energy interval (GeV):  1.0292827E-08  9.7158868E-09

  Flux (Part/sr/GeV/cmq/pr):

   0.000000     +/-    0.000000     %    442.9127     +/-    70.35265     % 
   463.7738     +/-    7.123692     % 

  Flux (Part/deg/GeV/cmq/pr):

   0.000000     +/-    0.000000     %    4.285783     +/-    70.35265     % 
   35.56978     +/-    7.123692     % 

  Energy interval (GeV):  9.7158868E-09  9.1712860E-09

  Flux (Part/sr/GeV/cmq/pr):

   0.000000     +/-    0.000000     %    469.2133     +/-    70.35265     % 
   396.6023     +/-    8.023549     % 

  Flux (Part/deg/GeV/cmq/pr):

   0.000000     +/-    0.000000     %    4.540277     +/-    70.35265     % 
   30.41796     +/-    8.023549     % 

  Energy interval (GeV):  9.1712860E-09  8.6572101E-09

  Flux (Part/sr/GeV/cmq/pr):

   0.000000     +/-    0.000000     %    497.0757     +/-    70.35265     % 
   482.8624     +/-    9.015636     % 

  Flux (Part/deg/GeV/cmq/pr):

   0.000000     +/-    0.000000     %    4.809884     +/-    70.35265     % 
   37.03380     +/-    9.015636     % 

  Energy interval (GeV):  8.6572101E-09  8.1719511E-09

  Flux (Part/sr/GeV/cmq/pr):

   0.000000     +/-    0.000000     %    3159.556     +/-    27.21655     % 
   465.0321     +/-    7.864027     % 

  Flux (Part/deg/GeV/cmq/pr):

   0.000000     +/-    0.000000     %    30.57301     +/-    27.21655     % 
   35.66628     +/-    7.864027     % 

  Energy interval (GeV):  8.1719511E-09  7.7138917E-09

  Flux (Part/sr/GeV/cmq/pr):

   21830.98     +/-    99.00000     %    1394.656     +/-    43.80858     % 
   608.7700     +/-    7.155556     % 

  Flux (Part/deg/GeV/cmq/pr):

   21.35600     +/-    99.00000     %    13.49519     +/-    43.80858     % 
   46.69046     +/-    7.155556     % 

  Energy interval (GeV):  7.7138917E-09  7.2815070E-09

  Flux (Part/sr/GeV/cmq/pr):

   23127.33     +/-    99.00000     %    590.9889     +/-    70.35265     % 
   529.3558     +/-    8.385244     % 

  Flux (Part/deg/GeV/cmq/pr):

   22.62414     +/-    99.00000     %    5.718622     +/-    70.35265     % 
   40.59968     +/-    8.385244     % 

  Energy interval (GeV):  7.2815070E-09  6.8733597E-09

  Flux (Part/sr/GeV/cmq/pr):

   0.000000     +/-    0.000000     %    1565.206     +/-    43.80858     % 
   679.2663     +/-    7.843017     % 

  Flux (Part/deg/GeV/cmq/pr):

   0.000000     +/-    0.000000     %    15.14550     +/-    43.80858     % 
   52.09727     +/-    7.843017     % 

  Energy interval (GeV):  6.8733597E-09  6.4880901E-09

  Flux (Part/sr/GeV/cmq/pr):

   0.000000     +/-    0.000000     %    2321.410     +/-    36.63320     % 
   635.9273     +/-    8.015643     % 

  Flux (Part/deg/GeV/cmq/pr):

   0.000000     +/-    0.000000     %    22.46280     +/-    36.63320     % 
   48.77332     +/-    8.015643     % 

  Energy interval (GeV):  6.4880901E-09  6.1244148E-09

  Flux (Part/sr/GeV/cmq/pr):

   0.000000     +/-    0.000000     %    2107.936     +/-    39.78054     % 
   638.2321     +/-    8.393907     % 

  Flux (Part/deg/GeV/cmq/pr):

   0.000000     +/-    0.000000     %    20.39714     +/-    39.78054     % 
   48.95009     +/-    8.393907     % 

  Energy interval (GeV):  6.1244148E-09  5.7811254E-09

  Flux (Part/sr/GeV/cmq/pr):

   0.000000     +/-    0.000000     %    744.3691     +/-    70.35265     % 
   568.1379     +/-    9.121215     % 

  Flux (Part/deg/GeV/cmq/pr):

   0.000000     +/-    0.000000     %    7.202784     +/-    70.35265     % 
   43.57412     +/-    9.121215     % 

  Energy interval (GeV):  5.7811254E-09  5.4570775E-09

  Flux (Part/sr/GeV/cmq/pr):

   0.000000     +/-    0.000000     %    1577.141     +/-    49.23660     % 
   716.2805     +/-    7.916039     % 

  Flux (Part/deg/GeV/cmq/pr):

   0.000000     +/-    0.000000     %    15.26099     +/-    49.23660     % 
   54.93612     +/-    7.916039     % 

  Energy interval (GeV):  5.4570775E-09  5.1511941E-09

  Flux (Part/sr/GeV/cmq/pr):

   0.000000     +/-    0.000000     %    835.3968     +/-    70.35265     % 
   764.0836     +/-    7.294344     % 

  Flux (Part/deg/GeV/cmq/pr):

   0.000000     +/-    0.000000     %    8.083601     +/-    70.35265     % 
   58.60245     +/-    7.294344     % 

  Energy interval (GeV):  5.1511941E-09  4.8624562E-09

  Flux (Part/sr/GeV/cmq/pr):

   0.000000     +/-    0.000000     %    2212.509     +/-    43.80858     % 
   759.2137     +/-    8.197221     % 

  Flux (Part/deg/GeV/cmq/pr):

   0.000000     +/-    0.000000     %    21.40903     +/-    43.80858     % 
   58.22894     +/-    8.197221     % 

  Energy interval (GeV):  4.8624562E-09  4.5899022E-09

  Flux (Part/sr/GeV/cmq/pr):

   0.000000     +/-    0.000000     %    468.7781     +/-    99.00000     % 
   751.0712     +/-    9.012918     % 

  Flux (Part/deg/GeV/cmq/pr):

   0.000000     +/-    0.000000     %    4.536066     +/-    99.00000     % 
   57.60444     +/-    9.012918     % 

  Energy interval (GeV):  4.5899022E-09  4.3326267E-09

  Flux (Part/sr/GeV/cmq/pr):

   0.000000     +/-    0.000000     %    1489.844     +/-    57.14887     % 
   808.2009     +/-    8.626214     % 

  Flux (Part/deg/GeV/cmq/pr):

   0.000000     +/-    0.000000     %    14.41627     +/-    57.14887     % 
   61.98609     +/-    8.626214     % 

  Energy interval (GeV):  4.3326267E-09  4.0897712E-09

  Flux (Part/sr/GeV/cmq/pr):

   0.000000     +/-    0.000000     %    1052.208     +/-    70.35265     % 
   1002.210     +/-    8.339527     % 

  Flux (Part/deg/GeV/cmq/pr):

   0.000000     +/-    0.000000     %    10.18155     +/-    70.35265     % 
   76.86589     +/-    8.339527     % 

  Energy interval (GeV):  4.0897712E-09  3.8605288E-09

  Flux (Part/sr/GeV/cmq/pr):

   0.000000     +/-    0.000000     %    2786.725     +/-    43.80858     % 
   1117.973     +/-    8.898691     % 

  Flux (Part/deg/GeV/cmq/pr):

   0.000000     +/-    0.000000     %    26.96535     +/-    43.80858     % 
   85.74447     +/-    8.898691     % 

  Energy interval (GeV):  3.8605288E-09  3.6441361E-09

  Flux (Part/sr/GeV/cmq/pr):

   0.000000     +/-    0.000000     %    1771.322     +/-    57.14887     % 
   901.3049     +/-    8.734840     % 

  Flux (Part/deg/GeV/cmq/pr):

   0.000000     +/-    0.000000     %    17.13995     +/-    57.14887     % 
   69.12682     +/-    8.734840     % 

  Energy interval (GeV):  3.6441361E-09  3.4398724E-09

  Flux (Part/sr/GeV/cmq/pr):

   0.000000     +/-    0.000000     %    1251.004     +/-    70.35265     % 
   1270.470     +/-    6.540906     % 

  Flux (Part/deg/GeV/cmq/pr):

   0.000000     +/-    0.000000     %    12.10516     +/-    70.35265     % 
   97.44047     +/-    6.540906     % 

  Energy interval (GeV):  3.4398724E-09  3.2470584E-09

  Flux (Part/sr/GeV/cmq/pr):

   0.000000     +/-    0.000000     %    1325.290     +/-    70.35265     % 
   1220.517     +/-    9.706920     % 

  Flux (Part/deg/GeV/cmq/pr):

   0.000000     +/-    0.000000     %    12.82398     +/-    70.35265     % 
   93.60921     +/-    9.706920     % 

  Energy interval (GeV):  3.2470584E-09  3.0650524E-09

  Flux (Part/sr/GeV/cmq/pr):

   0.000000     +/-    0.000000     %    2807.973     +/-    49.23660     % 
   1408.122     +/-    6.452058     % 

  Flux (Part/deg/GeV/cmq/pr):

   0.000000     +/-    0.000000     %    27.17097     +/-    49.23660     % 
   107.9978     +/-    6.452058     % 

  Energy interval (GeV):  3.0650524E-09  2.8932479E-09

  Flux (Part/sr/GeV/cmq/pr):

   0.000000     +/-    0.000000     %    743.6786     +/-    99.00000     % 
   1369.772     +/-    8.052599     % 

  Flux (Part/deg/GeV/cmq/pr):

   0.000000     +/-    0.000000     %    7.196103     +/-    99.00000     % 
   105.0565     +/-    8.052599     % 

  Energy interval (GeV):  2.8932479E-09  2.7310738E-09

  Flux (Part/sr/GeV/cmq/pr):

   0.000000     +/-    0.000000     %    1575.678     +/-    70.35265     % 
   1411.354     +/-    8.325290     % 

  Flux (Part/deg/GeV/cmq/pr):

   0.000000     +/-    0.000000     %    15.24683     +/-    70.35265     % 
   108.2457     +/-    8.325290     % 

  Energy interval (GeV):  2.7310738E-09  2.5779900E-09

  Flux (Part/sr/GeV/cmq/pr):

   0.000000     +/-    0.000000     %    834.6219     +/-    99.00000     % 
   1589.926     +/-    8.124264     % 

  Flux (Part/deg/GeV/cmq/pr):

   0.000000     +/-    0.000000     %    8.076102     +/-    99.00000     % 
   121.9415     +/-    8.124264     % 

  Energy interval (GeV):  2.5779900E-09  2.4334867E-09

  Flux (Part/sr/GeV/cmq/pr):

   0.000000     +/-    0.000000     %    884.1827     +/-    99.00000     % 
   1650.874     +/-    9.084451     % 

  Flux (Part/deg/GeV/cmq/pr):

   0.000000     +/-    0.000000     %    8.555672     +/-    99.00000     % 
   126.6160     +/-    9.084451     % 

  Energy interval (GeV):  2.4334867E-09  2.2970834E-09

  Flux (Part/sr/GeV/cmq/pr):

   0.000000     +/-    0.000000     %    3746.746     +/-    49.23660     % 
   1595.284     +/-    8.112700     % 

  Flux (Part/deg/GeV/cmq/pr):

   0.000000     +/-    0.000000     %    36.25487     +/-    49.23660     % 
   122.3525     +/-    8.112700     % 

  Energy interval (GeV):  2.2970834E-09  2.1683255E-09

  Flux (Part/sr/GeV/cmq/pr):

   0.000000     +/-    0.000000     %    1984.616     +/-    70.35265     % 
   1614.902     +/-    8.903232     % 

  Flux (Part/deg/GeV/cmq/pr):

   0.000000     +/-    0.000000     %    19.20386     +/-    70.35265     % 
   123.8572     +/-    8.903232     % 

  Energy interval (GeV):  2.1683255E-09  2.0467852E-09

  Flux (Part/sr/GeV/cmq/pr):

   0.000000     +/-    0.000000     %    4204.930     +/-    49.23660     % 
   2254.539     +/-    7.547920     % 

  Flux (Part/deg/GeV/cmq/pr):

   0.000000     +/-    0.000000     %    40.68842     +/-    49.23660     % 
   172.9150     +/-    7.547920     % 

  Energy interval (GeV):  2.0467852E-09  1.9320574E-09

  Flux (Part/sr/GeV/cmq/pr):

   0.000000     +/-    0.000000     %    0.000000     +/-    0.000000     % 
   1980.980     +/-    8.195257     % 

  Flux (Part/deg/GeV/cmq/pr):

   0.000000     +/-    0.000000     %    0.000000     +/-    0.000000     % 
   151.9340     +/-    8.195257     % 

  Energy interval (GeV):  1.9320574E-09  1.8237606E-09

  Flux (Part/sr/GeV/cmq/pr):

   0.000000     +/-    0.000000     %    7078.716     +/-    39.78054     % 
   2321.870     +/-    8.658940     % 

  Flux (Part/deg/GeV/cmq/pr):

   0.000000     +/-    0.000000     %    68.49622     +/-    39.78054     % 
   178.0790     +/-    8.658940     % 

  Energy interval (GeV):  1.8237606E-09  1.7215340E-09

  Flux (Part/sr/GeV/cmq/pr):

   0.000000     +/-    0.000000     %    3749.529     +/-    57.14887     % 
   2081.323     +/-    8.332290     % 

  Flux (Part/deg/GeV/cmq/pr):

   0.000000     +/-    0.000000     %    36.28180     +/-    57.14887     % 
   159.6300     +/-    8.332290     % 

  Energy interval (GeV):  1.7215340E-09  1.6250374E-09

  Flux (Part/sr/GeV/cmq/pr):

   0.000000     +/-    0.000000     %    5296.241     +/-    49.23660     % 
   2388.657     +/-    8.271550     % 

  Flux (Part/deg/GeV/cmq/pr):

   0.000000     +/-    0.000000     %    51.24834     +/-    49.23660     % 
   183.2014     +/-    8.271550     % 

  Energy interval (GeV):  1.6250374E-09  1.5339499E-09

  Flux (Part/sr/GeV/cmq/pr):

   0.000000     +/-    0.000000     %    2805.369     +/-    70.35265     % 
   2247.366     +/-    8.136483     % 

  Flux (Part/deg/GeV/cmq/pr):

   0.000000     +/-    0.000000     %    27.14576     +/-    70.35265     % 
   172.3648     +/-    8.136483     % 

  Energy interval (GeV):  1.5339499E-09  1.4479680E-09

  Flux (Part/sr/GeV/cmq/pr):

   0.000000     +/-    0.000000     %    7429.888     +/-    43.80858     % 
   2774.495     +/-    7.830350     % 

  Flux (Part/deg/GeV/cmq/pr):

   0.000000     +/-    0.000000     %    71.89427     +/-    43.80858     % 
   212.7938     +/-    7.830350     % 

  Energy interval (GeV):  1.4479680E-09  1.3668053E-09

  Flux (Part/sr/GeV/cmq/pr):

   0.000000     +/-    0.000000     %    4722.650     +/-    57.14887     % 
   2641.351     +/-    8.685575     % 

  Flux (Part/deg/GeV/cmq/pr):

   0.000000     +/-    0.000000     %    45.69806     +/-    57.14887     % 
   202.5821     +/-    8.685575     % 

  Energy interval (GeV):  1.3668053E-09  1.2901923E-09

  Flux (Part/sr/GeV/cmq/pr):

   0.000000     +/-    0.000000     %    1667.695     +/-    99.00000     % 
   2503.651     +/-    9.680920     % 

  Flux (Part/deg/GeV/cmq/pr):

   0.000000     +/-    0.000000     %    16.13722     +/-    99.00000     % 
   192.0210     +/-    9.680920     % 

  Energy interval (GeV):  1.2901923E-09  1.2178737E-09

  Flux (Part/sr/GeV/cmq/pr):

   0.000000     +/-    0.000000     %    8833.626     +/-    43.80858     % 
   2919.781     +/-    7.876092     % 

  Flux (Part/deg/GeV/cmq/pr):

   0.000000     +/-    0.000000     %    85.47735     +/-    43.80858     % 
   223.9367     +/-    7.876092     % 

  Energy interval (GeV):  1.2178737E-09  1.1496085E-09

  Flux (Part/sr/GeV/cmq/pr):

   0.000000     +/-    0.000000     %    3743.271     +/-    70.35265     % 
   3258.445     +/-    9.314121     % 

  Flux (Part/deg/GeV/cmq/pr):

   0.000000     +/-    0.000000     %    36.22124     +/-    70.35265     % 
   249.9109     +/-    9.314121     % 

  Energy interval (GeV):  1.1496085E-09  1.0851701E-09

  Flux (Part/sr/GeV/cmq/pr):

   0.000000     +/-    0.000000     %    7931.101     +/-    49.23660     % 
   3276.837     +/-    8.241290     % 

  Flux (Part/deg/GeV/cmq/pr):

   0.000000     +/-    0.000000     %    76.74419     +/-    49.23660     % 
   251.3215     +/-    8.241290     % 

  Energy interval (GeV):  1.0851701E-09  1.0243434E-09

  Flux (Part/sr/GeV/cmq/pr):

   0.000000     +/-    0.000000     %    6301.544     +/-    57.14887     % 
   4292.900     +/-    7.687877     % 

  Flux (Part/deg/GeV/cmq/pr):

   0.000000     +/-    0.000000     %    60.97601     +/-    57.14887     % 
   329.2499     +/-    7.687877     % 

  Energy interval (GeV):  1.0243434E-09  9.6692621E-10

  Flux (Part/sr/GeV/cmq/pr):

   0.000000     +/-    0.000000     %    8900.982     +/-    49.23660     % 
   3845.994     +/-    8.470191     % 

  Flux (Part/deg/GeV/cmq/pr):

   0.000000     +/-    0.000000     %    86.12912     +/-    49.23660     % 
   294.9738     +/-    8.470191     % 

  Energy interval (GeV):  9.6692621E-10  9.1272739E-10

  Flux (Part/sr/GeV/cmq/pr):

   0.000000     +/-    0.000000     %    4714.767     +/-    70.35265     % 
   4312.293     +/-    8.842497     % 

  Flux (Part/deg/GeV/cmq/pr):

   0.000000     +/-    0.000000     %    45.62178     +/-    70.35265     % 
   330.7373     +/-    8.842497     % 

  Energy interval (GeV):  9.1272739E-10  8.6156665E-10

  Flux (Part/sr/GeV/cmq/pr):

   0.000000     +/-    0.000000     %    4994.735     +/-    70.35265     % 
   4568.362     +/-    8.677971     % 

  Flux (Part/deg/GeV/cmq/pr):

   0.000000     +/-    0.000000     %    48.33086     +/-    70.35265     % 
   350.3769     +/-    8.677971     % 

  Energy interval (GeV):  8.6156665E-10  8.1327350E-10

  Flux (Part/sr/GeV/cmq/pr):

   0.000000     +/-    0.000000     %    13228.32     +/-    43.80858     % 
   4606.000     +/-    7.482608     % 

  Flux (Part/deg/GeV/cmq/pr):

   0.000000     +/-    0.000000     %    128.0020     +/-    43.80858     % 
   353.2635     +/-    7.482608     % 

  Energy interval (GeV):  8.1327350E-10  7.6768741E-10

  Flux (Part/sr/GeV/cmq/pr):

   0.000000     +/-    0.000000     %    5605.534     +/-    70.35265     % 
   4738.074     +/-    7.288793     % 

  Flux (Part/deg/GeV/cmq/pr):

   0.000000     +/-    0.000000     %    54.24117     +/-    70.35265     % 
   363.3931     +/-    7.288793     % 

  Energy interval (GeV):  7.6768741E-10  7.2465645E-10

  Flux (Part/sr/GeV/cmq/pr):

   0.000000     +/-    0.000000     %    17815.19     +/-    39.78054     % 
   5468.927     +/-    7.874080     % 

  Flux (Part/deg/GeV/cmq/pr):

   0.000000     +/-    0.000000     %    172.3862     +/-    39.78054     % 
   419.4469     +/-    7.874080     % 

  Energy interval (GeV):  7.2465645E-10  6.8403755E-10

  Flux (Part/sr/GeV/cmq/pr):

   0.000000     +/-    0.000000     %    9436.538     +/-    57.14887     % 
   6269.871     +/-    8.636915     % 

  Flux (Part/deg/GeV/cmq/pr):

   0.000000     +/-    0.000000     %    91.31136     +/-    57.14887     % 
   480.8764     +/-    8.636915     % 

  Energy interval (GeV):  6.8403755E-10  6.4569544E-10

  Flux (Part/sr/GeV/cmq/pr):

   0.000000     +/-    0.000000     %    13329.19     +/-    49.23660     % 
   6011.596     +/-    7.779150     % 

  Flux (Part/deg/GeV/cmq/pr):

   0.000000     +/-    0.000000     %    128.9780     +/-    49.23660     % 
   461.0677     +/-    7.779150     % 

  Energy interval (GeV):  6.4569544E-10  6.0950256E-10

  Flux (Part/sr/GeV/cmq/pr):

   0.000000     +/-    0.000000     %    17650.86     +/-    43.80858     % 
   7392.888     +/-    8.177759     % 

  Flux (Part/deg/GeV/cmq/pr):

   0.000000     +/-    0.000000     %    170.7961     +/-    43.80858     % 
   567.0078     +/-    8.177759     % 

  Energy interval (GeV):  6.0950256E-10  5.7533833E-10

  Flux (Part/sr/GeV/cmq/pr):

   0.000000     +/-    0.000000     %    7479.597     +/-    70.35265     % 
   6888.285     +/-    7.048441     % 

  Flux (Part/deg/GeV/cmq/pr):

   0.000000     +/-    0.000000     %    72.37528     +/-    70.35265     % 
   528.3066     +/-    7.048441     % 

  Energy interval (GeV):  5.7533833E-10  5.4308907E-10

  Flux (Part/sr/GeV/cmq/pr):

   0.000000     +/-    0.000000     %    11885.62     +/-    57.14887     % 
   6797.503     +/-    7.645688     % 

  Flux (Part/deg/GeV/cmq/pr):

   0.000000     +/-    0.000000     %    115.0095     +/-    57.14887     % 
   521.3439     +/-    7.645688     % 

  Energy interval (GeV):  5.4308907E-10  5.1264748E-10

  Flux (Part/sr/GeV/cmq/pr):

   0.000000     +/-    0.000000     %    20985.66     +/-    43.80858     % 
   7254.097     +/-    8.782134     % 

  Flux (Part/deg/GeV/cmq/pr):

   0.000000     +/-    0.000000     %    203.0648     +/-    43.80858     % 
   556.3630     +/-    8.782134     % 

  Energy interval (GeV):  5.1264748E-10  4.8391224E-10

  Flux (Part/sr/GeV/cmq/pr):

   0.000000     +/-    0.000000     %    26678.18     +/-    39.78054     % 
   7853.134     +/-    7.994020     % 

  Flux (Part/deg/GeV/cmq/pr):

   0.000000     +/-    0.000000     %    258.1477     +/-    39.78054     % 
   602.3070     +/-    7.994020     % 

  Energy interval (GeV):  4.8391224E-10  4.5678764E-10

  Flux (Part/sr/GeV/cmq/pr):

   0.000000     +/-    0.000000     %    14131.18     +/-    57.14887     % 
   9805.081     +/-    8.412610     % 

  Flux (Part/deg/GeV/cmq/pr):

   0.000000     +/-    0.000000     %    136.7384     +/-    57.14887     % 
   752.0142     +/-    8.412610     % 

  Energy interval (GeV):  4.5678764E-10  4.3118351E-10

  Flux (Part/sr/GeV/cmq/pr):

   0.000000     +/-    0.000000     %    4990.102     +/-    99.00000     % 
   8876.436     +/-    7.814433     % 

  Flux (Part/deg/GeV/cmq/pr):

   0.000000     +/-    0.000000     %    48.28603     +/-    99.00000     % 
   680.7905     +/-    7.814433     % 

  Energy interval (GeV):  4.3118351E-10  4.0701456E-10

  Flux (Part/sr/GeV/cmq/pr):

   0.000000     +/-    0.000000     %    42291.36     +/-    38.43531     % 
   10203.83     +/-    6.855275     % 

  Flux (Part/deg/GeV/cmq/pr):

   0.000000     +/-    0.000000     %    409.2265     +/-    38.43531     % 
   782.5968     +/-    6.855275     % 

  Energy interval (GeV):  4.0701456E-10  3.8420031E-10

  Flux (Part/sr/GeV/cmq/pr):

   0.000000     +/-    0.000000     %    44802.67     +/-    34.08249     % 
   11374.96     +/-    8.370267     % 

  Flux (Part/deg/GeV/cmq/pr):

   0.000000     +/-    0.000000     %    433.5268     +/-    34.08249     % 
   872.4183     +/-    8.370267     % 

  Energy interval (GeV):  3.8420031E-10  3.6266484E-10

  Flux (Part/sr/GeV/cmq/pr):

   0.000000     +/-    0.000000     %    0.000000     +/-    0.000000     % 
   11002.56     +/-    8.398932     % 

  Flux (Part/deg/GeV/cmq/pr):

   0.000000     +/-    0.000000     %    0.000000     +/-    0.000000     % 
   843.8562     +/-    8.398932     % 

  Energy interval (GeV):  3.6266484E-10  3.4233652E-10

  Flux (Part/sr/GeV/cmq/pr):

   0.000000     +/-    0.000000     %    0.000000     +/-    0.000000     % 
   11259.44     +/-    7.956075     % 

  Flux (Part/deg/GeV/cmq/pr):

   0.000000     +/-    0.000000     %    0.000000     +/-    0.000000     % 
   863.5584     +/-    7.956075     % 

  Energy interval (GeV):  3.4233652E-10  3.2314768E-10

  Flux (Part/sr/GeV/cmq/pr):

   0.000000     +/-    0.000000     %    13316.82     +/-    70.35265     % 
   11592.04     +/-    7.266843     % 

  Flux (Part/deg/GeV/cmq/pr):

   0.000000     +/-    0.000000     %    128.8584     +/-    70.35265     % 
   889.0674     +/-    7.266843     % 

  Energy interval (GeV):  3.2314768E-10  3.0503439E-10

  Flux (Part/sr/GeV/cmq/pr):

   0.000000     +/-    0.000000     %    35268.98     +/-    43.80858     % 
   13615.21     +/-    7.573032     % 

  Flux (Part/deg/GeV/cmq/pr):

   0.000000     +/-    0.000000     %    341.2754     +/-    43.80858     % 
   1044.238     +/-    7.573032     % 

  Energy interval (GeV):  3.0503439E-10  2.8793637E-10

  Flux (Part/sr/GeV/cmq/pr):

   0.000000     +/-    0.000000     %    14945.32     +/-    70.35265     % 
   11972.61     +/-    9.682870     % 

  Flux (Part/deg/GeV/cmq/pr):

   0.000000     +/-    0.000000     %    144.6163     +/-    70.35265     % 
   918.2561     +/-    9.682870     % 

  Energy interval (GeV):  2.8793637E-10  2.7179681E-10

  Flux (Part/sr/GeV/cmq/pr):

   0.000000     +/-    0.000000     %    23749.18     +/-    57.14887     % 
   15979.29     +/-    8.238092     % 

  Flux (Part/deg/GeV/cmq/pr):

   0.000000     +/-    0.000000     %    229.8056     +/-    57.14887     % 
   1225.554     +/-    8.238092     % 

  Energy interval (GeV):  2.7179681E-10  2.5656188E-10

  Flux (Part/sr/GeV/cmq/pr):

   0.000000     +/-    0.000000     %    25159.44     +/-    57.14887     % 
   16504.95     +/-    8.415854     % 

  Flux (Part/deg/GeV/cmq/pr):

   0.000000     +/-    0.000000     %    243.4518     +/-    57.14887     % 
   1265.870     +/-    8.415854     % 

  Energy interval (GeV):  2.5656188E-10  2.4218089E-10

  Flux (Part/sr/GeV/cmq/pr):

   0.000000     +/-    0.000000     %    35537.91     +/-    49.23660     % 
   16476.29     +/-    7.822606     % 

  Flux (Part/deg/GeV/cmq/pr):

   0.000000     +/-    0.000000     %    343.8777     +/-    49.23660     % 
   1263.672     +/-    7.822606     % 

  Energy interval (GeV):  2.4218089E-10  2.2860601E-10

  Flux (Part/sr/GeV/cmq/pr):

   0.000000     +/-    0.000000     %    0.000000     +/-    0.000000     % 
   20541.89     +/-    7.700777     % 

  Flux (Part/deg/GeV/cmq/pr):

   0.000000     +/-    0.000000     %    0.000000     +/-    0.000000     % 
   1575.488     +/-    7.700777     % 

  Energy interval (GeV):  2.2860601E-10  2.1579202E-10

  Flux (Part/sr/GeV/cmq/pr):

   0.000000     +/-    0.000000     %    39883.79     +/-    49.23660     % 
   19245.88     +/-    8.332638     % 

  Flux (Part/deg/GeV/cmq/pr):

   0.000000     +/-    0.000000     %    385.9299     +/-    49.23660     % 
   1476.090     +/-    8.332638     % 

  Energy interval (GeV):  2.1579202E-10  2.0369632E-10

  Flux (Part/sr/GeV/cmq/pr):

   0.000000     +/-    0.000000     %    31689.10     +/-    57.14887     % 
   26118.89     +/-    6.721845     % 

  Flux (Part/deg/GeV/cmq/pr):

   0.000000     +/-    0.000000     %    306.6351     +/-    57.14887     % 
   2003.225     +/-    6.721845     % 

  Energy interval (GeV):  2.0369632E-10  1.9227861E-10

  Flux (Part/sr/GeV/cmq/pr):

   875824.4     +/-    99.00000     %    78331.95     +/-    36.63320     % 
   25411.10     +/-    6.792674     % 

  Flux (Part/deg/GeV/cmq/pr):

   856.7687     +/-    99.00000     %    757.9683     +/-    36.63320     % 
   1948.939     +/-    6.792674     % 

  Energy interval (GeV):  1.9227861E-10  1.8150087E-10

  Flux (Part/sr/GeV/cmq/pr):

   0.000000     +/-    0.000000     %    94838.16     +/-    34.08249     % 
   36641.17     +/-    5.605917     % 

  Flux (Part/deg/GeV/cmq/pr):

   0.000000     +/-    0.000000     %    917.6883     +/-    34.08249     % 
   2810.245     +/-    5.605917     % 

  Energy interval (GeV):  1.8150087E-10  1.7132729E-10

  Flux (Part/sr/GeV/cmq/pr):

   0.000000     +/-    0.000000     %    37676.16     +/-    57.14887     % 
   42461.00     +/-    4.999938     % 

  Flux (Part/deg/GeV/cmq/pr):

   0.000000     +/-    0.000000     %    364.5681     +/-    57.14887     % 
   3256.605     +/-    4.999938     % 

  Energy interval (GeV):  1.7132729E-10  1.6172393E-10

  Flux (Part/sr/GeV/cmq/pr):

   0.000000     +/-    0.000000     %    119740.2     +/-    31.95817     % 
   46325.14     +/-    6.617412     % 

  Flux (Part/deg/GeV/cmq/pr):

   0.000000     +/-    0.000000     %    1158.650     +/-    31.95817     % 
   3552.971     +/-    6.617412     % 

  Energy interval (GeV):  1.6172393E-10  1.5265886E-10

  Flux (Part/sr/GeV/cmq/pr):

   0.000000     +/-    0.000000     %    169134.1     +/-    27.21655     % 
   52098.78     +/-    5.450722     % 

  Flux (Part/deg/GeV/cmq/pr):

   0.000000     +/-    0.000000     %    1636.602     +/-    27.21655     % 
   3995.788     +/-    5.450722     % 

  Energy interval (GeV):  1.5265886E-10  1.4410194E-10

  Flux (Part/sr/GeV/cmq/pr):

   1168633.     +/-    99.00000     %    179177.5     +/-    29.68219     % 
   62162.16     +/-    5.913425     % 

  Flux (Part/deg/GeV/cmq/pr):

   1143.207     +/-    99.00000     %    1733.786     +/-    29.68219     % 
   4767.613     +/-    5.913425     % 

  Energy interval (GeV):  1.4410194E-10  1.3602464E-10

  Flux (Part/sr/GeV/cmq/pr):

   0.000000     +/-    0.000000     %    126544.8     +/-    34.08249     % 
   80021.89     +/-    5.742666     % 

  Flux (Part/deg/GeV/cmq/pr):

   0.000000     +/-    0.000000     %    1224.493     +/-    34.08249     % 
   6137.390     +/-    5.742666     % 

  Energy interval (GeV):  1.3602464E-10  1.2840010E-10

  Flux (Part/sr/GeV/cmq/pr):

   0.000000     +/-    0.000000     %    234603.6     +/-    26.89911     % 
   93864.12     +/-    4.879303     % 

  Flux (Part/deg/GeV/cmq/pr):

   0.000000     +/-    0.000000     %    2270.109     +/-    26.89911     % 
   7199.039     +/-    4.879303     % 

  Energy interval (GeV):  1.2840010E-10  1.2120294E-10

  Flux (Part/sr/GeV/cmq/pr):

   0.000000     +/-    0.000000     %    159772.2     +/-    31.95817     % 
   99437.89     +/-    4.751616     % 

  Flux (Part/deg/GeV/cmq/pr):

   0.000000     +/-    0.000000     %    1546.014     +/-    31.95817     % 
   7626.526     +/-    4.751616     % 

  Energy interval (GeV):  1.2120294E-10  1.1440919E-10

  Flux (Part/sr/GeV/cmq/pr):

   1471930.     +/-    99.00000     %    169259.7     +/-    35.64733     % 
   114833.0     +/-    4.659195     % 

  Flux (Part/deg/GeV/cmq/pr):

   1439.905     +/-    99.00000     %    1637.818     +/-    35.64733     % 
   8807.272     +/-    4.659195     % 

  Energy interval (GeV):  1.1440919E-10  1.0799625E-10

  Flux (Part/sr/GeV/cmq/pr):

   1559335.     +/-    99.00000     %    239080.7     +/-    29.68219     % 
   136732.7     +/-    4.505164     % 

  Flux (Part/deg/GeV/cmq/pr):

   1525.408     +/-    99.00000     %    2313.432     +/-    29.68219     % 
   10486.90     +/-    4.505164     % 

  Energy interval (GeV):  1.0799625E-10  1.0194277E-10

  Flux (Part/sr/GeV/cmq/pr):

   1651930.     +/-    99.00000     %    316597.1     +/-    25.73281     % 
   164023.6     +/-    4.021179     % 

  Flux (Part/deg/GeV/cmq/pr):

   1615.989     +/-    99.00000     %    3063.507     +/-    25.73281     % 
   12580.02     +/-    4.021179     % 

  Energy interval (GeV):  1.0194277E-10  9.6228622E-11

  Flux (Part/sr/GeV/cmq/pr):

   0.000000     +/-    0.000000     %    424836.2     +/-    22.05863     % 
   188996.0     +/-    3.521141     % 

  Flux (Part/deg/GeV/cmq/pr):

   0.000000     +/-    0.000000     %    4110.868     +/-    22.05863     % 
   14495.31     +/-    3.521141     % 

  Energy interval (GeV):  9.6228622E-11  9.0834743E-11

  Flux (Part/sr/GeV/cmq/pr):

   0.000000     +/-    0.000000     %    379000.8     +/-    27.69559     % 
   202908.4     +/-    3.984362     % 

  Flux (Part/deg/GeV/cmq/pr):

   0.000000     +/-    0.000000     %    3667.348     +/-    27.69559     % 
   15562.34     +/-    3.984362     % 

  Energy interval (GeV):  9.0834743E-11  8.5743211E-11

  Flux (Part/sr/GeV/cmq/pr):

   0.000000     +/-    0.000000     %    652447.7     +/-    18.63490     % 
   229203.4     +/-    3.842610     % 

  Flux (Part/deg/GeV/cmq/pr):

   0.000000     +/-    0.000000     %    6313.319     +/-    18.63490     % 
   17579.07     +/-    3.842610     % 

  Energy interval (GeV):  8.5743211E-11  8.0937076E-11

  Flux (Part/sr/GeV/cmq/pr):

   4161316.     +/-    70.35265     %    531685.2     +/-    20.10076     % 
   245832.1     +/-    3.596726     % 

  Flux (Part/deg/GeV/cmq/pr):

   4070.777     +/-    70.35265     %    5144.778     +/-    20.10076     % 
   18854.43     +/-    3.596726     % 

  Energy interval (GeV):  8.0937076E-11  7.6400344E-11

  Flux (Part/sr/GeV/cmq/pr):

   0.000000     +/-    0.000000     %    760397.4     +/-    18.12527     % 
   272509.9     +/-    3.669235     % 

  Flux (Part/deg/GeV/cmq/pr):

   0.000000     +/-    0.000000     %    7357.879     +/-    18.12527     % 
   20900.52     +/-    3.669235     % 

  Energy interval (GeV):  7.6400344E-11  7.2117902E-11

  Flux (Part/sr/GeV/cmq/pr):

   0.000000     +/-    0.000000     %    775715.4     +/-    20.17496     % 
   298478.0     +/-    3.815887     % 

  Flux (Part/deg/GeV/cmq/pr):

   0.000000     +/-    0.000000     %    7506.103     +/-    20.17496     % 
   22892.18     +/-    3.815887     % 

  Energy interval (GeV):  7.2117902E-11  6.8075504E-11

  Flux (Part/sr/GeV/cmq/pr):

   2473760.     +/-    99.00000     %    663744.0     +/-    20.63492     % 
   308227.2     +/-    3.517000     % 

  Flux (Part/deg/GeV/cmq/pr):

   2419.937     +/-    99.00000     %    6422.626     +/-    20.63492     % 
   23639.91     +/-    3.517000     % 

  Energy interval (GeV):  6.8075504E-11  6.4259688E-11

  Flux (Part/sr/GeV/cmq/pr):

   0.000000     +/-    0.000000     %    803609.1     +/-    19.74870     % 
   341737.1     +/-    3.913193     % 

  Flux (Part/deg/GeV/cmq/pr):

   0.000000     +/-    0.000000     %    7776.011     +/-    19.74870     % 
   26210.00     +/-    3.913193     % 

  Energy interval (GeV):  6.4259688E-11  6.0657764E-11

  Flux (Part/sr/GeV/cmq/pr):

   0.000000     +/-    0.000000     %    461136.2     +/-    25.99982     % 
   392012.6     +/-    3.686113     % 

  Flux (Part/deg/GeV/cmq/pr):

   0.000000     +/-    0.000000     %    4462.120     +/-    25.99982     % 
   30065.95     +/-    3.686113     % 

  Energy interval (GeV):  6.0657764E-11  5.7257737E-11

  Flux (Part/sr/GeV/cmq/pr):

   2941130.     +/-    99.00000     %    1352822.     +/-    15.04452     % 
   409127.8     +/-    3.445503     % 

  Flux (Part/deg/GeV/cmq/pr):

   2877.139     +/-    99.00000     %    13090.39     +/-    15.04452     % 
   31378.62     +/-    3.445503     % 

  Energy interval (GeV):  5.7257737E-11  5.4048287E-11

  Flux (Part/sr/GeV/cmq/pr):

   0.000000     +/-    0.000000     %    716576.9     +/-    22.85846     % 
   429404.4     +/-    3.770259     % 

  Flux (Part/deg/GeV/cmq/pr):

   0.000000     +/-    0.000000     %    6933.857     +/-    22.85846     % 
   32933.77     +/-    3.770259     % 

  Energy interval (GeV):  5.4048287E-11  5.1018738E-11

  Flux (Part/sr/GeV/cmq/pr):

   0.000000     +/-    0.000000     %    969997.1     +/-    20.36031     % 
   428832.5     +/-    3.706680     % 

  Flux (Part/deg/GeV/cmq/pr):

   0.000000     +/-    0.000000     %    9386.042     +/-    20.36031     % 
   32889.90     +/-    3.706680     % 

  Energy interval (GeV):  5.1018738E-11  4.8159005E-11

  Flux (Part/sr/GeV/cmq/pr):

   0.000000     +/-    0.000000     %    714849.8     +/-    23.02831     % 
   455424.3     +/-    3.404994     % 

  Flux (Part/deg/GeV/cmq/pr):

   0.000000     +/-    0.000000     %    6917.145     +/-    23.02831     % 
   34929.40     +/-    3.404994     % 

  Energy interval (GeV):  4.8159005E-11  4.5459560E-11

  Flux (Part/sr/GeV/cmq/pr):

   0.000000     +/-    0.000000     %    804629.6     +/-    22.20736     % 
   458583.4     +/-    3.361353     % 

  Flux (Part/deg/GeV/cmq/pr):

   0.000000     +/-    0.000000     %    7785.886     +/-    22.20736     % 
   35171.69     +/-    3.361353     % 

  Energy interval (GeV):  4.5459560E-11  4.2911435E-11

  Flux (Part/sr/GeV/cmq/pr):

   0.000000     +/-    0.000000     %    701984.2     +/-    26.89911     % 
   473163.2     +/-    3.572549     % 

  Flux (Part/deg/GeV/cmq/pr):

   0.000000     +/-    0.000000     %    6792.653     +/-    26.89911     % 
   36289.91     +/-    3.572549     % 

  Energy interval (GeV):  4.2911435E-11  4.0506133E-11

  Flux (Part/sr/GeV/cmq/pr):

   0.000000     +/-    0.000000     %    956145.7     +/-    25.44038     % 
   449659.9     +/-    4.157876     % 

  Flux (Part/deg/GeV/cmq/pr):

   0.000000     +/-    0.000000     %    9252.011     +/-    25.44038     % 
   34487.29     +/-    4.157876     % 

  Energy interval (GeV):  4.0506133E-11  3.8235661E-11

  Flux (Part/sr/GeV/cmq/pr):

   4404331.     +/-    99.00000     %    1688204.     +/-    16.75063     % 
   492689.5     +/-    3.462456     % 

  Flux (Part/deg/GeV/cmq/pr):

   4308.504     +/-    99.00000     %    16335.68     +/-    16.75063     % 
   37787.50     +/-    3.462456     % 

  Energy interval (GeV):  3.8235661E-11  3.6092452E-11

  Flux (Part/sr/GeV/cmq/pr):

   4665866.     +/-    99.00000     %    894226.1     +/-    27.42196     % 
   483589.8     +/-    3.924799     % 

  Flux (Part/deg/GeV/cmq/pr):

   4564.349     +/-    99.00000     %    8652.854     +/-    27.42196     % 
   37089.59     +/-    3.924799     % 

  Energy interval (GeV):  3.6092452E-11  3.4069369E-11

  Flux (Part/sr/GeV/cmq/pr):

   0.000000     +/-    0.000000     %    947326.2     +/-    27.42196     % 
   506728.7     +/-    3.648423     % 

  Flux (Part/deg/GeV/cmq/pr):

   0.000000     +/-    0.000000     %    9166.670     +/-    27.42196     % 
   38864.26     +/-    3.648423     % 

  Energy interval (GeV):  3.4069369E-11  3.2159692E-11

  Flux (Part/sr/GeV/cmq/pr):

   0.000000     +/-    0.000000     %    869768.9     +/-    30.25009     % 
   494616.1     +/-    3.993011     % 

  Flux (Part/deg/GeV/cmq/pr):

   0.000000     +/-    0.000000     %    8416.198     +/-    30.25009     % 
   37935.26     +/-    3.993011     % 

  Energy interval (GeV):  3.2159692E-11  3.0357057E-11

  Flux (Part/sr/GeV/cmq/pr):

   0.000000     +/-    0.000000     %    1063173.     +/-    25.73281     % 
   485537.4     +/-    3.875898     % 

  Flux (Part/deg/GeV/cmq/pr):

   0.000000     +/-    0.000000     %    10287.65     +/-    25.73281     % 
   37238.96     +/-    3.875898     % 

  Energy interval (GeV):  3.0357057E-11  2.8655463E-11

  Flux (Part/sr/GeV/cmq/pr):

   0.000000     +/-    0.000000     %    1051219.     +/-    26.89911     % 
   467005.5     +/-    4.403175     % 

  Flux (Part/deg/GeV/cmq/pr):

   0.000000     +/-    0.000000     %    10171.97     +/-    26.89911     % 
   35817.64     +/-    4.403175     % 

  Energy interval (GeV):  2.8655463E-11  2.7049250E-11

  Flux (Part/sr/GeV/cmq/pr):

   0.000000     +/-    0.000000     %    795458.1     +/-    30.15113     % 
   468645.2     +/-    4.793519     % 

  Flux (Part/deg/GeV/cmq/pr):

   0.000000     +/-    0.000000     %    7697.139     +/-    30.15113     % 
   35943.40     +/-    4.793519     % 

  Energy interval (GeV):  2.7049250E-11  2.5533065E-11

  Flux (Part/sr/GeV/cmq/pr):

   0.000000     +/-    0.000000     %    1264040.     +/-    25.73281     % 
   486905.9     +/-    4.769287     % 

  Flux (Part/deg/GeV/cmq/pr):

   0.000000     +/-    0.000000     %    12231.31     +/-    25.73281     % 
   37343.93     +/-    4.769287     % 

  Energy interval (GeV):  2.5533065E-11  2.4101870E-11

  Flux (Part/sr/GeV/cmq/pr):

   0.000000     +/-    0.000000     %    624913.4     +/-    36.63320     % 
   445992.0     +/-    5.274104     % 

  Flux (Part/deg/GeV/cmq/pr):

   0.000000     +/-    0.000000     %    6046.887     +/-    36.63320     % 
   34205.97     +/-    5.274104     % 

  Energy interval (GeV):  2.4101870E-11  2.2750898E-11

  Flux (Part/sr/GeV/cmq/pr):

   0.000000     +/-    0.000000     %    945744.9     +/-    33.33333     % 
   480827.3     +/-    5.354087     % 

  Flux (Part/deg/GeV/cmq/pr):

   0.000000     +/-    0.000000     %    9151.369     +/-    33.33333     % 
   36877.71     +/-    5.354087     % 

  Energy interval (GeV):  2.2750898E-11  2.1475649E-11

  Flux (Part/sr/GeV/cmq/pr):

   0.000000     +/-    0.000000     %    1001904.     +/-    33.33333     % 
   470196.4     +/-    4.570292     % 

  Flux (Part/deg/GeV/cmq/pr):

   0.000000     +/-    0.000000     %    9694.789     +/-    33.33333     % 
   36062.36     +/-    4.570292     % 

  Energy interval (GeV):  2.1475649E-11  2.0271881E-11

  Flux (Part/sr/GeV/cmq/pr):

   0.000000     +/-    0.000000     %    1379818.     +/-    28.20513     % 
   486066.0     +/-    5.682987     % 

  Flux (Part/deg/GeV/cmq/pr):

   0.000000     +/-    0.000000     %    13351.62     +/-    28.20513     % 
   37279.50     +/-    5.682987     % 

  Energy interval (GeV):  2.0271881E-11  1.9135589E-11

  Flux (Part/sr/GeV/cmq/pr):

   0.000000     +/-    0.000000     %    1124426.     +/-    30.15113     % 
   492232.5     +/-    5.204676     % 

  Flux (Part/deg/GeV/cmq/pr):

   0.000000     +/-    0.000000     %    10880.35     +/-    30.15113     % 
   37752.45     +/-    5.204676     % 

  Energy interval (GeV):  1.9135589E-11  1.8062989E-11

  Flux (Part/sr/GeV/cmq/pr):

   0.000000     +/-    0.000000     %    1310315.     +/-    38.53698     % 
   417770.6     +/-    6.189990     % 

  Flux (Part/deg/GeV/cmq/pr):

   0.000000     +/-    0.000000     %    12679.08     +/-    38.53698     % 
   32041.49     +/-    6.189990     % 

  Energy interval (GeV):  1.8062989E-11  1.7050510E-11

  Flux (Part/sr/GeV/cmq/pr):

   0.000000     +/-    0.000000     %    504772.0     +/-    49.23660     % 
   423474.2     +/-    5.979331     % 

  Flux (Part/deg/GeV/cmq/pr):

   0.000000     +/-    0.000000     %    4884.356     +/-    49.23660     % 
   32478.94     +/-    5.979331     % 

  Energy interval (GeV):  1.7050510E-11  1.6094783E-11

  Flux (Part/sr/GeV/cmq/pr):

   0.000000     +/-    0.000000     %    668432.4     +/-    43.80858     % 
   384531.9     +/-    5.437482     % 

  Flux (Part/deg/GeV/cmq/pr):

   0.000000     +/-    0.000000     %    6467.993     +/-    43.80858     % 
   29492.21     +/-    5.437482     % 

  Energy interval (GeV):  1.6094783E-11  1.5192630E-11

  Flux (Part/sr/GeV/cmq/pr):

   0.000000     +/-    0.000000     %    849749.6     +/-    39.78054     % 
   403792.5     +/-    7.377849     % 

  Flux (Part/deg/GeV/cmq/pr):

   0.000000     +/-    0.000000     %    8222.484     +/-    39.78054     % 
   30969.42     +/-    7.377849     % 

  Energy interval (GeV):  1.5192630E-11  1.4341043E-11

  Flux (Part/sr/GeV/cmq/pr):

   0.000000     +/-    0.000000     %    1050244.     +/-    36.63320     % 
   380450.5     +/-    5.678902     % 

  Flux (Part/deg/GeV/cmq/pr):

   0.000000     +/-    0.000000     %    10162.54     +/-    36.63320     % 
   29179.18     +/-    5.678902     % 

  Energy interval (GeV):  1.4341043E-11  1.3537189E-11

  Flux (Part/sr/GeV/cmq/pr):

   0.000000     +/-    0.000000     %    158944.0     +/-    99.00000     % 
   370959.1     +/-    7.140353     % 

  Flux (Part/deg/GeV/cmq/pr):

   0.000000     +/-    0.000000     %    1538.000     +/-    99.00000     % 
   28451.22     +/-    7.140353     % 

  Energy interval (GeV):  1.3537189E-11  1.2778393E-11

  Flux (Part/sr/GeV/cmq/pr):

   0.000000     +/-    0.000000     %    1347058.     +/-    34.08249     % 
   329259.5     +/-    8.322684     % 

  Flux (Part/deg/GeV/cmq/pr):

   0.000000     +/-    0.000000     %    13034.62     +/-    34.08249     % 
   25253.01     +/-    8.322684     % 

  Energy interval (GeV):  1.2778393E-11  1.2062131E-11

  Flux (Part/sr/GeV/cmq/pr):

   0.000000     +/-    0.000000     %    1070286.     +/-    46.29966     % 
   306053.8     +/-    7.787234     % 

  Flux (Part/deg/GeV/cmq/pr):

   0.000000     +/-    0.000000     %    10356.48     +/-    46.29966     % 
   23473.22     +/-    7.787234     % 

  Energy interval (GeV):  1.2062131E-11  1.1386015E-11

  Flux (Part/sr/GeV/cmq/pr):

   0.000000     +/-    0.000000     %    1511788.     +/-    34.08249     % 
   367140.1     +/-    7.689870     % 

  Flux (Part/deg/GeV/cmq/pr):

   0.000000     +/-    0.000000     %    14628.61     +/-    34.08249     % 
   28158.32     +/-    7.689870     % 

  Energy interval (GeV):  1.1386015E-11  1.0747800E-11

  Flux (Part/sr/GeV/cmq/pr):

   0.000000     +/-    0.000000     %    1201170.     +/-    39.78054     % 
   242456.9     +/-    9.354519     % 

  Flux (Part/deg/GeV/cmq/pr):

   0.000000     +/-    0.000000     %    11622.95     +/-    39.78054     % 
   18595.57     +/-    9.354519     % 

  Energy interval (GeV):  1.0747800E-11  1.0145359E-11

  Flux (Part/sr/GeV/cmq/pr):

   0.000000     +/-    0.000000     %    848331.2     +/-    49.23660     % 
   286285.5     +/-    9.322638     % 

  Flux (Part/deg/GeV/cmq/pr):

   0.000000     +/-    0.000000     %    8208.760     +/-    49.23660     % 
   21957.06     +/-    9.322638     % 

  Energy interval (GeV):  1.0145359E-11  9.5766832E-12

  Flux (Part/sr/GeV/cmq/pr):

   0.000000     +/-    0.000000     %    224676.5     +/-    99.00000     % 
   269272.1     +/-    9.739321     % 

  Flux (Part/deg/GeV/cmq/pr):

   0.000000     +/-    0.000000     %    2174.051     +/-    99.00000     % 
   20652.20     +/-    9.739321     % 

  Energy interval (GeV):  9.5766832E-12  9.0398843E-12

  Flux (Part/sr/GeV/cmq/pr):

   0.000000     +/-    0.000000     %    476036.2     +/-    70.35265     % 
   264242.5     +/-    11.10589     % 

  Flux (Part/deg/GeV/cmq/pr):

   0.000000     +/-    0.000000     %    4606.298     +/-    70.35265     % 
   20266.45     +/-    11.10589     % 

  Energy interval (GeV):  9.0398843E-12  8.5331750E-12

  Flux (Part/sr/GeV/cmq/pr):

   0.000000     +/-    0.000000     %    1512911.     +/-    57.14887     % 
   238579.7     +/-    10.94830     % 

  Flux (Part/deg/GeV/cmq/pr):

   0.000000     +/-    0.000000     %    14639.48     +/-    57.14887     % 
   18298.20     +/-    10.94830     % 

  Energy interval (GeV):  8.5331750E-12  8.0548684E-12

  Flux (Part/sr/GeV/cmq/pr):

   0.000000     +/-    0.000000     %    1602750.     +/-    39.78054     % 
   225787.2     +/-    12.01076     % 

  Flux (Part/deg/GeV/cmq/pr):

   0.000000     +/-    0.000000     %    15508.79     +/-    39.78054     % 
   17317.06     +/-    12.01076     % 

  Energy interval (GeV):  8.0548684E-12  7.6033711E-12

  Flux (Part/sr/GeV/cmq/pr):

   0.000000     +/-    0.000000     %    565974.3     +/-    70.35265     % 
   285605.6     +/-    12.30915     % 

  Flux (Part/deg/GeV/cmq/pr):

   0.000000     +/-    0.000000     %    5476.572     +/-    70.35265     % 
   21904.92     +/-    12.30915     % 

  Energy interval (GeV):  7.6033711E-12  7.1771820E-12

  Flux (Part/sr/GeV/cmq/pr):

   0.000000     +/-    0.000000     %    899373.8     +/-    57.14887     % 
   211795.7     +/-    12.51674     % 

  Flux (Part/deg/GeV/cmq/pr):

   0.000000     +/-    0.000000     %    8702.665     +/-    57.14887     % 
   16243.96     +/-    12.51674     % 

  Energy interval (GeV):  7.1771820E-12  6.7748827E-12

  Flux (Part/sr/GeV/cmq/pr):

   0.000000     +/-    0.000000     %    635186.4     +/-    70.35265     % 
   224372.3     +/-    13.74331     % 

  Flux (Part/deg/GeV/cmq/pr):

   0.000000     +/-    0.000000     %    6146.293     +/-    70.35265     % 
   17208.55     +/-    13.74331     % 

  Energy interval (GeV):  6.7748827E-12  6.3951323E-12

  Flux (Part/sr/GeV/cmq/pr):

   0.000000     +/-    0.000000     %    0.000000     +/-    0.000000     % 
   216473.0     +/-    14.07196     % 

  Flux (Part/deg/GeV/cmq/pr):

   0.000000     +/-    0.000000     %    0.000000     +/-    0.000000     % 
   16602.70     +/-    14.07196     % 

  Energy interval (GeV):  6.3951323E-12  6.0366681E-12

  Flux (Part/sr/GeV/cmq/pr):

   0.000000     +/-    0.000000     %    356431.2     +/-    99.00000     % 
   157381.5     +/-    16.43312     % 

  Flux (Part/deg/GeV/cmq/pr):

   0.000000     +/-    0.000000     %    3448.957     +/-    99.00000     % 
   12070.60     +/-    16.43312     % 

  Energy interval (GeV):  6.0366681E-12  5.6982969E-12

  Flux (Part/sr/GeV/cmq/pr):

   0.000000     +/-    0.000000     %    0.000000     +/-    0.000000     % 
   171490.7     +/-    18.73610     % 

  Flux (Part/deg/GeV/cmq/pr):

   0.000000     +/-    0.000000     %    0.000000     +/-    0.000000     % 
   13152.71     +/-    18.73610     % 

  Energy interval (GeV):  5.6982969E-12  5.3788922E-12

  Flux (Part/sr/GeV/cmq/pr):

   0.000000     +/-    0.000000     %    400018.6     +/-    99.00000     % 
   201860.0     +/-    16.66667     % 

  Flux (Part/deg/GeV/cmq/pr):

   0.000000     +/-    0.000000     %    3870.724     +/-    99.00000     % 
   15481.93     +/-    16.66667     % 

  Energy interval (GeV):  5.3788922E-12  5.0773908E-12

  Flux (Part/sr/GeV/cmq/pr):

   0.000000     +/-    0.000000     %    423772.2     +/-    99.00000     % 
   139000.3     +/-    22.28638     % 

  Flux (Part/deg/GeV/cmq/pr):

   0.000000     +/-    0.000000     %    4100.573     +/-    99.00000     % 
   10660.82     +/-    22.28638     % 

  Energy interval (GeV):  5.0773908E-12  4.7927899E-12

  Flux (Part/sr/GeV/cmq/pr):

   0.000000     +/-    0.000000     %    448936.3     +/-    99.00000     % 
   135927.1     +/-    20.61757     % 

  Flux (Part/deg/GeV/cmq/pr):

   0.000000     +/-    0.000000     %    4344.069     +/-    99.00000     % 
   10425.12     +/-    20.61757     % 

  Energy interval (GeV):  4.7927899E-12  4.5241410E-12

  Flux (Part/sr/GeV/cmq/pr):

   0.000000     +/-    0.000000     %    0.000000     +/-    0.000000     % 
   143998.6     +/-    21.45127     % 

  Flux (Part/deg/GeV/cmq/pr):

   0.000000     +/-    0.000000     %    0.000000     +/-    0.000000     % 
   11044.17     +/-    21.45127     % 

  Energy interval (GeV):  4.5241410E-12  4.2705514E-12

  Flux (Part/sr/GeV/cmq/pr):

   0.000000     +/-    0.000000     %    0.000000     +/-    0.000000     % 
   177974.3     +/-    20.97893     % 

  Flux (Part/deg/GeV/cmq/pr):

   0.000000     +/-    0.000000     %    0.000000     +/-    0.000000     % 
   13649.99     +/-    20.97893     % 

  Energy interval (GeV):  4.2705514E-12  4.0311756E-12

  Flux (Part/sr/GeV/cmq/pr):

   0.000000     +/-    0.000000     %    0.000000     +/-    0.000000     % 
   148140.6     +/-    21.98513     % 

  Flux (Part/deg/GeV/cmq/pr):

   0.000000     +/-    0.000000     %    0.000000     +/-    0.000000     % 
   11361.85     +/-    21.98513     % 

  Energy interval (GeV):  4.0311756E-12  3.8052174E-12

  Flux (Part/sr/GeV/cmq/pr):

   0.000000     +/-    0.000000     %    0.000000     +/-    0.000000     % 
   149803.9     +/-    20.63492     % 

  Flux (Part/deg/GeV/cmq/pr):

   0.000000     +/-    0.000000     %    0.000000     +/-    0.000000     % 
   11489.42     +/-    20.63492     % 

  Energy interval (GeV):  3.8052174E-12  3.5919249E-12

  Flux (Part/sr/GeV/cmq/pr):

   0.000000     +/-    0.000000     %    0.000000     +/-    0.000000     % 
   120913.8     +/-    29.08538     % 

  Flux (Part/deg/GeV/cmq/pr):

   0.000000     +/-    0.000000     %    0.000000     +/-    0.000000     % 
   9273.653     +/-    29.08538     % 

  Energy interval (GeV):  3.5919249E-12  3.3905877E-12

  Flux (Part/sr/GeV/cmq/pr):

   0.000000     +/-    0.000000     %    634597.2     +/-    99.00000     % 
   200146.6     +/-    21.55566     % 

  Flux (Part/deg/GeV/cmq/pr):

   0.000000     +/-    0.000000     %    6140.592     +/-    99.00000     % 
   15350.52     +/-    21.55566     % 

  Energy interval (GeV):  3.3905877E-12  3.2005364E-12

  Flux (Part/sr/GeV/cmq/pr):

   0.000000     +/-    0.000000     %    0.000000     +/-    0.000000     % 
   178106.5     +/-    20.63492     % 

  Flux (Part/deg/GeV/cmq/pr):

   0.000000     +/-    0.000000     %    0.000000     +/-    0.000000     % 
   13660.12     +/-    20.63492     % 

  Energy interval (GeV):  3.2005364E-12  3.0211380E-12

  Flux (Part/sr/GeV/cmq/pr):

   0.000000     +/-    0.000000     %    0.000000     +/-    0.000000     % 
   125788.5     +/-    28.75124     % 

  Flux (Part/deg/GeV/cmq/pr):

   0.000000     +/-    0.000000     %    0.000000     +/-    0.000000     % 
   9647.520     +/-    28.75124     % 

  Energy interval (GeV):  3.0211380E-12  2.8517950E-12

  Flux (Part/sr/GeV/cmq/pr):

   0.000000     +/-    0.000000     %    754492.5     +/-    99.00000     % 
   76147.38     +/-    38.43531     % 

  Flux (Part/deg/GeV/cmq/pr):

   0.000000     +/-    0.000000     %    7300.742     +/-    99.00000     % 
   5840.229     +/-    38.43531     % 

  Energy interval (GeV):  2.8517950E-12  2.6919445E-12

  Flux (Part/sr/GeV/cmq/pr):

   0.000000     +/-    0.000000     %    0.000000     +/-    0.000000     % 
   70585.46     +/-    36.63320     % 

  Flux (Part/deg/GeV/cmq/pr):

   0.000000     +/-    0.000000     %    0.000000     +/-    0.000000     % 
   5413.650     +/-    36.63320     % 

  Energy interval (GeV):  2.6919445E-12  2.5410540E-12

  Flux (Part/sr/GeV/cmq/pr):

   0.000000     +/-    0.000000     %    0.000000     +/-    0.000000     % 
   160236.2     +/-    23.92468     % 

  Flux (Part/deg/GeV/cmq/pr):

   0.000000     +/-    0.000000     %    0.000000     +/-    0.000000     % 
   12289.54     +/-    23.92468     % 

  Energy interval (GeV):  2.5410540E-12  2.3986212E-12

  Flux (Part/sr/GeV/cmq/pr):

   0.000000     +/-    0.000000     %    897039.7     +/-    99.00000     % 
   45267.00     +/-    49.23660     % 

  Flux (Part/deg/GeV/cmq/pr):

   0.000000     +/-    0.000000     %    8680.080     +/-    99.00000     % 
   3471.815     +/-    49.23660     % 

  Energy interval (GeV):  2.3986212E-12  2.2641721E-12

  Flux (Part/sr/GeV/cmq/pr):

   0.000000     +/-    0.000000     %    0.000000     +/-    0.000000     % 
   71932.51     +/-    39.78054     % 

  Flux (Part/deg/GeV/cmq/pr):

   0.000000     +/-    0.000000     %    0.000000     +/-    0.000000     % 
   5516.963     +/-    39.78054     % 

  Energy interval (GeV):  2.2641721E-12  2.1372591E-12

  Flux (Part/sr/GeV/cmq/pr):

   0.000000     +/-    0.000000     %    0.000000     +/-    0.000000     % 
   101605.3     +/-    34.08249     % 

  Flux (Part/deg/GeV/cmq/pr):

   0.000000     +/-    0.000000     %    0.000000     +/-    0.000000     % 
   7792.756     +/-    34.08249     % 

  Energy interval (GeV):  2.1372591E-12  2.0174602E-12

  Flux (Part/sr/GeV/cmq/pr):

   0.000000     +/-    0.000000     %    0.000000     +/-    0.000000     % 
   80729.02     +/-    39.78054     % 

  Flux (Part/deg/GeV/cmq/pr):

   0.000000     +/-    0.000000     %    0.000000     +/-    0.000000     % 
   6191.624     +/-    39.78054     % 

  Energy interval (GeV):  2.0174602E-12  1.9043762E-12

  Flux (Part/sr/GeV/cmq/pr):

   0.000000     +/-    0.000000     %    0.000000     +/-    0.000000     % 
   85522.80     +/-    39.78054     % 

  Flux (Part/deg/GeV/cmq/pr):

   0.000000     +/-    0.000000     %    0.000000     +/-    0.000000     % 
   6559.290     +/-    39.78054     % 

  Energy interval (GeV):  1.9043762E-12  1.7976307E-12

  Flux (Part/sr/GeV/cmq/pr):

   0.000000     +/-    0.000000     %    0.000000     +/-    0.000000     % 
   90601.25     +/-    39.78054     % 

  Flux (Part/deg/GeV/cmq/pr):

   0.000000     +/-    0.000000     %    0.000000     +/-    0.000000     % 
   6948.789     +/-    39.78054     % 

  Energy interval (GeV):  1.7976307E-12  1.6968689E-12

  Flux (Part/sr/GeV/cmq/pr):

   0.000000     +/-    0.000000     %    0.000000     +/-    0.000000     % 
   111978.1     +/-    36.63320     % 

  Flux (Part/deg/GeV/cmq/pr):

   0.000000     +/-    0.000000     %    0.000000     +/-    0.000000     % 
   8588.318     +/-    36.63320     % 

  Energy interval (GeV):  1.6968689E-12  1.6017549E-12

  Flux (Part/sr/GeV/cmq/pr):

   0.000000     +/-    0.000000     %    0.000000     +/-    0.000000     % 
   50840.37     +/-    57.14887     % 

  Flux (Part/deg/GeV/cmq/pr):

   0.000000     +/-    0.000000     %    0.000000     +/-    0.000000     % 
   3899.272     +/-    57.14887     % 

  Energy interval (GeV):  1.6017549E-12  1.5119723E-12

  Flux (Part/sr/GeV/cmq/pr):

   0.000000     +/-    0.000000     %    0.000000     +/-    0.000000     % 
   53859.33     +/-    57.14887     % 

  Flux (Part/deg/GeV/cmq/pr):

   0.000000     +/-    0.000000     %    0.000000     +/-    0.000000     % 
   4130.816     +/-    57.14887     % 

  Energy interval (GeV):  1.5119723E-12  1.4272223E-12

  Flux (Part/sr/GeV/cmq/pr):

   0.000000     +/-    0.000000     %    0.000000     +/-    0.000000     % 
   57057.56     +/-    57.14887     % 

  Flux (Part/deg/GeV/cmq/pr):

   0.000000     +/-    0.000000     %    0.000000     +/-    0.000000     % 
   4376.108     +/-    57.14887     % 

  Energy interval (GeV):  1.4272223E-12  1.3472226E-12

  Flux (Part/sr/GeV/cmq/pr):

   0.000000     +/-    0.000000     %    0.000000     +/-    0.000000     % 
   80594.27     +/-    49.23660     % 

  Flux (Part/deg/GeV/cmq/pr):

   0.000000     +/-    0.000000     %    0.000000     +/-    0.000000     % 
   6181.290     +/-    49.23660     % 

  Energy interval (GeV):  1.3472226E-12  1.2717072E-12

  Flux (Part/sr/GeV/cmq/pr):

   0.000000     +/-    0.000000     %    0.000000     +/-    0.000000     % 
   21345.01     +/-    99.00000     % 

  Flux (Part/deg/GeV/cmq/pr):

   0.000000     +/-    0.000000     %    0.000000     +/-    0.000000     % 
   1637.085     +/-    99.00000     % 

  Energy interval (GeV):  1.2717072E-12  1.2004246E-12

  Flux (Part/sr/GeV/cmq/pr):

   0.000000     +/-    0.000000     %    0.000000     +/-    0.000000     % 
   45225.01     +/-    70.35265     % 

  Flux (Part/deg/GeV/cmq/pr):

   0.000000     +/-    0.000000     %    0.000000     +/-    0.000000     % 
   3468.595     +/-    70.35265     % 

  Energy interval (GeV):  1.2004246E-12  1.1331376E-12

  Flux (Part/sr/GeV/cmq/pr):

   0.000000     +/-    0.000000     %    0.000000     +/-    0.000000     % 
   167686.8     +/-    36.63320     % 

  Flux (Part/deg/GeV/cmq/pr):

   0.000000     +/-    0.000000     %    0.000000     +/-    0.000000     % 
   12860.97     +/-    36.63320     % 

  Energy interval (GeV):  1.1331376E-12  1.0696224E-12

  Flux (Part/sr/GeV/cmq/pr):

   0.000000     +/-    0.000000     %    0.000000     +/-    0.000000     % 
   101511.0     +/-    49.23660     % 

  Flux (Part/deg/GeV/cmq/pr):

   0.000000     +/-    0.000000     %    0.000000     +/-    0.000000     % 
   7785.528     +/-    49.23660     % 

  Energy interval (GeV):  1.0696224E-12  1.0096671E-12

  Flux (Part/sr/GeV/cmq/pr):

   0.000000     +/-    0.000000     %    0.000000     +/-    0.000000     % 
   53769.43     +/-    70.35265     % 

  Flux (Part/deg/GeV/cmq/pr):

   0.000000     +/-    0.000000     %    0.000000     +/-    0.000000     % 
   4123.921     +/-    70.35265     % 

  Energy interval (GeV):  1.0096671E-12  9.5307269E-13

  Flux (Part/sr/GeV/cmq/pr):

   0.000000     +/-    0.000000     %    0.000000     +/-    0.000000     % 
   85443.48     +/-    57.14887     % 

  Flux (Part/deg/GeV/cmq/pr):

   0.000000     +/-    0.000000     %    0.000000     +/-    0.000000     % 
   6553.206     +/-    57.14887     % 

  Energy interval (GeV):  9.5307269E-13  8.9965042E-13

  Flux (Part/sr/GeV/cmq/pr):

   0.000000     +/-    0.000000     %    0.000000     +/-    0.000000     % 
   60344.81     +/-    70.35265     % 

  Flux (Part/deg/GeV/cmq/pr):

   0.000000     +/-    0.000000     %    0.000000     +/-    0.000000     % 
   4628.229     +/-    70.35265     % 

  Energy interval (GeV):  8.9965042E-13  8.4922255E-13

  Flux (Part/sr/GeV/cmq/pr):

   0.000000     +/-    0.000000     %    0.000000     +/-    0.000000     % 
   127856.3     +/-    49.23660     % 

  Flux (Part/deg/GeV/cmq/pr):

   0.000000     +/-    0.000000     %    0.000000     +/-    0.000000     % 
   9806.116     +/-    49.23660     % 

  Energy interval (GeV):  8.4922255E-13  8.0162141E-13

  Flux (Part/sr/GeV/cmq/pr):

   0.000000     +/-    0.000000     %    0.000000     +/-    0.000000     % 
   67724.28     +/-    70.35265     % 

  Flux (Part/deg/GeV/cmq/pr):

   0.000000     +/-    0.000000     %    0.000000     +/-    0.000000     % 
   5194.208     +/-    70.35265     % 

  Energy interval (GeV):  8.0162141E-13  7.5668844E-13

  Flux (Part/sr/GeV/cmq/pr):

   0.000000     +/-    0.000000     %    0.000000     +/-    0.000000     % 
   35872.91     +/-    99.00000     % 

  Flux (Part/deg/GeV/cmq/pr):

   0.000000     +/-    0.000000     %    0.000000     +/-    0.000000     % 
   2751.323     +/-    99.00000     % 

  Energy interval (GeV):  7.5668844E-13  7.1427396E-13

  Flux (Part/sr/GeV/cmq/pr):

   0.000000     +/-    0.000000     %    0.000000     +/-    0.000000     % 
   38003.09     +/-    99.00000     % 

  Flux (Part/deg/GeV/cmq/pr):

   0.000000     +/-    0.000000     %    0.000000     +/-    0.000000     % 
   2914.699     +/-    99.00000     % 

  Energy interval (GeV):  7.1427396E-13  6.7423714E-13

  Flux (Part/sr/GeV/cmq/pr):

   0.000000     +/-    0.000000     %    0.000000     +/-    0.000000     % 
   40259.76     +/-    99.00000     % 

  Flux (Part/deg/GeV/cmq/pr):

   0.000000     +/-    0.000000     %    0.000000     +/-    0.000000     % 
   3087.778     +/-    99.00000     % 

  Energy interval (GeV):  6.7423714E-13  6.3644429E-13

  Flux (Part/sr/GeV/cmq/pr):

   0.000000     +/-    0.000000     %    0.000000     +/-    0.000000     % 
   0.000000     +/-    0.000000     % 

  Flux (Part/deg/GeV/cmq/pr):

   0.000000     +/-    0.000000     %    0.000000     +/-    0.000000     % 
   0.000000     +/-    0.000000     % 

  Energy interval (GeV):  6.3644429E-13  6.0076992E-13

  Flux (Part/sr/GeV/cmq/pr):

   0.000000     +/-    0.000000     %    0.000000     +/-    0.000000     % 
   90366.12     +/-    70.35265     % 

  Flux (Part/deg/GeV/cmq/pr):

   0.000000     +/-    0.000000     %    0.000000     +/-    0.000000     % 
   6930.754     +/-    70.35265     % 

  Energy interval (GeV):  6.0076992E-13  5.6709520E-13

  Flux (Part/sr/GeV/cmq/pr):

   0.000000     +/-    0.000000     %    0.000000     +/-    0.000000     % 
   0.000000     +/-    0.000000     % 

  Flux (Part/deg/GeV/cmq/pr):

   0.000000     +/-    0.000000     %    0.000000     +/-    0.000000     % 
   0.000000     +/-    0.000000     % 

  Energy interval (GeV):  5.6709520E-13  5.3530796E-13

  Flux (Part/sr/GeV/cmq/pr):

   0.000000     +/-    0.000000     %    0.000000     +/-    0.000000     % 
   152125.3     +/-    57.14887     % 

  Flux (Part/deg/GeV/cmq/pr):

   0.000000     +/-    0.000000     %    0.000000     +/-    0.000000     % 
   11667.46     +/-    57.14887     % 

  Energy interval (GeV):  5.3530796E-13  5.0530256E-13

  Flux (Part/sr/GeV/cmq/pr):

   0.000000     +/-    0.000000     %    0.000000     +/-    0.000000     % 
   0.000000     +/-    0.000000     % 

  Flux (Part/deg/GeV/cmq/pr):

   0.000000     +/-    0.000000     %    0.000000     +/-    0.000000     % 
   0.000000     +/-    0.000000     % 

  Energy interval (GeV):  5.0530256E-13  4.7697902E-13

  Flux (Part/sr/GeV/cmq/pr):

   0.000000     +/-    0.000000     %    0.000000     +/-    0.000000     % 
   0.000000     +/-    0.000000     % 

  Flux (Part/deg/GeV/cmq/pr):

   0.000000     +/-    0.000000     %    0.000000     +/-    0.000000     % 
   0.000000     +/-    0.000000     % 

  Energy interval (GeV):  4.7697902E-13  4.5024306E-13

  Flux (Part/sr/GeV/cmq/pr):

   0.000000     +/-    0.000000     %    0.000000     +/-    0.000000     % 
   0.000000     +/-    0.000000     % 

  Flux (Part/deg/GeV/cmq/pr):

   0.000000     +/-    0.000000     %    0.000000     +/-    0.000000     % 
   0.000000     +/-    0.000000     % 

  Energy interval (GeV):  4.5024306E-13  4.2500576E-13

  Flux (Part/sr/GeV/cmq/pr):

   0.000000     +/-    0.000000     %    0.000000     +/-    0.000000     % 
   0.000000     +/-    0.000000     % 

  Flux (Part/deg/GeV/cmq/pr):

   0.000000     +/-    0.000000     %    0.000000     +/-    0.000000     % 
   0.000000     +/-    0.000000     % 

  Energy interval (GeV):  4.2500576E-13  4.0118305E-13

  Flux (Part/sr/GeV/cmq/pr):

   0.000000     +/-    0.000000     %    0.000000     +/-    0.000000     % 
   135322.9     +/-    70.35265     % 

  Flux (Part/deg/GeV/cmq/pr):

   0.000000     +/-    0.000000     %    0.000000     +/-    0.000000     % 
   10378.78     +/-    70.35265     % 

  Energy interval (GeV):  4.0118305E-13  3.7869572E-13

  Flux (Part/sr/GeV/cmq/pr):

   0.000000     +/-    0.000000     %    0.000000     +/-    0.000000     % 
   71679.28     +/-    99.00000     % 

  Flux (Part/deg/GeV/cmq/pr):

   0.000000     +/-    0.000000     %    0.000000     +/-    0.000000     % 
   5497.542     +/-    99.00000     % 

  Energy interval (GeV):  3.7869572E-13  3.5746883E-13

  Flux (Part/sr/GeV/cmq/pr):

   0.000000     +/-    0.000000     %    0.000000     +/-    0.000000     % 
   75935.68     +/-    99.00000     % 

  Flux (Part/deg/GeV/cmq/pr):

   0.000000     +/-    0.000000     %    0.000000     +/-    0.000000     % 
   5823.992     +/-    99.00000     % 

  Energy interval (GeV):  3.5746883E-13  3.3743172E-13

  Flux (Part/sr/GeV/cmq/pr):

   0.000000     +/-    0.000000     %    0.000000     +/-    0.000000     % 
   0.000000     +/-    0.000000     % 

  Flux (Part/deg/GeV/cmq/pr):

   0.000000     +/-    0.000000     %    0.000000     +/-    0.000000     % 
   0.000000     +/-    0.000000     % 

  Energy interval (GeV):  3.3743172E-13  3.1851778E-13

  Flux (Part/sr/GeV/cmq/pr):

   0.000000     +/-    0.000000     %    0.000000     +/-    0.000000     % 
   170443.5     +/-    70.35265     % 

  Flux (Part/deg/GeV/cmq/pr):

   0.000000     +/-    0.000000     %    0.000000     +/-    0.000000     % 
   13072.40     +/-    70.35265     % 

  Energy interval (GeV):  3.1851778E-13  3.0066401E-13

  Flux (Part/sr/GeV/cmq/pr):

   0.000000     +/-    0.000000     %    0.000000     +/-    0.000000     % 
   0.000000     +/-    0.000000     % 

  Flux (Part/deg/GeV/cmq/pr):

   0.000000     +/-    0.000000     %    0.000000     +/-    0.000000     % 
   0.000000     +/-    0.000000     % 

  Energy interval (GeV):  3.0066401E-13  2.8381098E-13

  Flux (Part/sr/GeV/cmq/pr):

   0.000000     +/-    0.000000     %    0.000000     +/-    0.000000     % 
   0.000000     +/-    0.000000     % 

  Flux (Part/deg/GeV/cmq/pr):

   0.000000     +/-    0.000000     %    0.000000     +/-    0.000000     % 
   0.000000     +/-    0.000000     % 

  Energy interval (GeV):  2.8381098E-13  2.6790264E-13

  Flux (Part/sr/GeV/cmq/pr):

   0.000000     +/-    0.000000     %    0.000000     +/-    0.000000     % 
   0.000000     +/-    0.000000     % 

  Flux (Part/deg/GeV/cmq/pr):

   0.000000     +/-    0.000000     %    0.000000     +/-    0.000000     % 
   0.000000     +/-    0.000000     % 

  Energy interval (GeV):  2.6790264E-13  2.5288601E-13

  Flux (Part/sr/GeV/cmq/pr):

   0.000000     +/-    0.000000     %    0.000000     +/-    0.000000     % 
   0.000000     +/-    0.000000     % 

  Flux (Part/deg/GeV/cmq/pr):

   0.000000     +/-    0.000000     %    0.000000     +/-    0.000000     % 
   0.000000     +/-    0.000000     % 

  Energy interval (GeV):  2.5288601E-13  2.3871107E-13

  Flux (Part/sr/GeV/cmq/pr):

   0.000000     +/-    0.000000     %    0.000000     +/-    0.000000     % 
   0.000000     +/-    0.000000     % 

  Flux (Part/deg/GeV/cmq/pr):

   0.000000     +/-    0.000000     %    0.000000     +/-    0.000000     % 
   0.000000     +/-    0.000000     % 

  Energy interval (GeV):  2.3871107E-13  2.2533067E-13

  Flux (Part/sr/GeV/cmq/pr):

   0.000000     +/-    0.000000     %    0.000000     +/-    0.000000     % 
   0.000000     +/-    0.000000     % 

  Flux (Part/deg/GeV/cmq/pr):

   0.000000     +/-    0.000000     %    0.000000     +/-    0.000000     % 
   0.000000     +/-    0.000000     % 

  Energy interval (GeV):  2.2533067E-13  2.1270029E-13

  Flux (Part/sr/GeV/cmq/pr):

   0.000000     +/-    0.000000     %    0.000000     +/-    0.000000     % 
   0.000000     +/-    0.000000     % 

  Flux (Part/deg/GeV/cmq/pr):

   0.000000     +/-    0.000000     %    0.000000     +/-    0.000000     % 
   0.000000     +/-    0.000000     % 

  Energy interval (GeV):  2.1270029E-13  2.0077788E-13

  Flux (Part/sr/GeV/cmq/pr):

   0.000000     +/-    0.000000     %    0.000000     +/-    0.000000     % 
   0.000000     +/-    0.000000     % 

  Flux (Part/deg/GeV/cmq/pr):

   0.000000     +/-    0.000000     %    0.000000     +/-    0.000000     % 
   0.000000     +/-    0.000000     % 

  Energy interval (GeV):  2.0077788E-13  1.8952376E-13

  Flux (Part/sr/GeV/cmq/pr):

   0.000000     +/-    0.000000     %    0.000000     +/-    0.000000     % 
   0.000000     +/-    0.000000     % 

  Flux (Part/deg/GeV/cmq/pr):

   0.000000     +/-    0.000000     %    0.000000     +/-    0.000000     % 
   0.000000     +/-    0.000000     % 

  Energy interval (GeV):  1.8952376E-13  1.7890043E-13

  Flux (Part/sr/GeV/cmq/pr):

   0.000000     +/-    0.000000     %    0.000000     +/-    0.000000     % 
   0.000000     +/-    0.000000     % 

  Flux (Part/deg/GeV/cmq/pr):

   0.000000     +/-    0.000000     %    0.000000     +/-    0.000000     % 
   0.000000     +/-    0.000000     % 

  Energy interval (GeV):  1.7890043E-13  1.6887261E-13

  Flux (Part/sr/GeV/cmq/pr):

   0.000000     +/-    0.000000     %    0.000000     +/-    0.000000     % 
   0.000000     +/-    0.000000     % 

  Flux (Part/deg/GeV/cmq/pr):

   0.000000     +/-    0.000000     %    0.000000     +/-    0.000000     % 
   0.000000     +/-    0.000000     % 

  Energy interval (GeV):  1.6887261E-13  1.5940684E-13

  Flux (Part/sr/GeV/cmq/pr):

   0.000000     +/-    0.000000     %   1.3497933E+07 +/-    99.00000     % 
   0.000000     +/-    0.000000     % 

  Flux (Part/deg/GeV/cmq/pr):

   0.000000     +/-    0.000000     %    130610.9     +/-    99.00000     % 
   0.000000     +/-    0.000000     % 

  Energy interval (GeV):  1.5940684E-13  1.5047166E-13

  Flux (Part/sr/GeV/cmq/pr):

   0.000000     +/-    0.000000     %    0.000000     +/-    0.000000     % 
   0.000000     +/-    0.000000     % 

  Flux (Part/deg/GeV/cmq/pr):

   0.000000     +/-    0.000000     %    0.000000     +/-    0.000000     % 
   0.000000     +/-    0.000000     % 

  Energy interval (GeV):  1.5047166E-13  1.4203733E-13

  Flux (Part/sr/GeV/cmq/pr):

   0.000000     +/-    0.000000     %    0.000000     +/-    0.000000     % 
   0.000000     +/-    0.000000     % 

  Flux (Part/deg/GeV/cmq/pr):

   0.000000     +/-    0.000000     %    0.000000     +/-    0.000000     % 
   0.000000     +/-    0.000000     % 

  Energy interval (GeV):  1.4203733E-13  1.3407575E-13

  Flux (Part/sr/GeV/cmq/pr):

   0.000000     +/-    0.000000     %    0.000000     +/-    0.000000     % 
   0.000000     +/-    0.000000     % 

  Flux (Part/deg/GeV/cmq/pr):

   0.000000     +/-    0.000000     %    0.000000     +/-    0.000000     % 
   0.000000     +/-    0.000000     % 

  Energy interval (GeV):  1.3407575E-13  1.2656045E-13

  Flux (Part/sr/GeV/cmq/pr):

   0.000000     +/-    0.000000     %    0.000000     +/-    0.000000     % 
   0.000000     +/-    0.000000     % 

  Flux (Part/deg/GeV/cmq/pr):

   0.000000     +/-    0.000000     %    0.000000     +/-    0.000000     % 
   0.000000     +/-    0.000000     % 

  Energy interval (GeV):  1.2656045E-13  1.1946641E-13

  Flux (Part/sr/GeV/cmq/pr):

   0.000000     +/-    0.000000     %    0.000000     +/-    0.000000     % 
   0.000000     +/-    0.000000     % 

  Flux (Part/deg/GeV/cmq/pr):

   0.000000     +/-    0.000000     %    0.000000     +/-    0.000000     % 
   0.000000     +/-    0.000000     % 

  Energy interval (GeV):  1.1946641E-13  1.1277000E-13

  Flux (Part/sr/GeV/cmq/pr):

   0.000000     +/-    0.000000     %    0.000000     +/-    0.000000     % 
   0.000000     +/-    0.000000     % 

  Flux (Part/deg/GeV/cmq/pr):

   0.000000     +/-    0.000000     %    0.000000     +/-    0.000000     % 
   0.000000     +/-    0.000000     % 

  Energy interval (GeV):  1.1277000E-13  1.0644894E-13

  Flux (Part/sr/GeV/cmq/pr):

   0.000000     +/-    0.000000     %    0.000000     +/-    0.000000     % 
   0.000000     +/-    0.000000     % 

  Flux (Part/deg/GeV/cmq/pr):

   0.000000     +/-    0.000000     %    0.000000     +/-    0.000000     % 
   0.000000     +/-    0.000000     % 

  Energy interval (GeV):  1.0644894E-13  1.0048220E-13

  Flux (Part/sr/GeV/cmq/pr):

   0.000000     +/-    0.000000     %    0.000000     +/-    0.000000     % 
   0.000000     +/-    0.000000     % 

  Flux (Part/deg/GeV/cmq/pr):

   0.000000     +/-    0.000000     %    0.000000     +/-    0.000000     % 
   0.000000     +/-    0.000000     % 

  Energy interval (GeV):  1.0048220E-13  9.4849902E-14

  Flux (Part/sr/GeV/cmq/pr):

   0.000000     +/-    0.000000     %    0.000000     +/-    0.000000     % 
   0.000000     +/-    0.000000     % 

  Flux (Part/deg/GeV/cmq/pr):

   0.000000     +/-    0.000000     %    0.000000     +/-    0.000000     % 
   0.000000     +/-    0.000000     % 

  Energy interval (GeV):  9.4849902E-14  8.9533321E-14

  Flux (Part/sr/GeV/cmq/pr):

   0.000000     +/-    0.000000     %    0.000000     +/-    0.000000     % 
   0.000000     +/-    0.000000     % 

  Flux (Part/deg/GeV/cmq/pr):

   0.000000     +/-    0.000000     %    0.000000     +/-    0.000000     % 
   0.000000     +/-    0.000000     % 

  Energy interval (GeV):  8.9533321E-14  8.4514732E-14

  Flux (Part/sr/GeV/cmq/pr):

   0.000000     +/-    0.000000     %    0.000000     +/-    0.000000     % 
   0.000000     +/-    0.000000     % 

  Flux (Part/deg/GeV/cmq/pr):

   0.000000     +/-    0.000000     %    0.000000     +/-    0.000000     % 
   0.000000     +/-    0.000000     % 

  Energy interval (GeV):  8.4514732E-14  7.9777459E-14

  Flux (Part/sr/GeV/cmq/pr):

   0.000000     +/-    0.000000     %    0.000000     +/-    0.000000     % 
   0.000000     +/-    0.000000     % 

  Flux (Part/deg/GeV/cmq/pr):

   0.000000     +/-    0.000000     %    0.000000     +/-    0.000000     % 
   0.000000     +/-    0.000000     % 

  Energy interval (GeV):  7.9777459E-14  7.5305722E-14

  Flux (Part/sr/GeV/cmq/pr):

   0.000000     +/-    0.000000     %    0.000000     +/-    0.000000     % 
   0.000000     +/-    0.000000     % 

  Flux (Part/deg/GeV/cmq/pr):

   0.000000     +/-    0.000000     %    0.000000     +/-    0.000000     % 
   0.000000     +/-    0.000000     % 

  Energy interval (GeV):  7.5305722E-14  7.1084638E-14

  Flux (Part/sr/GeV/cmq/pr):

   0.000000     +/-    0.000000     %    0.000000     +/-    0.000000     % 
   0.000000     +/-    0.000000     % 

  Flux (Part/deg/GeV/cmq/pr):

   0.000000     +/-    0.000000     %    0.000000     +/-    0.000000     % 
   0.000000     +/-    0.000000     % 

  Energy interval (GeV):  7.1084638E-14  6.7100154E-14

  Flux (Part/sr/GeV/cmq/pr):

   0.000000     +/-    0.000000     %    0.000000     +/-    0.000000     % 
   0.000000     +/-    0.000000     % 

  Flux (Part/deg/GeV/cmq/pr):

   0.000000     +/-    0.000000     %    0.000000     +/-    0.000000     % 
   0.000000     +/-    0.000000     % 

  Energy interval (GeV):  6.7100154E-14  6.3339010E-14

  Flux (Part/sr/GeV/cmq/pr):

   0.000000     +/-    0.000000     %    0.000000     +/-    0.000000     % 
   0.000000     +/-    0.000000     % 

  Flux (Part/deg/GeV/cmq/pr):

   0.000000     +/-    0.000000     %    0.000000     +/-    0.000000     % 
   0.000000     +/-    0.000000     % 

  Energy interval (GeV):  6.3339010E-14  5.9788695E-14

  Flux (Part/sr/GeV/cmq/pr):

   0.000000     +/-    0.000000     %    0.000000     +/-    0.000000     % 
   0.000000     +/-    0.000000     % 

  Flux (Part/deg/GeV/cmq/pr):

   0.000000     +/-    0.000000     %    0.000000     +/-    0.000000     % 
   0.000000     +/-    0.000000     % 

  Energy interval (GeV):  5.9788695E-14  5.6437382E-14

  Flux (Part/sr/GeV/cmq/pr):

   0.000000     +/-    0.000000     %    0.000000     +/-    0.000000     % 
   0.000000     +/-    0.000000     % 

  Flux (Part/deg/GeV/cmq/pr):

   0.000000     +/-    0.000000     %    0.000000     +/-    0.000000     % 
   0.000000     +/-    0.000000     % 

  Energy interval (GeV):  5.6437382E-14  5.3273917E-14

  Flux (Part/sr/GeV/cmq/pr):

   0.000000     +/-    0.000000     %    0.000000     +/-    0.000000     % 
   0.000000     +/-    0.000000     % 

  Flux (Part/deg/GeV/cmq/pr):

   0.000000     +/-    0.000000     %    0.000000     +/-    0.000000     % 
   0.000000     +/-    0.000000     % 

  Energy interval (GeV):  5.3273917E-14  5.0287770E-14

  Flux (Part/sr/GeV/cmq/pr):

   0.000000     +/-    0.000000     %    0.000000     +/-    0.000000     % 
   0.000000     +/-    0.000000     % 

  Flux (Part/deg/GeV/cmq/pr):

   0.000000     +/-    0.000000     %    0.000000     +/-    0.000000     % 
   0.000000     +/-    0.000000     % 

  Energy interval (GeV):  5.0287770E-14  4.7469010E-14

  Flux (Part/sr/GeV/cmq/pr):

   0.000000     +/-    0.000000     %    0.000000     +/-    0.000000     % 
   0.000000     +/-    0.000000     % 

  Flux (Part/deg/GeV/cmq/pr):

   0.000000     +/-    0.000000     %    0.000000     +/-    0.000000     % 
   0.000000     +/-    0.000000     % 

  Energy interval (GeV):  4.7469010E-14  4.4808243E-14

  Flux (Part/sr/GeV/cmq/pr):

   0.000000     +/-    0.000000     %    0.000000     +/-    0.000000     % 
   0.000000     +/-    0.000000     % 

  Flux (Part/deg/GeV/cmq/pr):

   0.000000     +/-    0.000000     %    0.000000     +/-    0.000000     % 
   0.000000     +/-    0.000000     % 

  Energy interval (GeV):  4.4808243E-14  4.2296624E-14

  Flux (Part/sr/GeV/cmq/pr):

   0.000000     +/-    0.000000     %    0.000000     +/-    0.000000     % 
   0.000000     +/-    0.000000     % 

  Flux (Part/deg/GeV/cmq/pr):

   0.000000     +/-    0.000000     %    0.000000     +/-    0.000000     % 
   0.000000     +/-    0.000000     % 

  Energy interval (GeV):  4.2296624E-14  3.9925786E-14

  Flux (Part/sr/GeV/cmq/pr):

   0.000000     +/-    0.000000     %    0.000000     +/-    0.000000     % 
   0.000000     +/-    0.000000     % 

  Flux (Part/deg/GeV/cmq/pr):

   0.000000     +/-    0.000000     %    0.000000     +/-    0.000000     % 
   0.000000     +/-    0.000000     % 

  Energy interval (GeV):  3.9925786E-14  3.7687840E-14

  Flux (Part/sr/GeV/cmq/pr):

   0.000000     +/-    0.000000     %    0.000000     +/-    0.000000     % 
   0.000000     +/-    0.000000     % 

  Flux (Part/deg/GeV/cmq/pr):

   0.000000     +/-    0.000000     %    0.000000     +/-    0.000000     % 
   0.000000     +/-    0.000000     % 

  Energy interval (GeV):  3.7687840E-14  3.5575336E-14

  Flux (Part/sr/GeV/cmq/pr):

   0.000000     +/-    0.000000     %    0.000000     +/-    0.000000     % 
   0.000000     +/-    0.000000     % 

  Flux (Part/deg/GeV/cmq/pr):

   0.000000     +/-    0.000000     %    0.000000     +/-    0.000000     % 
   0.000000     +/-    0.000000     % 

  Energy interval (GeV):  3.5575336E-14  3.3581245E-14

  Flux (Part/sr/GeV/cmq/pr):

   0.000000     +/-    0.000000     %    0.000000     +/-    0.000000     % 
   0.000000     +/-    0.000000     % 

  Flux (Part/deg/GeV/cmq/pr):

   0.000000     +/-    0.000000     %    0.000000     +/-    0.000000     % 
   0.000000     +/-    0.000000     % 

  Energy interval (GeV):  3.3581245E-14  3.1698927E-14

  Flux (Part/sr/GeV/cmq/pr):

   0.000000     +/-    0.000000     %    0.000000     +/-    0.000000     % 
   0.000000     +/-    0.000000     % 

  Flux (Part/deg/GeV/cmq/pr):

   0.000000     +/-    0.000000     %    0.000000     +/-    0.000000     % 
   0.000000     +/-    0.000000     % 

  Energy interval (GeV):  3.1698927E-14  2.9922116E-14

  Flux (Part/sr/GeV/cmq/pr):

   0.000000     +/-    0.000000     %    0.000000     +/-    0.000000     % 
   0.000000     +/-    0.000000     % 

  Flux (Part/deg/GeV/cmq/pr):

   0.000000     +/-    0.000000     %    0.000000     +/-    0.000000     % 
   0.000000     +/-    0.000000     % 

  Energy interval (GeV):  2.9922116E-14  2.8244903E-14

  Flux (Part/sr/GeV/cmq/pr):

   0.000000     +/-    0.000000     %    0.000000     +/-    0.000000     % 
   0.000000     +/-    0.000000     % 

  Flux (Part/deg/GeV/cmq/pr):

   0.000000     +/-    0.000000     %    0.000000     +/-    0.000000     % 
   0.000000     +/-    0.000000     % 

  Energy interval (GeV):  2.8244903E-14  2.6661704E-14

  Flux (Part/sr/GeV/cmq/pr):

   0.000000     +/-    0.000000     %    0.000000     +/-    0.000000     % 
   0.000000     +/-    0.000000     % 

  Flux (Part/deg/GeV/cmq/pr):

   0.000000     +/-    0.000000     %    0.000000     +/-    0.000000     % 
   0.000000     +/-    0.000000     % 

  Energy interval (GeV):  2.6661704E-14  2.5167243E-14

  Flux (Part/sr/GeV/cmq/pr):

   0.000000     +/-    0.000000     %    0.000000     +/-    0.000000     % 
   0.000000     +/-    0.000000     % 

  Flux (Part/deg/GeV/cmq/pr):

   0.000000     +/-    0.000000     %    0.000000     +/-    0.000000     % 
   0.000000     +/-    0.000000     % 

  Energy interval (GeV):  2.5167243E-14  2.3756554E-14

  Flux (Part/sr/GeV/cmq/pr):

   0.000000     +/-    0.000000     %    0.000000     +/-    0.000000     % 
   0.000000     +/-    0.000000     % 

  Flux (Part/deg/GeV/cmq/pr):

   0.000000     +/-    0.000000     %    0.000000     +/-    0.000000     % 
   0.000000     +/-    0.000000     % 

  Energy interval (GeV):  2.3756554E-14  2.2424936E-14

  Flux (Part/sr/GeV/cmq/pr):

   0.000000     +/-    0.000000     %    0.000000     +/-    0.000000     % 
   0.000000     +/-    0.000000     % 

  Flux (Part/deg/GeV/cmq/pr):

   0.000000     +/-    0.000000     %    0.000000     +/-    0.000000     % 
   0.000000     +/-    0.000000     % 

  Energy interval (GeV):  2.2424936E-14  2.1167958E-14

  Flux (Part/sr/GeV/cmq/pr):

   0.000000     +/-    0.000000     %    0.000000     +/-    0.000000     % 
   0.000000     +/-    0.000000     % 

  Flux (Part/deg/GeV/cmq/pr):

   0.000000     +/-    0.000000     %    0.000000     +/-    0.000000     % 
   0.000000     +/-    0.000000     % 

  Energy interval (GeV):  2.1167958E-14  1.9981438E-14

  Flux (Part/sr/GeV/cmq/pr):

   0.000000     +/-    0.000000     %    0.000000     +/-    0.000000     % 
   0.000000     +/-    0.000000     % 

  Flux (Part/deg/GeV/cmq/pr):

   0.000000     +/-    0.000000     %    0.000000     +/-    0.000000     % 
   0.000000     +/-    0.000000     % 

  Energy interval (GeV):  1.9981438E-14  1.8861426E-14

  Flux (Part/sr/GeV/cmq/pr):

   0.000000     +/-    0.000000     %    0.000000     +/-    0.000000     % 
   0.000000     +/-    0.000000     % 

  Flux (Part/deg/GeV/cmq/pr):

   0.000000     +/-    0.000000     %    0.000000     +/-    0.000000     % 
   0.000000     +/-    0.000000     % 

  Energy interval (GeV):  1.8861426E-14  1.7804192E-14

  Flux (Part/sr/GeV/cmq/pr):

   0.000000     +/-    0.000000     %    0.000000     +/-    0.000000     % 
   0.000000     +/-    0.000000     % 

  Flux (Part/deg/GeV/cmq/pr):

   0.000000     +/-    0.000000     %    0.000000     +/-    0.000000     % 
   0.000000     +/-    0.000000     % 

  Energy interval (GeV):  1.7804192E-14  1.6806221E-14

  Flux (Part/sr/GeV/cmq/pr):

   0.000000     +/-    0.000000     %    0.000000     +/-    0.000000     % 
   0.000000     +/-    0.000000     % 

  Flux (Part/deg/GeV/cmq/pr):

   0.000000     +/-    0.000000     %    0.000000     +/-    0.000000     % 
   0.000000     +/-    0.000000     % 

  Energy interval (GeV):  1.6806221E-14  1.5864187E-14

  Flux (Part/sr/GeV/cmq/pr):

   0.000000     +/-    0.000000     %    0.000000     +/-    0.000000     % 
   0.000000     +/-    0.000000     % 

  Flux (Part/deg/GeV/cmq/pr):

   0.000000     +/-    0.000000     %    0.000000     +/-    0.000000     % 
   0.000000     +/-    0.000000     % 

  Energy interval (GeV):  1.5864187E-14  1.4974958E-14

  Flux (Part/sr/GeV/cmq/pr):

   0.000000     +/-    0.000000     %    0.000000     +/-    0.000000     % 
   0.000000     +/-    0.000000     % 

  Flux (Part/deg/GeV/cmq/pr):

   0.000000     +/-    0.000000     %    0.000000     +/-    0.000000     % 
   0.000000     +/-    0.000000     % 

  Energy interval (GeV):  1.4974958E-14  1.4135571E-14

  Flux (Part/sr/GeV/cmq/pr):

   0.000000     +/-    0.000000     %    0.000000     +/-    0.000000     % 
   0.000000     +/-    0.000000     % 

  Flux (Part/deg/GeV/cmq/pr):

   0.000000     +/-    0.000000     %    0.000000     +/-    0.000000     % 
   0.000000     +/-    0.000000     % 

  Energy interval (GeV):  1.4135571E-14  1.3343235E-14

  Flux (Part/sr/GeV/cmq/pr):

   0.000000     +/-    0.000000     %    0.000000     +/-    0.000000     % 
   0.000000     +/-    0.000000     % 

  Flux (Part/deg/GeV/cmq/pr):

   0.000000     +/-    0.000000     %    0.000000     +/-    0.000000     % 
   0.000000     +/-    0.000000     % 

  Energy interval (GeV):  1.3343235E-14  1.2595311E-14

  Flux (Part/sr/GeV/cmq/pr):

   0.000000     +/-    0.000000     %    0.000000     +/-    0.000000     % 
   0.000000     +/-    0.000000     % 

  Flux (Part/deg/GeV/cmq/pr):

   0.000000     +/-    0.000000     %    0.000000     +/-    0.000000     % 
   0.000000     +/-    0.000000     % 

  Energy interval (GeV):  1.2595311E-14  1.1889311E-14

  Flux (Part/sr/GeV/cmq/pr):

   0.000000     +/-    0.000000     %    0.000000     +/-    0.000000     % 
   0.000000     +/-    0.000000     % 

  Flux (Part/deg/GeV/cmq/pr):

   0.000000     +/-    0.000000     %    0.000000     +/-    0.000000     % 
   0.000000     +/-    0.000000     % 

  Energy interval (GeV):  1.1889311E-14  1.1222883E-14

  Flux (Part/sr/GeV/cmq/pr):

   0.000000     +/-    0.000000     %    0.000000     +/-    0.000000     % 
   0.000000     +/-    0.000000     % 

  Flux (Part/deg/GeV/cmq/pr):

   0.000000     +/-    0.000000     %    0.000000     +/-    0.000000     % 
   0.000000     +/-    0.000000     % 

  Energy interval (GeV):  1.1222883E-14  1.0593811E-14

  Flux (Part/sr/GeV/cmq/pr):

   0.000000     +/-    0.000000     %    0.000000     +/-    0.000000     % 
   0.000000     +/-    0.000000     % 

  Flux (Part/deg/GeV/cmq/pr):

   0.000000     +/-    0.000000     %    0.000000     +/-    0.000000     % 
   0.000000     +/-    0.000000     % 

  Energy interval (GeV):  1.0593811E-14  9.9999998E-15

  Flux (Part/sr/GeV/cmq/pr):

   0.000000     +/-    0.000000     %    0.000000     +/-    0.000000     % 
   0.000000     +/-    0.000000     % 

  Flux (Part/deg/GeV/cmq/pr):

   0.000000     +/-    0.000000     %    0.000000     +/-    0.000000     % 
   0.000000     +/-    0.000000     % 
