 # Detector n:            1   I1_9      (integrated over solid angle)
 # N. of energy intervals         500
  1.000E-13  1.046E-13  2.156E+07  9.900E+01
  1.046E-13  1.095E-13  0.000E+00  0.000E+00
  1.095E-13  1.146E-13  0.000E+00  0.000E+00
  1.146E-13  1.199E-13  1.882E+07  9.900E+01
  1.199E-13  1.254E-13  0.000E+00  0.000E+00
  1.254E-13  1.313E-13  1.719E+07  9.900E+01
  1.313E-13  1.374E-13  0.000E+00  0.000E+00
  1.374E-13  1.437E-13  0.000E+00  0.000E+00
  1.437E-13  1.504E-13  3.000E+07  7.035E+01
  1.504E-13  1.574E-13  1.434E+07  9.900E+01
  1.574E-13  1.647E-13  0.000E+00  0.000E+00
  1.647E-13  1.723E-13  0.000E+00  0.000E+00
  1.723E-13  1.803E-13  0.000E+00  0.000E+00
  1.803E-13  1.887E-13  0.000E+00  0.000E+00
  1.887E-13  1.974E-13  2.286E+07  7.035E+01
  1.974E-13  2.066E-13  1.092E+07  9.900E+01
  2.066E-13  2.161E-13  2.088E+07  7.035E+01
  2.161E-13  2.262E-13  9.975E+06  9.900E+01
  2.262E-13  2.367E-13  9.533E+06  9.900E+01
  2.367E-13  2.476E-13  9.110E+06  9.900E+01
  2.476E-13  2.591E-13  0.000E+00  0.000E+00
  2.591E-13  2.711E-13  0.000E+00  0.000E+00
  2.711E-13  2.837E-13  3.181E+07  4.924E+01
  2.837E-13  2.969E-13  7.599E+06  9.900E+01
  2.969E-13  3.106E-13  2.179E+07  5.715E+01
  3.106E-13  3.250E-13  0.000E+00  0.000E+00
  3.250E-13  3.401E-13  3.316E+07  5.222E+01
  3.401E-13  3.559E-13  0.000E+00  0.000E+00
  3.559E-13  3.724E-13  1.817E+07  5.715E+01
  3.724E-13  3.897E-13  2.316E+07  4.924E+01
  3.897E-13  4.078E-13  1.107E+07  7.035E+01
  4.078E-13  4.267E-13  0.000E+00  0.000E+00
  4.267E-13  4.465E-13  2.021E+07  4.924E+01
  4.465E-13  4.672E-13  9.658E+06  7.035E+01
  4.672E-13  4.888E-13  2.769E+07  3.978E+01
  4.888E-13  5.115E-13  4.411E+06  9.900E+01
  5.115E-13  5.352E-13  5.480E+07  3.217E+01
  5.352E-13  5.601E-13  1.208E+07  5.715E+01
  5.601E-13  5.860E-13  2.310E+07  3.978E+01
  5.860E-13  6.132E-13  2.207E+07  3.978E+01
  6.132E-13  6.416E-13  2.110E+07  3.978E+01
  6.416E-13  6.714E-13  3.696E+07  3.137E+01
  6.714E-13  7.026E-13  3.853E+07  2.968E+01
  7.026E-13  7.351E-13  4.910E+07  2.623E+01
  7.351E-13  7.692E-13  3.519E+07  2.722E+01
  7.692E-13  8.049E-13  3.083E+07  3.137E+01
  8.049E-13  8.422E-13  3.482E+07  2.600E+01
  8.422E-13  8.813E-13  3.584E+07  2.491E+01
  8.813E-13  9.222E-13  3.914E+07  2.623E+01
  9.222E-13  9.650E-13  4.208E+07  2.145E+01
  9.650E-13  1.010E-12  4.915E+07  2.291E+01
  1.010E-12  1.057E-12  5.979E+07  1.905E+01
  1.057E-12  1.106E-12  6.122E+07  1.865E+01
  1.106E-12  1.157E-12  5.850E+07  1.675E+01
  1.157E-12  1.210E-12  6.523E+07  1.878E+01
  1.210E-12  1.267E-12  6.234E+07  1.878E+01
  1.267E-12  1.325E-12  7.319E+07  1.488E+01
  1.325E-12  1.387E-12  6.344E+07  1.626E+01
  1.387E-12  1.451E-12  4.975E+07  1.713E+01
  1.451E-12  1.518E-12  7.874E+07  1.455E+01
  1.518E-12  1.589E-12  7.667E+07  1.403E+01
  1.589E-12  1.663E-12  9.634E+07  1.271E+01
  1.663E-12  1.740E-12  8.818E+07  1.199E+01
  1.740E-12  1.820E-12  9.047E+07  1.166E+01
  1.820E-12  1.905E-12  1.030E+08  1.029E+01
  1.905E-12  1.993E-12  8.376E+07  1.063E+01
  1.993E-12  2.086E-12  9.735E+07  1.054E+01
  2.086E-12  2.182E-12  1.085E+08  1.069E+01
  2.182E-12  2.284E-12  1.334E+08  8.578E+00
  2.284E-12  2.390E-12  1.293E+08  8.843E+00
  2.390E-12  2.500E-12  1.326E+08  8.287E+00
  2.500E-12  2.616E-12  1.569E+08  8.093E+00
  2.616E-12  2.738E-12  1.615E+08  6.953E+00
  2.738E-12  2.865E-12  1.536E+08  8.129E+00
  2.865E-12  2.998E-12  1.663E+08  6.473E+00
  2.998E-12  3.137E-12  1.661E+08  6.760E+00
  3.137E-12  3.282E-12  1.657E+08  6.905E+00
  3.282E-12  3.434E-12  1.971E+08  5.803E+00
  3.434E-12  3.594E-12  1.745E+08  5.797E+00
  3.594E-12  3.760E-12  2.094E+08  5.866E+00
  3.760E-12  3.935E-12  2.070E+08  5.147E+00
  3.935E-12  4.117E-12  2.027E+08  4.927E+00
  4.117E-12  4.308E-12  2.241E+08  5.146E+00
  4.308E-12  4.508E-12  2.517E+08  4.290E+00
  4.508E-12  4.717E-12  2.707E+08  3.785E+00
  4.717E-12  4.936E-12  2.770E+08  3.632E+00
  4.936E-12  5.165E-12  2.809E+08  3.974E+00
  5.165E-12  5.404E-12  3.143E+08  3.462E+00
  5.404E-12  5.655E-12  3.172E+08  3.134E+00
  5.655E-12  5.917E-12  3.252E+08  3.384E+00
  5.917E-12  6.192E-12  3.432E+08  3.212E+00
  6.192E-12  6.479E-12  3.660E+08  3.070E+00
  6.479E-12  6.779E-12  3.777E+08  3.079E+00
  6.779E-12  7.094E-12  3.953E+08  2.598E+00
  7.094E-12  7.423E-12  4.143E+08  2.949E+00
  7.423E-12  7.767E-12  4.322E+08  2.560E+00
  7.767E-12  8.127E-12  4.477E+08  2.532E+00
  8.127E-12  8.504E-12  4.772E+08  2.242E+00
  8.504E-12  8.899E-12  4.863E+08  2.248E+00
  8.899E-12  9.311E-12  5.069E+08  2.347E+00
  9.311E-12  9.743E-12  5.381E+08  2.108E+00
  9.743E-12  1.020E-11  5.472E+08  1.995E+00
  1.020E-11  1.067E-11  5.845E+08  1.950E+00
  1.067E-11  1.116E-11  6.215E+08  1.720E+00
  1.116E-11  1.168E-11  6.379E+08  1.755E+00
  1.168E-11  1.222E-11  6.800E+08  1.483E+00
  1.222E-11  1.279E-11  6.599E+08  1.510E+00
  1.279E-11  1.338E-11  7.102E+08  1.610E+00
  1.338E-11  1.400E-11  7.601E+08  1.524E+00
  1.400E-11  1.465E-11  7.788E+08  1.516E+00
  1.465E-11  1.533E-11  8.084E+08  1.367E+00
  1.533E-11  1.604E-11  8.353E+08  1.340E+00
  1.604E-11  1.679E-11  8.802E+08  1.292E+00
  1.679E-11  1.757E-11  8.930E+08  1.284E+00
  1.757E-11  1.838E-11  9.231E+08  1.164E+00
  1.838E-11  1.923E-11  9.610E+08  1.285E+00
  1.923E-11  2.013E-11  9.896E+08  1.024E+00
  2.013E-11  2.106E-11  1.020E+09  1.059E+00
  2.106E-11  2.204E-11  1.075E+09  9.112E-01
  2.204E-11  2.306E-11  1.091E+09  9.613E-01
  2.306E-11  2.413E-11  1.106E+09  8.541E-01
  2.413E-11  2.525E-11  1.136E+09  9.173E-01
  2.525E-11  2.642E-11  1.165E+09  9.105E-01
  2.642E-11  2.764E-11  1.189E+09  8.612E-01
  2.764E-11  2.893E-11  1.213E+09  6.834E-01
  2.893E-11  3.027E-11  1.213E+09  8.633E-01
  3.027E-11  3.167E-11  1.245E+09  6.991E-01
  3.167E-11  3.314E-11  1.255E+09  7.466E-01
  3.314E-11  3.468E-11  1.250E+09  7.779E-01
  3.468E-11  3.628E-11  1.281E+09  6.854E-01
  3.628E-11  3.797E-11  1.268E+09  6.873E-01
  3.797E-11  3.973E-11  1.269E+09  6.453E-01
  3.973E-11  4.157E-11  1.272E+09  6.515E-01
  4.157E-11  4.350E-11  1.257E+09  6.125E-01
  4.350E-11  4.552E-11  1.249E+09  5.816E-01
  4.552E-11  4.763E-11  1.226E+09  5.808E-01
  4.763E-11  4.984E-11  1.200E+09  6.039E-01
  4.984E-11  5.215E-11  1.166E+09  5.820E-01
  5.215E-11  5.457E-11  1.140E+09  5.798E-01
  5.457E-11  5.710E-11  1.102E+09  5.589E-01
  5.710E-11  5.975E-11  1.058E+09  5.711E-01
  5.975E-11  6.252E-11  1.016E+09  6.045E-01
  6.252E-11  6.542E-11  9.760E+08  5.704E-01
  6.542E-11  6.845E-11  9.181E+08  5.959E-01
  6.845E-11  7.163E-11  8.693E+08  5.495E-01
  7.163E-11  7.495E-11  8.050E+08  5.640E-01
  7.495E-11  7.843E-11  7.499E+08  6.004E-01
  7.843E-11  8.206E-11  7.073E+08  5.919E-01
  8.206E-11  8.587E-11  6.471E+08  5.944E-01
  8.587E-11  8.985E-11  5.973E+08  5.828E-01
  8.985E-11  9.402E-11  5.492E+08  6.169E-01
  9.402E-11  9.838E-11  5.038E+08  7.418E-01
  9.838E-11  1.029E-10  4.514E+08  7.040E-01
  1.029E-10  1.077E-10  4.064E+08  6.855E-01
  1.077E-10  1.127E-10  3.602E+08  7.959E-01
  1.127E-10  1.179E-10  3.246E+08  7.266E-01
  1.179E-10  1.234E-10  2.884E+08  7.826E-01
  1.234E-10  1.291E-10  2.539E+08  8.261E-01
  1.291E-10  1.351E-10  2.233E+08  9.809E-01
  1.351E-10  1.414E-10  1.926E+08  8.554E-01
  1.414E-10  1.480E-10  1.733E+08  8.855E-01
  1.480E-10  1.548E-10  1.482E+08  1.027E+00
  1.548E-10  1.620E-10  1.312E+08  1.025E+00
  1.620E-10  1.695E-10  1.112E+08  9.084E-01
  1.695E-10  1.774E-10  9.910E+07  1.083E+00
  1.774E-10  1.856E-10  8.652E+07  1.242E+00
  1.856E-10  1.942E-10  7.632E+07  1.242E+00
  1.942E-10  2.032E-10  6.707E+07  1.218E+00
  2.032E-10  2.126E-10  5.900E+07  1.431E+00
  2.126E-10  2.225E-10  5.199E+07  1.395E+00
  2.225E-10  2.328E-10  4.806E+07  1.523E+00
  2.328E-10  2.436E-10  4.376E+07  1.508E+00
  2.436E-10  2.549E-10  3.999E+07  1.424E+00
  2.549E-10  2.667E-10  3.723E+07  1.657E+00
  2.667E-10  2.791E-10  3.533E+07  1.439E+00
  2.791E-10  2.921E-10  3.223E+07  1.550E+00
  2.921E-10  3.056E-10  3.085E+07  1.394E+00
  3.056E-10  3.198E-10  2.868E+07  1.446E+00
  3.198E-10  3.346E-10  2.806E+07  1.534E+00
  3.346E-10  3.501E-10  2.677E+07  1.611E+00
  3.501E-10  3.664E-10  2.504E+07  1.670E+00
  3.664E-10  3.834E-10  2.396E+07  1.486E+00
  3.834E-10  4.011E-10  2.340E+07  1.410E+00
  4.011E-10  4.198E-10  2.244E+07  1.491E+00
  4.198E-10  4.392E-10  2.101E+07  1.491E+00
  4.392E-10  4.596E-10  2.029E+07  1.429E+00
  4.596E-10  4.809E-10  1.931E+07  1.442E+00
  4.809E-10  5.032E-10  1.792E+07  1.689E+00
  5.032E-10  5.266E-10  1.766E+07  1.605E+00
  5.266E-10  5.510E-10  1.671E+07  1.484E+00
  5.510E-10  5.765E-10  1.614E+07  1.680E+00
  5.765E-10  6.033E-10  1.504E+07  1.517E+00
  6.033E-10  6.313E-10  1.413E+07  1.461E+00
  6.313E-10  6.605E-10  1.400E+07  1.567E+00
  6.605E-10  6.912E-10  1.266E+07  1.688E+00
  6.912E-10  7.232E-10  1.219E+07  1.485E+00
  7.232E-10  7.568E-10  1.208E+07  1.490E+00
  7.568E-10  7.919E-10  1.149E+07  1.410E+00
  7.919E-10  8.286E-10  1.087E+07  1.473E+00
  8.286E-10  8.670E-10  1.037E+07  1.606E+00
  8.670E-10  9.073E-10  9.947E+06  1.553E+00
  9.073E-10  9.493E-10  9.199E+06  1.603E+00
  9.493E-10  9.934E-10  8.750E+06  1.549E+00
  9.934E-10  1.039E-09  8.545E+06  1.640E+00
  1.039E-09  1.088E-09  7.975E+06  1.664E+00
  1.088E-09  1.138E-09  7.652E+06  1.675E+00
  1.138E-09  1.191E-09  7.566E+06  1.596E+00
  1.191E-09  1.246E-09  7.253E+06  1.591E+00
  1.246E-09  1.304E-09  6.857E+06  1.299E+00
  1.304E-09  1.364E-09  6.482E+06  1.573E+00
  1.364E-09  1.428E-09  6.259E+06  1.604E+00
  1.428E-09  1.494E-09  5.887E+06  1.598E+00
  1.494E-09  1.563E-09  5.678E+06  1.535E+00
  1.563E-09  1.636E-09  5.418E+06  1.534E+00
  1.636E-09  1.712E-09  5.167E+06  1.634E+00
  1.712E-09  1.791E-09  4.918E+06  1.723E+00
  1.791E-09  1.874E-09  4.643E+06  1.656E+00
  1.874E-09  1.961E-09  4.557E+06  1.598E+00
  1.961E-09  2.052E-09  4.385E+06  1.774E+00
  2.052E-09  2.147E-09  3.970E+06  1.619E+00
  2.147E-09  2.247E-09  3.960E+06  1.515E+00
  2.247E-09  2.351E-09  3.671E+06  1.485E+00
  2.351E-09  2.460E-09  3.656E+06  1.436E+00
  2.460E-09  2.574E-09  3.469E+06  1.459E+00
  2.574E-09  2.693E-09  3.296E+06  1.681E+00
  2.693E-09  2.818E-09  3.184E+06  1.665E+00
  2.818E-09  2.949E-09  2.980E+06  1.503E+00
  2.949E-09  3.086E-09  2.867E+06  1.629E+00
  3.086E-09  3.229E-09  2.707E+06  1.762E+00
  3.229E-09  3.379E-09  2.604E+06  1.532E+00
  3.379E-09  3.535E-09  2.519E+06  1.745E+00
  3.535E-09  3.699E-09  2.438E+06  1.562E+00
  3.699E-09  3.871E-09  2.287E+06  1.711E+00
  3.871E-09  4.050E-09  2.220E+06  1.462E+00
  4.050E-09  4.238E-09  2.066E+06  1.761E+00
  4.238E-09  4.435E-09  1.990E+06  1.489E+00
  4.435E-09  4.641E-09  1.946E+06  1.441E+00
  4.641E-09  4.856E-09  1.804E+06  1.453E+00
  4.856E-09  5.081E-09  1.699E+06  1.595E+00
  5.081E-09  5.317E-09  1.687E+06  1.547E+00
  5.317E-09  5.563E-09  1.570E+06  1.420E+00
  5.563E-09  5.821E-09  1.521E+06  1.606E+00
  5.821E-09  6.091E-09  1.521E+06  1.490E+00
  6.091E-09  6.374E-09  1.411E+06  1.450E+00
  6.374E-09  6.670E-09  1.324E+06  1.661E+00
  6.670E-09  6.979E-09  1.275E+06  1.523E+00
  6.979E-09  7.303E-09  1.202E+06  1.637E+00
  7.303E-09  7.641E-09  1.177E+06  1.686E+00
  7.641E-09  7.996E-09  1.107E+06  1.518E+00
  7.996E-09  8.367E-09  1.041E+06  1.715E+00
  8.367E-09  8.755E-09  1.058E+06  1.472E+00
  8.755E-09  9.161E-09  9.799E+05  1.490E+00
  9.161E-09  9.586E-09  9.285E+05  1.515E+00
  9.586E-09  1.003E-08  8.997E+05  1.647E+00
  1.003E-08  1.050E-08  8.536E+05  1.673E+00
  1.050E-08  1.098E-08  8.258E+05  1.758E+00
  1.098E-08  1.149E-08  7.959E+05  1.291E+00
  1.149E-08  1.202E-08  7.568E+05  1.655E+00
  1.202E-08  1.258E-08  7.502E+05  1.489E+00
  1.258E-08  1.317E-08  7.043E+05  1.367E+00
  1.317E-08  1.378E-08  6.583E+05  1.515E+00
  1.378E-08  1.442E-08  6.260E+05  1.551E+00
  1.442E-08  1.508E-08  5.890E+05  1.622E+00
  1.508E-08  1.578E-08  5.880E+05  1.496E+00
  1.578E-08  1.652E-08  5.539E+05  1.454E+00
  1.652E-08  1.728E-08  5.404E+05  1.597E+00
  1.728E-08  1.808E-08  4.979E+05  1.674E+00
  1.808E-08  1.892E-08  4.863E+05  1.765E+00
  1.892E-08  1.980E-08  4.739E+05  1.562E+00
  1.980E-08  2.072E-08  4.373E+05  1.689E+00
  2.072E-08  2.168E-08  4.212E+05  1.376E+00
  2.168E-08  2.268E-08  4.062E+05  1.664E+00
  2.268E-08  2.374E-08  3.814E+05  1.725E+00
  2.374E-08  2.484E-08  3.746E+05  1.723E+00
  2.484E-08  2.599E-08  3.564E+05  1.615E+00
  2.599E-08  2.720E-08  3.336E+05  1.626E+00
  2.720E-08  2.846E-08  3.230E+05  1.623E+00
  2.846E-08  2.978E-08  3.054E+05  1.822E+00
  2.978E-08  3.116E-08  3.003E+05  1.519E+00
  3.116E-08  3.260E-08  2.872E+05  1.417E+00
  3.260E-08  3.411E-08  2.721E+05  1.641E+00
  3.411E-08  3.570E-08  2.677E+05  1.579E+00
  3.570E-08  3.735E-08  2.504E+05  1.509E+00
  3.735E-08  3.909E-08  2.420E+05  1.543E+00
  3.909E-08  4.090E-08  2.204E+05  1.621E+00
  4.090E-08  4.280E-08  2.202E+05  1.519E+00
  4.280E-08  4.478E-08  2.058E+05  1.620E+00
  4.478E-08  4.686E-08  1.987E+05  1.686E+00
  4.686E-08  4.903E-08  1.940E+05  1.491E+00
  4.903E-08  5.130E-08  1.819E+05  1.387E+00
  5.130E-08  5.368E-08  1.722E+05  1.593E+00
  5.368E-08  5.617E-08  1.706E+05  1.548E+00
  5.617E-08  5.878E-08  1.619E+05  1.506E+00
  5.878E-08  6.151E-08  1.527E+05  1.513E+00
  6.151E-08  6.436E-08  1.461E+05  1.460E+00
  6.436E-08  6.734E-08  1.398E+05  1.452E+00
  6.734E-08  7.047E-08  1.354E+05  1.475E+00
  7.047E-08  7.374E-08  1.261E+05  1.389E+00
  7.374E-08  7.716E-08  1.219E+05  1.582E+00
  7.716E-08  8.073E-08  1.171E+05  1.383E+00
  8.073E-08  8.448E-08  1.105E+05  1.531E+00
  8.448E-08  8.840E-08  1.062E+05  1.384E+00
  8.840E-08  9.250E-08  1.043E+05  1.335E+00
  9.250E-08  9.679E-08  9.657E+04  1.338E+00
  9.679E-08  1.013E-07  9.554E+04  1.574E+00
  1.013E-07  1.060E-07  8.807E+04  1.497E+00
  1.060E-07  1.109E-07  8.691E+04  1.540E+00
  1.109E-07  1.160E-07  8.193E+04  1.387E+00
  1.160E-07  1.214E-07  7.784E+04  1.410E+00
  1.214E-07  1.270E-07  7.369E+04  1.552E+00
  1.270E-07  1.329E-07  7.246E+04  1.573E+00
  1.329E-07  1.391E-07  6.797E+04  1.612E+00
  1.391E-07  1.456E-07  6.494E+04  1.763E+00
  1.456E-07  1.523E-07  6.406E+04  1.560E+00
  1.523E-07  1.594E-07  6.086E+04  1.541E+00
  1.594E-07  1.668E-07  5.664E+04  1.543E+00
  1.668E-07  1.745E-07  5.531E+04  1.496E+00
  1.745E-07  1.826E-07  5.359E+04  1.694E+00
  1.826E-07  1.911E-07  5.112E+04  1.562E+00
  1.911E-07  1.999E-07  4.783E+04  1.547E+00
  1.999E-07  2.092E-07  4.673E+04  1.571E+00
  2.092E-07  2.189E-07  4.395E+04  1.454E+00
  2.189E-07  2.291E-07  4.236E+04  1.493E+00
  2.291E-07  2.397E-07  4.049E+04  1.601E+00
  2.397E-07  2.508E-07  3.900E+04  1.525E+00
  2.508E-07  2.624E-07  3.651E+04  1.531E+00
  2.624E-07  2.746E-07  3.567E+04  1.516E+00
  2.746E-07  2.873E-07  3.339E+04  1.367E+00
  2.873E-07  3.007E-07  3.186E+04  1.512E+00
  3.007E-07  3.146E-07  3.076E+04  1.588E+00
  3.146E-07  3.292E-07  2.985E+04  1.622E+00
  3.292E-07  3.445E-07  2.880E+04  1.629E+00
  3.445E-07  3.604E-07  2.773E+04  1.502E+00
  3.604E-07  3.772E-07  2.617E+04  1.449E+00
  3.772E-07  3.947E-07  2.395E+04  1.609E+00
  3.947E-07  4.130E-07  2.349E+04  1.545E+00
  4.130E-07  4.321E-07  2.249E+04  1.411E+00
  4.321E-07  4.522E-07  2.247E+04  1.515E+00
  4.522E-07  4.731E-07  2.099E+04  1.464E+00
  4.731E-07  4.951E-07  2.000E+04  1.426E+00
  4.951E-07  5.180E-07  1.933E+04  1.511E+00
  5.180E-07  5.421E-07  1.836E+04  1.512E+00
  5.421E-07  5.672E-07  1.764E+04  1.490E+00
  5.672E-07  5.935E-07  1.696E+04  1.540E+00
  5.935E-07  6.210E-07  1.575E+04  1.655E+00
  6.210E-07  6.498E-07  1.498E+04  1.591E+00
  6.498E-07  6.800E-07  1.468E+04  1.517E+00
  6.800E-07  7.115E-07  1.383E+04  1.358E+00
  7.115E-07  7.445E-07  1.312E+04  1.681E+00
  7.445E-07  7.791E-07  1.237E+04  1.479E+00
  7.791E-07  8.152E-07  1.187E+04  1.538E+00
  8.152E-07  8.530E-07  1.149E+04  1.633E+00
  8.530E-07  8.926E-07  1.105E+04  1.614E+00
  8.926E-07  9.340E-07  1.081E+04  1.390E+00
  9.340E-07  9.773E-07  9.924E+03  1.403E+00
  9.773E-07  1.023E-06  9.888E+03  1.371E+00
  1.023E-06  1.070E-06  9.203E+03  1.630E+00
  1.070E-06  1.120E-06  8.914E+03  1.467E+00
  1.120E-06  1.172E-06  8.459E+03  1.554E+00
  1.172E-06  1.226E-06  8.204E+03  1.699E+00
  1.226E-06  1.283E-06  7.745E+03  1.627E+00
  1.283E-06  1.342E-06  7.787E+03  1.419E+00
  1.342E-06  1.405E-06  7.107E+03  1.582E+00
  1.405E-06  1.470E-06  6.931E+03  1.464E+00
  1.470E-06  1.538E-06  6.647E+03  1.535E+00
  1.538E-06  1.609E-06  6.295E+03  1.440E+00
  1.609E-06  1.684E-06  6.056E+03  1.588E+00
  1.684E-06  1.762E-06  5.560E+03  1.639E+00
  1.762E-06  1.844E-06  5.557E+03  1.312E+00
  1.844E-06  1.929E-06  5.316E+03  1.424E+00
  1.929E-06  2.019E-06  4.910E+03  1.466E+00
  2.019E-06  2.112E-06  4.850E+03  1.474E+00
  2.112E-06  2.210E-06  4.593E+03  1.515E+00
  2.210E-06  2.313E-06  4.451E+03  1.407E+00
  2.313E-06  2.420E-06  4.169E+03  1.388E+00
  2.420E-06  2.532E-06  4.144E+03  1.681E+00
  2.532E-06  2.650E-06  3.754E+03  1.647E+00
  2.650E-06  2.773E-06  3.758E+03  1.616E+00
  2.773E-06  2.901E-06  3.588E+03  1.487E+00
  2.901E-06  3.036E-06  3.374E+03  1.355E+00
  3.036E-06  3.177E-06  3.241E+03  1.447E+00
  3.177E-06  3.324E-06  3.147E+03  1.476E+00
  3.324E-06  3.478E-06  2.945E+03  1.495E+00
  3.478E-06  3.639E-06  2.865E+03  1.507E+00
  3.639E-06  3.808E-06  2.671E+03  1.470E+00
  3.808E-06  3.985E-06  2.624E+03  1.524E+00
  3.985E-06  4.170E-06  2.543E+03  1.372E+00
  4.170E-06  4.363E-06  2.398E+03  1.544E+00
  4.363E-06  4.565E-06  2.259E+03  1.305E+00
  4.565E-06  4.777E-06  2.203E+03  1.319E+00
  4.777E-06  4.999E-06  2.135E+03  1.513E+00
  4.999E-06  5.231E-06  2.029E+03  1.265E+00
  5.231E-06  5.473E-06  1.965E+03  1.414E+00
  5.473E-06  5.727E-06  1.883E+03  1.487E+00
  5.727E-06  5.993E-06  1.800E+03  1.671E+00
  5.993E-06  6.271E-06  1.676E+03  1.334E+00
  6.271E-06  6.562E-06  1.607E+03  1.438E+00
  6.562E-06  6.866E-06  1.609E+03  1.479E+00
  6.866E-06  7.184E-06  1.473E+03  1.400E+00
  7.184E-06  7.518E-06  1.488E+03  1.347E+00
  7.518E-06  7.866E-06  1.396E+03  1.484E+00
  7.866E-06  8.231E-06  1.332E+03  1.597E+00
  8.231E-06  8.613E-06  1.281E+03  1.502E+00
  8.613E-06  9.012E-06  1.190E+03  1.546E+00
  9.012E-06  9.430E-06  1.180E+03  1.329E+00
  9.430E-06  9.868E-06  1.100E+03  1.498E+00
  9.868E-06  1.033E-05  1.105E+03  1.323E+00
  1.033E-05  1.080E-05  1.043E+03  1.323E+00
  1.080E-05  1.131E-05  1.015E+03  1.396E+00
  1.131E-05  1.183E-05  9.570E+02  1.467E+00
  1.183E-05  1.238E-05  9.224E+02  1.434E+00
  1.238E-05  1.295E-05  8.768E+02  1.337E+00
  1.295E-05  1.355E-05  8.334E+02  1.425E+00
  1.355E-05  1.418E-05  8.164E+02  1.482E+00
  1.418E-05  1.484E-05  7.855E+02  1.502E+00
  1.484E-05  1.553E-05  7.391E+02  1.400E+00
  1.553E-05  1.625E-05  7.012E+02  1.188E+00
  1.625E-05  1.700E-05  6.936E+02  1.325E+00
  1.700E-05  1.779E-05  6.552E+02  1.386E+00
  1.779E-05  1.862E-05  6.347E+02  1.258E+00
  1.862E-05  1.948E-05  6.210E+02  1.360E+00
  1.948E-05  2.038E-05  6.095E+02  1.169E+00
  2.038E-05  2.133E-05  5.701E+02  1.325E+00
  2.133E-05  2.232E-05  5.466E+02  1.378E+00
  2.232E-05  2.335E-05  5.317E+02  1.203E+00
  2.335E-05  2.444E-05  5.116E+02  1.364E+00
  2.444E-05  2.557E-05  4.937E+02  1.325E+00
  2.557E-05  2.675E-05  4.729E+02  1.373E+00
  2.675E-05  2.800E-05  4.601E+02  1.369E+00
  2.800E-05  2.929E-05  4.407E+02  1.329E+00
  2.929E-05  3.065E-05  4.273E+02  1.297E+00
  3.065E-05  3.207E-05  4.201E+02  1.240E+00
  3.207E-05  3.356E-05  4.020E+02  1.247E+00
  3.356E-05  3.512E-05  3.762E+02  1.271E+00
  3.512E-05  3.675E-05  3.704E+02  1.441E+00
  3.675E-05  3.845E-05  3.578E+02  1.231E+00
  3.845E-05  4.024E-05  3.495E+02  1.258E+00
  4.024E-05  4.210E-05  3.360E+02  1.218E+00
  4.210E-05  4.405E-05  3.196E+02  1.425E+00
  4.405E-05  4.610E-05  3.129E+02  1.285E+00
  4.610E-05  4.824E-05  3.033E+02  1.227E+00
  4.824E-05  5.047E-05  2.891E+02  1.048E+00
  5.047E-05  5.281E-05  2.885E+02  1.323E+00
  5.281E-05  5.526E-05  2.662E+02  9.963E-01
  5.526E-05  5.783E-05  2.669E+02  1.330E+00
  5.783E-05  6.051E-05  2.520E+02  1.223E+00
  6.051E-05  6.332E-05  2.527E+02  1.311E+00
  6.332E-05  6.625E-05  2.443E+02  1.220E+00
  6.625E-05  6.933E-05  2.354E+02  1.075E+00
  6.933E-05  7.254E-05  2.269E+02  1.215E+00
  7.254E-05  7.591E-05  2.266E+02  1.144E+00
  7.591E-05  7.943E-05  2.193E+02  1.056E+00
  7.943E-05  8.311E-05  2.112E+02  1.116E+00
  8.311E-05  8.697E-05  2.045E+02  1.066E+00
  8.697E-05  9.100E-05  2.013E+02  1.128E+00
  9.100E-05  9.522E-05  1.988E+02  1.085E+00
  9.522E-05  9.964E-05  1.896E+02  1.199E+00
  9.964E-05  1.043E-04  1.854E+02  1.059E+00
  1.043E-04  1.091E-04  1.783E+02  1.141E+00
  1.091E-04  1.142E-04  1.800E+02  1.019E+00
  1.142E-04  1.194E-04  1.736E+02  1.201E+00
  1.194E-04  1.250E-04  1.706E+02  9.900E-01
  1.250E-04  1.308E-04  1.678E+02  1.047E+00
  1.308E-04  1.369E-04  1.642E+02  1.037E+00
  1.369E-04  1.432E-04  1.596E+02  1.146E+00
  1.432E-04  1.498E-04  1.577E+02  1.020E+00
  1.498E-04  1.568E-04  1.518E+02  8.116E-01
  1.568E-04  1.641E-04  1.527E+02  1.015E+00
  1.641E-04  1.717E-04  1.480E+02  9.673E-01
  1.717E-04  1.796E-04  1.471E+02  8.928E-01
  1.796E-04  1.880E-04  1.417E+02  9.490E-01
  1.880E-04  1.967E-04  1.419E+02  9.037E-01
  1.967E-04  2.058E-04  1.422E+02  8.692E-01
  2.058E-04  2.154E-04  1.405E+02  8.426E-01
  2.154E-04  2.253E-04  1.362E+02  8.245E-01
  2.253E-04  2.358E-04  1.343E+02  8.761E-01
  2.358E-04  2.467E-04  1.323E+02  8.665E-01
  2.467E-04  2.582E-04  1.304E+02  7.872E-01
  2.582E-04  2.701E-04  1.291E+02  8.506E-01
  2.701E-04  2.827E-04  1.297E+02  8.367E-01
  2.827E-04  2.958E-04  1.288E+02  7.862E-01
  2.958E-04  3.095E-04  1.279E+02  6.738E-01
  3.095E-04  3.239E-04  1.277E+02  6.688E-01
  3.239E-04  3.389E-04  1.270E+02  7.687E-01
  3.389E-04  3.546E-04  1.271E+02  7.333E-01
  3.546E-04  3.711E-04  1.252E+02  6.604E-01
  3.711E-04  3.883E-04  1.239E+02  6.053E-01
  3.883E-04  4.063E-04  1.205E+02  6.539E-01
  4.063E-04  4.251E-04  1.124E+02  6.958E-01
  4.251E-04  4.448E-04  9.983E+01  6.667E-01
  4.448E-04  4.655E-04  1.135E+02  6.363E-01
  4.655E-04  4.871E-04  1.276E+02  5.666E-01
  4.871E-04  5.096E-04  1.340E+02  5.667E-01
  5.096E-04  5.333E-04  1.450E+02  5.208E-01
  5.333E-04  5.580E-04  1.661E+02  5.215E-01
  5.580E-04  5.839E-04  2.236E+02  4.171E-01
  5.839E-04  6.110E-04  9.804E+02  2.149E-01
  6.110E-04  6.393E-04  0.000E+00  0.000E+00
  6.393E-04  6.690E-04  0.000E+00  0.000E+00
  6.690E-04  7.000E-04  0.000E+00  0.000E+00


 # double differential distributions
 # number of solid angle intervals           3
 # Block n:            1     0.00000000      :   1.00000005E-03
  1.000E-13  1.046E-13  0.000E+00  0.000E+00  0.000E+00  1.000E-03
  1.046E-13  1.095E-13  0.000E+00  0.000E+00  0.000E+00  1.000E-03
  1.095E-13  1.146E-13  0.000E+00  0.000E+00  0.000E+00  1.000E-03
  1.146E-13  1.199E-13  0.000E+00  0.000E+00  0.000E+00  1.000E-03
  1.199E-13  1.254E-13  0.000E+00  0.000E+00  0.000E+00  1.000E-03
  1.254E-13  1.313E-13  0.000E+00  0.000E+00  0.000E+00  1.000E-03
  1.313E-13  1.374E-13  0.000E+00  0.000E+00  0.000E+00  1.000E-03
  1.374E-13  1.437E-13  0.000E+00  0.000E+00  0.000E+00  1.000E-03
  1.437E-13  1.504E-13  0.000E+00  0.000E+00  0.000E+00  1.000E-03
  1.504E-13  1.574E-13  0.000E+00  0.000E+00  0.000E+00  1.000E-03
  1.574E-13  1.647E-13  0.000E+00  0.000E+00  0.000E+00  1.000E-03
  1.647E-13  1.723E-13  0.000E+00  0.000E+00  0.000E+00  1.000E-03
  1.723E-13  1.803E-13  0.000E+00  0.000E+00  0.000E+00  1.000E-03
  1.803E-13  1.887E-13  0.000E+00  0.000E+00  0.000E+00  1.000E-03
  1.887E-13  1.974E-13  0.000E+00  0.000E+00  0.000E+00  1.000E-03
  1.974E-13  2.066E-13  0.000E+00  0.000E+00  0.000E+00  1.000E-03
  2.066E-13  2.161E-13  0.000E+00  0.000E+00  0.000E+00  1.000E-03
  2.161E-13  2.262E-13  0.000E+00  0.000E+00  0.000E+00  1.000E-03
  2.262E-13  2.367E-13  0.000E+00  0.000E+00  0.000E+00  1.000E-03
  2.367E-13  2.476E-13  0.000E+00  0.000E+00  0.000E+00  1.000E-03
  2.476E-13  2.591E-13  0.000E+00  0.000E+00  0.000E+00  1.000E-03
  2.591E-13  2.711E-13  0.000E+00  0.000E+00  0.000E+00  1.000E-03
  2.711E-13  2.837E-13  0.000E+00  0.000E+00  0.000E+00  1.000E-03
  2.837E-13  2.969E-13  0.000E+00  0.000E+00  0.000E+00  1.000E-03
  2.969E-13  3.106E-13  0.000E+00  0.000E+00  0.000E+00  1.000E-03
  3.106E-13  3.250E-13  0.000E+00  0.000E+00  0.000E+00  1.000E-03
  3.250E-13  3.401E-13  0.000E+00  0.000E+00  0.000E+00  1.000E-03
  3.401E-13  3.559E-13  0.000E+00  0.000E+00  0.000E+00  1.000E-03
  3.559E-13  3.724E-13  0.000E+00  0.000E+00  0.000E+00  1.000E-03
  3.724E-13  3.897E-13  0.000E+00  0.000E+00  0.000E+00  1.000E-03
  3.897E-13  4.078E-13  0.000E+00  0.000E+00  0.000E+00  1.000E-03
  4.078E-13  4.267E-13  0.000E+00  0.000E+00  0.000E+00  1.000E-03
  4.267E-13  4.465E-13  0.000E+00  0.000E+00  0.000E+00  1.000E-03
  4.465E-13  4.672E-13  0.000E+00  0.000E+00  0.000E+00  1.000E-03
  4.672E-13  4.888E-13  0.000E+00  0.000E+00  0.000E+00  1.000E-03
  4.888E-13  5.115E-13  0.000E+00  0.000E+00  0.000E+00  1.000E-03
  5.115E-13  5.352E-13  0.000E+00  0.000E+00  0.000E+00  1.000E-03
  5.352E-13  5.601E-13  0.000E+00  0.000E+00  0.000E+00  1.000E-03
  5.601E-13  5.860E-13  0.000E+00  0.000E+00  0.000E+00  1.000E-03
  5.860E-13  6.132E-13  0.000E+00  0.000E+00  0.000E+00  1.000E-03
  6.132E-13  6.416E-13  0.000E+00  0.000E+00  0.000E+00  1.000E-03
  6.416E-13  6.714E-13  0.000E+00  0.000E+00  0.000E+00  1.000E-03
  6.714E-13  7.026E-13  0.000E+00  0.000E+00  0.000E+00  1.000E-03
  7.026E-13  7.351E-13  0.000E+00  0.000E+00  0.000E+00  1.000E-03
  7.351E-13  7.692E-13  0.000E+00  0.000E+00  0.000E+00  1.000E-03
  7.692E-13  8.049E-13  0.000E+00  0.000E+00  0.000E+00  1.000E-03
  8.049E-13  8.422E-13  0.000E+00  0.000E+00  0.000E+00  1.000E-03
  8.422E-13  8.813E-13  0.000E+00  0.000E+00  0.000E+00  1.000E-03
  8.813E-13  9.222E-13  0.000E+00  0.000E+00  0.000E+00  1.000E-03
  9.222E-13  9.650E-13  0.000E+00  0.000E+00  0.000E+00  1.000E-03
  9.650E-13  1.010E-12  0.000E+00  0.000E+00  0.000E+00  1.000E-03
  1.010E-12  1.057E-12  0.000E+00  0.000E+00  0.000E+00  1.000E-03
  1.057E-12  1.106E-12  0.000E+00  0.000E+00  0.000E+00  1.000E-03
  1.106E-12  1.157E-12  0.000E+00  0.000E+00  0.000E+00  1.000E-03
  1.157E-12  1.210E-12  0.000E+00  0.000E+00  0.000E+00  1.000E-03
  1.210E-12  1.267E-12  0.000E+00  0.000E+00  0.000E+00  1.000E-03
  1.267E-12  1.325E-12  0.000E+00  0.000E+00  0.000E+00  1.000E-03
  1.325E-12  1.387E-12  0.000E+00  0.000E+00  0.000E+00  1.000E-03
  1.387E-12  1.451E-12  0.000E+00  0.000E+00  0.000E+00  1.000E-03
  1.451E-12  1.518E-12  0.000E+00  0.000E+00  0.000E+00  1.000E-03
  1.518E-12  1.589E-12  0.000E+00  0.000E+00  0.000E+00  1.000E-03
  1.589E-12  1.663E-12  0.000E+00  0.000E+00  0.000E+00  1.000E-03
  1.663E-12  1.740E-12  0.000E+00  0.000E+00  0.000E+00  1.000E-03
  1.740E-12  1.820E-12  0.000E+00  0.000E+00  0.000E+00  1.000E-03
  1.820E-12  1.905E-12  0.000E+00  0.000E+00  0.000E+00  1.000E-03
  1.905E-12  1.993E-12  0.000E+00  0.000E+00  0.000E+00  1.000E-03
  1.993E-12  2.086E-12  0.000E+00  0.000E+00  0.000E+00  1.000E-03
  2.086E-12  2.182E-12  1.034E+09  9.900E+01  0.000E+00  1.000E-03
  2.182E-12  2.284E-12  0.000E+00  0.000E+00  0.000E+00  1.000E-03
  2.284E-12  2.390E-12  0.000E+00  0.000E+00  0.000E+00  1.000E-03
  2.390E-12  2.500E-12  0.000E+00  0.000E+00  0.000E+00  1.000E-03
  2.500E-12  2.616E-12  0.000E+00  0.000E+00  0.000E+00  1.000E-03
  2.616E-12  2.738E-12  0.000E+00  0.000E+00  0.000E+00  1.000E-03
  2.738E-12  2.865E-12  0.000E+00  0.000E+00  0.000E+00  1.000E-03
  2.865E-12  2.998E-12  0.000E+00  0.000E+00  0.000E+00  1.000E-03
  2.998E-12  3.137E-12  0.000E+00  0.000E+00  0.000E+00  1.000E-03
  3.137E-12  3.282E-12  0.000E+00  0.000E+00  0.000E+00  1.000E-03
  3.282E-12  3.434E-12  0.000E+00  0.000E+00  0.000E+00  1.000E-03
  3.434E-12  3.594E-12  0.000E+00  0.000E+00  0.000E+00  1.000E-03
  3.594E-12  3.760E-12  0.000E+00  0.000E+00  0.000E+00  1.000E-03
  3.760E-12  3.935E-12  0.000E+00  0.000E+00  0.000E+00  1.000E-03
  3.935E-12  4.117E-12  0.000E+00  0.000E+00  0.000E+00  1.000E-03
  4.117E-12  4.308E-12  0.000E+00  0.000E+00  0.000E+00  1.000E-03
  4.308E-12  4.508E-12  0.000E+00  0.000E+00  0.000E+00  1.000E-03
  4.508E-12  4.717E-12  0.000E+00  0.000E+00  0.000E+00  1.000E-03
  4.717E-12  4.936E-12  4.571E+08  9.900E+01  0.000E+00  1.000E-03
  4.936E-12  5.165E-12  0.000E+00  0.000E+00  0.000E+00  1.000E-03
  5.165E-12  5.404E-12  4.175E+08  9.900E+01  0.000E+00  1.000E-03
  5.404E-12  5.655E-12  0.000E+00  0.000E+00  0.000E+00  1.000E-03
  5.655E-12  5.917E-12  0.000E+00  0.000E+00  0.000E+00  1.000E-03
  5.917E-12  6.192E-12  0.000E+00  0.000E+00  0.000E+00  1.000E-03
  6.192E-12  6.479E-12  3.482E+08  9.900E+01  0.000E+00  1.000E-03
  6.479E-12  6.779E-12  0.000E+00  0.000E+00  0.000E+00  1.000E-03
  6.779E-12  7.094E-12  0.000E+00  0.000E+00  0.000E+00  1.000E-03
  7.094E-12  7.423E-12  0.000E+00  0.000E+00  0.000E+00  1.000E-03
  7.423E-12  7.767E-12  2.905E+08  9.900E+01  0.000E+00  1.000E-03
  7.767E-12  8.127E-12  0.000E+00  0.000E+00  0.000E+00  1.000E-03
  8.127E-12  8.504E-12  5.306E+08  7.035E+01  0.000E+00  1.000E-03
  8.504E-12  8.899E-12  2.535E+08  9.900E+01  0.000E+00  1.000E-03
  8.899E-12  9.311E-12  4.846E+08  7.035E+01  0.000E+00  1.000E-03
  9.311E-12  9.743E-12  6.946E+08  5.715E+01  0.000E+00  1.000E-03
  9.743E-12  1.020E-11  2.213E+08  9.900E+01  0.000E+00  1.000E-03
  1.020E-11  1.067E-11  2.115E+08  9.900E+01  0.000E+00  1.000E-03
  1.067E-11  1.116E-11  4.042E+08  7.035E+01  0.000E+00  1.000E-03
  1.116E-11  1.168E-11  3.863E+08  7.035E+01  0.000E+00  1.000E-03
  1.168E-11  1.222E-11  5.537E+08  5.715E+01  0.000E+00  1.000E-03
  1.222E-11  1.279E-11  5.292E+08  5.715E+01  0.000E+00  1.000E-03
  1.279E-11  1.338E-11  1.686E+08  9.900E+01  0.000E+00  1.000E-03
  1.338E-11  1.400E-11  3.222E+08  7.035E+01  0.000E+00  1.000E-03
  1.400E-11  1.465E-11  3.079E+08  7.035E+01  0.000E+00  1.000E-03
  1.465E-11  1.533E-11  1.471E+08  9.900E+01  0.000E+00  1.000E-03
  1.533E-11  1.604E-11  1.406E+08  9.900E+01  0.000E+00  1.000E-03
  1.604E-11  1.679E-11  4.032E+08  5.715E+01  0.000E+00  1.000E-03
  1.679E-11  1.757E-11  5.137E+08  4.924E+01  0.000E+00  1.000E-03
  1.757E-11  1.838E-11  8.591E+08  3.663E+01  0.000E+00  1.000E-03
  1.838E-11  1.923E-11  5.865E+08  4.381E+01  0.000E+00  1.000E-03
  1.923E-11  2.013E-11  3.363E+08  5.715E+01  0.000E+00  1.000E-03
  2.013E-11  2.106E-11  5.356E+08  4.381E+01  0.000E+00  1.000E-03
  2.106E-11  2.204E-11  4.095E+08  4.924E+01  0.000E+00  1.000E-03
  2.204E-11  2.306E-11  2.935E+08  5.715E+01  0.000E+00  1.000E-03
  2.306E-11  2.413E-11  2.805E+08  5.715E+01  0.000E+00  1.000E-03
  2.413E-11  2.525E-11  5.362E+08  3.978E+01  0.000E+00  1.000E-03
  2.525E-11  2.642E-11  4.270E+08  4.381E+01  0.000E+00  1.000E-03
  2.642E-11  2.764E-11  4.897E+08  3.978E+01  0.000E+00  1.000E-03
  2.764E-11  2.893E-11  6.240E+08  3.844E+01  0.000E+00  1.000E-03
  2.893E-11  3.027E-11  5.963E+08  3.408E+01  0.000E+00  1.000E-03
  3.027E-11  3.167E-11  4.274E+08  3.978E+01  0.000E+00  1.000E-03
  3.167E-11  3.314E-11  7.488E+08  2.859E+01  0.000E+00  1.000E-03
  3.314E-11  3.468E-11  7.156E+08  3.137E+01  0.000E+00  1.000E-03
  3.468E-11  3.628E-11  6.218E+08  3.624E+01  0.000E+00  1.000E-03
  3.628E-11  3.797E-11  5.942E+08  3.015E+01  0.000E+00  1.000E-03
  3.797E-11  3.973E-11  3.975E+08  3.663E+01  0.000E+00  1.000E-03
  3.973E-11  4.157E-11  5.970E+08  3.137E+01  0.000E+00  1.000E-03
  4.157E-11  4.350E-11  3.630E+08  3.663E+01  0.000E+00  1.000E-03
  4.350E-11  4.552E-11  6.939E+08  2.690E+01  0.000E+00  1.000E-03
  4.552E-11  4.763E-11  4.263E+08  3.196E+01  0.000E+00  1.000E-03
  4.763E-11  4.984E-11  4.527E+08  3.015E+01  0.000E+00  1.000E-03
  4.984E-11  5.215E-11  4.326E+08  3.015E+01  0.000E+00  1.000E-03
  5.215E-11  5.457E-11  4.134E+08  3.333E+01  0.000E+00  1.000E-03
  5.457E-11  5.710E-11  3.951E+08  3.015E+01  0.000E+00  1.000E-03
  5.710E-11  5.975E-11  3.776E+08  3.333E+01  0.000E+00  1.000E-03
  5.975E-11  6.252E-11  5.052E+08  2.690E+01  0.000E+00  1.000E-03
  6.252E-11  6.542E-11  3.449E+08  3.333E+01  0.000E+00  1.000E-03
  6.542E-11  6.845E-11  4.944E+08  2.392E+01  0.000E+00  1.000E-03
  6.845E-11  7.163E-11  2.835E+08  3.196E+01  0.000E+00  1.000E-03
  7.163E-11  7.495E-11  9.030E+07  5.715E+01  0.000E+00  1.000E-03
  7.495E-11  7.843E-11  1.726E+08  3.978E+01  0.000E+00  1.000E-03
  7.843E-11  8.206E-11  3.024E+08  2.859E+01  0.000E+00  1.000E-03
  8.206E-11  8.587E-11  2.365E+08  3.899E+01  0.000E+00  1.000E-03
  8.587E-11  8.985E-11  3.264E+08  2.600E+01  0.000E+00  1.000E-03
  8.985E-11  9.402E-11  1.440E+08  3.978E+01  0.000E+00  1.000E-03
  9.402E-11  9.838E-11  1.835E+08  3.408E+01  0.000E+00  1.000E-03
  9.838E-11  1.029E-10  1.534E+08  3.663E+01  0.000E+00  1.000E-03
  1.029E-10  1.077E-10  2.094E+08  3.015E+01  0.000E+00  1.000E-03
  1.077E-10  1.127E-10  1.601E+08  3.408E+01  0.000E+00  1.000E-03
  1.127E-10  1.179E-10  2.104E+08  3.137E+01  0.000E+00  1.000E-03
  1.179E-10  1.234E-10  1.828E+08  3.333E+01  0.000E+00  1.000E-03
  1.234E-10  1.291E-10  6.988E+07  4.924E+01  0.000E+00  1.000E-03
  1.291E-10  1.351E-10  3.339E+07  7.035E+01  0.000E+00  1.000E-03
  1.351E-10  1.414E-10  1.276E+08  3.408E+01  0.000E+00  1.000E-03
  1.414E-10  1.480E-10  3.050E+07  7.035E+01  0.000E+00  1.000E-03
  1.480E-10  1.548E-10  5.829E+07  4.924E+01  0.000E+00  1.000E-03
  1.548E-10  1.620E-10  5.571E+07  4.924E+01  0.000E+00  1.000E-03
  1.620E-10  1.695E-10  1.331E+07  9.900E+01  0.000E+00  1.000E-03
  1.695E-10  1.774E-10  1.272E+07  9.900E+01  0.000E+00  1.000E-03
  1.774E-10  1.856E-10  2.431E+07  7.035E+01  0.000E+00  1.000E-03
  1.856E-10  1.942E-10  5.808E+07  4.381E+01  0.000E+00  1.000E-03
  1.942E-10  2.032E-10  0.000E+00  0.000E+00  0.000E+00  1.000E-03
  2.032E-10  2.126E-10  2.122E+07  7.035E+01  0.000E+00  1.000E-03
  2.126E-10  2.225E-10  0.000E+00  0.000E+00  0.000E+00  1.000E-03
  2.225E-10  2.328E-10  2.907E+07  5.715E+01  0.000E+00  1.000E-03
  2.328E-10  2.436E-10  9.260E+06  9.900E+01  0.000E+00  1.000E-03
  2.436E-10  2.549E-10  0.000E+00  0.000E+00  0.000E+00  1.000E-03
  2.549E-10  2.667E-10  1.692E+07  7.035E+01  0.000E+00  1.000E-03
  2.667E-10  2.791E-10  8.083E+06  9.900E+01  0.000E+00  1.000E-03
  2.791E-10  2.921E-10  1.545E+07  7.035E+01  0.000E+00  1.000E-03
  2.921E-10  3.056E-10  7.382E+06  9.900E+01  0.000E+00  1.000E-03
  3.056E-10  3.198E-10  2.116E+07  5.715E+01  0.000E+00  1.000E-03
  3.198E-10  3.346E-10  6.742E+06  9.900E+01  0.000E+00  1.000E-03
  3.346E-10  3.501E-10  1.933E+07  5.715E+01  0.000E+00  1.000E-03
  3.501E-10  3.664E-10  6.158E+06  9.900E+01  0.000E+00  1.000E-03
  3.664E-10  3.834E-10  2.354E+07  4.924E+01  0.000E+00  1.000E-03
  3.834E-10  4.011E-10  1.125E+07  7.035E+01  0.000E+00  1.000E-03
  4.011E-10  4.198E-10  0.000E+00  0.000E+00  0.000E+00  1.000E-03
  4.198E-10  4.392E-10  1.027E+07  7.035E+01  0.000E+00  1.000E-03
  4.392E-10  4.596E-10  1.963E+07  4.924E+01  0.000E+00  1.000E-03
  4.596E-10  4.809E-10  9.382E+06  7.035E+01  0.000E+00  1.000E-03
  4.809E-10  5.032E-10  8.966E+06  7.035E+01  0.000E+00  1.000E-03
  5.032E-10  5.266E-10  4.284E+06  9.900E+01  0.000E+00  1.000E-03
  5.266E-10  5.510E-10  8.189E+06  7.035E+01  0.000E+00  1.000E-03
  5.510E-10  5.765E-10  3.913E+06  9.900E+01  0.000E+00  1.000E-03
  5.765E-10  6.033E-10  3.740E+06  9.900E+01  0.000E+00  1.000E-03
  6.033E-10  6.313E-10  3.574E+06  9.900E+01  0.000E+00  1.000E-03
  6.313E-10  6.605E-10  6.831E+06  7.035E+01  0.000E+00  1.000E-03
  6.605E-10  6.912E-10  9.792E+06  7.423E+01  0.000E+00  1.000E-03
  6.912E-10  7.232E-10  0.000E+00  0.000E+00  0.000E+00  1.000E-03
  7.232E-10  7.568E-10  2.981E+06  9.900E+01  0.000E+00  1.000E-03
  7.568E-10  7.919E-10  2.849E+06  9.900E+01  0.000E+00  1.000E-03
  7.919E-10  8.286E-10  5.445E+06  7.035E+01  0.000E+00  1.000E-03
  8.286E-10  8.670E-10  5.204E+06  7.035E+01  0.000E+00  1.000E-03
  8.670E-10  9.073E-10  7.460E+06  5.715E+01  0.000E+00  1.000E-03
  9.073E-10  9.493E-10  4.753E+06  7.035E+01  0.000E+00  1.000E-03
  9.493E-10  9.934E-10  2.271E+06  9.900E+01  0.000E+00  1.000E-03
  9.934E-10  1.039E-09  6.511E+06  5.715E+01  0.000E+00  1.000E-03
  1.039E-09  1.088E-09  2.074E+06  9.900E+01  0.000E+00  1.000E-03
  1.088E-09  1.138E-09  1.982E+06  9.900E+01  0.000E+00  1.000E-03
  1.138E-09  1.191E-09  3.789E+06  7.035E+01  0.000E+00  1.000E-03
  1.191E-09  1.246E-09  1.810E+06  9.900E+01  0.000E+00  1.000E-03
  1.246E-09  1.304E-09  1.730E+06  9.900E+01  0.000E+00  1.000E-03
  1.304E-09  1.364E-09  4.960E+06  5.715E+01  0.000E+00  1.000E-03
  1.364E-09  1.428E-09  0.000E+00  0.000E+00  0.000E+00  1.000E-03
  1.428E-09  1.494E-09  0.000E+00  0.000E+00  0.000E+00  1.000E-03
  1.494E-09  1.563E-09  0.000E+00  0.000E+00  0.000E+00  1.000E-03
  1.563E-09  1.636E-09  2.758E+06  7.035E+01  0.000E+00  1.000E-03
  1.636E-09  1.712E-09  3.954E+06  5.715E+01  0.000E+00  1.000E-03
  1.712E-09  1.791E-09  3.779E+06  5.715E+01  0.000E+00  1.000E-03
  1.791E-09  1.874E-09  1.204E+06  9.900E+01  0.000E+00  1.000E-03
  1.874E-09  1.961E-09  2.301E+06  7.035E+01  0.000E+00  1.000E-03
  1.961E-09  2.052E-09  1.099E+06  9.900E+01  0.000E+00  1.000E-03
  2.052E-09  2.147E-09  5.254E+06  4.381E+01  0.000E+00  1.000E-03
  2.147E-09  2.247E-09  3.013E+06  5.715E+01  0.000E+00  1.000E-03
  2.247E-09  2.351E-09  1.919E+06  7.035E+01  0.000E+00  1.000E-03
  2.351E-09  2.460E-09  9.171E+05  9.900E+01  0.000E+00  1.000E-03
  2.460E-09  2.574E-09  8.765E+05  9.900E+01  0.000E+00  1.000E-03
  2.574E-09  2.693E-09  1.675E+06  7.035E+01  0.000E+00  1.000E-03
  2.693E-09  2.818E-09  2.401E+06  5.715E+01  0.000E+00  1.000E-03
  2.818E-09  2.949E-09  1.530E+06  7.035E+01  0.000E+00  1.000E-03
  2.949E-09  3.086E-09  0.000E+00  0.000E+00  0.000E+00  1.000E-03
  3.086E-09  3.229E-09  0.000E+00  0.000E+00  0.000E+00  1.000E-03
  3.229E-09  3.379E-09  0.000E+00  0.000E+00  0.000E+00  1.000E-03
  3.379E-09  3.535E-09  1.276E+06  7.035E+01  0.000E+00  1.000E-03
  3.535E-09  3.699E-09  1.220E+06  7.035E+01  0.000E+00  1.000E-03
  3.699E-09  3.871E-09  0.000E+00  0.000E+00  0.000E+00  1.000E-03
  3.871E-09  4.050E-09  1.114E+06  7.035E+01  0.000E+00  1.000E-03
  4.050E-09  4.238E-09  0.000E+00  0.000E+00  0.000E+00  1.000E-03
  4.238E-09  4.435E-09  1.017E+06  7.035E+01  0.000E+00  1.000E-03
  4.435E-09  4.641E-09  0.000E+00  0.000E+00  0.000E+00  1.000E-03
  4.641E-09  4.856E-09  0.000E+00  0.000E+00  0.000E+00  1.000E-03
  4.856E-09  5.081E-09  8.880E+05  7.035E+01  0.000E+00  1.000E-03
  5.081E-09  5.317E-09  0.000E+00  0.000E+00  0.000E+00  1.000E-03
  5.317E-09  5.563E-09  4.055E+05  9.900E+01  0.000E+00  1.000E-03
  5.563E-09  5.821E-09  3.875E+05  9.900E+01  0.000E+00  1.000E-03
  5.821E-09  6.091E-09  3.704E+05  9.900E+01  0.000E+00  1.000E-03
  6.091E-09  6.374E-09  1.416E+06  4.924E+01  0.000E+00  1.000E-03
  6.374E-09  6.670E-09  6.765E+05  7.035E+01  0.000E+00  1.000E-03
  6.670E-09  6.979E-09  0.000E+00  0.000E+00  0.000E+00  1.000E-03
  6.979E-09  7.303E-09  0.000E+00  0.000E+00  0.000E+00  1.000E-03
  7.303E-09  7.641E-09  8.857E+05  5.715E+01  0.000E+00  1.000E-03
  7.641E-09  7.996E-09  1.129E+06  6.072E+01  0.000E+00  1.000E-03
  7.996E-09  8.367E-09  1.079E+06  4.924E+01  0.000E+00  1.000E-03
  8.367E-09  8.755E-09  1.031E+06  6.072E+01  0.000E+00  1.000E-03
  8.755E-09  9.161E-09  2.463E+05  9.900E+01  0.000E+00  1.000E-03
  9.161E-09  9.586E-09  4.707E+05  7.035E+01  0.000E+00  1.000E-03
  9.586E-09  1.003E-08  0.000E+00  0.000E+00  0.000E+00  1.000E-03
  1.003E-08  1.050E-08  2.150E+05  9.900E+01  0.000E+00  1.000E-03
  1.050E-08  1.098E-08  4.108E+05  7.035E+01  0.000E+00  1.000E-03
  1.098E-08  1.149E-08  5.890E+05  7.423E+01  0.000E+00  1.000E-03
  1.149E-08  1.202E-08  0.000E+00  0.000E+00  0.000E+00  1.000E-03
  1.202E-08  1.258E-08  1.793E+05  9.900E+01  0.000E+00  1.000E-03
  1.258E-08  1.317E-08  6.854E+05  4.924E+01  0.000E+00  1.000E-03
  1.317E-08  1.378E-08  8.188E+05  4.381E+01  0.000E+00  1.000E-03
  1.378E-08  1.442E-08  1.565E+05  9.900E+01  0.000E+00  1.000E-03
  1.442E-08  1.508E-08  0.000E+00  0.000E+00  0.000E+00  1.000E-03
  1.508E-08  1.578E-08  1.429E+05  9.900E+01  0.000E+00  1.000E-03
  1.578E-08  1.652E-08  4.098E+05  5.715E+01  0.000E+00  1.000E-03
  1.652E-08  1.728E-08  1.305E+05  9.900E+01  0.000E+00  1.000E-03
  1.728E-08  1.808E-08  3.743E+05  5.715E+01  0.000E+00  1.000E-03
  1.808E-08  1.892E-08  1.192E+05  9.900E+01  0.000E+00  1.000E-03
  1.892E-08  1.980E-08  1.139E+05  9.900E+01  0.000E+00  1.000E-03
  1.980E-08  2.072E-08  0.000E+00  0.000E+00  0.000E+00  1.000E-03
  2.072E-08  2.168E-08  1.041E+05  9.900E+01  0.000E+00  1.000E-03
  2.168E-08  2.268E-08  2.984E+05  5.715E+01  0.000E+00  1.000E-03
  2.268E-08  2.374E-08  1.901E+05  7.035E+01  0.000E+00  1.000E-03
  2.374E-08  2.484E-08  2.725E+05  5.715E+01  0.000E+00  1.000E-03
  2.484E-08  2.599E-08  1.736E+05  7.035E+01  0.000E+00  1.000E-03
  2.599E-08  2.720E-08  3.318E+05  4.924E+01  0.000E+00  1.000E-03
  2.720E-08  2.846E-08  7.928E+04  9.900E+01  0.000E+00  1.000E-03
  2.846E-08  2.978E-08  1.515E+05  7.035E+01  0.000E+00  1.000E-03
  2.978E-08  3.116E-08  7.241E+04  9.900E+01  0.000E+00  1.000E-03
  3.116E-08  3.260E-08  6.920E+04  9.900E+01  0.000E+00  1.000E-03
  3.260E-08  3.411E-08  6.613E+04  9.900E+01  0.000E+00  1.000E-03
  3.411E-08  3.570E-08  6.320E+04  9.900E+01  0.000E+00  1.000E-03
  3.570E-08  3.735E-08  0.000E+00  0.000E+00  0.000E+00  1.000E-03
  3.735E-08  3.909E-08  1.732E+05  5.715E+01  0.000E+00  1.000E-03
  3.909E-08  4.090E-08  1.655E+05  5.715E+01  0.000E+00  1.000E-03
  4.090E-08  4.280E-08  5.272E+04  9.900E+01  0.000E+00  1.000E-03
  4.280E-08  4.478E-08  2.015E+05  4.924E+01  0.000E+00  1.000E-03
  4.478E-08  4.686E-08  4.815E+04  9.900E+01  0.000E+00  1.000E-03
  4.686E-08  4.903E-08  0.000E+00  0.000E+00  0.000E+00  1.000E-03
  4.903E-08  5.130E-08  8.795E+04  7.035E+01  0.000E+00  1.000E-03
  5.130E-08  5.368E-08  8.405E+04  7.035E+01  0.000E+00  1.000E-03
  5.368E-08  5.617E-08  1.205E+05  5.715E+01  0.000E+00  1.000E-03
  5.617E-08  5.878E-08  3.838E+04  9.900E+01  0.000E+00  1.000E-03
  5.878E-08  6.151E-08  3.668E+04  9.900E+01  0.000E+00  1.000E-03
  6.151E-08  6.436E-08  3.505E+04  9.900E+01  0.000E+00  1.000E-03
  6.436E-08  6.734E-08  0.000E+00  0.000E+00  0.000E+00  1.000E-03
  6.734E-08  7.047E-08  6.403E+04  7.035E+01  0.000E+00  1.000E-03
  7.047E-08  7.374E-08  6.119E+04  7.035E+01  0.000E+00  1.000E-03
  7.374E-08  7.716E-08  2.924E+04  9.900E+01  0.000E+00  1.000E-03
  7.716E-08  8.073E-08  2.794E+04  9.900E+01  0.000E+00  1.000E-03
  8.073E-08  8.448E-08  2.671E+04  9.900E+01  0.000E+00  1.000E-03
  8.448E-08  8.840E-08  5.104E+04  7.035E+01  0.000E+00  1.000E-03
  8.840E-08  9.250E-08  2.439E+04  9.900E+01  0.000E+00  1.000E-03
  9.250E-08  9.679E-08  2.331E+04  9.900E+01  0.000E+00  1.000E-03
  9.679E-08  1.013E-07  0.000E+00  0.000E+00  0.000E+00  1.000E-03
  1.013E-07  1.060E-07  2.129E+04  9.900E+01  0.000E+00  1.000E-03
  1.060E-07  1.109E-07  8.138E+04  4.924E+01  0.000E+00  1.000E-03
  1.109E-07  1.160E-07  3.889E+04  7.035E+01  0.000E+00  1.000E-03
  1.160E-07  1.214E-07  1.858E+04  9.900E+01  0.000E+00  1.000E-03
  1.214E-07  1.270E-07  3.551E+04  7.035E+01  0.000E+00  1.000E-03
  1.270E-07  1.329E-07  5.091E+04  5.715E+01  0.000E+00  1.000E-03
  1.329E-07  1.391E-07  3.244E+04  7.035E+01  0.000E+00  1.000E-03
  1.391E-07  1.456E-07  3.100E+04  7.035E+01  0.000E+00  1.000E-03
  1.456E-07  1.523E-07  1.481E+04  9.900E+01  0.000E+00  1.000E-03
  1.523E-07  1.594E-07  4.247E+04  5.715E+01  0.000E+00  1.000E-03
  1.594E-07  1.668E-07  5.411E+04  4.924E+01  0.000E+00  1.000E-03
  1.668E-07  1.745E-07  0.000E+00  0.000E+00  0.000E+00  1.000E-03
  1.745E-07  1.826E-07  1.236E+04  9.900E+01  0.000E+00  1.000E-03
  1.826E-07  1.911E-07  2.362E+04  7.035E+01  0.000E+00  1.000E-03
  1.911E-07  1.999E-07  0.000E+00  0.000E+00  0.000E+00  1.000E-03
  1.999E-07  2.092E-07  1.078E+04  9.900E+01  0.000E+00  1.000E-03
  2.092E-07  2.189E-07  2.061E+04  7.035E+01  0.000E+00  1.000E-03
  2.189E-07  2.291E-07  1.970E+04  7.035E+01  0.000E+00  1.000E-03
  2.291E-07  2.397E-07  1.883E+04  7.035E+01  0.000E+00  1.000E-03
  2.397E-07  2.508E-07  1.799E+04  7.035E+01  0.000E+00  1.000E-03
  2.508E-07  2.624E-07  3.439E+04  4.924E+01  0.000E+00  1.000E-03
  2.624E-07  2.746E-07  0.000E+00  0.000E+00  0.000E+00  1.000E-03
  2.746E-07  2.873E-07  2.355E+04  5.715E+01  0.000E+00  1.000E-03
  2.873E-07  3.007E-07  7.504E+03  9.900E+01  0.000E+00  1.000E-03
  3.007E-07  3.146E-07  7.171E+03  9.900E+01  0.000E+00  1.000E-03
  3.146E-07  3.292E-07  0.000E+00  0.000E+00  0.000E+00  1.000E-03
  3.292E-07  3.445E-07  6.549E+03  9.900E+01  0.000E+00  1.000E-03
  3.445E-07  3.604E-07  1.252E+04  7.035E+01  0.000E+00  1.000E-03
  3.604E-07  3.772E-07  2.393E+04  4.924E+01  0.000E+00  1.000E-03
  3.772E-07  3.947E-07  0.000E+00  0.000E+00  0.000E+00  1.000E-03
  3.947E-07  4.130E-07  2.185E+04  4.924E+01  0.000E+00  1.000E-03
  4.130E-07  4.321E-07  5.221E+03  9.900E+01  0.000E+00  1.000E-03
  4.321E-07  4.522E-07  4.989E+03  9.900E+01  0.000E+00  1.000E-03
  4.522E-07  4.731E-07  4.768E+03  9.900E+01  0.000E+00  1.000E-03
  4.731E-07  4.951E-07  9.114E+03  7.035E+01  0.000E+00  1.000E-03
  4.951E-07  5.180E-07  8.710E+03  7.035E+01  0.000E+00  1.000E-03
  5.180E-07  5.421E-07  0.000E+00  0.000E+00  0.000E+00  1.000E-03
  5.421E-07  5.672E-07  3.977E+03  9.900E+01  0.000E+00  1.000E-03
  5.672E-07  5.935E-07  0.000E+00  0.000E+00  0.000E+00  1.000E-03
  5.935E-07  6.210E-07  3.633E+03  9.900E+01  0.000E+00  1.000E-03
  6.210E-07  6.498E-07  6.943E+03  7.035E+01  0.000E+00  1.000E-03
  6.498E-07  6.800E-07  0.000E+00  0.000E+00  0.000E+00  1.000E-03
  6.800E-07  7.115E-07  0.000E+00  0.000E+00  0.000E+00  1.000E-03
  7.115E-07  7.445E-07  1.212E+04  4.924E+01  0.000E+00  1.000E-03
  7.445E-07  7.791E-07  0.000E+00  0.000E+00  0.000E+00  1.000E-03
  7.791E-07  8.152E-07  5.535E+03  7.035E+01  0.000E+00  1.000E-03
  8.152E-07  8.530E-07  0.000E+00  0.000E+00  0.000E+00  1.000E-03
  8.530E-07  8.926E-07  0.000E+00  0.000E+00  0.000E+00  1.000E-03
  8.926E-07  9.340E-07  7.247E+03  5.715E+01  0.000E+00  1.000E-03
  9.340E-07  9.773E-07  2.308E+03  9.900E+01  0.000E+00  1.000E-03
  9.773E-07  1.023E-06  2.206E+03  9.900E+01  0.000E+00  1.000E-03
  1.023E-06  1.070E-06  4.217E+03  7.035E+01  0.000E+00  1.000E-03
  1.070E-06  1.120E-06  2.015E+03  9.900E+01  0.000E+00  1.000E-03
  1.120E-06  1.172E-06  0.000E+00  0.000E+00  0.000E+00  1.000E-03
  1.172E-06  1.226E-06  1.840E+03  9.900E+01  0.000E+00  1.000E-03
  1.226E-06  1.283E-06  1.759E+03  9.900E+01  0.000E+00  1.000E-03
  1.283E-06  1.342E-06  5.042E+03  5.715E+01  0.000E+00  1.000E-03
  1.342E-06  1.405E-06  4.819E+03  5.715E+01  0.000E+00  1.000E-03
  1.405E-06  1.470E-06  4.605E+03  5.715E+01  0.000E+00  1.000E-03
  1.470E-06  1.538E-06  1.467E+03  9.900E+01  0.000E+00  1.000E-03
  1.538E-06  1.609E-06  2.804E+03  7.035E+01  0.000E+00  1.000E-03
  1.609E-06  1.684E-06  2.680E+03  7.035E+01  0.000E+00  1.000E-03
  1.684E-06  1.762E-06  1.280E+03  9.900E+01  0.000E+00  1.000E-03
  1.762E-06  1.844E-06  1.224E+03  9.900E+01  0.000E+00  1.000E-03
  1.844E-06  1.929E-06  4.678E+03  4.924E+01  0.000E+00  1.000E-03
  1.929E-06  2.019E-06  0.000E+00  0.000E+00  0.000E+00  1.000E-03
  2.019E-06  2.112E-06  0.000E+00  0.000E+00  0.000E+00  1.000E-03
  2.112E-06  2.210E-06  6.124E+03  3.978E+01  0.000E+00  1.000E-03
  2.210E-06  2.313E-06  1.951E+03  7.035E+01  0.000E+00  1.000E-03
  2.313E-06  2.420E-06  3.729E+03  4.924E+01  0.000E+00  1.000E-03
  2.420E-06  2.532E-06  1.782E+03  7.035E+01  0.000E+00  1.000E-03
  2.532E-06  2.650E-06  3.406E+03  4.924E+01  0.000E+00  1.000E-03
  2.650E-06  2.773E-06  4.068E+03  4.381E+01  0.000E+00  1.000E-03
  2.773E-06  2.901E-06  0.000E+00  0.000E+00  0.000E+00  1.000E-03
  2.901E-06  3.036E-06  2.229E+03  5.715E+01  0.000E+00  1.000E-03
  3.036E-06  3.177E-06  0.000E+00  0.000E+00  0.000E+00  1.000E-03
  3.177E-06  3.324E-06  2.036E+03  5.715E+01  0.000E+00  1.000E-03
  3.324E-06  3.478E-06  1.946E+03  5.715E+01  0.000E+00  1.000E-03
  3.478E-06  3.639E-06  1.860E+03  5.715E+01  0.000E+00  1.000E-03
  3.639E-06  3.808E-06  5.924E+02  9.900E+01  0.000E+00  1.000E-03
  3.808E-06  3.985E-06  1.698E+03  5.715E+01  0.000E+00  1.000E-03
  3.985E-06  4.170E-06  5.410E+02  9.900E+01  0.000E+00  1.000E-03
  4.170E-06  4.363E-06  1.034E+03  7.035E+01  0.000E+00  1.000E-03
  4.363E-06  4.565E-06  0.000E+00  0.000E+00  0.000E+00  1.000E-03
  4.565E-06  4.777E-06  4.722E+02  9.900E+01  0.000E+00  1.000E-03
  4.777E-06  4.999E-06  9.026E+02  7.035E+01  0.000E+00  1.000E-03
  4.999E-06  5.231E-06  4.313E+02  9.900E+01  0.000E+00  1.000E-03
  5.231E-06  5.473E-06  1.649E+03  4.924E+01  0.000E+00  1.000E-03
  5.473E-06  5.727E-06  1.182E+03  5.715E+01  0.000E+00  1.000E-03
  5.727E-06  5.993E-06  3.765E+02  9.900E+01  0.000E+00  1.000E-03
  5.993E-06  6.271E-06  0.000E+00  0.000E+00  0.000E+00  1.000E-03
  6.271E-06  6.562E-06  6.876E+02  7.035E+01  0.000E+00  1.000E-03
  6.562E-06  6.866E-06  1.314E+03  4.924E+01  0.000E+00  1.000E-03
  6.866E-06  7.184E-06  3.140E+02  9.900E+01  0.000E+00  1.000E-03
  7.184E-06  7.518E-06  9.003E+02  5.715E+01  0.000E+00  1.000E-03
  7.518E-06  7.866E-06  5.736E+02  7.035E+01  0.000E+00  1.000E-03
  7.866E-06  8.231E-06  5.482E+02  7.035E+01  0.000E+00  1.000E-03
  8.231E-06  8.613E-06  5.239E+02  7.035E+01  0.000E+00  1.000E-03
  8.613E-06  9.012E-06  5.006E+02  7.035E+01  0.000E+00  1.000E-03
  9.012E-06  9.430E-06  7.177E+02  5.715E+01  0.000E+00  1.000E-03
  9.430E-06  9.868E-06  0.000E+00  0.000E+00  0.000E+00  1.000E-03
  9.868E-06  1.033E-05  8.740E+02  4.924E+01  0.000E+00  1.000E-03
  1.033E-05  1.080E-05  2.088E+02  9.900E+01  0.000E+00  1.000E-03
  1.080E-05  1.131E-05  1.996E+02  9.900E+01  0.000E+00  1.000E-03
  1.131E-05  1.183E-05  7.628E+02  4.924E+01  0.000E+00  1.000E-03
  1.183E-05  1.238E-05  5.468E+02  5.715E+01  0.000E+00  1.000E-03
  1.238E-05  1.295E-05  6.967E+02  4.924E+01  0.000E+00  1.000E-03
  1.295E-05  1.355E-05  1.665E+02  9.900E+01  0.000E+00  1.000E-03
  1.355E-05  1.418E-05  3.181E+02  7.035E+01  0.000E+00  1.000E-03
  1.418E-05  1.484E-05  3.040E+02  7.035E+01  0.000E+00  1.000E-03
  1.484E-05  1.553E-05  5.811E+02  4.924E+01  0.000E+00  1.000E-03
  1.553E-05  1.625E-05  1.388E+02  9.900E+01  0.000E+00  1.000E-03
  1.625E-05  1.700E-05  1.327E+02  9.900E+01  0.000E+00  1.000E-03
  1.700E-05  1.779E-05  1.268E+02  9.900E+01  0.000E+00  1.000E-03
  1.779E-05  1.862E-05  1.212E+02  9.900E+01  0.000E+00  1.000E-03
  1.862E-05  1.948E-05  1.158E+02  9.900E+01  0.000E+00  1.000E-03
  1.948E-05  2.038E-05  2.214E+02  7.035E+01  0.000E+00  1.000E-03
  2.038E-05  2.133E-05  1.058E+02  9.900E+01  0.000E+00  1.000E-03
  2.133E-05  2.232E-05  5.054E+02  4.381E+01  0.000E+00  1.000E-03
  2.232E-05  2.335E-05  2.898E+02  5.715E+01  0.000E+00  1.000E-03
  2.335E-05  2.444E-05  2.770E+02  5.715E+01  0.000E+00  1.000E-03
  2.444E-05  2.557E-05  5.294E+02  3.978E+01  0.000E+00  1.000E-03
  2.557E-05  2.675E-05  1.686E+02  7.035E+01  0.000E+00  1.000E-03
  2.675E-05  2.800E-05  0.000E+00  0.000E+00  0.000E+00  1.000E-03
  2.800E-05  2.929E-05  2.310E+02  5.715E+01  0.000E+00  1.000E-03
  2.929E-05  3.065E-05  1.472E+02  7.035E+01  0.000E+00  1.000E-03
  3.065E-05  3.207E-05  2.110E+02  5.715E+01  0.000E+00  1.000E-03
  3.207E-05  3.356E-05  1.344E+02  7.035E+01  0.000E+00  1.000E-03
  3.356E-05  3.512E-05  1.285E+02  7.035E+01  0.000E+00  1.000E-03
  3.512E-05  3.675E-05  2.456E+02  6.072E+01  0.000E+00  1.000E-03
  3.675E-05  3.845E-05  2.347E+02  4.924E+01  0.000E+00  1.000E-03
  3.845E-05  4.024E-05  3.925E+02  4.188E+01  0.000E+00  1.000E-03
  4.024E-05  4.210E-05  2.143E+02  4.924E+01  0.000E+00  1.000E-03
  4.210E-05  4.405E-05  5.121E+01  9.900E+01  0.000E+00  1.000E-03
  4.405E-05  4.610E-05  4.894E+01  9.900E+01  0.000E+00  1.000E-03
  4.610E-05  4.824E-05  0.000E+00  0.000E+00  0.000E+00  1.000E-03
  4.824E-05  5.047E-05  8.939E+01  7.035E+01  0.000E+00  1.000E-03
  5.047E-05  5.281E-05  2.136E+02  5.222E+01  0.000E+00  1.000E-03
  5.281E-05  5.526E-05  4.082E+01  9.900E+01  0.000E+00  1.000E-03
  5.526E-05  5.783E-05  1.561E+02  4.924E+01  0.000E+00  1.000E-03
  5.783E-05  6.051E-05  7.457E+01  7.035E+01  0.000E+00  1.000E-03
  6.051E-05  6.332E-05  7.126E+01  7.035E+01  0.000E+00  1.000E-03
  6.332E-05  6.625E-05  0.000E+00  0.000E+00  0.000E+00  1.000E-03
  6.625E-05  6.933E-05  1.302E+02  7.882E+01  0.000E+00  1.000E-03
  6.933E-05  7.254E-05  6.220E+01  7.035E+01  0.000E+00  1.000E-03
  7.254E-05  7.591E-05  1.189E+02  4.924E+01  0.000E+00  1.000E-03
  7.591E-05  7.943E-05  1.136E+02  4.924E+01  0.000E+00  1.000E-03
  7.943E-05  8.311E-05  1.086E+02  4.924E+01  0.000E+00  1.000E-03
  8.311E-05  8.697E-05  0.000E+00  0.000E+00  0.000E+00  1.000E-03
  8.697E-05  9.100E-05  4.958E+01  7.035E+01  0.000E+00  1.000E-03
  9.100E-05  9.522E-05  1.422E+02  3.978E+01  0.000E+00  1.000E-03
  9.522E-05  9.964E-05  1.585E+02  3.663E+01  0.000E+00  1.000E-03
  9.964E-05  1.043E-04  6.492E+01  5.715E+01  0.000E+00  1.000E-03
  1.043E-04  1.091E-04  8.272E+01  4.924E+01  0.000E+00  1.000E-03
  1.091E-04  1.142E-04  5.929E+01  5.715E+01  0.000E+00  1.000E-03
  1.142E-04  1.194E-04  7.555E+01  4.924E+01  0.000E+00  1.000E-03
  1.194E-04  1.250E-04  5.415E+01  5.715E+01  0.000E+00  1.000E-03
  1.250E-04  1.308E-04  5.175E+01  5.715E+01  0.000E+00  1.000E-03
  1.308E-04  1.369E-04  3.297E+01  7.035E+01  0.000E+00  1.000E-03
  1.369E-04  1.432E-04  3.151E+01  7.035E+01  0.000E+00  1.000E-03
  1.432E-04  1.498E-04  3.011E+01  7.035E+01  0.000E+00  1.000E-03
  1.498E-04  1.568E-04  7.194E+01  4.381E+01  0.000E+00  1.000E-03
  1.568E-04  1.641E-04  4.125E+01  5.715E+01  0.000E+00  1.000E-03
  1.641E-04  1.717E-04  1.314E+02  3.015E+01  0.000E+00  1.000E-03
  1.717E-04  1.796E-04  6.279E+01  5.222E+01  0.000E+00  1.000E-03
  1.796E-04  1.880E-04  2.400E+01  7.035E+01  0.000E+00  1.000E-03
  1.880E-04  1.967E-04  6.882E+01  3.978E+01  0.000E+00  1.000E-03
  1.967E-04  2.058E-04  5.481E+01  4.381E+01  0.000E+00  1.000E-03
  2.058E-04  2.154E-04  7.333E+01  4.188E+01  0.000E+00  1.000E-03
  2.154E-04  2.253E-04  8.009E+01  3.408E+01  0.000E+00  1.000E-03
  2.253E-04  2.358E-04  7.654E+01  3.408E+01  0.000E+00  1.000E-03
  2.358E-04  2.467E-04  4.572E+01  4.381E+01  0.000E+00  1.000E-03
  2.467E-04  2.582E-04  7.864E+01  3.565E+01  0.000E+00  1.000E-03
  2.582E-04  2.701E-04  3.340E+01  4.924E+01  0.000E+00  1.000E-03
  2.701E-04  2.827E-04  3.990E+01  4.381E+01  0.000E+00  1.000E-03
  2.827E-04  2.958E-04  4.576E+01  3.978E+01  0.000E+00  1.000E-03
  2.958E-04  3.095E-04  5.102E+01  3.663E+01  0.000E+00  1.000E-03
  3.095E-04  3.239E-04  4.180E+01  4.630E+01  0.000E+00  1.000E-03
  3.239E-04  3.389E-04  4.660E+01  3.663E+01  0.000E+00  1.000E-03
  3.389E-04  3.546E-04  5.090E+01  3.408E+01  0.000E+00  1.000E-03
  3.546E-04  3.711E-04  4.256E+01  4.188E+01  0.000E+00  1.000E-03
  3.711E-04  3.883E-04  5.811E+01  3.333E+01  0.000E+00  1.000E-03
  3.883E-04  4.063E-04  4.442E+01  3.408E+01  0.000E+00  1.000E-03
  4.063E-04  4.251E-04  4.245E+01  3.408E+01  0.000E+00  1.000E-03
  4.251E-04  4.448E-04  5.579E+01  3.854E+01  0.000E+00  1.000E-03
  4.448E-04  4.655E-04  5.331E+01  2.859E+01  0.000E+00  1.000E-03
  4.655E-04  4.871E-04  6.485E+01  2.690E+01  0.000E+00  1.000E-03
  4.871E-04  5.096E-04  3.099E+01  3.663E+01  0.000E+00  1.000E-03
  5.096E-04  5.333E-04  1.692E+01  4.924E+01  0.000E+00  1.000E-03
  5.333E-04  5.580E-04  4.043E+01  3.015E+01  0.000E+00  1.000E-03
  5.580E-04  5.839E-04  4.250E+01  2.859E+01  0.000E+00  1.000E-03
  5.839E-04  6.110E-04  8.050E+05  2.209E-01  0.000E+00  1.000E-03
  6.110E-04  6.393E-04  0.000E+00  0.000E+00  0.000E+00  1.000E-03
  6.393E-04  6.690E-04  0.000E+00  0.000E+00  0.000E+00  1.000E-03
  6.690E-04  7.000E-04  0.000E+00  0.000E+00  0.000E+00  1.000E-03
  7.000E-04  7.000E-04  0.000E+00  0.000E+00  0.000E+00  1.000E-03

 # Block n:            2     1.00000005E-03  :   7.92665556E-02
  1.000E-13  1.046E-13  0.000E+00  0.000E+00  1.000E-03  7.927E-02
  1.046E-13  1.095E-13  0.000E+00  0.000E+00  1.000E-03  7.927E-02
  1.095E-13  1.146E-13  0.000E+00  0.000E+00  1.000E-03  7.927E-02
  1.146E-13  1.199E-13  0.000E+00  0.000E+00  1.000E-03  7.927E-02
  1.199E-13  1.254E-13  0.000E+00  0.000E+00  1.000E-03  7.927E-02
  1.254E-13  1.313E-13  0.000E+00  0.000E+00  1.000E-03  7.927E-02
  1.313E-13  1.374E-13  0.000E+00  0.000E+00  1.000E-03  7.927E-02
  1.374E-13  1.437E-13  0.000E+00  0.000E+00  1.000E-03  7.927E-02
  1.437E-13  1.504E-13  0.000E+00  0.000E+00  1.000E-03  7.927E-02
  1.504E-13  1.574E-13  0.000E+00  0.000E+00  1.000E-03  7.927E-02
  1.574E-13  1.647E-13  0.000E+00  0.000E+00  1.000E-03  7.927E-02
  1.647E-13  1.723E-13  0.000E+00  0.000E+00  1.000E-03  7.927E-02
  1.723E-13  1.803E-13  0.000E+00  0.000E+00  1.000E-03  7.927E-02
  1.803E-13  1.887E-13  0.000E+00  0.000E+00  1.000E-03  7.927E-02
  1.887E-13  1.974E-13  0.000E+00  0.000E+00  1.000E-03  7.927E-02
  1.974E-13  2.066E-13  0.000E+00  0.000E+00  1.000E-03  7.927E-02
  2.066E-13  2.161E-13  0.000E+00  0.000E+00  1.000E-03  7.927E-02
  2.161E-13  2.262E-13  0.000E+00  0.000E+00  1.000E-03  7.927E-02
  2.262E-13  2.367E-13  0.000E+00  0.000E+00  1.000E-03  7.927E-02
  2.367E-13  2.476E-13  0.000E+00  0.000E+00  1.000E-03  7.927E-02
  2.476E-13  2.591E-13  0.000E+00  0.000E+00  1.000E-03  7.927E-02
  2.591E-13  2.711E-13  0.000E+00  0.000E+00  1.000E-03  7.927E-02
  2.711E-13  2.837E-13  0.000E+00  0.000E+00  1.000E-03  7.927E-02
  2.837E-13  2.969E-13  0.000E+00  0.000E+00  1.000E-03  7.927E-02
  2.969E-13  3.106E-13  0.000E+00  0.000E+00  1.000E-03  7.927E-02
  3.106E-13  3.250E-13  0.000E+00  0.000E+00  1.000E-03  7.927E-02
  3.250E-13  3.401E-13  0.000E+00  0.000E+00  1.000E-03  7.927E-02
  3.401E-13  3.559E-13  0.000E+00  0.000E+00  1.000E-03  7.927E-02
  3.559E-13  3.724E-13  0.000E+00  0.000E+00  1.000E-03  7.927E-02
  3.724E-13  3.897E-13  0.000E+00  0.000E+00  1.000E-03  7.927E-02
  3.897E-13  4.078E-13  0.000E+00  0.000E+00  1.000E-03  7.927E-02
  4.078E-13  4.267E-13  0.000E+00  0.000E+00  1.000E-03  7.927E-02
  4.267E-13  4.465E-13  0.000E+00  0.000E+00  1.000E-03  7.927E-02
  4.465E-13  4.672E-13  0.000E+00  0.000E+00  1.000E-03  7.927E-02
  4.672E-13  4.888E-13  0.000E+00  0.000E+00  1.000E-03  7.927E-02
  4.888E-13  5.115E-13  0.000E+00  0.000E+00  1.000E-03  7.927E-02
  5.115E-13  5.352E-13  0.000E+00  0.000E+00  1.000E-03  7.927E-02
  5.352E-13  5.601E-13  0.000E+00  0.000E+00  1.000E-03  7.927E-02
  5.601E-13  5.860E-13  4.919E+07  9.900E+01  1.000E-03  7.927E-02
  5.860E-13  6.132E-13  4.701E+07  9.900E+01  1.000E-03  7.927E-02
  6.132E-13  6.416E-13  4.492E+07  9.900E+01  1.000E-03  7.927E-02
  6.416E-13  6.714E-13  0.000E+00  0.000E+00  1.000E-03  7.927E-02
  6.714E-13  7.026E-13  4.103E+07  9.900E+01  1.000E-03  7.927E-02
  7.026E-13  7.351E-13  3.921E+07  9.900E+01  1.000E-03  7.927E-02
  7.351E-13  7.692E-13  0.000E+00  0.000E+00  1.000E-03  7.927E-02
  7.692E-13  8.049E-13  3.581E+07  9.900E+01  1.000E-03  7.927E-02
  8.049E-13  8.422E-13  0.000E+00  0.000E+00  1.000E-03  7.927E-02
  8.422E-13  8.813E-13  3.271E+07  9.900E+01  1.000E-03  7.927E-02
  8.813E-13  9.222E-13  0.000E+00  0.000E+00  1.000E-03  7.927E-02
  9.222E-13  9.650E-13  2.987E+07  9.900E+01  1.000E-03  7.927E-02
  9.650E-13  1.010E-12  5.709E+07  7.035E+01  1.000E-03  7.927E-02
  1.010E-12  1.057E-12  0.000E+00  0.000E+00  1.000E-03  7.927E-02
  1.057E-12  1.106E-12  2.607E+07  9.900E+01  1.000E-03  7.927E-02
  1.106E-12  1.157E-12  4.983E+07  7.035E+01  1.000E-03  7.927E-02
  1.157E-12  1.210E-12  0.000E+00  0.000E+00  1.000E-03  7.927E-02
  1.210E-12  1.267E-12  2.276E+07  9.900E+01  1.000E-03  7.927E-02
  1.267E-12  1.325E-12  0.000E+00  0.000E+00  1.000E-03  7.927E-02
  1.325E-12  1.387E-12  4.157E+07  7.035E+01  1.000E-03  7.927E-02
  1.387E-12  1.451E-12  1.986E+07  9.900E+01  1.000E-03  7.927E-02
  1.451E-12  1.518E-12  1.898E+07  9.900E+01  1.000E-03  7.927E-02
  1.518E-12  1.589E-12  0.000E+00  0.000E+00  1.000E-03  7.927E-02
  1.589E-12  1.663E-12  1.734E+07  9.900E+01  1.000E-03  7.927E-02
  1.663E-12  1.740E-12  1.657E+07  9.900E+01  1.000E-03  7.927E-02
  1.740E-12  1.820E-12  3.167E+07  7.035E+01  1.000E-03  7.927E-02
  1.820E-12  1.905E-12  9.079E+07  3.978E+01  1.000E-03  7.927E-02
  1.905E-12  1.993E-12  0.000E+00  0.000E+00  1.000E-03  7.927E-02
  1.993E-12  2.086E-12  1.382E+07  9.900E+01  1.000E-03  7.927E-02
  2.086E-12  2.182E-12  5.283E+07  4.924E+01  1.000E-03  7.927E-02
  2.182E-12  2.284E-12  1.262E+07  9.900E+01  1.000E-03  7.927E-02
  2.284E-12  2.390E-12  4.825E+07  4.924E+01  1.000E-03  7.927E-02
  2.390E-12  2.500E-12  5.764E+07  4.381E+01  1.000E-03  7.927E-02
  2.500E-12  2.616E-12  5.509E+07  4.381E+01  1.000E-03  7.927E-02
  2.616E-12  2.738E-12  6.317E+07  3.978E+01  1.000E-03  7.927E-02
  2.738E-12  2.865E-12  1.006E+08  3.015E+01  1.000E-03  7.927E-02
  2.865E-12  2.998E-12  4.808E+07  4.381E+01  1.000E-03  7.927E-02
  2.998E-12  3.137E-12  4.595E+07  4.381E+01  1.000E-03  7.927E-02
  3.137E-12  3.282E-12  6.148E+07  3.663E+01  1.000E-03  7.927E-02
  3.282E-12  3.434E-12  5.036E+07  3.978E+01  1.000E-03  7.927E-02
  3.434E-12  3.594E-12  9.625E+07  2.968E+01  1.000E-03  7.927E-02
  3.594E-12  3.760E-12  1.073E+08  2.690E+01  1.000E-03  7.927E-02
  3.760E-12  3.935E-12  4.396E+07  3.978E+01  1.000E-03  7.927E-02
  3.935E-12  4.117E-12  1.540E+08  2.101E+01  1.000E-03  7.927E-02
  4.117E-12  4.308E-12  8.698E+07  2.600E+01  1.000E-03  7.927E-02
  4.308E-12  4.508E-12  8.313E+07  2.600E+01  1.000E-03  7.927E-02
  4.508E-12  4.717E-12  1.100E+08  2.544E+01  1.000E-03  7.927E-02
  4.717E-12  4.936E-12  1.402E+08  2.225E+01  1.000E-03  7.927E-02
  4.936E-12  5.165E-12  1.339E+08  2.062E+01  1.000E-03  7.927E-02
  5.165E-12  5.404E-12  1.547E+08  1.647E+01  1.000E-03  7.927E-02
  5.404E-12  5.655E-12  1.325E+08  1.942E+01  1.000E-03  7.927E-02
  5.655E-12  5.917E-12  1.169E+08  1.975E+01  1.000E-03  7.927E-02
  5.917E-12  6.192E-12  8.845E+07  2.206E+01  1.000E-03  7.927E-02
  6.192E-12  6.479E-12  1.602E+08  1.555E+01  1.000E-03  7.927E-02
  6.479E-12  6.779E-12  1.276E+08  1.865E+01  1.000E-03  7.927E-02
  6.779E-12  7.094E-12  1.788E+08  1.526E+01  1.000E-03  7.927E-02
  7.094E-12  7.423E-12  1.514E+08  1.626E+01  1.000E-03  7.927E-02
  7.423E-12  7.767E-12  1.781E+08  1.688E+01  1.000E-03  7.927E-02
  7.767E-12  8.127E-12  1.986E+08  1.302E+01  1.000E-03  7.927E-02
  8.127E-12  8.504E-12  1.864E+08  1.424E+01  1.000E-03  7.927E-02
  8.504E-12  8.899E-12  2.300E+08  1.271E+01  1.000E-03  7.927E-02
  8.899E-12  9.311E-12  2.260E+08  1.166E+01  1.000E-03  7.927E-02
  9.311E-12  9.743E-12  2.160E+08  1.082E+01  1.000E-03  7.927E-02
  9.743E-12  1.020E-11  1.979E+08  1.175E+01  1.000E-03  7.927E-02
  1.020E-11  1.067E-11  1.945E+08  1.265E+01  1.000E-03  7.927E-02
  1.067E-11  1.116E-11  2.453E+08  1.041E+01  1.000E-03  7.927E-02
  1.116E-11  1.168E-11  2.394E+08  8.968E+00  1.000E-03  7.927E-02
  1.168E-11  1.222E-11  2.571E+08  1.084E+01  1.000E-03  7.927E-02
  1.222E-11  1.279E-11  2.547E+08  7.820E+00  1.000E-03  7.927E-02
  1.279E-11  1.338E-11  2.822E+08  8.312E+00  1.000E-03  7.927E-02
  1.338E-11  1.400E-11  2.944E+08  8.272E+00  1.000E-03  7.927E-02
  1.400E-11  1.465E-11  2.852E+08  7.679E+00  1.000E-03  7.927E-02
  1.465E-11  1.533E-11  3.215E+08  7.494E+00  1.000E-03  7.927E-02
  1.533E-11  1.604E-11  3.126E+08  6.566E+00  1.000E-03  7.927E-02
  1.604E-11  1.679E-11  3.674E+08  6.088E+00  1.000E-03  7.927E-02
  1.679E-11  1.757E-11  3.085E+08  6.516E+00  1.000E-03  7.927E-02
  1.757E-11  1.838E-11  3.419E+08  7.094E+00  1.000E-03  7.927E-02
  1.838E-11  1.923E-11  3.986E+08  6.593E+00  1.000E-03  7.927E-02
  1.923E-11  2.013E-11  4.010E+08  5.653E+00  1.000E-03  7.927E-02
  2.013E-11  2.106E-11  4.435E+08  5.499E+00  1.000E-03  7.927E-02
  2.106E-11  2.204E-11  4.068E+08  6.113E+00  1.000E-03  7.927E-02
  2.204E-11  2.306E-11  4.063E+08  5.825E+00  1.000E-03  7.927E-02
  2.306E-11  2.413E-11  4.313E+08  5.177E+00  1.000E-03  7.927E-02
  2.413E-11  2.525E-11  4.727E+08  4.975E+00  1.000E-03  7.927E-02
  2.525E-11  2.642E-11  5.019E+08  4.499E+00  1.000E-03  7.927E-02
  2.642E-11  2.764E-11  4.818E+08  5.146E+00  1.000E-03  7.927E-02
  2.764E-11  2.893E-11  4.843E+08  4.493E+00  1.000E-03  7.927E-02
  2.893E-11  3.027E-11  4.952E+08  4.073E+00  1.000E-03  7.927E-02
  3.027E-11  3.167E-11  4.432E+08  4.657E+00  1.000E-03  7.927E-02
  3.167E-11  3.314E-11  5.097E+08  4.052E+00  1.000E-03  7.927E-02
  3.314E-11  3.468E-11  5.328E+08  4.083E+00  1.000E-03  7.927E-02
  3.468E-11  3.628E-11  5.172E+08  3.637E+00  1.000E-03  7.927E-02
  3.628E-11  3.797E-11  4.882E+08  3.843E+00  1.000E-03  7.927E-02
  3.797E-11  3.973E-11  4.926E+08  4.245E+00  1.000E-03  7.927E-02
  3.973E-11  4.157E-11  4.937E+08  3.794E+00  1.000E-03  7.927E-02
  4.157E-11  4.350E-11  4.930E+08  3.926E+00  1.000E-03  7.927E-02
  4.350E-11  4.552E-11  5.041E+08  3.143E+00  1.000E-03  7.927E-02
  4.552E-11  4.763E-11  4.896E+08  3.698E+00  1.000E-03  7.927E-02
  4.763E-11  4.984E-11  4.824E+08  3.672E+00  1.000E-03  7.927E-02
  4.984E-11  5.215E-11  4.632E+08  2.971E+00  1.000E-03  7.927E-02
  5.215E-11  5.457E-11  4.358E+08  2.915E+00  1.000E-03  7.927E-02
  5.457E-11  5.710E-11  4.352E+08  3.226E+00  1.000E-03  7.927E-02
  5.710E-11  5.975E-11  4.149E+08  2.993E+00  1.000E-03  7.927E-02
  5.975E-11  6.252E-11  4.048E+08  3.328E+00  1.000E-03  7.927E-02
  6.252E-11  6.542E-11  3.719E+08  3.093E+00  1.000E-03  7.927E-02
  6.542E-11  6.845E-11  3.613E+08  3.554E+00  1.000E-03  7.927E-02
  6.845E-11  7.163E-11  3.666E+08  2.993E+00  1.000E-03  7.927E-02
  7.163E-11  7.495E-11  3.204E+08  3.571E+00  1.000E-03  7.927E-02
  7.495E-11  7.843E-11  3.054E+08  3.873E+00  1.000E-03  7.927E-02
  7.843E-11  8.206E-11  2.687E+08  3.868E+00  1.000E-03  7.927E-02
  8.206E-11  8.587E-11  2.568E+08  3.576E+00  1.000E-03  7.927E-02
  8.587E-11  8.985E-11  2.525E+08  3.491E+00  1.000E-03  7.927E-02
  8.985E-11  9.402E-11  2.057E+08  4.065E+00  1.000E-03  7.927E-02
  9.402E-11  9.838E-11  1.966E+08  3.743E+00  1.000E-03  7.927E-02
  9.838E-11  1.029E-10  1.817E+08  4.187E+00  1.000E-03  7.927E-02
  1.029E-10  1.077E-10  1.662E+08  4.422E+00  1.000E-03  7.927E-02
  1.077E-10  1.127E-10  1.445E+08  4.205E+00  1.000E-03  7.927E-02
  1.127E-10  1.179E-10  1.198E+08  4.762E+00  1.000E-03  7.927E-02
  1.179E-10  1.234E-10  1.212E+08  4.489E+00  1.000E-03  7.927E-02
  1.234E-10  1.291E-10  9.933E+07  4.698E+00  1.000E-03  7.927E-02
  1.291E-10  1.351E-10  7.850E+07  5.944E+00  1.000E-03  7.927E-02
  1.351E-10  1.414E-10  7.808E+07  5.007E+00  1.000E-03  7.927E-02
  1.414E-10  1.480E-10  6.195E+07  5.104E+00  1.000E-03  7.927E-02
  1.480E-10  1.548E-10  6.219E+07  5.854E+00  1.000E-03  7.927E-02
  1.548E-10  1.620E-10  4.591E+07  6.139E+00  1.000E-03  7.927E-02
  1.620E-10  1.695E-10  4.251E+07  6.344E+00  1.000E-03  7.927E-02
  1.695E-10  1.774E-10  3.852E+07  6.017E+00  1.000E-03  7.927E-02
  1.774E-10  1.856E-10  3.758E+07  6.701E+00  1.000E-03  7.927E-02
  1.856E-10  1.942E-10  3.147E+07  6.813E+00  1.000E-03  7.927E-02
  1.942E-10  2.032E-10  2.652E+07  6.910E+00  1.000E-03  7.927E-02
  2.032E-10  2.126E-10  2.521E+07  7.410E+00  1.000E-03  7.927E-02
  2.126E-10  2.225E-10  2.034E+07  9.155E+00  1.000E-03  7.927E-02
  2.225E-10  2.328E-10  1.882E+07  7.089E+00  1.000E-03  7.927E-02
  2.328E-10  2.436E-10  1.727E+07  8.227E+00  1.000E-03  7.927E-02
  2.436E-10  2.549E-10  1.526E+07  9.019E+00  1.000E-03  7.927E-02
  2.549E-10  2.667E-10  1.426E+07  9.563E+00  1.000E-03  7.927E-02
  2.667E-10  2.791E-10  1.270E+07  9.589E+00  1.000E-03  7.927E-02
  2.791E-10  2.921E-10  1.244E+07  9.068E+00  1.000E-03  7.927E-02
  2.921E-10  3.056E-10  1.038E+07  9.539E+00  1.000E-03  7.927E-02
  3.056E-10  3.198E-10  1.127E+07  9.937E+00  1.000E-03  7.927E-02
  3.198E-10  3.346E-10  9.648E+06  1.056E+01  1.000E-03  7.927E-02
  3.346E-10  3.501E-10  1.013E+07  9.014E+00  1.000E-03  7.927E-02
  3.501E-10  3.664E-10  8.969E+06  9.976E+00  1.000E-03  7.927E-02
  3.664E-10  3.834E-10  9.248E+06  9.448E+00  1.000E-03  7.927E-02
  3.834E-10  4.011E-10  9.269E+06  8.484E+00  1.000E-03  7.927E-02
  4.011E-10  4.198E-10  7.897E+06  9.603E+00  1.000E-03  7.927E-02
  4.198E-10  4.392E-10  6.956E+06  9.464E+00  1.000E-03  7.927E-02
  4.392E-10  4.596E-10  7.150E+06  9.078E+00  1.000E-03  7.927E-02
  4.596E-10  4.809E-10  7.792E+06  8.145E+00  1.000E-03  7.927E-02
  4.809E-10  5.032E-10  6.587E+06  9.443E+00  1.000E-03  7.927E-02
  5.032E-10  5.266E-10  6.295E+06  8.596E+00  1.000E-03  7.927E-02
  5.266E-10  5.510E-10  6.853E+06  7.950E+00  1.000E-03  7.927E-02
  5.510E-10  5.765E-10  6.450E+06  8.340E+00  1.000E-03  7.927E-02
  5.765E-10  6.033E-10  6.403E+06  8.163E+00  1.000E-03  7.927E-02
  6.033E-10  6.313E-10  6.301E+06  8.290E+00  1.000E-03  7.927E-02
  6.313E-10  6.605E-10  4.800E+06  8.716E+00  1.000E-03  7.927E-02
  6.605E-10  6.912E-10  4.629E+06  9.910E+00  1.000E-03  7.927E-02
  6.912E-10  7.232E-10  4.384E+06  9.539E+00  1.000E-03  7.927E-02
  7.232E-10  7.568E-10  4.152E+06  9.591E+00  1.000E-03  7.927E-02
  7.568E-10  7.919E-10  4.841E+06  9.320E+00  1.000E-03  7.927E-02
  7.919E-10  8.286E-10  4.209E+06  9.197E+00  1.000E-03  7.927E-02
  8.286E-10  8.670E-10  3.491E+06  9.796E+00  1.000E-03  7.927E-02
  8.670E-10  9.073E-10  3.463E+06  8.853E+00  1.000E-03  7.927E-02
  9.073E-10  9.493E-10  3.644E+06  8.459E+00  1.000E-03  7.927E-02
  9.493E-10  9.934E-10  4.237E+06  9.756E+00  1.000E-03  7.927E-02
  9.934E-10  1.039E-09  3.272E+06  1.011E+01  1.000E-03  7.927E-02
  1.039E-09  1.088E-09  3.074E+06  9.704E+00  1.000E-03  7.927E-02
  1.088E-09  1.138E-09  3.217E+06  9.683E+00  1.000E-03  7.927E-02
  1.138E-09  1.191E-09  2.784E+06  8.507E+00  1.000E-03  7.927E-02
  1.191E-09  1.246E-09  3.100E+06  9.076E+00  1.000E-03  7.927E-02
  1.246E-09  1.304E-09  3.250E+06  8.058E+00  1.000E-03  7.927E-02
  1.304E-09  1.364E-09  2.493E+06  1.003E+01  1.000E-03  7.927E-02
  1.364E-09  1.428E-09  2.281E+06  9.384E+00  1.000E-03  7.927E-02
  1.428E-09  1.494E-09  2.258E+06  8.849E+00  1.000E-03  7.927E-02
  1.494E-09  1.563E-09  2.231E+06  1.012E+01  1.000E-03  7.927E-02
  1.563E-09  1.636E-09  2.326E+06  9.129E+00  1.000E-03  7.927E-02
  1.636E-09  1.712E-09  2.055E+06  8.448E+00  1.000E-03  7.927E-02
  1.712E-09  1.791E-09  1.819E+06  9.127E+00  1.000E-03  7.927E-02
  1.791E-09  1.874E-09  1.769E+06  8.772E+00  1.000E-03  7.927E-02
  1.874E-09  1.961E-09  1.793E+06  8.120E+00  1.000E-03  7.927E-02
  1.961E-09  2.052E-09  1.601E+06  1.005E+01  1.000E-03  7.927E-02
  2.052E-09  2.147E-09  1.799E+06  8.888E+00  1.000E-03  7.927E-02
  2.147E-09  2.247E-09  1.514E+06  9.589E+00  1.000E-03  7.927E-02
  2.247E-09  2.351E-09  1.533E+06  8.980E+00  1.000E-03  7.927E-02
  2.351E-09  2.460E-09  1.594E+06  6.973E+00  1.000E-03  7.927E-02
  2.460E-09  2.574E-09  1.243E+06  9.573E+00  1.000E-03  7.927E-02
  2.574E-09  2.693E-09  1.295E+06  9.271E+00  1.000E-03  7.927E-02
  2.693E-09  2.818E-09  1.422E+06  9.025E+00  1.000E-03  7.927E-02
  2.818E-09  2.949E-09  1.261E+06  9.433E+00  1.000E-03  7.927E-02
  2.949E-09  3.086E-09  1.168E+06  8.385E+00  1.000E-03  7.927E-02
  3.086E-09  3.229E-09  9.641E+05  9.369E+00  1.000E-03  7.927E-02
  3.229E-09  3.379E-09  1.015E+06  1.018E+01  1.000E-03  7.927E-02
  3.379E-09  3.535E-09  1.003E+06  8.636E+00  1.000E-03  7.927E-02
  3.535E-09  3.699E-09  1.114E+06  8.680E+00  1.000E-03  7.927E-02
  3.699E-09  3.871E-09  7.521E+05  9.900E+00  1.000E-03  7.927E-02
  3.871E-09  4.050E-09  7.615E+05  9.602E+00  1.000E-03  7.927E-02
  4.050E-09  4.238E-09  7.549E+05  1.047E+01  1.000E-03  7.927E-02
  4.238E-09  4.435E-09  7.279E+05  9.176E+00  1.000E-03  7.927E-02
  4.435E-09  4.641E-09  7.392E+05  8.074E+00  1.000E-03  7.927E-02
  4.641E-09  4.856E-09  6.767E+05  8.640E+00  1.000E-03  7.927E-02
  4.856E-09  5.081E-09  6.240E+05  9.712E+00  1.000E-03  7.927E-02
  5.081E-09  5.317E-09  6.452E+05  7.333E+00  1.000E-03  7.927E-02
  5.317E-09  5.563E-09  7.202E+05  7.780E+00  1.000E-03  7.927E-02
  5.563E-09  5.821E-09  6.437E+05  1.011E+01  1.000E-03  7.927E-02
  5.821E-09  6.091E-09  6.010E+05  8.364E+00  1.000E-03  7.927E-02
  6.091E-09  6.374E-09  5.743E+05  9.082E+00  1.000E-03  7.927E-02
  6.374E-09  6.670E-09  5.229E+05  9.492E+00  1.000E-03  7.927E-02
  6.670E-09  6.979E-09  4.998E+05  9.045E+00  1.000E-03  7.927E-02
  6.979E-09  7.303E-09  4.697E+05  9.607E+00  1.000E-03  7.927E-02
  7.303E-09  7.641E-09  5.734E+05  8.746E+00  1.000E-03  7.927E-02
  7.641E-09  7.996E-09  4.831E+05  8.367E+00  1.000E-03  7.927E-02
  7.996E-09  8.367E-09  4.065E+05  9.589E+00  1.000E-03  7.927E-02
  8.367E-09  8.755E-09  4.478E+05  8.197E+00  1.000E-03  7.927E-02
  8.755E-09  9.161E-09  3.839E+05  8.686E+00  1.000E-03  7.927E-02
  9.161E-09  9.586E-09  3.699E+05  8.940E+00  1.000E-03  7.927E-02
  9.586E-09  1.003E-08  3.449E+05  9.020E+00  1.000E-03  7.927E-02
  1.003E-08  1.050E-08  3.323E+05  7.992E+00  1.000E-03  7.927E-02
  1.050E-08  1.098E-08  3.386E+05  8.766E+00  1.000E-03  7.927E-02
  1.098E-08  1.149E-08  3.035E+05  1.012E+01  1.000E-03  7.927E-02
  1.149E-08  1.202E-08  3.236E+05  8.315E+00  1.000E-03  7.927E-02
  1.202E-08  1.258E-08  2.795E+05  8.917E+00  1.000E-03  7.927E-02
  1.258E-08  1.317E-08  3.087E+05  8.793E+00  1.000E-03  7.927E-02
  1.317E-08  1.378E-08  2.113E+05  9.698E+00  1.000E-03  7.927E-02
  1.378E-08  1.442E-08  2.759E+05  9.427E+00  1.000E-03  7.927E-02
  1.442E-08  1.508E-08  2.752E+05  7.473E+00  1.000E-03  7.927E-02
  1.508E-08  1.578E-08  2.246E+05  1.101E+01  1.000E-03  7.927E-02
  1.578E-08  1.652E-08  2.042E+05  1.017E+01  1.000E-03  7.927E-02
  1.652E-08  1.728E-08  2.035E+05  9.362E+00  1.000E-03  7.927E-02
  1.728E-08  1.808E-08  2.056E+05  8.766E+00  1.000E-03  7.927E-02
  1.808E-08  1.892E-08  1.874E+05  7.739E+00  1.000E-03  7.927E-02
  1.892E-08  1.980E-08  2.184E+05  8.124E+00  1.000E-03  7.927E-02
  1.980E-08  2.072E-08  2.087E+05  8.449E+00  1.000E-03  7.927E-02
  2.072E-08  2.168E-08  1.409E+05  1.037E+01  1.000E-03  7.927E-02
  2.168E-08  2.268E-08  1.614E+05  9.013E+00  1.000E-03  7.927E-02
  2.268E-08  2.374E-08  1.652E+05  8.264E+00  1.000E-03  7.927E-02
  2.374E-08  2.484E-08  1.636E+05  8.379E+00  1.000E-03  7.927E-02
  2.484E-08  2.599E-08  1.409E+05  7.495E+00  1.000E-03  7.927E-02
  2.599E-08  2.720E-08  1.230E+05  8.726E+00  1.000E-03  7.927E-02
  2.720E-08  2.846E-08  1.134E+05  1.041E+01  1.000E-03  7.927E-02
  2.846E-08  2.978E-08  1.133E+05  9.014E+00  1.000E-03  7.927E-02
  2.978E-08  3.116E-08  1.193E+05  8.340E+00  1.000E-03  7.927E-02
  3.116E-08  3.260E-08  1.079E+05  8.120E+00  1.000E-03  7.927E-02
  3.260E-08  3.411E-08  1.073E+05  9.082E+00  1.000E-03  7.927E-02
  3.411E-08  3.570E-08  1.203E+05  8.558E+00  1.000E-03  7.927E-02
  3.570E-08  3.735E-08  9.955E+04  9.105E+00  1.000E-03  7.927E-02
  3.735E-08  3.909E-08  9.219E+04  9.333E+00  1.000E-03  7.927E-02
  3.909E-08  4.090E-08  1.064E+05  9.004E+00  1.000E-03  7.927E-02
  4.090E-08  4.280E-08  1.037E+05  7.054E+00  1.000E-03  7.927E-02
  4.280E-08  4.478E-08  8.754E+04  7.717E+00  1.000E-03  7.927E-02
  4.478E-08  4.686E-08  6.582E+04  9.694E+00  1.000E-03  7.927E-02
  4.686E-08  4.903E-08  7.643E+04  7.997E+00  1.000E-03  7.927E-02
  4.903E-08  5.130E-08  6.068E+04  1.017E+01  1.000E-03  7.927E-02
  5.130E-08  5.368E-08  6.712E+04  8.307E+00  1.000E-03  7.927E-02
  5.368E-08  5.617E-08  6.363E+04  8.813E+00  1.000E-03  7.927E-02
  5.617E-08  5.878E-08  6.865E+04  8.555E+00  1.000E-03  7.927E-02
  5.878E-08  6.151E-08  6.889E+04  7.702E+00  1.000E-03  7.927E-02
  6.151E-08  6.436E-08  6.091E+04  8.395E+00  1.000E-03  7.927E-02
  6.436E-08  6.734E-08  5.522E+04  9.238E+00  1.000E-03  7.927E-02
  6.734E-08  7.047E-08  5.522E+04  7.473E+00  1.000E-03  7.927E-02
  7.047E-08  7.374E-08  5.317E+04  7.926E+00  1.000E-03  7.927E-02
  7.374E-08  7.716E-08  4.222E+04  1.027E+01  1.000E-03  7.927E-02
  7.716E-08  8.073E-08  4.391E+04  8.159E+00  1.000E-03  7.927E-02
  8.073E-08  8.448E-08  4.538E+04  8.001E+00  1.000E-03  7.927E-02
  8.448E-08  8.840E-08  4.565E+04  7.929E+00  1.000E-03  7.927E-02
  8.840E-08  9.250E-08  3.927E+04  9.068E+00  1.000E-03  7.927E-02
  9.250E-08  9.679E-08  4.378E+04  9.247E+00  1.000E-03  7.927E-02
  9.679E-08  1.013E-07  3.785E+04  8.212E+00  1.000E-03  7.927E-02
  1.013E-07  1.060E-07  3.454E+04  8.943E+00  1.000E-03  7.927E-02
  1.060E-07  1.109E-07  3.431E+04  7.605E+00  1.000E-03  7.927E-02
  1.109E-07  1.160E-07  3.080E+04  9.179E+00  1.000E-03  7.927E-02
  1.160E-07  1.214E-07  3.063E+04  9.561E+00  1.000E-03  7.927E-02
  1.214E-07  1.270E-07  3.063E+04  8.832E+00  1.000E-03  7.927E-02
  1.270E-07  1.329E-07  2.710E+04  8.307E+00  1.000E-03  7.927E-02
  1.329E-07  1.391E-07  2.880E+04  8.670E+00  1.000E-03  7.927E-02
  1.391E-07  1.456E-07  2.911E+04  8.000E+00  1.000E-03  7.927E-02
  1.456E-07  1.523E-07  2.593E+04  7.946E+00  1.000E-03  7.927E-02
  1.523E-07  1.594E-07  2.478E+04  8.013E+00  1.000E-03  7.927E-02
  1.594E-07  1.668E-07  1.901E+04  8.716E+00  1.000E-03  7.927E-02
  1.668E-07  1.745E-07  2.362E+04  8.090E+00  1.000E-03  7.927E-02
  1.745E-07  1.826E-07  2.084E+04  7.830E+00  1.000E-03  7.927E-02
  1.826E-07  1.911E-07  1.644E+04  7.942E+00  1.000E-03  7.927E-02
  1.911E-07  1.999E-07  2.119E+04  7.702E+00  1.000E-03  7.927E-02
  1.999E-07  2.092E-07  1.888E+04  8.146E+00  1.000E-03  7.927E-02
  2.092E-07  2.189E-07  1.672E+04  9.811E+00  1.000E-03  7.927E-02
  2.189E-07  2.291E-07  1.699E+04  9.380E+00  1.000E-03  7.927E-02
  2.291E-07  2.397E-07  1.431E+04  8.420E+00  1.000E-03  7.927E-02
  2.397E-07  2.508E-07  1.540E+04  8.024E+00  1.000E-03  7.927E-02
  2.508E-07  2.624E-07  1.450E+04  8.937E+00  1.000E-03  7.927E-02
  2.624E-07  2.746E-07  1.470E+04  8.433E+00  1.000E-03  7.927E-02
  2.746E-07  2.873E-07  1.294E+04  7.891E+00  1.000E-03  7.927E-02
  2.873E-07  3.007E-07  1.103E+04  8.859E+00  1.000E-03  7.927E-02
  3.007E-07  3.146E-07  1.228E+04  9.441E+00  1.000E-03  7.927E-02
  3.146E-07  3.292E-07  1.165E+04  8.686E+00  1.000E-03  7.927E-02
  3.292E-07  3.445E-07  1.163E+04  8.790E+00  1.000E-03  7.927E-02
  3.445E-07  3.604E-07  1.096E+04  9.083E+00  1.000E-03  7.927E-02
  3.604E-07  3.772E-07  7.413E+03  9.659E+00  1.000E-03  7.927E-02
  3.772E-07  3.947E-07  9.422E+03  8.556E+00  1.000E-03  7.927E-02
  3.947E-07  4.130E-07  9.702E+03  9.856E+00  1.000E-03  7.927E-02
  4.130E-07  4.321E-07  1.061E+04  8.343E+00  1.000E-03  7.927E-02
  4.321E-07  4.522E-07  8.925E+03  8.674E+00  1.000E-03  7.927E-02
  4.522E-07  4.731E-07  7.920E+03  9.991E+00  1.000E-03  7.927E-02
  4.731E-07  4.951E-07  8.093E+03  8.426E+00  1.000E-03  7.927E-02
  4.951E-07  5.180E-07  7.734E+03  7.847E+00  1.000E-03  7.927E-02
  5.180E-07  5.421E-07  8.721E+03  7.015E+00  1.000E-03  7.927E-02
  5.421E-07  5.672E-07  6.708E+03  8.606E+00  1.000E-03  7.927E-02
  5.672E-07  5.935E-07  6.945E+03  8.272E+00  1.000E-03  7.927E-02
  5.935E-07  6.210E-07  6.684E+03  8.038E+00  1.000E-03  7.927E-02
  6.210E-07  6.498E-07  5.855E+03  6.885E+00  1.000E-03  7.927E-02
  6.498E-07  6.800E-07  5.299E+03  9.606E+00  1.000E-03  7.927E-02
  6.800E-07  7.115E-07  5.753E+03  9.662E+00  1.000E-03  7.927E-02
  7.115E-07  7.445E-07  5.304E+03  8.782E+00  1.000E-03  7.927E-02
  7.445E-07  7.791E-07  4.403E+03  9.382E+00  1.000E-03  7.927E-02
  7.791E-07  8.152E-07  4.880E+03  7.829E+00  1.000E-03  7.927E-02
  8.152E-07  8.530E-07  4.900E+03  8.622E+00  1.000E-03  7.927E-02
  8.530E-07  8.926E-07  4.037E+03  8.613E+00  1.000E-03  7.927E-02
  8.926E-07  9.340E-07  4.722E+03  8.487E+00  1.000E-03  7.927E-02
  9.340E-07  9.773E-07  3.687E+03  7.743E+00  1.000E-03  7.927E-02
  9.773E-07  1.023E-06  4.003E+03  8.265E+00  1.000E-03  7.927E-02
  1.023E-06  1.070E-06  3.987E+03  7.830E+00  1.000E-03  7.927E-02
  1.070E-06  1.120E-06  3.836E+03  7.952E+00  1.000E-03  7.927E-02
  1.120E-06  1.172E-06  3.198E+03  9.180E+00  1.000E-03  7.927E-02
  1.172E-06  1.226E-06  2.869E+03  8.993E+00  1.000E-03  7.927E-02
  1.226E-06  1.283E-06  3.078E+03  8.533E+00  1.000E-03  7.927E-02
  1.283E-06  1.342E-06  3.822E+03  7.888E+00  1.000E-03  7.927E-02
  1.342E-06  1.405E-06  2.298E+03  1.002E+01  1.000E-03  7.927E-02
  1.405E-06  1.470E-06  2.824E+03  8.901E+00  1.000E-03  7.927E-02
  1.470E-06  1.538E-06  2.587E+03  8.966E+00  1.000E-03  7.927E-02
  1.538E-06  1.609E-06  2.579E+03  8.158E+00  1.000E-03  7.927E-02
  1.609E-06  1.684E-06  2.431E+03  7.502E+00  1.000E-03  7.927E-02
  1.684E-06  1.762E-06  1.930E+03  9.513E+00  1.000E-03  7.927E-02
  1.762E-06  1.844E-06  2.486E+03  8.198E+00  1.000E-03  7.927E-02
  1.844E-06  1.929E-06  2.167E+03  7.294E+00  1.000E-03  7.927E-02
  1.929E-06  2.019E-06  2.156E+03  7.381E+00  1.000E-03  7.927E-02
  2.019E-06  2.112E-06  1.610E+03  1.060E+01  1.000E-03  7.927E-02
  2.112E-06  2.210E-06  1.774E+03  7.501E+00  1.000E-03  7.927E-02
  2.210E-06  2.313E-06  1.944E+03  7.907E+00  1.000E-03  7.927E-02
  2.313E-06  2.420E-06  1.679E+03  9.353E+00  1.000E-03  7.927E-02
  2.420E-06  2.532E-06  1.480E+03  9.309E+00  1.000E-03  7.927E-02
  2.532E-06  2.650E-06  1.577E+03  8.397E+00  1.000E-03  7.927E-02
  2.650E-06  2.773E-06  1.466E+03  8.559E+00  1.000E-03  7.927E-02
  2.773E-06  2.901E-06  1.341E+03  8.447E+00  1.000E-03  7.927E-02
  2.901E-06  3.036E-06  1.348E+03  7.569E+00  1.000E-03  7.927E-02
  3.036E-06  3.177E-06  1.089E+03  8.942E+00  1.000E-03  7.927E-02
  3.177E-06  3.324E-06  1.396E+03  7.841E+00  1.000E-03  7.927E-02
  3.324E-06  3.478E-06  1.160E+03  7.864E+00  1.000E-03  7.927E-02
  3.478E-06  3.639E-06  1.228E+03  8.473E+00  1.000E-03  7.927E-02
  3.639E-06  3.808E-06  1.022E+03  8.832E+00  1.000E-03  7.927E-02
  3.808E-06  3.985E-06  1.114E+03  8.015E+00  1.000E-03  7.927E-02
  3.985E-06  4.170E-06  1.051E+03  8.441E+00  1.000E-03  7.927E-02
  4.170E-06  4.363E-06  9.117E+02  7.483E+00  1.000E-03  7.927E-02
  4.363E-06  4.565E-06  7.955E+02  9.138E+00  1.000E-03  7.927E-02
  4.565E-06  4.777E-06  9.714E+02  8.998E+00  1.000E-03  7.927E-02
  4.777E-06  4.999E-06  9.053E+02  7.854E+00  1.000E-03  7.927E-02
  4.999E-06  5.231E-06  7.825E+02  7.635E+00  1.000E-03  7.927E-02
  5.231E-06  5.473E-06  6.478E+02  8.940E+00  1.000E-03  7.927E-02
  5.473E-06  5.727E-06  7.600E+02  7.012E+00  1.000E-03  7.927E-02
  5.727E-06  5.993E-06  6.974E+02  8.046E+00  1.000E-03  7.927E-02
  5.993E-06  6.271E-06  6.757E+02  8.673E+00  1.000E-03  7.927E-02
  6.271E-06  6.562E-06  7.117E+02  7.638E+00  1.000E-03  7.927E-02
  6.562E-06  6.866E-06  5.752E+02  8.533E+00  1.000E-03  7.927E-02
  6.866E-06  7.184E-06  5.296E+02  7.756E+00  1.000E-03  7.927E-02
  7.184E-06  7.518E-06  5.445E+02  8.265E+00  1.000E-03  7.927E-02
  7.518E-06  7.866E-06  5.277E+02  7.916E+00  1.000E-03  7.927E-02
  7.866E-06  8.231E-06  4.728E+02  9.380E+00  1.000E-03  7.927E-02
  8.231E-06  8.613E-06  4.752E+02  7.765E+00  1.000E-03  7.927E-02
  8.613E-06  9.012E-06  5.053E+02  8.005E+00  1.000E-03  7.927E-02
  9.012E-06  9.430E-06  4.554E+02  1.007E+01  1.000E-03  7.927E-02
  9.430E-06  9.868E-06  4.791E+02  8.381E+00  1.000E-03  7.927E-02
  9.868E-06  1.033E-05  4.522E+02  7.116E+00  1.000E-03  7.927E-02
  1.033E-05  1.080E-05  4.162E+02  8.012E+00  1.000E-03  7.927E-02
  1.080E-05  1.131E-05  3.442E+02  8.382E+00  1.000E-03  7.927E-02
  1.131E-05  1.183E-05  3.899E+02  7.846E+00  1.000E-03  7.927E-02
  1.183E-05  1.238E-05  3.237E+02  8.363E+00  1.000E-03  7.927E-02
  1.238E-05  1.295E-05  3.716E+02  7.941E+00  1.000E-03  7.927E-02
  1.295E-05  1.355E-05  3.615E+02  8.828E+00  1.000E-03  7.927E-02
  1.355E-05  1.418E-05  2.805E+02  7.339E+00  1.000E-03  7.927E-02
  1.418E-05  1.484E-05  3.399E+02  7.190E+00  1.000E-03  7.927E-02
  1.484E-05  1.553E-05  3.119E+02  7.976E+00  1.000E-03  7.927E-02
  1.553E-05  1.625E-05  3.087E+02  7.150E+00  1.000E-03  7.927E-02
  1.625E-05  1.700E-05  2.713E+02  7.485E+00  1.000E-03  7.927E-02
  1.700E-05  1.779E-05  2.738E+02  7.413E+00  1.000E-03  7.927E-02
  1.779E-05  1.862E-05  2.028E+02  8.927E+00  1.000E-03  7.927E-02
  1.862E-05  1.948E-05  2.442E+02  8.324E+00  1.000E-03  7.927E-02
  1.948E-05  2.038E-05  2.475E+02  7.806E+00  1.000E-03  7.927E-02
  2.038E-05  2.133E-05  2.189E+02  7.062E+00  1.000E-03  7.927E-02
  2.133E-05  2.232E-05  2.157E+02  7.519E+00  1.000E-03  7.927E-02
  2.232E-05  2.335E-05  2.259E+02  7.371E+00  1.000E-03  7.927E-02
  2.335E-05  2.444E-05  2.253E+02  6.905E+00  1.000E-03  7.927E-02
  2.444E-05  2.557E-05  2.063E+02  7.330E+00  1.000E-03  7.927E-02
  2.557E-05  2.675E-05  1.713E+02  7.101E+00  1.000E-03  7.927E-02
  2.675E-05  2.800E-05  1.740E+02  8.728E+00  1.000E-03  7.927E-02
  2.800E-05  2.929E-05  1.801E+02  7.612E+00  1.000E-03  7.927E-02
  2.929E-05  3.065E-05  1.815E+02  6.217E+00  1.000E-03  7.927E-02
  3.065E-05  3.207E-05  1.698E+02  7.090E+00  1.000E-03  7.927E-02
  3.207E-05  3.356E-05  1.554E+02  7.227E+00  1.000E-03  7.927E-02
  3.356E-05  3.512E-05  1.543E+02  7.457E+00  1.000E-03  7.927E-02
  3.512E-05  3.675E-05  1.600E+02  7.305E+00  1.000E-03  7.927E-02
  3.675E-05  3.845E-05  1.417E+02  7.403E+00  1.000E-03  7.927E-02
  3.845E-05  4.024E-05  1.275E+02  7.807E+00  1.000E-03  7.927E-02
  4.024E-05  4.210E-05  1.273E+02  8.160E+00  1.000E-03  7.927E-02
  4.210E-05  4.405E-05  1.282E+02  7.706E+00  1.000E-03  7.927E-02
  4.405E-05  4.610E-05  1.251E+02  7.454E+00  1.000E-03  7.927E-02
  4.610E-05  4.824E-05  1.219E+02  6.644E+00  1.000E-03  7.927E-02
  4.824E-05  5.047E-05  1.142E+02  6.475E+00  1.000E-03  7.927E-02
  5.047E-05  5.281E-05  1.168E+02  7.367E+00  1.000E-03  7.927E-02
  5.281E-05  5.526E-05  1.085E+02  7.058E+00  1.000E-03  7.927E-02
  5.526E-05  5.783E-05  1.087E+02  6.942E+00  1.000E-03  7.927E-02
  5.783E-05  6.051E-05  9.908E+01  7.599E+00  1.000E-03  7.927E-02
  6.051E-05  6.332E-05  9.924E+01  6.973E+00  1.000E-03  7.927E-02
  6.332E-05  6.625E-05  9.354E+01  7.490E+00  1.000E-03  7.927E-02
  6.625E-05  6.933E-05  1.019E+02  6.522E+00  1.000E-03  7.927E-02
  6.933E-05  7.254E-05  8.543E+01  6.557E+00  1.000E-03  7.927E-02
  7.254E-05  7.591E-05  9.721E+01  6.553E+00  1.000E-03  7.927E-02
  7.591E-05  7.943E-05  9.508E+01  5.862E+00  1.000E-03  7.927E-02
  7.943E-05  8.311E-05  7.908E+01  6.174E+00  1.000E-03  7.927E-02
  8.311E-05  8.697E-05  8.750E+01  5.262E+00  1.000E-03  7.927E-02
  8.697E-05  9.100E-05  7.919E+01  6.569E+00  1.000E-03  7.927E-02
  9.100E-05  9.522E-05  8.052E+01  6.098E+00  1.000E-03  7.927E-02
  9.522E-05  9.964E-05  7.695E+01  5.402E+00  1.000E-03  7.927E-02
  9.964E-05  1.043E-04  7.244E+01  6.228E+00  1.000E-03  7.927E-02
  1.043E-04  1.091E-04  7.345E+01  5.637E+00  1.000E-03  7.927E-02
  1.091E-04  1.142E-04  7.499E+01  5.870E+00  1.000E-03  7.927E-02
  1.142E-04  1.194E-04  6.829E+01  5.364E+00  1.000E-03  7.927E-02
  1.194E-04  1.250E-04  6.780E+01  5.203E+00  1.000E-03  7.927E-02
  1.250E-04  1.308E-04  7.604E+01  5.035E+00  1.000E-03  7.927E-02
  1.308E-04  1.369E-04  6.403E+01  5.763E+00  1.000E-03  7.927E-02
  1.369E-04  1.432E-04  6.663E+01  5.358E+00  1.000E-03  7.927E-02
  1.432E-04  1.498E-04  6.521E+01  4.923E+00  1.000E-03  7.927E-02
  1.498E-04  1.568E-04  6.177E+01  5.604E+00  1.000E-03  7.927E-02
  1.568E-04  1.641E-04  5.833E+01  5.805E+00  1.000E-03  7.927E-02
  1.641E-04  1.717E-04  5.692E+01  5.823E+00  1.000E-03  7.927E-02
  1.717E-04  1.796E-04  5.793E+01  6.009E+00  1.000E-03  7.927E-02
  1.796E-04  1.880E-04  4.938E+01  6.405E+00  1.000E-03  7.927E-02
  1.880E-04  1.967E-04  5.847E+01  5.217E+00  1.000E-03  7.927E-02
  1.967E-04  2.058E-04  5.210E+01  4.490E+00  1.000E-03  7.927E-02
  2.058E-04  2.154E-04  5.702E+01  4.619E+00  1.000E-03  7.927E-02
  2.154E-04  2.253E-04  5.372E+01  4.615E+00  1.000E-03  7.927E-02
  2.253E-04  2.358E-04  5.122E+01  5.350E+00  1.000E-03  7.927E-02
  2.358E-04  2.467E-04  5.000E+01  4.732E+00  1.000E-03  7.927E-02
  2.467E-04  2.582E-04  4.566E+01  4.356E+00  1.000E-03  7.927E-02
  2.582E-04  2.701E-04  4.567E+01  4.603E+00  1.000E-03  7.927E-02
  2.701E-04  2.827E-04  4.283E+01  5.509E+00  1.000E-03  7.927E-02
  2.827E-04  2.958E-04  4.122E+01  4.690E+00  1.000E-03  7.927E-02
  2.958E-04  3.095E-04  4.154E+01  4.900E+00  1.000E-03  7.927E-02
  3.095E-04  3.239E-04  3.916E+01  4.522E+00  1.000E-03  7.927E-02
  3.239E-04  3.389E-04  3.836E+01  4.507E+00  1.000E-03  7.927E-02
  3.389E-04  3.546E-04  4.072E+01  4.344E+00  1.000E-03  7.927E-02
  3.546E-04  3.711E-04  4.288E+01  3.951E+00  1.000E-03  7.927E-02
  3.711E-04  3.883E-04  3.690E+01  4.974E+00  1.000E-03  7.927E-02
  3.883E-04  4.063E-04  4.548E+01  3.854E+00  1.000E-03  7.927E-02
  4.063E-04  4.251E-04  4.028E+01  4.212E+00  1.000E-03  7.927E-02
  4.251E-04  4.448E-04  3.590E+01  4.273E+00  1.000E-03  7.927E-02
  4.448E-04  4.655E-04  4.149E+01  3.868E+00  1.000E-03  7.927E-02
  4.655E-04  4.871E-04  3.835E+01  3.840E+00  1.000E-03  7.927E-02
  4.871E-04  5.096E-04  4.101E+01  3.675E+00  1.000E-03  7.927E-02
  5.096E-04  5.333E-04  4.303E+01  3.402E+00  1.000E-03  7.927E-02
  5.333E-04  5.580E-04  4.148E+01  3.452E+00  1.000E-03  7.927E-02
  5.580E-04  5.839E-04  4.216E+01  3.583E+00  1.000E-03  7.927E-02
  5.839E-04  6.110E-04  7.859E+02  7.051E-01  1.000E-03  7.927E-02
  6.110E-04  6.393E-04  0.000E+00  0.000E+00  1.000E-03  7.927E-02
  6.393E-04  6.690E-04  0.000E+00  0.000E+00  1.000E-03  7.927E-02
  6.690E-04  7.000E-04  0.000E+00  0.000E+00  1.000E-03  7.927E-02
  7.000E-04  7.000E-04  0.000E+00  0.000E+00  1.000E-03  7.927E-02

 # Block n:            3     7.92665556E-02  :   6.28318596    
  1.000E-13  1.046E-13  3.475E+06  9.900E+01  7.927E-02  6.283E+00
  1.046E-13  1.095E-13  0.000E+00  0.000E+00  7.927E-02  6.283E+00
  1.095E-13  1.146E-13  0.000E+00  0.000E+00  7.927E-02  6.283E+00
  1.146E-13  1.199E-13  3.033E+06  9.900E+01  7.927E-02  6.283E+00
  1.199E-13  1.254E-13  0.000E+00  0.000E+00  7.927E-02  6.283E+00
  1.254E-13  1.313E-13  2.770E+06  9.900E+01  7.927E-02  6.283E+00
  1.313E-13  1.374E-13  0.000E+00  0.000E+00  7.927E-02  6.283E+00
  1.374E-13  1.437E-13  0.000E+00  0.000E+00  7.927E-02  6.283E+00
  1.437E-13  1.504E-13  4.836E+06  7.035E+01  7.927E-02  6.283E+00
  1.504E-13  1.574E-13  2.311E+06  9.900E+01  7.927E-02  6.283E+00
  1.574E-13  1.647E-13  0.000E+00  0.000E+00  7.927E-02  6.283E+00
  1.647E-13  1.723E-13  0.000E+00  0.000E+00  7.927E-02  6.283E+00
  1.723E-13  1.803E-13  0.000E+00  0.000E+00  7.927E-02  6.283E+00
  1.803E-13  1.887E-13  0.000E+00  0.000E+00  7.927E-02  6.283E+00
  1.887E-13  1.974E-13  3.684E+06  7.035E+01  7.927E-02  6.283E+00
  1.974E-13  2.066E-13  1.760E+06  9.900E+01  7.927E-02  6.283E+00
  2.066E-13  2.161E-13  3.365E+06  7.035E+01  7.927E-02  6.283E+00
  2.161E-13  2.262E-13  1.608E+06  9.900E+01  7.927E-02  6.283E+00
  2.262E-13  2.367E-13  1.537E+06  9.900E+01  7.927E-02  6.283E+00
  2.367E-13  2.476E-13  1.468E+06  9.900E+01  7.927E-02  6.283E+00
  2.476E-13  2.591E-13  0.000E+00  0.000E+00  7.927E-02  6.283E+00
  2.591E-13  2.711E-13  0.000E+00  0.000E+00  7.927E-02  6.283E+00
  2.711E-13  2.837E-13  5.127E+06  4.924E+01  7.927E-02  6.283E+00
  2.837E-13  2.969E-13  1.225E+06  9.900E+01  7.927E-02  6.283E+00
  2.969E-13  3.106E-13  3.512E+06  5.715E+01  7.927E-02  6.283E+00
  3.106E-13  3.250E-13  0.000E+00  0.000E+00  7.927E-02  6.283E+00
  3.250E-13  3.401E-13  5.346E+06  5.222E+01  7.927E-02  6.283E+00
  3.401E-13  3.559E-13  0.000E+00  0.000E+00  7.927E-02  6.283E+00
  3.559E-13  3.724E-13  2.929E+06  5.715E+01  7.927E-02  6.283E+00
  3.724E-13  3.897E-13  3.733E+06  4.924E+01  7.927E-02  6.283E+00
  3.897E-13  4.078E-13  1.784E+06  7.035E+01  7.927E-02  6.283E+00
  4.078E-13  4.267E-13  0.000E+00  0.000E+00  7.927E-02  6.283E+00
  4.267E-13  4.465E-13  3.258E+06  4.924E+01  7.927E-02  6.283E+00
  4.465E-13  4.672E-13  1.557E+06  7.035E+01  7.927E-02  6.283E+00
  4.672E-13  4.888E-13  4.463E+06  3.978E+01  7.927E-02  6.283E+00
  4.888E-13  5.115E-13  7.109E+05  9.900E+01  7.927E-02  6.283E+00
  5.115E-13  5.352E-13  8.832E+06  3.217E+01  7.927E-02  6.283E+00
  5.352E-13  5.601E-13  1.948E+06  5.715E+01  7.927E-02  6.283E+00
  5.601E-13  5.860E-13  3.103E+06  4.381E+01  7.927E-02  6.283E+00
  5.860E-13  6.132E-13  2.965E+06  4.381E+01  7.927E-02  6.283E+00
  6.132E-13  6.416E-13  2.834E+06  4.381E+01  7.927E-02  6.283E+00
  6.416E-13  6.714E-13  5.958E+06  3.137E+01  7.927E-02  6.283E+00
  6.714E-13  7.026E-13  5.694E+06  3.137E+01  7.927E-02  6.283E+00
  7.026E-13  7.351E-13  7.420E+06  2.573E+01  7.927E-02  6.283E+00
  7.351E-13  7.692E-13  5.673E+06  2.722E+01  7.927E-02  6.283E+00
  7.692E-13  8.049E-13  4.518E+06  3.015E+01  7.927E-02  6.283E+00
  8.049E-13  8.422E-13  5.613E+06  2.600E+01  7.927E-02  6.283E+00
  8.422E-13  8.813E-13  5.364E+06  2.600E+01  7.927E-02  6.283E+00
  8.813E-13  9.222E-13  6.309E+06  2.623E+01  7.927E-02  6.283E+00
  9.222E-13  9.650E-13  6.406E+06  2.221E+01  7.927E-02  6.283E+00
  9.650E-13  1.010E-12  7.203E+06  2.357E+01  7.927E-02  6.283E+00
  1.010E-12  1.057E-12  9.637E+06  1.905E+01  7.927E-02  6.283E+00
  1.057E-12  1.106E-12  9.539E+06  1.917E+01  7.927E-02  6.283E+00
  1.106E-12  1.157E-12  8.802E+06  1.764E+01  7.927E-02  6.283E+00
  1.157E-12  1.210E-12  1.051E+07  1.878E+01  7.927E-02  6.283E+00
  1.210E-12  1.267E-12  9.761E+06  1.926E+01  7.927E-02  6.283E+00
  1.267E-12  1.325E-12  1.180E+07  1.488E+01  7.927E-02  6.283E+00
  1.325E-12  1.387E-12  9.702E+06  1.659E+01  7.927E-02  6.283E+00
  1.387E-12  1.451E-12  7.768E+06  1.758E+01  7.927E-02  6.283E+00
  1.451E-12  1.518E-12  1.245E+07  1.433E+01  7.927E-02  6.283E+00
  1.518E-12  1.589E-12  1.236E+07  1.403E+01  7.927E-02  6.283E+00
  1.589E-12  1.663E-12  1.531E+07  1.276E+01  7.927E-02  6.283E+00
  1.663E-12  1.740E-12  1.400E+07  1.201E+01  7.927E-02  6.283E+00
  1.740E-12  1.820E-12  1.418E+07  1.206E+01  7.927E-02  6.283E+00
  1.820E-12  1.905E-12  1.546E+07  1.077E+01  7.927E-02  6.283E+00
  1.905E-12  1.993E-12  1.350E+07  1.063E+01  7.927E-02  6.283E+00
  1.993E-12  2.086E-12  1.552E+07  1.058E+01  7.927E-02  6.283E+00
  2.086E-12  2.182E-12  1.666E+07  1.035E+01  7.927E-02  6.283E+00
  2.182E-12  2.284E-12  2.134E+07  8.696E+00  7.927E-02  6.283E+00
  2.284E-12  2.390E-12  2.024E+07  9.071E+00  7.927E-02  6.283E+00
  2.390E-12  2.500E-12  2.065E+07  8.325E+00  7.927E-02  6.283E+00
  2.500E-12  2.616E-12  2.460E+07  8.064E+00  7.927E-02  6.283E+00
  2.616E-12  2.738E-12  2.524E+07  7.077E+00  7.927E-02  6.283E+00
  2.738E-12  2.865E-12  2.348E+07  8.464E+00  7.927E-02  6.283E+00
  2.865E-12  2.998E-12  2.620E+07  6.604E+00  7.927E-02  6.283E+00
  2.998E-12  3.137E-12  2.620E+07  6.792E+00  7.927E-02  6.283E+00
  3.137E-12  3.282E-12  2.593E+07  7.089E+00  7.927E-02  6.283E+00
  3.282E-12  3.434E-12  3.113E+07  5.878E+00  7.927E-02  6.283E+00
  3.434E-12  3.594E-12  2.692E+07  6.027E+00  7.927E-02  6.283E+00
  3.594E-12  3.760E-12  3.240E+07  5.714E+00  7.927E-02  6.283E+00
  3.760E-12  3.935E-12  3.281E+07  5.164E+00  7.927E-02  6.283E+00
  3.935E-12  4.117E-12  3.074E+07  5.206E+00  7.927E-02  6.283E+00
  4.117E-12  4.308E-12  3.503E+07  5.310E+00  7.927E-02  6.283E+00
  4.308E-12  4.508E-12  3.953E+07  4.218E+00  7.927E-02  6.283E+00
  4.508E-12  4.717E-12  4.225E+07  3.920E+00  7.927E-02  6.283E+00
  4.717E-12  4.936E-12  4.281E+07  3.748E+00  7.927E-02  6.283E+00
  4.936E-12  5.165E-12  4.358E+07  4.034E+00  7.927E-02  6.283E+00
  5.165E-12  5.404E-12  4.865E+07  3.734E+00  7.927E-02  6.283E+00
  5.404E-12  5.655E-12  4.945E+07  3.289E+00  7.927E-02  6.283E+00
  5.655E-12  5.917E-12  5.095E+07  3.447E+00  7.927E-02  6.283E+00
  5.917E-12  6.192E-12  5.421E+07  3.363E+00  7.927E-02  6.283E+00
  6.192E-12  6.479E-12  5.691E+07  3.134E+00  7.927E-02  6.283E+00
  6.479E-12  6.779E-12  5.927E+07  3.191E+00  7.927E-02  6.283E+00
  6.779E-12  7.094E-12  6.146E+07  2.615E+00  7.927E-02  6.283E+00
  7.094E-12  7.423E-12  6.486E+07  2.987E+00  7.927E-02  6.283E+00
  7.423E-12  7.767E-12  6.737E+07  2.532E+00  7.927E-02  6.283E+00
  7.767E-12  8.127E-12  6.967E+07  2.614E+00  7.927E-02  6.283E+00
  8.127E-12  8.504E-12  7.449E+07  2.279E+00  7.927E-02  6.283E+00
  8.504E-12  8.899E-12  7.544E+07  2.341E+00  7.927E-02  6.283E+00
  8.899E-12  9.311E-12  7.877E+07  2.417E+00  7.927E-02  6.283E+00
  9.311E-12  9.743E-12  8.390E+07  2.151E+00  7.927E-02  6.283E+00
  9.743E-12  1.020E-11  8.567E+07  2.041E+00  7.927E-02  6.283E+00
  1.020E-11  1.067E-11  9.173E+07  2.009E+00  7.927E-02  6.283E+00
  1.067E-11  1.116E-11  9.701E+07  1.817E+00  7.927E-02  6.283E+00
  1.116E-11  1.168E-11  9.975E+07  1.783E+00  7.927E-02  6.283E+00
  1.168E-11  1.222E-11  1.063E+08  1.451E+00  7.927E-02  6.283E+00
  1.222E-11  1.279E-11  1.031E+08  1.520E+00  7.927E-02  6.283E+00
  1.279E-11  1.338E-11  1.109E+08  1.632E+00  7.927E-02  6.283E+00
  1.338E-11  1.400E-11  1.188E+08  1.541E+00  7.927E-02  6.283E+00
  1.400E-11  1.465E-11  1.219E+08  1.503E+00  7.927E-02  6.283E+00
  1.465E-11  1.533E-11  1.262E+08  1.362E+00  7.927E-02  6.283E+00
  1.533E-11  1.604E-11  1.307E+08  1.366E+00  7.927E-02  6.283E+00
  1.604E-11  1.679E-11  1.372E+08  1.317E+00  7.927E-02  6.283E+00
  1.679E-11  1.757E-11  1.400E+08  1.286E+00  7.927E-02  6.283E+00
  1.757E-11  1.838E-11  1.443E+08  1.171E+00  7.927E-02  6.283E+00
  1.838E-11  1.923E-11  1.498E+08  1.265E+00  7.927E-02  6.283E+00
  1.923E-11  2.013E-11  1.544E+08  1.036E+00  7.927E-02  6.283E+00
  2.013E-11  2.106E-11  1.587E+08  1.098E+00  7.927E-02  6.283E+00
  2.106E-11  2.204E-11  1.681E+08  9.426E-01  7.927E-02  6.283E+00
  2.204E-11  2.306E-11  1.707E+08  9.793E-01  7.927E-02  6.283E+00
  2.306E-11  2.413E-11  1.728E+08  8.623E-01  7.927E-02  6.283E+00
  2.413E-11  2.525E-11  1.770E+08  9.264E-01  7.927E-02  6.283E+00
  2.525E-11  2.642E-11  1.813E+08  9.163E-01  7.927E-02  6.283E+00
  2.642E-11  2.764E-11  1.856E+08  8.499E-01  7.927E-02  6.283E+00
  2.764E-11  2.893E-11  1.893E+08  6.762E-01  7.927E-02  6.283E+00
  2.893E-11  3.027E-11  1.892E+08  8.799E-01  7.927E-02  6.283E+00
  3.027E-11  3.167E-11  1.950E+08  7.081E-01  7.927E-02  6.283E+00
  3.167E-11  3.314E-11  1.957E+08  7.673E-01  7.927E-02  6.283E+00
  3.314E-11  3.468E-11  1.947E+08  7.932E-01  7.927E-02  6.283E+00
  3.468E-11  3.628E-11  1.998E+08  6.906E-01  7.927E-02  6.283E+00
  3.628E-11  3.797E-11  1.982E+08  7.086E-01  7.927E-02  6.283E+00
  3.797E-11  3.973E-11  1.983E+08  6.602E-01  7.927E-02  6.283E+00
  3.973E-11  4.157E-11  1.988E+08  6.469E-01  7.927E-02  6.283E+00
  4.157E-11  4.350E-11  1.964E+08  6.262E-01  7.927E-02  6.283E+00
  4.350E-11  4.552E-11  1.948E+08  5.985E-01  7.927E-02  6.283E+00
  4.552E-11  4.763E-11  1.914E+08  5.781E-01  7.927E-02  6.283E+00
  4.763E-11  4.984E-11  1.872E+08  5.921E-01  7.927E-02  6.283E+00
  4.984E-11  5.215E-11  1.821E+08  5.894E-01  7.927E-02  6.283E+00
  5.215E-11  5.457E-11  1.783E+08  5.920E-01  7.927E-02  6.283E+00
  5.457E-11  5.710E-11  1.720E+08  5.626E-01  7.927E-02  6.283E+00
  5.710E-11  5.975E-11  1.652E+08  5.706E-01  7.927E-02  6.283E+00
  5.975E-11  6.252E-11  1.586E+08  6.299E-01  7.927E-02  6.283E+00
  6.252E-11  6.542E-11  1.526E+08  5.748E-01  7.927E-02  6.283E+00
  6.542E-11  6.845E-11  1.433E+08  6.128E-01  7.927E-02  6.283E+00
  6.845E-11  7.163E-11  1.355E+08  5.605E-01  7.927E-02  6.283E+00
  7.163E-11  7.495E-11  1.257E+08  5.764E-01  7.927E-02  6.283E+00
  7.495E-11  7.843E-11  1.170E+08  6.128E-01  7.927E-02  6.283E+00
  7.843E-11  8.206E-11  1.106E+08  6.056E-01  7.927E-02  6.283E+00
  8.206E-11  8.587E-11  1.010E+08  5.938E-01  7.927E-02  6.283E+00
  8.587E-11  8.985E-11  9.304E+07  6.061E-01  7.927E-02  6.283E+00
  8.985E-11  9.402E-11  8.591E+07  6.369E-01  7.927E-02  6.283E+00
  9.402E-11  9.838E-11  7.870E+07  7.587E-01  7.927E-02  6.283E+00
  9.838E-11  1.029E-10  7.044E+07  7.233E-01  7.927E-02  6.283E+00
  1.029E-10  1.077E-10  6.338E+07  7.177E-01  7.927E-02  6.283E+00
  1.077E-10  1.127E-10  5.621E+07  7.962E-01  7.927E-02  6.283E+00
  1.127E-10  1.179E-10  5.078E+07  7.409E-01  7.927E-02  6.283E+00
  1.179E-10  1.234E-10  4.492E+07  7.959E-01  7.927E-02  6.283E+00
  1.234E-10  1.291E-10  3.966E+07  8.441E-01  7.927E-02  6.283E+00
  1.291E-10  1.351E-10  3.499E+07  9.689E-01  7.927E-02  6.283E+00
  1.351E-10  1.414E-10  3.004E+07  8.756E-01  7.927E-02  6.283E+00
  1.414E-10  1.480E-10  2.714E+07  8.876E-01  7.927E-02  6.283E+00
  1.480E-10  1.548E-10  2.310E+07  1.031E+00  7.927E-02  6.283E+00
  1.548E-10  1.620E-10  2.056E+07  1.038E+00  7.927E-02  6.283E+00
  1.620E-10  1.695E-10  1.739E+07  9.502E-01  7.927E-02  6.283E+00
  1.695E-10  1.774E-10  1.549E+07  1.117E+00  7.927E-02  6.283E+00
  1.774E-10  1.856E-10  1.347E+07  1.242E+00  7.927E-02  6.283E+00
  1.856E-10  1.942E-10  1.190E+07  1.251E+00  7.927E-02  6.283E+00
  1.942E-10  2.032E-10  1.048E+07  1.203E+00  7.927E-02  6.283E+00
  2.032E-10  2.126E-10  9.189E+06  1.413E+00  7.927E-02  6.283E+00
  2.126E-10  2.225E-10  8.124E+06  1.392E+00  7.927E-02  6.283E+00
  2.225E-10  2.328E-10  7.505E+06  1.560E+00  7.927E-02  6.283E+00
  2.328E-10  2.436E-10  6.833E+06  1.563E+00  7.927E-02  6.283E+00
  2.436E-10  2.549E-10  6.254E+06  1.435E+00  7.927E-02  6.283E+00
  2.549E-10  2.667E-10  5.818E+06  1.646E+00  7.927E-02  6.283E+00
  2.667E-10  2.791E-10  5.533E+06  1.440E+00  7.927E-02  6.283E+00
  2.791E-10  2.921E-10  5.036E+06  1.586E+00  7.927E-02  6.283E+00
  2.921E-10  3.056E-10  4.841E+06  1.399E+00  7.927E-02  6.283E+00
  3.056E-10  3.198E-10  4.477E+06  1.429E+00  7.927E-02  6.283E+00
  3.198E-10  3.346E-10  4.400E+06  1.542E+00  7.927E-02  6.283E+00
  3.346E-10  3.501E-10  4.184E+06  1.693E+00  7.927E-02  6.283E+00
  3.501E-10  3.664E-10  3.922E+06  1.722E+00  7.927E-02  6.283E+00
  3.664E-10  3.834E-10  3.741E+06  1.555E+00  7.927E-02  6.283E+00
  3.834E-10  4.011E-10  3.653E+06  1.409E+00  7.927E-02  6.283E+00
  4.011E-10  4.198E-10  3.518E+06  1.494E+00  7.927E-02  6.283E+00
  4.198E-10  4.392E-10  3.297E+06  1.526E+00  7.927E-02  6.283E+00
  4.392E-10  4.596E-10  3.178E+06  1.434E+00  7.927E-02  6.283E+00
  4.596E-10  4.809E-10  3.013E+06  1.481E+00  7.927E-02  6.283E+00
  4.809E-10  5.032E-10  2.805E+06  1.732E+00  7.927E-02  6.283E+00
  5.032E-10  5.266E-10  2.767E+06  1.621E+00  7.927E-02  6.283E+00
  5.266E-10  5.510E-10  2.606E+06  1.511E+00  7.927E-02  6.283E+00
  5.510E-10  5.765E-10  2.519E+06  1.679E+00  7.927E-02  6.283E+00
  5.765E-10  6.033E-10  2.343E+06  1.606E+00  7.927E-02  6.283E+00
  6.033E-10  6.313E-10  2.197E+06  1.488E+00  7.927E-02  6.283E+00
  6.313E-10  6.605E-10  2.195E+06  1.599E+00  7.927E-02  6.283E+00
  6.605E-10  6.912E-10  1.980E+06  1.675E+00  7.927E-02  6.283E+00
  6.912E-10  7.232E-10  1.910E+06  1.504E+00  7.927E-02  6.283E+00
  7.232E-10  7.568E-10  1.894E+06  1.545E+00  7.927E-02  6.283E+00
  7.568E-10  7.919E-10  1.790E+06  1.497E+00  7.927E-02  6.283E+00
  7.919E-10  8.286E-10  1.698E+06  1.515E+00  7.927E-02  6.283E+00
  8.286E-10  8.670E-10  1.627E+06  1.603E+00  7.927E-02  6.283E+00
  8.670E-10  9.073E-10  1.558E+06  1.602E+00  7.927E-02  6.283E+00
  9.073E-10  9.493E-10  1.436E+06  1.626E+00  7.927E-02  6.283E+00
  9.493E-10  9.934E-10  1.357E+06  1.590E+00  7.927E-02  6.283E+00
  9.934E-10  1.039E-09  1.335E+06  1.598E+00  7.927E-02  6.283E+00
  1.039E-09  1.088E-09  1.246E+06  1.747E+00  7.927E-02  6.283E+00
  1.088E-09  1.138E-09  1.192E+06  1.682E+00  7.927E-02  6.283E+00
  1.138E-09  1.191E-09  1.184E+06  1.559E+00  7.927E-02  6.283E+00
  1.191E-09  1.246E-09  1.130E+06  1.650E+00  7.927E-02  6.283E+00
  1.246E-09  1.304E-09  1.064E+06  1.349E+00  7.927E-02  6.283E+00
  1.304E-09  1.364E-09  1.013E+06  1.588E+00  7.927E-02  6.283E+00
  1.364E-09  1.428E-09  9.801E+05  1.627E+00  7.927E-02  6.283E+00
  1.428E-09  1.494E-09  9.204E+05  1.603E+00  7.927E-02  6.283E+00
  1.494E-09  1.563E-09  8.870E+05  1.509E+00  7.927E-02  6.283E+00
  1.563E-09  1.636E-09  8.435E+05  1.600E+00  7.927E-02  6.283E+00
  1.636E-09  1.712E-09  8.063E+05  1.635E+00  7.927E-02  6.283E+00
  1.712E-09  1.791E-09  7.691E+05  1.743E+00  7.927E-02  6.283E+00
  1.791E-09  1.874E-09  7.259E+05  1.676E+00  7.927E-02  6.283E+00
  1.874E-09  1.961E-09  7.115E+05  1.615E+00  7.927E-02  6.283E+00
  1.961E-09  2.052E-09  6.864E+05  1.765E+00  7.927E-02  6.283E+00
  2.052E-09  2.147E-09  6.163E+05  1.704E+00  7.927E-02  6.283E+00
  2.147E-09  2.247E-09  6.188E+05  1.550E+00  7.927E-02  6.283E+00
  2.247E-09  2.351E-09  5.720E+05  1.560E+00  7.927E-02  6.283E+00
  2.351E-09  2.460E-09  5.690E+05  1.461E+00  7.927E-02  6.283E+00
  2.460E-09  2.574E-09  5.434E+05  1.478E+00  7.927E-02  6.283E+00
  2.574E-09  2.693E-09  5.147E+05  1.693E+00  7.927E-02  6.283E+00
  2.693E-09  2.818E-09  4.950E+05  1.705E+00  7.927E-02  6.283E+00
  2.818E-09  2.949E-09  4.641E+05  1.482E+00  7.927E-02  6.283E+00
  2.949E-09  3.086E-09  4.473E+05  1.677E+00  7.927E-02  6.283E+00
  3.086E-09  3.229E-09  4.241E+05  1.795E+00  7.927E-02  6.283E+00
  3.229E-09  3.379E-09  4.069E+05  1.625E+00  7.927E-02  6.283E+00
  3.379E-09  3.535E-09  3.932E+05  1.786E+00  7.927E-02  6.283E+00
  3.535E-09  3.699E-09  3.787E+05  1.530E+00  7.927E-02  6.283E+00
  3.699E-09  3.871E-09  3.591E+05  1.712E+00  7.927E-02  6.283E+00
  3.871E-09  4.050E-09  3.480E+05  1.474E+00  7.927E-02  6.283E+00
  4.050E-09  4.238E-09  3.235E+05  1.749E+00  7.927E-02  6.283E+00
  4.238E-09  4.435E-09  3.114E+05  1.485E+00  7.927E-02  6.283E+00
  4.435E-09  4.641E-09  3.043E+05  1.450E+00  7.927E-02  6.283E+00
  4.641E-09  4.856E-09  2.822E+05  1.476E+00  7.927E-02  6.283E+00
  4.856E-09  5.081E-09  2.659E+05  1.625E+00  7.927E-02  6.283E+00
  5.081E-09  5.317E-09  2.638E+05  1.592E+00  7.927E-02  6.283E+00
  5.317E-09  5.563E-09  2.439E+05  1.478E+00  7.927E-02  6.283E+00
  5.563E-09  5.821E-09  2.371E+05  1.630E+00  7.927E-02  6.283E+00
  5.821E-09  6.091E-09  2.375E+05  1.537E+00  7.927E-02  6.283E+00
  6.091E-09  6.374E-09  2.200E+05  1.502E+00  7.927E-02  6.283E+00
  6.374E-09  6.670E-09  2.066E+05  1.672E+00  7.927E-02  6.283E+00
  6.670E-09  6.979E-09  1.993E+05  1.561E+00  7.927E-02  6.283E+00
  6.979E-09  7.303E-09  1.878E+05  1.670E+00  7.927E-02  6.283E+00
  7.303E-09  7.641E-09  1.824E+05  1.776E+00  7.927E-02  6.283E+00
  7.641E-09  7.996E-09  1.722E+05  1.573E+00  7.927E-02  6.283E+00
  7.996E-09  8.367E-09  1.624E+05  1.744E+00  7.927E-02  6.283E+00
  8.367E-09  8.755E-09  1.648E+05  1.476E+00  7.927E-02  6.283E+00
  8.755E-09  9.161E-09  1.531E+05  1.532E+00  7.927E-02  6.283E+00
  9.161E-09  9.586E-09  1.449E+05  1.541E+00  7.927E-02  6.283E+00
  9.586E-09  1.003E-08  1.407E+05  1.693E+00  7.927E-02  6.283E+00
  1.003E-08  1.050E-08  1.334E+05  1.680E+00  7.927E-02  6.283E+00
  1.050E-08  1.098E-08  1.288E+05  1.755E+00  7.927E-02  6.283E+00
  1.098E-08  1.149E-08  1.244E+05  1.349E+00  7.927E-02  6.283E+00
  1.149E-08  1.202E-08  1.179E+05  1.746E+00  7.927E-02  6.283E+00
  1.202E-08  1.258E-08  1.174E+05  1.492E+00  7.927E-02  6.283E+00
  1.258E-08  1.317E-08  1.095E+05  1.368E+00  7.927E-02  6.283E+00
  1.317E-08  1.378E-08  1.033E+05  1.526E+00  7.927E-02  6.283E+00
  1.378E-08  1.442E-08  9.740E+04  1.584E+00  7.927E-02  6.283E+00
  1.442E-08  1.508E-08  9.146E+04  1.666E+00  7.927E-02  6.283E+00
  1.508E-08  1.578E-08  9.193E+04  1.514E+00  7.927E-02  6.283E+00
  1.578E-08  1.652E-08  8.664E+04  1.502E+00  7.927E-02  6.283E+00
  1.652E-08  1.728E-08  8.453E+04  1.677E+00  7.927E-02  6.283E+00
  1.728E-08  1.808E-08  7.760E+04  1.713E+00  7.927E-02  6.283E+00
  1.808E-08  1.892E-08  7.601E+04  1.826E+00  7.927E-02  6.283E+00
  1.892E-08  1.980E-08  7.361E+04  1.589E+00  7.927E-02  6.283E+00
  1.980E-08  2.072E-08  6.786E+04  1.717E+00  7.927E-02  6.283E+00
  2.072E-08  2.168E-08  6.611E+04  1.436E+00  7.927E-02  6.283E+00
  2.168E-08  2.268E-08  6.338E+04  1.693E+00  7.927E-02  6.283E+00
  2.268E-08  2.374E-08  5.936E+04  1.701E+00  7.927E-02  6.283E+00
  2.374E-08  2.484E-08  5.827E+04  1.753E+00  7.927E-02  6.283E+00
  2.484E-08  2.599E-08  5.565E+04  1.644E+00  7.927E-02  6.283E+00
  2.599E-08  2.720E-08  5.216E+04  1.652E+00  7.927E-02  6.283E+00
  2.720E-08  2.846E-08  5.062E+04  1.662E+00  7.927E-02  6.283E+00
  2.846E-08  2.978E-08  4.777E+04  1.834E+00  7.927E-02  6.283E+00
  2.978E-08  3.116E-08  4.688E+04  1.548E+00  7.927E-02  6.283E+00
  3.116E-08  3.260E-08  4.493E+04  1.468E+00  7.927E-02  6.283E+00
  3.260E-08  3.411E-08  4.249E+04  1.657E+00  7.927E-02  6.283E+00
  3.411E-08  3.570E-08  4.162E+04  1.590E+00  7.927E-02  6.283E+00
  3.570E-08  3.735E-08  3.911E+04  1.512E+00  7.927E-02  6.283E+00
  3.735E-08  3.909E-08  3.781E+04  1.549E+00  7.927E-02  6.283E+00
  3.909E-08  4.090E-08  3.415E+04  1.637E+00  7.927E-02  6.283E+00
  4.090E-08  4.280E-08  3.418E+04  1.512E+00  7.927E-02  6.283E+00
  4.280E-08  4.478E-08  3.203E+04  1.654E+00  7.927E-02  6.283E+00
  4.478E-08  4.686E-08  3.119E+04  1.715E+00  7.927E-02  6.283E+00
  4.686E-08  4.903E-08  3.030E+04  1.542E+00  7.927E-02  6.283E+00
  4.903E-08  5.130E-08  2.854E+04  1.419E+00  7.927E-02  6.283E+00
  5.130E-08  5.368E-08  2.690E+04  1.599E+00  7.927E-02  6.283E+00
  5.368E-08  5.617E-08  2.668E+04  1.558E+00  7.927E-02  6.283E+00
  5.617E-08  5.878E-08  2.522E+04  1.558E+00  7.927E-02  6.283E+00
  5.878E-08  6.151E-08  2.374E+04  1.536E+00  7.927E-02  6.283E+00
  6.151E-08  6.436E-08  2.277E+04  1.484E+00  7.927E-02  6.283E+00
  6.436E-08  6.734E-08  2.183E+04  1.405E+00  7.927E-02  6.283E+00
  6.734E-08  7.047E-08  2.112E+04  1.512E+00  7.927E-02  6.283E+00
  7.047E-08  7.374E-08  1.965E+04  1.432E+00  7.927E-02  6.283E+00
  7.374E-08  7.716E-08  1.911E+04  1.586E+00  7.927E-02  6.283E+00
  7.716E-08  8.073E-08  1.831E+04  1.414E+00  7.927E-02  6.283E+00
  8.073E-08  8.448E-08  1.723E+04  1.633E+00  7.927E-02  6.283E+00
  8.448E-08  8.840E-08  1.654E+04  1.374E+00  7.927E-02  6.283E+00
  8.840E-08  9.250E-08  1.632E+04  1.334E+00  7.927E-02  6.283E+00
  9.250E-08  9.679E-08  1.501E+04  1.377E+00  7.927E-02  6.283E+00
  9.679E-08  1.013E-07  1.492E+04  1.604E+00  7.927E-02  6.283E+00
  1.013E-07  1.060E-07  1.376E+04  1.490E+00  7.927E-02  6.283E+00
  1.060E-07  1.109E-07  1.356E+04  1.579E+00  7.927E-02  6.283E+00
  1.109E-07  1.160E-07  1.281E+04  1.450E+00  7.927E-02  6.283E+00
  1.160E-07  1.214E-07  1.216E+04  1.470E+00  7.927E-02  6.283E+00
  1.214E-07  1.270E-07  1.149E+04  1.589E+00  7.927E-02  6.283E+00
  1.270E-07  1.329E-07  1.133E+04  1.618E+00  7.927E-02  6.283E+00
  1.329E-07  1.391E-07  1.059E+04  1.650E+00  7.927E-02  6.283E+00
  1.391E-07  1.456E-07  1.010E+04  1.798E+00  7.927E-02  6.283E+00
  1.456E-07  1.523E-07  9.997E+03  1.622E+00  7.927E-02  6.283E+00
  1.523E-07  1.594E-07  9.490E+03  1.584E+00  7.927E-02  6.283E+00
  1.594E-07  1.668E-07  8.882E+03  1.573E+00  7.927E-02  6.283E+00
  1.668E-07  1.745E-07  8.617E+03  1.520E+00  7.927E-02  6.283E+00
  1.745E-07  1.826E-07  8.373E+03  1.734E+00  7.927E-02  6.283E+00
  1.826E-07  1.911E-07  8.028E+03  1.545E+00  7.927E-02  6.283E+00
  1.911E-07  1.999E-07  7.443E+03  1.536E+00  7.927E-02  6.283E+00
  1.999E-07  2.092E-07  7.292E+03  1.614E+00  7.927E-02  6.283E+00
  2.092E-07  2.189E-07  6.869E+03  1.502E+00  7.927E-02  6.283E+00
  2.189E-07  2.291E-07  6.611E+03  1.543E+00  7.927E-02  6.283E+00
  2.291E-07  2.397E-07  6.344E+03  1.609E+00  7.927E-02  6.283E+00
  2.397E-07  2.508E-07  6.090E+03  1.536E+00  7.927E-02  6.283E+00
  2.508E-07  2.624E-07  5.697E+03  1.547E+00  7.927E-02  6.283E+00
  2.624E-07  2.746E-07  5.565E+03  1.531E+00  7.927E-02  6.283E+00
  2.746E-07  2.873E-07  5.215E+03  1.413E+00  7.927E-02  6.283E+00
  2.873E-07  3.007E-07  4.995E+03  1.534E+00  7.927E-02  6.283E+00
  3.007E-07  3.146E-07  4.803E+03  1.622E+00  7.927E-02  6.283E+00
  3.146E-07  3.292E-07  4.664E+03  1.670E+00  7.927E-02  6.283E+00
  3.292E-07  3.445E-07  4.495E+03  1.626E+00  7.927E-02  6.283E+00
  3.445E-07  3.604E-07  4.330E+03  1.495E+00  7.927E-02  6.283E+00
  3.604E-07  3.772E-07  4.121E+03  1.467E+00  7.927E-02  6.283E+00
  3.772E-07  3.947E-07  3.741E+03  1.612E+00  7.927E-02  6.283E+00
  3.947E-07  4.130E-07  3.660E+03  1.599E+00  7.927E-02  6.283E+00
  4.130E-07  4.321E-07  3.491E+03  1.451E+00  7.927E-02  6.283E+00
  4.321E-07  4.522E-07  3.508E+03  1.537E+00  7.927E-02  6.283E+00
  4.522E-07  4.731E-07  3.283E+03  1.455E+00  7.927E-02  6.283E+00
  4.731E-07  4.951E-07  3.120E+03  1.492E+00  7.927E-02  6.283E+00
  4.951E-07  5.180E-07  3.016E+03  1.553E+00  7.927E-02  6.283E+00
  5.180E-07  5.421E-07  2.849E+03  1.540E+00  7.927E-02  6.283E+00
  5.421E-07  5.672E-07  2.759E+03  1.510E+00  7.927E-02  6.283E+00
  5.672E-07  5.935E-07  2.647E+03  1.528E+00  7.927E-02  6.283E+00
  5.935E-07  6.210E-07  2.453E+03  1.705E+00  7.927E-02  6.283E+00
  6.210E-07  6.498E-07  2.339E+03  1.612E+00  7.927E-02  6.283E+00
  6.498E-07  6.800E-07  2.300E+03  1.578E+00  7.927E-02  6.283E+00
  6.800E-07  7.115E-07  2.157E+03  1.351E+00  7.927E-02  6.283E+00
  7.115E-07  7.445E-07  2.046E+03  1.673E+00  7.927E-02  6.283E+00
  7.445E-07  7.791E-07  1.938E+03  1.490E+00  7.927E-02  6.283E+00
  7.791E-07  8.152E-07  1.851E+03  1.544E+00  7.927E-02  6.283E+00
  8.152E-07  8.530E-07  1.790E+03  1.657E+00  7.927E-02  6.283E+00
  8.530E-07  8.926E-07  1.730E+03  1.634E+00  7.927E-02  6.283E+00
  8.926E-07  9.340E-07  1.681E+03  1.494E+00  7.927E-02  6.283E+00
  9.340E-07  9.773E-07  1.553E+03  1.450E+00  7.927E-02  6.283E+00
  9.773E-07  1.023E-06  1.543E+03  1.430E+00  7.927E-02  6.283E+00
  1.023E-06  1.070E-06  1.432E+03  1.711E+00  7.927E-02  6.283E+00
  1.070E-06  1.120E-06  1.388E+03  1.482E+00  7.927E-02  6.283E+00
  1.120E-06  1.172E-06  1.323E+03  1.552E+00  7.927E-02  6.283E+00
  1.172E-06  1.226E-06  1.286E+03  1.697E+00  7.927E-02  6.283E+00
  1.226E-06  1.283E-06  1.209E+03  1.672E+00  7.927E-02  6.283E+00
  1.283E-06  1.342E-06  1.206E+03  1.453E+00  7.927E-02  6.283E+00
  1.342E-06  1.405E-06  1.116E+03  1.631E+00  7.927E-02  6.283E+00
  1.405E-06  1.470E-06  1.081E+03  1.492E+00  7.927E-02  6.283E+00
  1.470E-06  1.538E-06  1.039E+03  1.553E+00  7.927E-02  6.283E+00
  1.538E-06  1.609E-06  9.816E+02  1.438E+00  7.927E-02  6.283E+00
  1.609E-06  1.684E-06  9.450E+02  1.635E+00  7.927E-02  6.283E+00
  1.684E-06  1.762E-06  8.716E+02  1.645E+00  7.927E-02  6.283E+00
  1.762E-06  1.844E-06  8.641E+02  1.356E+00  7.927E-02  6.283E+00
  1.844E-06  1.929E-06  8.288E+02  1.439E+00  7.927E-02  6.283E+00
  1.929E-06  2.019E-06  7.642E+02  1.484E+00  7.927E-02  6.283E+00
  2.019E-06  2.112E-06  7.614E+02  1.488E+00  7.927E-02  6.283E+00
  2.112E-06  2.210E-06  7.170E+02  1.553E+00  7.927E-02  6.283E+00
  2.210E-06  2.313E-06  6.926E+02  1.432E+00  7.927E-02  6.283E+00
  2.313E-06  2.420E-06  6.502E+02  1.430E+00  7.927E-02  6.283E+00
  2.420E-06  2.532E-06  6.489E+02  1.699E+00  7.927E-02  6.283E+00
  2.532E-06  2.650E-06  5.846E+02  1.701E+00  7.927E-02  6.283E+00
  2.650E-06  2.773E-06  5.865E+02  1.602E+00  7.927E-02  6.283E+00
  2.773E-06  2.901E-06  5.614E+02  1.515E+00  7.927E-02  6.283E+00
  2.901E-06  3.036E-06  5.265E+02  1.332E+00  7.927E-02  6.283E+00
  3.036E-06  3.177E-06  5.087E+02  1.499E+00  7.927E-02  6.283E+00
  3.177E-06  3.324E-06  4.892E+02  1.482E+00  7.927E-02  6.283E+00
  3.324E-06  3.478E-06  4.598E+02  1.527E+00  7.927E-02  6.283E+00
  3.478E-06  3.639E-06  4.460E+02  1.551E+00  7.927E-02  6.283E+00
  3.639E-06  3.808E-06  4.176E+02  1.479E+00  7.927E-02  6.283E+00
  3.808E-06  3.985E-06  4.086E+02  1.584E+00  7.927E-02  6.283E+00
  3.985E-06  4.170E-06  3.965E+02  1.384E+00  7.927E-02  6.283E+00
  4.170E-06  4.363E-06  3.748E+02  1.585E+00  7.927E-02  6.283E+00
  4.363E-06  4.565E-06  3.540E+02  1.312E+00  7.927E-02  6.283E+00
  4.565E-06  4.777E-06  3.427E+02  1.299E+00  7.927E-02  6.283E+00
  4.777E-06  4.999E-06  3.325E+02  1.542E+00  7.927E-02  6.283E+00
  4.999E-06  5.231E-06  3.171E+02  1.281E+00  7.927E-02  6.283E+00
  5.231E-06  5.473E-06  3.083E+02  1.484E+00  7.927E-02  6.283E+00
  5.473E-06  5.727E-06  2.937E+02  1.503E+00  7.927E-02  6.283E+00
  5.727E-06  5.993E-06  2.813E+02  1.675E+00  7.927E-02  6.283E+00
  5.993E-06  6.271E-06  2.617E+02  1.398E+00  7.927E-02  6.283E+00
  6.271E-06  6.562E-06  2.499E+02  1.482E+00  7.927E-02  6.283E+00
  6.562E-06  6.866E-06  2.519E+02  1.522E+00  7.927E-02  6.283E+00
  6.866E-06  7.184E-06  2.308E+02  1.452E+00  7.927E-02  6.283E+00
  7.184E-06  7.518E-06  2.328E+02  1.397E+00  7.927E-02  6.283E+00
  7.518E-06  7.866E-06  2.183E+02  1.502E+00  7.927E-02  6.283E+00
  7.866E-06  8.231E-06  2.087E+02  1.598E+00  7.927E-02  6.283E+00
  8.231E-06  8.613E-06  2.004E+02  1.497E+00  7.927E-02  6.283E+00
  8.613E-06  9.012E-06  1.854E+02  1.491E+00  7.927E-02  6.283E+00
  9.012E-06  9.430E-06  1.843E+02  1.317E+00  7.927E-02  6.283E+00
  9.430E-06  9.868E-06  1.712E+02  1.511E+00  7.927E-02  6.283E+00
  9.868E-06  1.033E-05  1.723E+02  1.356E+00  7.927E-02  6.283E+00
  1.033E-05  1.080E-05  1.629E+02  1.309E+00  7.927E-02  6.283E+00
  1.080E-05  1.131E-05  1.592E+02  1.426E+00  7.927E-02  6.283E+00
  1.131E-05  1.183E-05  1.492E+02  1.468E+00  7.927E-02  6.283E+00
  1.183E-05  1.238E-05  1.445E+02  1.481E+00  7.927E-02  6.283E+00
  1.238E-05  1.295E-05  1.365E+02  1.388E+00  7.927E-02  6.283E+00
  1.295E-05  1.355E-05  1.298E+02  1.485E+00  7.927E-02  6.283E+00
  1.355E-05  1.418E-05  1.280E+02  1.511E+00  7.927E-02  6.283E+00
  1.418E-05  1.484E-05  1.223E+02  1.514E+00  7.927E-02  6.283E+00
  1.484E-05  1.553E-05  1.151E+02  1.416E+00  7.927E-02  6.283E+00
  1.553E-05  1.625E-05  1.091E+02  1.212E+00  7.927E-02  6.283E+00
  1.625E-05  1.700E-05  1.084E+02  1.341E+00  7.927E-02  6.283E+00
  1.700E-05  1.779E-05  1.021E+02  1.429E+00  7.927E-02  6.283E+00
  1.779E-05  1.862E-05  9.972E+01  1.273E+00  7.927E-02  6.283E+00
  1.862E-05  1.948E-05  9.700E+01  1.361E+00  7.927E-02  6.283E+00
  1.948E-05  2.038E-05  9.509E+01  1.201E+00  7.927E-02  6.283E+00
  2.038E-05  2.133E-05  8.912E+01  1.369E+00  7.927E-02  6.283E+00
  2.133E-05  2.232E-05  8.530E+01  1.376E+00  7.927E-02  6.283E+00
  2.232E-05  2.335E-05  8.281E+01  1.211E+00  7.927E-02  6.283E+00
  2.335E-05  2.444E-05  7.957E+01  1.381E+00  7.927E-02  6.283E+00
  2.444E-05  2.557E-05  7.688E+01  1.357E+00  7.927E-02  6.283E+00
  2.557E-05  2.675E-05  7.403E+01  1.378E+00  7.927E-02  6.283E+00
  2.675E-05  2.800E-05  7.196E+01  1.432E+00  7.927E-02  6.283E+00
  2.800E-05  2.929E-05  6.873E+01  1.361E+00  7.927E-02  6.283E+00
  2.929E-05  3.065E-05  6.656E+01  1.325E+00  7.927E-02  6.283E+00
  3.065E-05  3.207E-05  6.554E+01  1.244E+00  7.927E-02  6.283E+00
  3.207E-05  3.356E-05  6.282E+01  1.239E+00  7.927E-02  6.283E+00
  3.356E-05  3.512E-05  5.867E+01  1.298E+00  7.927E-02  6.283E+00
  3.512E-05  3.675E-05  5.765E+01  1.470E+00  7.927E-02  6.283E+00
  3.675E-05  3.845E-05  5.585E+01  1.234E+00  7.927E-02  6.283E+00
  3.845E-05  4.024E-05  5.467E+01  1.282E+00  7.927E-02  6.283E+00
  4.024E-05  4.210E-05  5.251E+01  1.260E+00  7.927E-02  6.283E+00
  4.210E-05  4.405E-05  4.989E+01  1.443E+00  7.927E-02  6.283E+00
  4.405E-05  4.610E-05  4.885E+01  1.299E+00  7.927E-02  6.283E+00
  4.610E-05  4.824E-05  4.735E+01  1.201E+00  7.927E-02  6.283E+00
  4.824E-05  5.047E-05  4.515E+01  1.089E+00  7.927E-02  6.283E+00
  5.047E-05  5.281E-05  4.500E+01  1.331E+00  7.927E-02  6.283E+00
  5.281E-05  5.526E-05  4.153E+01  1.055E+00  7.927E-02  6.283E+00
  5.526E-05  5.783E-05  4.163E+01  1.364E+00  7.927E-02  6.283E+00
  5.783E-05  6.051E-05  3.936E+01  1.218E+00  7.927E-02  6.283E+00
  6.051E-05  6.332E-05  3.947E+01  1.348E+00  7.927E-02  6.283E+00
  6.332E-05  6.625E-05  3.820E+01  1.243E+00  7.927E-02  6.283E+00
  6.625E-05  6.933E-05  3.664E+01  1.106E+00  7.927E-02  6.283E+00
  6.933E-05  7.254E-05  3.549E+01  1.252E+00  7.927E-02  6.283E+00
  7.254E-05  7.591E-05  3.528E+01  1.166E+00  7.927E-02  6.283E+00
  7.591E-05  7.943E-05  3.414E+01  1.068E+00  7.927E-02  6.283E+00
  7.943E-05  8.311E-05  3.303E+01  1.107E+00  7.927E-02  6.283E+00
  8.311E-05  8.697E-05  3.186E+01  1.103E+00  7.927E-02  6.283E+00
  8.697E-05  9.100E-05  3.144E+01  1.118E+00  7.927E-02  6.283E+00
  9.100E-05  9.522E-05  3.101E+01  1.126E+00  7.927E-02  6.283E+00
  9.522E-05  9.964E-05  2.957E+01  1.261E+00  7.927E-02  6.283E+00
  9.964E-05  1.043E-04  2.897E+01  1.085E+00  7.927E-02  6.283E+00
  1.043E-04  1.091E-04  2.779E+01  1.147E+00  7.927E-02  6.283E+00
  1.091E-04  1.142E-04  2.806E+01  1.018E+00  7.927E-02  6.283E+00
  1.142E-04  1.194E-04  2.710E+01  1.235E+00  7.927E-02  6.283E+00
  1.194E-04  1.250E-04  2.664E+01  1.005E+00  7.927E-02  6.283E+00
  1.250E-04  1.308E-04  2.609E+01  1.063E+00  7.927E-02  6.283E+00
  1.308E-04  1.369E-04  2.565E+01  1.043E+00  7.927E-02  6.283E+00
  1.369E-04  1.432E-04  2.488E+01  1.132E+00  7.927E-02  6.283E+00
  1.432E-04  1.498E-04  2.459E+01  1.023E+00  7.927E-02  6.283E+00
  1.498E-04  1.568E-04  2.367E+01  8.458E-01  7.927E-02  6.283E+00
  1.568E-04  1.641E-04  2.387E+01  1.030E+00  7.927E-02  6.283E+00
  1.641E-04  1.717E-04  2.311E+01  9.870E-01  7.927E-02  6.283E+00
  1.717E-04  1.796E-04  2.298E+01  9.134E-01  7.927E-02  6.283E+00
  1.796E-04  1.880E-04  2.221E+01  9.531E-01  7.927E-02  6.283E+00
  1.880E-04  1.967E-04  2.213E+01  9.352E-01  7.927E-02  6.283E+00
  1.967E-04  2.058E-04  2.226E+01  8.994E-01  7.927E-02  6.283E+00
  2.058E-04  2.154E-04  2.192E+01  8.549E-01  7.927E-02  6.283E+00
  2.154E-04  2.253E-04  2.126E+01  8.454E-01  7.927E-02  6.283E+00
  2.253E-04  2.358E-04  2.099E+01  8.369E-01  7.927E-02  6.283E+00
  2.358E-04  2.467E-04  2.069E+01  8.743E-01  7.927E-02  6.283E+00
  2.467E-04  2.582E-04  2.042E+01  7.862E-01  7.927E-02  6.283E+00
  2.582E-04  2.701E-04  2.023E+01  8.586E-01  7.927E-02  6.283E+00
  2.701E-04  2.827E-04  2.035E+01  8.311E-01  7.927E-02  6.283E+00
  2.827E-04  2.958E-04  2.023E+01  7.827E-01  7.927E-02  6.283E+00
  2.958E-04  3.095E-04  2.009E+01  6.903E-01  7.927E-02  6.283E+00
  3.095E-04  3.239E-04  2.008E+01  6.737E-01  7.927E-02  6.283E+00
  3.239E-04  3.389E-04  1.999E+01  7.928E-01  7.927E-02  6.283E+00
  3.389E-04  3.546E-04  1.996E+01  7.391E-01  7.927E-02  6.283E+00
  3.546E-04  3.711E-04  1.964E+01  6.925E-01  7.927E-02  6.283E+00
  3.711E-04  3.883E-04  1.949E+01  6.043E-01  7.927E-02  6.283E+00
  3.883E-04  4.063E-04  1.884E+01  6.693E-01  7.927E-02  6.283E+00
  4.063E-04  4.251E-04  1.760E+01  7.093E-01  7.927E-02  6.283E+00
  4.251E-04  4.448E-04  1.563E+01  6.662E-01  7.927E-02  6.283E+00
  4.448E-04  4.655E-04  1.776E+01  6.353E-01  7.927E-02  6.283E+00
  4.655E-04  4.871E-04  2.007E+01  5.916E-01  7.927E-02  6.283E+00
  4.871E-04  5.096E-04  2.107E+01  5.680E-01  7.927E-02  6.283E+00
  5.096E-04  5.333E-04  2.283E+01  5.309E-01  7.927E-02  6.283E+00
  5.333E-04  5.580E-04  2.625E+01  5.407E-01  7.927E-02  6.283E+00
  5.580E-04  5.839E-04  3.550E+01  4.162E-01  7.927E-02  6.283E+00
  5.839E-04  6.110E-04  1.837E+01  5.445E-01  7.927E-02  6.283E+00
  6.110E-04  6.393E-04  0.000E+00  0.000E+00  7.927E-02  6.283E+00
  6.393E-04  6.690E-04  0.000E+00  0.000E+00  7.927E-02  6.283E+00
  6.690E-04  7.000E-04  0.000E+00  0.000E+00  7.927E-02  6.283E+00
  7.000E-04  7.000E-04  0.000E+00  0.000E+00  7.927E-02  6.283E+00

  1.000E-13  1.000E-13  0.000E+00  0.000E+00  6.283E+00  6.283E+00
  1.046E-13  1.046E-13  0.000E+00  0.000E+00  6.283E+00  6.283E+00
  1.095E-13  1.095E-13  0.000E+00  0.000E+00  6.283E+00  6.283E+00
  1.146E-13  1.146E-13  0.000E+00  0.000E+00  6.283E+00  6.283E+00
  1.199E-13  1.199E-13  0.000E+00  0.000E+00  6.283E+00  6.283E+00
  1.254E-13  1.254E-13  0.000E+00  0.000E+00  6.283E+00  6.283E+00
  1.313E-13  1.313E-13  0.000E+00  0.000E+00  6.283E+00  6.283E+00
  1.374E-13  1.374E-13  0.000E+00  0.000E+00  6.283E+00  6.283E+00
  1.437E-13  1.437E-13  0.000E+00  0.000E+00  6.283E+00  6.283E+00
  1.504E-13  1.504E-13  0.000E+00  0.000E+00  6.283E+00  6.283E+00
  1.574E-13  1.574E-13  0.000E+00  0.000E+00  6.283E+00  6.283E+00
  1.647E-13  1.647E-13  0.000E+00  0.000E+00  6.283E+00  6.283E+00
  1.723E-13  1.723E-13  0.000E+00  0.000E+00  6.283E+00  6.283E+00
  1.803E-13  1.803E-13  0.000E+00  0.000E+00  6.283E+00  6.283E+00
  1.887E-13  1.887E-13  0.000E+00  0.000E+00  6.283E+00  6.283E+00
  1.974E-13  1.974E-13  0.000E+00  0.000E+00  6.283E+00  6.283E+00
  2.066E-13  2.066E-13  0.000E+00  0.000E+00  6.283E+00  6.283E+00
  2.161E-13  2.161E-13  0.000E+00  0.000E+00  6.283E+00  6.283E+00
  2.262E-13  2.262E-13  0.000E+00  0.000E+00  6.283E+00  6.283E+00
  2.367E-13  2.367E-13  0.000E+00  0.000E+00  6.283E+00  6.283E+00
  2.476E-13  2.476E-13  0.000E+00  0.000E+00  6.283E+00  6.283E+00
  2.591E-13  2.591E-13  0.000E+00  0.000E+00  6.283E+00  6.283E+00
  2.711E-13  2.711E-13  0.000E+00  0.000E+00  6.283E+00  6.283E+00
  2.837E-13  2.837E-13  0.000E+00  0.000E+00  6.283E+00  6.283E+00
  2.969E-13  2.969E-13  0.000E+00  0.000E+00  6.283E+00  6.283E+00
  3.106E-13  3.106E-13  0.000E+00  0.000E+00  6.283E+00  6.283E+00
  3.250E-13  3.250E-13  0.000E+00  0.000E+00  6.283E+00  6.283E+00
  3.401E-13  3.401E-13  0.000E+00  0.000E+00  6.283E+00  6.283E+00
  3.559E-13  3.559E-13  0.000E+00  0.000E+00  6.283E+00  6.283E+00
  3.724E-13  3.724E-13  0.000E+00  0.000E+00  6.283E+00  6.283E+00
  3.897E-13  3.897E-13  0.000E+00  0.000E+00  6.283E+00  6.283E+00
  4.078E-13  4.078E-13  0.000E+00  0.000E+00  6.283E+00  6.283E+00
  4.267E-13  4.267E-13  0.000E+00  0.000E+00  6.283E+00  6.283E+00
  4.465E-13  4.465E-13  0.000E+00  0.000E+00  6.283E+00  6.283E+00
  4.672E-13  4.672E-13  0.000E+00  0.000E+00  6.283E+00  6.283E+00
  4.888E-13  4.888E-13  0.000E+00  0.000E+00  6.283E+00  6.283E+00
  5.115E-13  5.115E-13  0.000E+00  0.000E+00  6.283E+00  6.283E+00
  5.352E-13  5.352E-13  0.000E+00  0.000E+00  6.283E+00  6.283E+00
  5.601E-13  5.601E-13  0.000E+00  0.000E+00  6.283E+00  6.283E+00
  5.860E-13  5.860E-13  0.000E+00  0.000E+00  6.283E+00  6.283E+00
  6.132E-13  6.132E-13  0.000E+00  0.000E+00  6.283E+00  6.283E+00
  6.416E-13  6.416E-13  0.000E+00  0.000E+00  6.283E+00  6.283E+00
  6.714E-13  6.714E-13  0.000E+00  0.000E+00  6.283E+00  6.283E+00
  7.026E-13  7.026E-13  0.000E+00  0.000E+00  6.283E+00  6.283E+00
  7.351E-13  7.351E-13  0.000E+00  0.000E+00  6.283E+00  6.283E+00
  7.692E-13  7.692E-13  0.000E+00  0.000E+00  6.283E+00  6.283E+00
  8.049E-13  8.049E-13  0.000E+00  0.000E+00  6.283E+00  6.283E+00
  8.422E-13  8.422E-13  0.000E+00  0.000E+00  6.283E+00  6.283E+00
  8.813E-13  8.813E-13  0.000E+00  0.000E+00  6.283E+00  6.283E+00
  9.222E-13  9.222E-13  0.000E+00  0.000E+00  6.283E+00  6.283E+00
  9.650E-13  9.650E-13  0.000E+00  0.000E+00  6.283E+00  6.283E+00
  1.010E-12  1.010E-12  0.000E+00  0.000E+00  6.283E+00  6.283E+00
  1.057E-12  1.057E-12  0.000E+00  0.000E+00  6.283E+00  6.283E+00
  1.106E-12  1.106E-12  0.000E+00  0.000E+00  6.283E+00  6.283E+00
  1.157E-12  1.157E-12  0.000E+00  0.000E+00  6.283E+00  6.283E+00
  1.210E-12  1.210E-12  0.000E+00  0.000E+00  6.283E+00  6.283E+00
  1.267E-12  1.267E-12  0.000E+00  0.000E+00  6.283E+00  6.283E+00
  1.325E-12  1.325E-12  0.000E+00  0.000E+00  6.283E+00  6.283E+00
  1.387E-12  1.387E-12  0.000E+00  0.000E+00  6.283E+00  6.283E+00
  1.451E-12  1.451E-12  0.000E+00  0.000E+00  6.283E+00  6.283E+00
  1.518E-12  1.518E-12  0.000E+00  0.000E+00  6.283E+00  6.283E+00
  1.589E-12  1.589E-12  0.000E+00  0.000E+00  6.283E+00  6.283E+00
  1.663E-12  1.663E-12  0.000E+00  0.000E+00  6.283E+00  6.283E+00
  1.740E-12  1.740E-12  0.000E+00  0.000E+00  6.283E+00  6.283E+00
  1.820E-12  1.820E-12  0.000E+00  0.000E+00  6.283E+00  6.283E+00
  1.905E-12  1.905E-12  0.000E+00  0.000E+00  6.283E+00  6.283E+00
  1.993E-12  1.993E-12  0.000E+00  0.000E+00  6.283E+00  6.283E+00
  2.086E-12  2.086E-12  0.000E+00  0.000E+00  6.283E+00  6.283E+00
  2.182E-12  2.182E-12  0.000E+00  0.000E+00  6.283E+00  6.283E+00
  2.284E-12  2.284E-12  0.000E+00  0.000E+00  6.283E+00  6.283E+00
  2.390E-12  2.390E-12  0.000E+00  0.000E+00  6.283E+00  6.283E+00
  2.500E-12  2.500E-12  0.000E+00  0.000E+00  6.283E+00  6.283E+00
  2.616E-12  2.616E-12  0.000E+00  0.000E+00  6.283E+00  6.283E+00
  2.738E-12  2.738E-12  0.000E+00  0.000E+00  6.283E+00  6.283E+00
  2.865E-12  2.865E-12  0.000E+00  0.000E+00  6.283E+00  6.283E+00
  2.998E-12  2.998E-12  0.000E+00  0.000E+00  6.283E+00  6.283E+00
  3.137E-12  3.137E-12  0.000E+00  0.000E+00  6.283E+00  6.283E+00
  3.282E-12  3.282E-12  0.000E+00  0.000E+00  6.283E+00  6.283E+00
  3.434E-12  3.434E-12  0.000E+00  0.000E+00  6.283E+00  6.283E+00
  3.594E-12  3.594E-12  0.000E+00  0.000E+00  6.283E+00  6.283E+00
  3.760E-12  3.760E-12  0.000E+00  0.000E+00  6.283E+00  6.283E+00
  3.935E-12  3.935E-12  0.000E+00  0.000E+00  6.283E+00  6.283E+00
  4.117E-12  4.117E-12  0.000E+00  0.000E+00  6.283E+00  6.283E+00
  4.308E-12  4.308E-12  0.000E+00  0.000E+00  6.283E+00  6.283E+00
  4.508E-12  4.508E-12  0.000E+00  0.000E+00  6.283E+00  6.283E+00
  4.717E-12  4.717E-12  0.000E+00  0.000E+00  6.283E+00  6.283E+00
  4.936E-12  4.936E-12  0.000E+00  0.000E+00  6.283E+00  6.283E+00
  5.165E-12  5.165E-12  0.000E+00  0.000E+00  6.283E+00  6.283E+00
  5.404E-12  5.404E-12  0.000E+00  0.000E+00  6.283E+00  6.283E+00
  5.655E-12  5.655E-12  0.000E+00  0.000E+00  6.283E+00  6.283E+00
  5.917E-12  5.917E-12  0.000E+00  0.000E+00  6.283E+00  6.283E+00
  6.192E-12  6.192E-12  0.000E+00  0.000E+00  6.283E+00  6.283E+00
  6.479E-12  6.479E-12  0.000E+00  0.000E+00  6.283E+00  6.283E+00
  6.779E-12  6.779E-12  0.000E+00  0.000E+00  6.283E+00  6.283E+00
  7.094E-12  7.094E-12  0.000E+00  0.000E+00  6.283E+00  6.283E+00
  7.423E-12  7.423E-12  0.000E+00  0.000E+00  6.283E+00  6.283E+00
  7.767E-12  7.767E-12  0.000E+00  0.000E+00  6.283E+00  6.283E+00
  8.127E-12  8.127E-12  0.000E+00  0.000E+00  6.283E+00  6.283E+00
  8.504E-12  8.504E-12  0.000E+00  0.000E+00  6.283E+00  6.283E+00
  8.899E-12  8.899E-12  0.000E+00  0.000E+00  6.283E+00  6.283E+00
  9.311E-12  9.311E-12  0.000E+00  0.000E+00  6.283E+00  6.283E+00
  9.743E-12  9.743E-12  0.000E+00  0.000E+00  6.283E+00  6.283E+00
  1.020E-11  1.020E-11  0.000E+00  0.000E+00  6.283E+00  6.283E+00
  1.067E-11  1.067E-11  0.000E+00  0.000E+00  6.283E+00  6.283E+00
  1.116E-11  1.116E-11  0.000E+00  0.000E+00  6.283E+00  6.283E+00
  1.168E-11  1.168E-11  0.000E+00  0.000E+00  6.283E+00  6.283E+00
  1.222E-11  1.222E-11  0.000E+00  0.000E+00  6.283E+00  6.283E+00
  1.279E-11  1.279E-11  0.000E+00  0.000E+00  6.283E+00  6.283E+00
  1.338E-11  1.338E-11  0.000E+00  0.000E+00  6.283E+00  6.283E+00
  1.400E-11  1.400E-11  0.000E+00  0.000E+00  6.283E+00  6.283E+00
  1.465E-11  1.465E-11  0.000E+00  0.000E+00  6.283E+00  6.283E+00
  1.533E-11  1.533E-11  0.000E+00  0.000E+00  6.283E+00  6.283E+00
  1.604E-11  1.604E-11  0.000E+00  0.000E+00  6.283E+00  6.283E+00
  1.679E-11  1.679E-11  0.000E+00  0.000E+00  6.283E+00  6.283E+00
  1.757E-11  1.757E-11  0.000E+00  0.000E+00  6.283E+00  6.283E+00
  1.838E-11  1.838E-11  0.000E+00  0.000E+00  6.283E+00  6.283E+00
  1.923E-11  1.923E-11  0.000E+00  0.000E+00  6.283E+00  6.283E+00
  2.013E-11  2.013E-11  0.000E+00  0.000E+00  6.283E+00  6.283E+00
  2.106E-11  2.106E-11  0.000E+00  0.000E+00  6.283E+00  6.283E+00
  2.204E-11  2.204E-11  0.000E+00  0.000E+00  6.283E+00  6.283E+00
  2.306E-11  2.306E-11  0.000E+00  0.000E+00  6.283E+00  6.283E+00
  2.413E-11  2.413E-11  0.000E+00  0.000E+00  6.283E+00  6.283E+00
  2.525E-11  2.525E-11  0.000E+00  0.000E+00  6.283E+00  6.283E+00
  2.642E-11  2.642E-11  0.000E+00  0.000E+00  6.283E+00  6.283E+00
  2.764E-11  2.764E-11  0.000E+00  0.000E+00  6.283E+00  6.283E+00
  2.893E-11  2.893E-11  0.000E+00  0.000E+00  6.283E+00  6.283E+00
  3.027E-11  3.027E-11  0.000E+00  0.000E+00  6.283E+00  6.283E+00
  3.167E-11  3.167E-11  0.000E+00  0.000E+00  6.283E+00  6.283E+00
  3.314E-11  3.314E-11  0.000E+00  0.000E+00  6.283E+00  6.283E+00
  3.468E-11  3.468E-11  0.000E+00  0.000E+00  6.283E+00  6.283E+00
  3.628E-11  3.628E-11  0.000E+00  0.000E+00  6.283E+00  6.283E+00
  3.797E-11  3.797E-11  0.000E+00  0.000E+00  6.283E+00  6.283E+00
  3.973E-11  3.973E-11  0.000E+00  0.000E+00  6.283E+00  6.283E+00
  4.157E-11  4.157E-11  0.000E+00  0.000E+00  6.283E+00  6.283E+00
  4.350E-11  4.350E-11  0.000E+00  0.000E+00  6.283E+00  6.283E+00
  4.552E-11  4.552E-11  0.000E+00  0.000E+00  6.283E+00  6.283E+00
  4.763E-11  4.763E-11  0.000E+00  0.000E+00  6.283E+00  6.283E+00
  4.984E-11  4.984E-11  0.000E+00  0.000E+00  6.283E+00  6.283E+00
  5.215E-11  5.215E-11  0.000E+00  0.000E+00  6.283E+00  6.283E+00
  5.457E-11  5.457E-11  0.000E+00  0.000E+00  6.283E+00  6.283E+00
  5.710E-11  5.710E-11  0.000E+00  0.000E+00  6.283E+00  6.283E+00
  5.975E-11  5.975E-11  0.000E+00  0.000E+00  6.283E+00  6.283E+00
  6.252E-11  6.252E-11  0.000E+00  0.000E+00  6.283E+00  6.283E+00
  6.542E-11  6.542E-11  0.000E+00  0.000E+00  6.283E+00  6.283E+00
  6.845E-11  6.845E-11  0.000E+00  0.000E+00  6.283E+00  6.283E+00
  7.163E-11  7.163E-11  0.000E+00  0.000E+00  6.283E+00  6.283E+00
  7.495E-11  7.495E-11  0.000E+00  0.000E+00  6.283E+00  6.283E+00
  7.843E-11  7.843E-11  0.000E+00  0.000E+00  6.283E+00  6.283E+00
  8.206E-11  8.206E-11  0.000E+00  0.000E+00  6.283E+00  6.283E+00
  8.587E-11  8.587E-11  0.000E+00  0.000E+00  6.283E+00  6.283E+00
  8.985E-11  8.985E-11  0.000E+00  0.000E+00  6.283E+00  6.283E+00
  9.402E-11  9.402E-11  0.000E+00  0.000E+00  6.283E+00  6.283E+00
  9.838E-11  9.838E-11  0.000E+00  0.000E+00  6.283E+00  6.283E+00
  1.029E-10  1.029E-10  0.000E+00  0.000E+00  6.283E+00  6.283E+00
  1.077E-10  1.077E-10  0.000E+00  0.000E+00  6.283E+00  6.283E+00
  1.127E-10  1.127E-10  0.000E+00  0.000E+00  6.283E+00  6.283E+00
  1.179E-10  1.179E-10  0.000E+00  0.000E+00  6.283E+00  6.283E+00
  1.234E-10  1.234E-10  0.000E+00  0.000E+00  6.283E+00  6.283E+00
  1.291E-10  1.291E-10  0.000E+00  0.000E+00  6.283E+00  6.283E+00
  1.351E-10  1.351E-10  0.000E+00  0.000E+00  6.283E+00  6.283E+00
  1.414E-10  1.414E-10  0.000E+00  0.000E+00  6.283E+00  6.283E+00
  1.480E-10  1.480E-10  0.000E+00  0.000E+00  6.283E+00  6.283E+00
  1.548E-10  1.548E-10  0.000E+00  0.000E+00  6.283E+00  6.283E+00
  1.620E-10  1.620E-10  0.000E+00  0.000E+00  6.283E+00  6.283E+00
  1.695E-10  1.695E-10  0.000E+00  0.000E+00  6.283E+00  6.283E+00
  1.774E-10  1.774E-10  0.000E+00  0.000E+00  6.283E+00  6.283E+00
  1.856E-10  1.856E-10  0.000E+00  0.000E+00  6.283E+00  6.283E+00
  1.942E-10  1.942E-10  0.000E+00  0.000E+00  6.283E+00  6.283E+00
  2.032E-10  2.032E-10  0.000E+00  0.000E+00  6.283E+00  6.283E+00
  2.126E-10  2.126E-10  0.000E+00  0.000E+00  6.283E+00  6.283E+00
  2.225E-10  2.225E-10  0.000E+00  0.000E+00  6.283E+00  6.283E+00
  2.328E-10  2.328E-10  0.000E+00  0.000E+00  6.283E+00  6.283E+00
  2.436E-10  2.436E-10  0.000E+00  0.000E+00  6.283E+00  6.283E+00
  2.549E-10  2.549E-10  0.000E+00  0.000E+00  6.283E+00  6.283E+00
  2.667E-10  2.667E-10  0.000E+00  0.000E+00  6.283E+00  6.283E+00
  2.791E-10  2.791E-10  0.000E+00  0.000E+00  6.283E+00  6.283E+00
  2.921E-10  2.921E-10  0.000E+00  0.000E+00  6.283E+00  6.283E+00
  3.056E-10  3.056E-10  0.000E+00  0.000E+00  6.283E+00  6.283E+00
  3.198E-10  3.198E-10  0.000E+00  0.000E+00  6.283E+00  6.283E+00
  3.346E-10  3.346E-10  0.000E+00  0.000E+00  6.283E+00  6.283E+00
  3.501E-10  3.501E-10  0.000E+00  0.000E+00  6.283E+00  6.283E+00
  3.664E-10  3.664E-10  0.000E+00  0.000E+00  6.283E+00  6.283E+00
  3.834E-10  3.834E-10  0.000E+00  0.000E+00  6.283E+00  6.283E+00
  4.011E-10  4.011E-10  0.000E+00  0.000E+00  6.283E+00  6.283E+00
  4.198E-10  4.198E-10  0.000E+00  0.000E+00  6.283E+00  6.283E+00
  4.392E-10  4.392E-10  0.000E+00  0.000E+00  6.283E+00  6.283E+00
  4.596E-10  4.596E-10  0.000E+00  0.000E+00  6.283E+00  6.283E+00
  4.809E-10  4.809E-10  0.000E+00  0.000E+00  6.283E+00  6.283E+00
  5.032E-10  5.032E-10  0.000E+00  0.000E+00  6.283E+00  6.283E+00
  5.266E-10  5.266E-10  0.000E+00  0.000E+00  6.283E+00  6.283E+00
  5.510E-10  5.510E-10  0.000E+00  0.000E+00  6.283E+00  6.283E+00
  5.765E-10  5.765E-10  0.000E+00  0.000E+00  6.283E+00  6.283E+00
  6.033E-10  6.033E-10  0.000E+00  0.000E+00  6.283E+00  6.283E+00
  6.313E-10  6.313E-10  0.000E+00  0.000E+00  6.283E+00  6.283E+00
  6.605E-10  6.605E-10  0.000E+00  0.000E+00  6.283E+00  6.283E+00
  6.912E-10  6.912E-10  0.000E+00  0.000E+00  6.283E+00  6.283E+00
  7.232E-10  7.232E-10  0.000E+00  0.000E+00  6.283E+00  6.283E+00
  7.568E-10  7.568E-10  0.000E+00  0.000E+00  6.283E+00  6.283E+00
  7.919E-10  7.919E-10  0.000E+00  0.000E+00  6.283E+00  6.283E+00
  8.286E-10  8.286E-10  0.000E+00  0.000E+00  6.283E+00  6.283E+00
  8.670E-10  8.670E-10  0.000E+00  0.000E+00  6.283E+00  6.283E+00
  9.073E-10  9.073E-10  0.000E+00  0.000E+00  6.283E+00  6.283E+00
  9.493E-10  9.493E-10  0.000E+00  0.000E+00  6.283E+00  6.283E+00
  9.934E-10  9.934E-10  0.000E+00  0.000E+00  6.283E+00  6.283E+00
  1.039E-09  1.039E-09  0.000E+00  0.000E+00  6.283E+00  6.283E+00
  1.088E-09  1.088E-09  0.000E+00  0.000E+00  6.283E+00  6.283E+00
  1.138E-09  1.138E-09  0.000E+00  0.000E+00  6.283E+00  6.283E+00
  1.191E-09  1.191E-09  0.000E+00  0.000E+00  6.283E+00  6.283E+00
  1.246E-09  1.246E-09  0.000E+00  0.000E+00  6.283E+00  6.283E+00
  1.304E-09  1.304E-09  0.000E+00  0.000E+00  6.283E+00  6.283E+00
  1.364E-09  1.364E-09  0.000E+00  0.000E+00  6.283E+00  6.283E+00
  1.428E-09  1.428E-09  0.000E+00  0.000E+00  6.283E+00  6.283E+00
  1.494E-09  1.494E-09  0.000E+00  0.000E+00  6.283E+00  6.283E+00
  1.563E-09  1.563E-09  0.000E+00  0.000E+00  6.283E+00  6.283E+00
  1.636E-09  1.636E-09  0.000E+00  0.000E+00  6.283E+00  6.283E+00
  1.712E-09  1.712E-09  0.000E+00  0.000E+00  6.283E+00  6.283E+00
  1.791E-09  1.791E-09  0.000E+00  0.000E+00  6.283E+00  6.283E+00
  1.874E-09  1.874E-09  0.000E+00  0.000E+00  6.283E+00  6.283E+00
  1.961E-09  1.961E-09  0.000E+00  0.000E+00  6.283E+00  6.283E+00
  2.052E-09  2.052E-09  0.000E+00  0.000E+00  6.283E+00  6.283E+00
  2.147E-09  2.147E-09  0.000E+00  0.000E+00  6.283E+00  6.283E+00
  2.247E-09  2.247E-09  0.000E+00  0.000E+00  6.283E+00  6.283E+00
  2.351E-09  2.351E-09  0.000E+00  0.000E+00  6.283E+00  6.283E+00
  2.460E-09  2.460E-09  0.000E+00  0.000E+00  6.283E+00  6.283E+00
  2.574E-09  2.574E-09  0.000E+00  0.000E+00  6.283E+00  6.283E+00
  2.693E-09  2.693E-09  0.000E+00  0.000E+00  6.283E+00  6.283E+00
  2.818E-09  2.818E-09  0.000E+00  0.000E+00  6.283E+00  6.283E+00
  2.949E-09  2.949E-09  0.000E+00  0.000E+00  6.283E+00  6.283E+00
  3.086E-09  3.086E-09  0.000E+00  0.000E+00  6.283E+00  6.283E+00
  3.229E-09  3.229E-09  0.000E+00  0.000E+00  6.283E+00  6.283E+00
  3.379E-09  3.379E-09  0.000E+00  0.000E+00  6.283E+00  6.283E+00
  3.535E-09  3.535E-09  0.000E+00  0.000E+00  6.283E+00  6.283E+00
  3.699E-09  3.699E-09  0.000E+00  0.000E+00  6.283E+00  6.283E+00
  3.871E-09  3.871E-09  0.000E+00  0.000E+00  6.283E+00  6.283E+00
  4.050E-09  4.050E-09  0.000E+00  0.000E+00  6.283E+00  6.283E+00
  4.238E-09  4.238E-09  0.000E+00  0.000E+00  6.283E+00  6.283E+00
  4.435E-09  4.435E-09  0.000E+00  0.000E+00  6.283E+00  6.283E+00
  4.641E-09  4.641E-09  0.000E+00  0.000E+00  6.283E+00  6.283E+00
  4.856E-09  4.856E-09  0.000E+00  0.000E+00  6.283E+00  6.283E+00
  5.081E-09  5.081E-09  0.000E+00  0.000E+00  6.283E+00  6.283E+00
  5.317E-09  5.317E-09  0.000E+00  0.000E+00  6.283E+00  6.283E+00
  5.563E-09  5.563E-09  0.000E+00  0.000E+00  6.283E+00  6.283E+00
  5.821E-09  5.821E-09  0.000E+00  0.000E+00  6.283E+00  6.283E+00
  6.091E-09  6.091E-09  0.000E+00  0.000E+00  6.283E+00  6.283E+00
  6.374E-09  6.374E-09  0.000E+00  0.000E+00  6.283E+00  6.283E+00
  6.670E-09  6.670E-09  0.000E+00  0.000E+00  6.283E+00  6.283E+00
  6.979E-09  6.979E-09  0.000E+00  0.000E+00  6.283E+00  6.283E+00
  7.303E-09  7.303E-09  0.000E+00  0.000E+00  6.283E+00  6.283E+00
  7.641E-09  7.641E-09  0.000E+00  0.000E+00  6.283E+00  6.283E+00
  7.996E-09  7.996E-09  0.000E+00  0.000E+00  6.283E+00  6.283E+00
  8.367E-09  8.367E-09  0.000E+00  0.000E+00  6.283E+00  6.283E+00
  8.755E-09  8.755E-09  0.000E+00  0.000E+00  6.283E+00  6.283E+00
  9.161E-09  9.161E-09  0.000E+00  0.000E+00  6.283E+00  6.283E+00
  9.586E-09  9.586E-09  0.000E+00  0.000E+00  6.283E+00  6.283E+00
  1.003E-08  1.003E-08  0.000E+00  0.000E+00  6.283E+00  6.283E+00
  1.050E-08  1.050E-08  0.000E+00  0.000E+00  6.283E+00  6.283E+00
  1.098E-08  1.098E-08  0.000E+00  0.000E+00  6.283E+00  6.283E+00
  1.149E-08  1.149E-08  0.000E+00  0.000E+00  6.283E+00  6.283E+00
  1.202E-08  1.202E-08  0.000E+00  0.000E+00  6.283E+00  6.283E+00
  1.258E-08  1.258E-08  0.000E+00  0.000E+00  6.283E+00  6.283E+00
  1.317E-08  1.317E-08  0.000E+00  0.000E+00  6.283E+00  6.283E+00
  1.378E-08  1.378E-08  0.000E+00  0.000E+00  6.283E+00  6.283E+00
  1.442E-08  1.442E-08  0.000E+00  0.000E+00  6.283E+00  6.283E+00
  1.508E-08  1.508E-08  0.000E+00  0.000E+00  6.283E+00  6.283E+00
  1.578E-08  1.578E-08  0.000E+00  0.000E+00  6.283E+00  6.283E+00
  1.652E-08  1.652E-08  0.000E+00  0.000E+00  6.283E+00  6.283E+00
  1.728E-08  1.728E-08  0.000E+00  0.000E+00  6.283E+00  6.283E+00
  1.808E-08  1.808E-08  0.000E+00  0.000E+00  6.283E+00  6.283E+00
  1.892E-08  1.892E-08  0.000E+00  0.000E+00  6.283E+00  6.283E+00
  1.980E-08  1.980E-08  0.000E+00  0.000E+00  6.283E+00  6.283E+00
  2.072E-08  2.072E-08  0.000E+00  0.000E+00  6.283E+00  6.283E+00
  2.168E-08  2.168E-08  0.000E+00  0.000E+00  6.283E+00  6.283E+00
  2.268E-08  2.268E-08  0.000E+00  0.000E+00  6.283E+00  6.283E+00
  2.374E-08  2.374E-08  0.000E+00  0.000E+00  6.283E+00  6.283E+00
  2.484E-08  2.484E-08  0.000E+00  0.000E+00  6.283E+00  6.283E+00
  2.599E-08  2.599E-08  0.000E+00  0.000E+00  6.283E+00  6.283E+00
  2.720E-08  2.720E-08  0.000E+00  0.000E+00  6.283E+00  6.283E+00
  2.846E-08  2.846E-08  0.000E+00  0.000E+00  6.283E+00  6.283E+00
  2.978E-08  2.978E-08  0.000E+00  0.000E+00  6.283E+00  6.283E+00
  3.116E-08  3.116E-08  0.000E+00  0.000E+00  6.283E+00  6.283E+00
  3.260E-08  3.260E-08  0.000E+00  0.000E+00  6.283E+00  6.283E+00
  3.411E-08  3.411E-08  0.000E+00  0.000E+00  6.283E+00  6.283E+00
  3.570E-08  3.570E-08  0.000E+00  0.000E+00  6.283E+00  6.283E+00
  3.735E-08  3.735E-08  0.000E+00  0.000E+00  6.283E+00  6.283E+00
  3.909E-08  3.909E-08  0.000E+00  0.000E+00  6.283E+00  6.283E+00
  4.090E-08  4.090E-08  0.000E+00  0.000E+00  6.283E+00  6.283E+00
  4.280E-08  4.280E-08  0.000E+00  0.000E+00  6.283E+00  6.283E+00
  4.478E-08  4.478E-08  0.000E+00  0.000E+00  6.283E+00  6.283E+00
  4.686E-08  4.686E-08  0.000E+00  0.000E+00  6.283E+00  6.283E+00
  4.903E-08  4.903E-08  0.000E+00  0.000E+00  6.283E+00  6.283E+00
  5.130E-08  5.130E-08  0.000E+00  0.000E+00  6.283E+00  6.283E+00
  5.368E-08  5.368E-08  0.000E+00  0.000E+00  6.283E+00  6.283E+00
  5.617E-08  5.617E-08  0.000E+00  0.000E+00  6.283E+00  6.283E+00
  5.878E-08  5.878E-08  0.000E+00  0.000E+00  6.283E+00  6.283E+00
  6.151E-08  6.151E-08  0.000E+00  0.000E+00  6.283E+00  6.283E+00
  6.436E-08  6.436E-08  0.000E+00  0.000E+00  6.283E+00  6.283E+00
  6.734E-08  6.734E-08  0.000E+00  0.000E+00  6.283E+00  6.283E+00
  7.047E-08  7.047E-08  0.000E+00  0.000E+00  6.283E+00  6.283E+00
  7.374E-08  7.374E-08  0.000E+00  0.000E+00  6.283E+00  6.283E+00
  7.716E-08  7.716E-08  0.000E+00  0.000E+00  6.283E+00  6.283E+00
  8.073E-08  8.073E-08  0.000E+00  0.000E+00  6.283E+00  6.283E+00
  8.448E-08  8.448E-08  0.000E+00  0.000E+00  6.283E+00  6.283E+00
  8.840E-08  8.840E-08  0.000E+00  0.000E+00  6.283E+00  6.283E+00
  9.250E-08  9.250E-08  0.000E+00  0.000E+00  6.283E+00  6.283E+00
  9.679E-08  9.679E-08  0.000E+00  0.000E+00  6.283E+00  6.283E+00
  1.013E-07  1.013E-07  0.000E+00  0.000E+00  6.283E+00  6.283E+00
  1.060E-07  1.060E-07  0.000E+00  0.000E+00  6.283E+00  6.283E+00
  1.109E-07  1.109E-07  0.000E+00  0.000E+00  6.283E+00  6.283E+00
  1.160E-07  1.160E-07  0.000E+00  0.000E+00  6.283E+00  6.283E+00
  1.214E-07  1.214E-07  0.000E+00  0.000E+00  6.283E+00  6.283E+00
  1.270E-07  1.270E-07  0.000E+00  0.000E+00  6.283E+00  6.283E+00
  1.329E-07  1.329E-07  0.000E+00  0.000E+00  6.283E+00  6.283E+00
  1.391E-07  1.391E-07  0.000E+00  0.000E+00  6.283E+00  6.283E+00
  1.456E-07  1.456E-07  0.000E+00  0.000E+00  6.283E+00  6.283E+00
  1.523E-07  1.523E-07  0.000E+00  0.000E+00  6.283E+00  6.283E+00
  1.594E-07  1.594E-07  0.000E+00  0.000E+00  6.283E+00  6.283E+00
  1.668E-07  1.668E-07  0.000E+00  0.000E+00  6.283E+00  6.283E+00
  1.745E-07  1.745E-07  0.000E+00  0.000E+00  6.283E+00  6.283E+00
  1.826E-07  1.826E-07  0.000E+00  0.000E+00  6.283E+00  6.283E+00
  1.911E-07  1.911E-07  0.000E+00  0.000E+00  6.283E+00  6.283E+00
  1.999E-07  1.999E-07  0.000E+00  0.000E+00  6.283E+00  6.283E+00
  2.092E-07  2.092E-07  0.000E+00  0.000E+00  6.283E+00  6.283E+00
  2.189E-07  2.189E-07  0.000E+00  0.000E+00  6.283E+00  6.283E+00
  2.291E-07  2.291E-07  0.000E+00  0.000E+00  6.283E+00  6.283E+00
  2.397E-07  2.397E-07  0.000E+00  0.000E+00  6.283E+00  6.283E+00
  2.508E-07  2.508E-07  0.000E+00  0.000E+00  6.283E+00  6.283E+00
  2.624E-07  2.624E-07  0.000E+00  0.000E+00  6.283E+00  6.283E+00
  2.746E-07  2.746E-07  0.000E+00  0.000E+00  6.283E+00  6.283E+00
  2.873E-07  2.873E-07  0.000E+00  0.000E+00  6.283E+00  6.283E+00
  3.007E-07  3.007E-07  0.000E+00  0.000E+00  6.283E+00  6.283E+00
  3.146E-07  3.146E-07  0.000E+00  0.000E+00  6.283E+00  6.283E+00
  3.292E-07  3.292E-07  0.000E+00  0.000E+00  6.283E+00  6.283E+00
  3.445E-07  3.445E-07  0.000E+00  0.000E+00  6.283E+00  6.283E+00
  3.604E-07  3.604E-07  0.000E+00  0.000E+00  6.283E+00  6.283E+00
  3.772E-07  3.772E-07  0.000E+00  0.000E+00  6.283E+00  6.283E+00
  3.947E-07  3.947E-07  0.000E+00  0.000E+00  6.283E+00  6.283E+00
  4.130E-07  4.130E-07  0.000E+00  0.000E+00  6.283E+00  6.283E+00
  4.321E-07  4.321E-07  0.000E+00  0.000E+00  6.283E+00  6.283E+00
  4.522E-07  4.522E-07  0.000E+00  0.000E+00  6.283E+00  6.283E+00
  4.731E-07  4.731E-07  0.000E+00  0.000E+00  6.283E+00  6.283E+00
  4.951E-07  4.951E-07  0.000E+00  0.000E+00  6.283E+00  6.283E+00
  5.180E-07  5.180E-07  0.000E+00  0.000E+00  6.283E+00  6.283E+00
  5.421E-07  5.421E-07  0.000E+00  0.000E+00  6.283E+00  6.283E+00
  5.672E-07  5.672E-07  0.000E+00  0.000E+00  6.283E+00  6.283E+00
  5.935E-07  5.935E-07  0.000E+00  0.000E+00  6.283E+00  6.283E+00
  6.210E-07  6.210E-07  0.000E+00  0.000E+00  6.283E+00  6.283E+00
  6.498E-07  6.498E-07  0.000E+00  0.000E+00  6.283E+00  6.283E+00
  6.800E-07  6.800E-07  0.000E+00  0.000E+00  6.283E+00  6.283E+00
  7.115E-07  7.115E-07  0.000E+00  0.000E+00  6.283E+00  6.283E+00
  7.445E-07  7.445E-07  0.000E+00  0.000E+00  6.283E+00  6.283E+00
  7.791E-07  7.791E-07  0.000E+00  0.000E+00  6.283E+00  6.283E+00
  8.152E-07  8.152E-07  0.000E+00  0.000E+00  6.283E+00  6.283E+00
  8.530E-07  8.530E-07  0.000E+00  0.000E+00  6.283E+00  6.283E+00
  8.926E-07  8.926E-07  0.000E+00  0.000E+00  6.283E+00  6.283E+00
  9.340E-07  9.340E-07  0.000E+00  0.000E+00  6.283E+00  6.283E+00
  9.773E-07  9.773E-07  0.000E+00  0.000E+00  6.283E+00  6.283E+00
  1.023E-06  1.023E-06  0.000E+00  0.000E+00  6.283E+00  6.283E+00
  1.070E-06  1.070E-06  0.000E+00  0.000E+00  6.283E+00  6.283E+00
  1.120E-06  1.120E-06  0.000E+00  0.000E+00  6.283E+00  6.283E+00
  1.172E-06  1.172E-06  0.000E+00  0.000E+00  6.283E+00  6.283E+00
  1.226E-06  1.226E-06  0.000E+00  0.000E+00  6.283E+00  6.283E+00
  1.283E-06  1.283E-06  0.000E+00  0.000E+00  6.283E+00  6.283E+00
  1.342E-06  1.342E-06  0.000E+00  0.000E+00  6.283E+00  6.283E+00
  1.405E-06  1.405E-06  0.000E+00  0.000E+00  6.283E+00  6.283E+00
  1.470E-06  1.470E-06  0.000E+00  0.000E+00  6.283E+00  6.283E+00
  1.538E-06  1.538E-06  0.000E+00  0.000E+00  6.283E+00  6.283E+00
  1.609E-06  1.609E-06  0.000E+00  0.000E+00  6.283E+00  6.283E+00
  1.684E-06  1.684E-06  0.000E+00  0.000E+00  6.283E+00  6.283E+00
  1.762E-06  1.762E-06  0.000E+00  0.000E+00  6.283E+00  6.283E+00
  1.844E-06  1.844E-06  0.000E+00  0.000E+00  6.283E+00  6.283E+00
  1.929E-06  1.929E-06  0.000E+00  0.000E+00  6.283E+00  6.283E+00
  2.019E-06  2.019E-06  0.000E+00  0.000E+00  6.283E+00  6.283E+00
  2.112E-06  2.112E-06  0.000E+00  0.000E+00  6.283E+00  6.283E+00
  2.210E-06  2.210E-06  0.000E+00  0.000E+00  6.283E+00  6.283E+00
  2.313E-06  2.313E-06  0.000E+00  0.000E+00  6.283E+00  6.283E+00
  2.420E-06  2.420E-06  0.000E+00  0.000E+00  6.283E+00  6.283E+00
  2.532E-06  2.532E-06  0.000E+00  0.000E+00  6.283E+00  6.283E+00
  2.650E-06  2.650E-06  0.000E+00  0.000E+00  6.283E+00  6.283E+00
  2.773E-06  2.773E-06  0.000E+00  0.000E+00  6.283E+00  6.283E+00
  2.901E-06  2.901E-06  0.000E+00  0.000E+00  6.283E+00  6.283E+00
  3.036E-06  3.036E-06  0.000E+00  0.000E+00  6.283E+00  6.283E+00
  3.177E-06  3.177E-06  0.000E+00  0.000E+00  6.283E+00  6.283E+00
  3.324E-06  3.324E-06  0.000E+00  0.000E+00  6.283E+00  6.283E+00
  3.478E-06  3.478E-06  0.000E+00  0.000E+00  6.283E+00  6.283E+00
  3.639E-06  3.639E-06  0.000E+00  0.000E+00  6.283E+00  6.283E+00
  3.808E-06  3.808E-06  0.000E+00  0.000E+00  6.283E+00  6.283E+00
  3.985E-06  3.985E-06  0.000E+00  0.000E+00  6.283E+00  6.283E+00
  4.170E-06  4.170E-06  0.000E+00  0.000E+00  6.283E+00  6.283E+00
  4.363E-06  4.363E-06  0.000E+00  0.000E+00  6.283E+00  6.283E+00
  4.565E-06  4.565E-06  0.000E+00  0.000E+00  6.283E+00  6.283E+00
  4.777E-06  4.777E-06  0.000E+00  0.000E+00  6.283E+00  6.283E+00
  4.999E-06  4.999E-06  0.000E+00  0.000E+00  6.283E+00  6.283E+00
  5.231E-06  5.231E-06  0.000E+00  0.000E+00  6.283E+00  6.283E+00
  5.473E-06  5.473E-06  0.000E+00  0.000E+00  6.283E+00  6.283E+00
  5.727E-06  5.727E-06  0.000E+00  0.000E+00  6.283E+00  6.283E+00
  5.993E-06  5.993E-06  0.000E+00  0.000E+00  6.283E+00  6.283E+00
  6.271E-06  6.271E-06  0.000E+00  0.000E+00  6.283E+00  6.283E+00
  6.562E-06  6.562E-06  0.000E+00  0.000E+00  6.283E+00  6.283E+00
  6.866E-06  6.866E-06  0.000E+00  0.000E+00  6.283E+00  6.283E+00
  7.184E-06  7.184E-06  0.000E+00  0.000E+00  6.283E+00  6.283E+00
  7.518E-06  7.518E-06  0.000E+00  0.000E+00  6.283E+00  6.283E+00
  7.866E-06  7.866E-06  0.000E+00  0.000E+00  6.283E+00  6.283E+00
  8.231E-06  8.231E-06  0.000E+00  0.000E+00  6.283E+00  6.283E+00
  8.613E-06  8.613E-06  0.000E+00  0.000E+00  6.283E+00  6.283E+00
  9.012E-06  9.012E-06  0.000E+00  0.000E+00  6.283E+00  6.283E+00
  9.430E-06  9.430E-06  0.000E+00  0.000E+00  6.283E+00  6.283E+00
  9.868E-06  9.868E-06  0.000E+00  0.000E+00  6.283E+00  6.283E+00
  1.033E-05  1.033E-05  0.000E+00  0.000E+00  6.283E+00  6.283E+00
  1.080E-05  1.080E-05  0.000E+00  0.000E+00  6.283E+00  6.283E+00
  1.131E-05  1.131E-05  0.000E+00  0.000E+00  6.283E+00  6.283E+00
  1.183E-05  1.183E-05  0.000E+00  0.000E+00  6.283E+00  6.283E+00
  1.238E-05  1.238E-05  0.000E+00  0.000E+00  6.283E+00  6.283E+00
  1.295E-05  1.295E-05  0.000E+00  0.000E+00  6.283E+00  6.283E+00
  1.355E-05  1.355E-05  0.000E+00  0.000E+00  6.283E+00  6.283E+00
  1.418E-05  1.418E-05  0.000E+00  0.000E+00  6.283E+00  6.283E+00
  1.484E-05  1.484E-05  0.000E+00  0.000E+00  6.283E+00  6.283E+00
  1.553E-05  1.553E-05  0.000E+00  0.000E+00  6.283E+00  6.283E+00
  1.625E-05  1.625E-05  0.000E+00  0.000E+00  6.283E+00  6.283E+00
  1.700E-05  1.700E-05  0.000E+00  0.000E+00  6.283E+00  6.283E+00
  1.779E-05  1.779E-05  0.000E+00  0.000E+00  6.283E+00  6.283E+00
  1.862E-05  1.862E-05  0.000E+00  0.000E+00  6.283E+00  6.283E+00
  1.948E-05  1.948E-05  0.000E+00  0.000E+00  6.283E+00  6.283E+00
  2.038E-05  2.038E-05  0.000E+00  0.000E+00  6.283E+00  6.283E+00
  2.133E-05  2.133E-05  0.000E+00  0.000E+00  6.283E+00  6.283E+00
  2.232E-05  2.232E-05  0.000E+00  0.000E+00  6.283E+00  6.283E+00
  2.335E-05  2.335E-05  0.000E+00  0.000E+00  6.283E+00  6.283E+00
  2.444E-05  2.444E-05  0.000E+00  0.000E+00  6.283E+00  6.283E+00
  2.557E-05  2.557E-05  0.000E+00  0.000E+00  6.283E+00  6.283E+00
  2.675E-05  2.675E-05  0.000E+00  0.000E+00  6.283E+00  6.283E+00
  2.800E-05  2.800E-05  0.000E+00  0.000E+00  6.283E+00  6.283E+00
  2.929E-05  2.929E-05  0.000E+00  0.000E+00  6.283E+00  6.283E+00
  3.065E-05  3.065E-05  0.000E+00  0.000E+00  6.283E+00  6.283E+00
  3.207E-05  3.207E-05  0.000E+00  0.000E+00  6.283E+00  6.283E+00
  3.356E-05  3.356E-05  0.000E+00  0.000E+00  6.283E+00  6.283E+00
  3.512E-05  3.512E-05  0.000E+00  0.000E+00  6.283E+00  6.283E+00
  3.675E-05  3.675E-05  0.000E+00  0.000E+00  6.283E+00  6.283E+00
  3.845E-05  3.845E-05  0.000E+00  0.000E+00  6.283E+00  6.283E+00
  4.024E-05  4.024E-05  0.000E+00  0.000E+00  6.283E+00  6.283E+00
  4.210E-05  4.210E-05  0.000E+00  0.000E+00  6.283E+00  6.283E+00
  4.405E-05  4.405E-05  0.000E+00  0.000E+00  6.283E+00  6.283E+00
  4.610E-05  4.610E-05  0.000E+00  0.000E+00  6.283E+00  6.283E+00
  4.824E-05  4.824E-05  0.000E+00  0.000E+00  6.283E+00  6.283E+00
  5.047E-05  5.047E-05  0.000E+00  0.000E+00  6.283E+00  6.283E+00
  5.281E-05  5.281E-05  0.000E+00  0.000E+00  6.283E+00  6.283E+00
  5.526E-05  5.526E-05  0.000E+00  0.000E+00  6.283E+00  6.283E+00
  5.783E-05  5.783E-05  0.000E+00  0.000E+00  6.283E+00  6.283E+00
  6.051E-05  6.051E-05  0.000E+00  0.000E+00  6.283E+00  6.283E+00
  6.332E-05  6.332E-05  0.000E+00  0.000E+00  6.283E+00  6.283E+00
  6.625E-05  6.625E-05  0.000E+00  0.000E+00  6.283E+00  6.283E+00
  6.933E-05  6.933E-05  0.000E+00  0.000E+00  6.283E+00  6.283E+00
  7.254E-05  7.254E-05  0.000E+00  0.000E+00  6.283E+00  6.283E+00
  7.591E-05  7.591E-05  0.000E+00  0.000E+00  6.283E+00  6.283E+00
  7.943E-05  7.943E-05  0.000E+00  0.000E+00  6.283E+00  6.283E+00
  8.311E-05  8.311E-05  0.000E+00  0.000E+00  6.283E+00  6.283E+00
  8.697E-05  8.697E-05  0.000E+00  0.000E+00  6.283E+00  6.283E+00
  9.100E-05  9.100E-05  0.000E+00  0.000E+00  6.283E+00  6.283E+00
  9.522E-05  9.522E-05  0.000E+00  0.000E+00  6.283E+00  6.283E+00
  9.964E-05  9.964E-05  0.000E+00  0.000E+00  6.283E+00  6.283E+00
  1.043E-04  1.043E-04  0.000E+00  0.000E+00  6.283E+00  6.283E+00
  1.091E-04  1.091E-04  0.000E+00  0.000E+00  6.283E+00  6.283E+00
  1.142E-04  1.142E-04  0.000E+00  0.000E+00  6.283E+00  6.283E+00
  1.194E-04  1.194E-04  0.000E+00  0.000E+00  6.283E+00  6.283E+00
  1.250E-04  1.250E-04  0.000E+00  0.000E+00  6.283E+00  6.283E+00
  1.308E-04  1.308E-04  0.000E+00  0.000E+00  6.283E+00  6.283E+00
  1.369E-04  1.369E-04  0.000E+00  0.000E+00  6.283E+00  6.283E+00
  1.432E-04  1.432E-04  0.000E+00  0.000E+00  6.283E+00  6.283E+00
  1.498E-04  1.498E-04  0.000E+00  0.000E+00  6.283E+00  6.283E+00
  1.568E-04  1.568E-04  0.000E+00  0.000E+00  6.283E+00  6.283E+00
  1.641E-04  1.641E-04  0.000E+00  0.000E+00  6.283E+00  6.283E+00
  1.717E-04  1.717E-04  0.000E+00  0.000E+00  6.283E+00  6.283E+00
  1.796E-04  1.796E-04  0.000E+00  0.000E+00  6.283E+00  6.283E+00
  1.880E-04  1.880E-04  0.000E+00  0.000E+00  6.283E+00  6.283E+00
  1.967E-04  1.967E-04  0.000E+00  0.000E+00  6.283E+00  6.283E+00
  2.058E-04  2.058E-04  0.000E+00  0.000E+00  6.283E+00  6.283E+00
  2.154E-04  2.154E-04  0.000E+00  0.000E+00  6.283E+00  6.283E+00
  2.253E-04  2.253E-04  0.000E+00  0.000E+00  6.283E+00  6.283E+00
  2.358E-04  2.358E-04  0.000E+00  0.000E+00  6.283E+00  6.283E+00
  2.467E-04  2.467E-04  0.000E+00  0.000E+00  6.283E+00  6.283E+00
  2.582E-04  2.582E-04  0.000E+00  0.000E+00  6.283E+00  6.283E+00
  2.701E-04  2.701E-04  0.000E+00  0.000E+00  6.283E+00  6.283E+00
  2.827E-04  2.827E-04  0.000E+00  0.000E+00  6.283E+00  6.283E+00
  2.958E-04  2.958E-04  0.000E+00  0.000E+00  6.283E+00  6.283E+00
  3.095E-04  3.095E-04  0.000E+00  0.000E+00  6.283E+00  6.283E+00
  3.239E-04  3.239E-04  0.000E+00  0.000E+00  6.283E+00  6.283E+00
  3.389E-04  3.389E-04  0.000E+00  0.000E+00  6.283E+00  6.283E+00
  3.546E-04  3.546E-04  0.000E+00  0.000E+00  6.283E+00  6.283E+00
  3.711E-04  3.711E-04  0.000E+00  0.000E+00  6.283E+00  6.283E+00
  3.883E-04  3.883E-04  0.000E+00  0.000E+00  6.283E+00  6.283E+00
  4.063E-04  4.063E-04  0.000E+00  0.000E+00  6.283E+00  6.283E+00
  4.251E-04  4.251E-04  0.000E+00  0.000E+00  6.283E+00  6.283E+00
  4.448E-04  4.448E-04  0.000E+00  0.000E+00  6.283E+00  6.283E+00
  4.655E-04  4.655E-04  0.000E+00  0.000E+00  6.283E+00  6.283E+00
  4.871E-04  4.871E-04  0.000E+00  0.000E+00  6.283E+00  6.283E+00
  5.096E-04  5.096E-04  0.000E+00  0.000E+00  6.283E+00  6.283E+00
  5.333E-04  5.333E-04  0.000E+00  0.000E+00  6.283E+00  6.283E+00
  5.580E-04  5.580E-04  0.000E+00  0.000E+00  6.283E+00  6.283E+00
  5.839E-04  5.839E-04  0.000E+00  0.000E+00  6.283E+00  6.283E+00
  6.110E-04  6.110E-04  0.000E+00  0.000E+00  6.283E+00  6.283E+00
  6.393E-04  6.393E-04  0.000E+00  0.000E+00  6.283E+00  6.283E+00
  6.690E-04  6.690E-04  0.000E+00  0.000E+00  6.283E+00  6.283E+00
  7.000E-04  7.000E-04  0.000E+00  0.000E+00  6.283E+00  6.283E+00
